company,company_label,country_scope,month,quarter,export_value_usd,export_value_krw,export_weight_kg,trass_raw_value,trass_observed_days,trass_target_days,trass_30d_normalized,trass_is_partial_month,trass_adjustment_factor,trass_value_for_trend
"samyang","삼양식품","cn","2022-01","2022-Q1","10572545","12470377393","3679027.74","12470377393","31","30","12068107154.52","false","0.9677","12068107154.52"
"samyang","삼양식품","cn","2022-02","2022-Q1","14664005","17419872801","5065214.05","17419872801","28","30","18664149429.64","false","1.0714","18664149429.64"
"samyang","삼양식품","cn","2022-03","2022-Q1","20988826","25334455388","6969971.16","25334455388","31","30","24517214891.61","false","0.9677","24517214891.61"
"samyang","삼양식품","cn","2022-04","2022-Q2","11454072","13910350226","3824225.54","13910350226","30","30","13910350226","false","1","13910350226"
"samyang","삼양식품","cn","2022-05","2022-Q2","24122548","30297521775","8333715.01","30297521775","31","30","29320182362.9","false","0.9677","29320182362.9"
"samyang","삼양식품","cn","2022-06","2022-Q2","21705452","27257810870","7311909.45","27257810870","30","30","27257810870","false","1","27257810870"
"samyang","삼양식품","cn","2022-07","2022-Q3","13657262","17595577316","4788520.12","17595577316","31","30","17027978047.74","false","0.9677","17027978047.74"
"samyang","삼양식품","cn","2022-08","2022-Q3","14888710","19315822332","5172786.57","19315822332","31","30","18692731289.03","false","0.9677","18692731289.03"
"samyang","삼양식품","cn","2022-09","2022-Q3","18086976","24768622708","6256754.26","24768622708","30","30","24768622708","false","1","24768622708"
"samyang","삼양식품","cn","2022-10","2022-Q4","19706041","28094950005","6698305.3","28094950005","31","30","27188661295.16","false","0.9677","27188661295.16"
"samyang","삼양식품","cn","2022-11","2022-Q4","19925340","27613004363","6768382.06","27613004363","30","30","27613004363","false","1","27613004363"
"samyang","삼양식품","cn","2022-12","2022-Q4","23996200","31488432544","7793822.44","31488432544","31","30","30472676655.48","false","0.9677","30472676655.48"
"samyang","삼양식품","cn","2023-01","2023-Q1","16358383","20545949131","4961155.17","20545949131","31","30","19883176578.39","false","0.9677","19883176578.39"
"samyang","삼양식품","cn","2023-02","2023-Q1","20557993","25706704676","6246612.96","25706704676","28","30","27542897867.14","false","1.0714","27542897867.14"
"samyang","삼양식품","cn","2023-03","2023-Q1","19072284","24922207878","5851020.01","24922207878","31","30","24118265688.39","false","0.9677","24118265688.39"
"samyang","삼양식품","cn","2023-04","2023-Q2","12091033","15872018223","3794045.61","15872018223","30","30","15872018223","false","1","15872018223"
"samyang","삼양식품","cn","2023-05","2023-Q2","13514967","18019168259","4284755.58","18019168259","31","30","17437904766.77","false","0.9677","17437904766.77"
"samyang","삼양식품","cn","2023-06","2023-Q2","18391590","23767762021","5610227.11","23767762021","30","30","23767762021","false","1","23767762021"
"samyang","삼양식품","cn","2023-07","2023-Q3","21902340","28313042119","6768106.99","28313042119","31","30","27399718179.68","false","0.9677","27399718179.68"
"samyang","삼양식품","cn","2023-08","2023-Q3","22096616","28947351404","6918163.5","28947351404","31","30","28013565874.84","false","0.9677","28013565874.84"
"samyang","삼양식품","cn","2023-09","2023-Q3","28395986","37693577577","8779393.43","37693577577","30","30","37693577577","false","1","37693577577"
"samyang","삼양식품","cn","2023-10","2023-Q4","26162622","35278295936","8027945.6","35278295936","31","30","34140286389.68","false","0.9677","34140286389.68"
"samyang","삼양식품","cn","2023-11","2023-Q4","28097996","37249347224","8588973.98","37249347224","30","30","37249347224","false","1","37249347224"
"samyang","삼양식품","cn","2023-12","2023-Q4","18474760","24082246500","5778695.18","24082246500","31","30","23305399838.71","false","0.9677","23305399838.71"
"samyang","삼양식품","cn","2024-01","2024-Q1","11220348","14718810386","3745181.37","14718810386","31","30","14244010050.97","false","0.9677","14244010050.97"
"samyang","삼양식품","cn","2024-02","2024-Q1","17089787","22755338300","5487137.73","22755338300","29","30","23540005137.93","false","1.0345","23540005137.93"
"samyang","삼양식품","cn","2024-03","2024-Q1","22872840","30344187008","6995834.18","30344187008","31","30","29365342265.81","false","0.9677","29365342265.81"
"samyang","삼양식품","cn","2024-04","2024-Q2","24620604","33497077039","7446985.28","33497077039","30","30","33497077039","false","1","33497077039"
"samyang","삼양식품","cn","2024-05","2024-Q2","27358266","37425736858","8377763.89","37425736858","31","30","36218455023.87","false","0.9677","36218455023.87"
"samyang","삼양식품","cn","2024-06","2024-Q2","26027902","35793781662","7788226.28","35793781662","30","30","35793781662","false","1","35793781662"
"samyang","삼양식품","cn","2024-07","2024-Q3","28054013","38829303332","8603001.01","38829303332","31","30","37576745160","false","0.9677","37576745160"
"samyang","삼양식품","cn","2024-08","2024-Q3","24990547","34099552044","7531614.66","34099552044","31","30","32999566494.19","false","0.9677","32999566494.19"
"samyang","삼양식품","cn","2024-09","2024-Q3","23443524","31281598558","7176788.5","31281598558","30","30","31281598558","false","1","31281598558"
"samyang","삼양식품","cn","2024-10","2024-Q4","29591041","39742428575","9130052.47","39742428575","31","30","38460414750","false","0.9677","38460414750"
"samyang","삼양식품","cn","2024-11","2024-Q4","31126338","43261236351","9789726.51","43261236351","30","30","43261236351","false","1","43261236351"
"samyang","삼양식품","cn","2024-12","2024-Q4","30277662","42997213226","9478055.04","42997213226","31","30","41610206347.74","false","0.9677","41610206347.74"
"samyang","삼양식품","cn","2025-01","2025-Q1","23231525","33970021649","6915080.13","33970021649","31","30","32874214499.03","false","0.9677","32874214499.03"
"samyang","삼양식품","cn","2025-02","2025-Q1","32525103","47038280534","10006836.15","47038280534","28","30","50398157715","false","1.0714","50398157715"
"samyang","삼양식품","cn","2025-03","2025-Q1","29417234","42623746477","8582364.78","42623746477","31","30","41248786913.23","false","0.9677","41248786913.23"
"samyang","삼양식품","cn","2025-04","2025-Q2","31997069","46442714077","9214797.72","46442714077","30","30","46442714077","false","1","46442714077"
"samyang","삼양식품","cn","2025-05","2025-Q2","36326080","51120182767","9961590.45","51120182767","31","30","49471144613.23","false","0.9677","49471144613.23"
"samyang","삼양식품","cn","2025-06","2025-Q2","30446351","41674083947","8507796.43","41674083947","30","30","41674083947","false","1","41674083947"
"samyang","삼양식품","cn","2025-07","2025-Q3","44027762","60386138139","12721905.01","60386138139","31","30","58438198199.03","false","0.9677","58438198199.03"
"samyang","삼양식품","cn","2025-08","2025-Q3","38438099","53326356405","10947476.31","53326356405","31","30","51606151359.68","false","0.9677","51606151359.68"
"samyang","삼양식품","cn","2025-09","2025-Q3","50530112","70240559549","14238151.8","70240559549","30","30","70240559549","false","1","70240559549"
"samyang","삼양식품","cn","2025-10","2025-Q4","40898332","57810323458","11951806.64","57810323458","31","30","55945474314.19","false","0.9677","55945474314.19"
"samyang","삼양식품","cn","2025-11","2025-Q4","40124020","58062402323","11615865.35","58062402323","30","30","58062402323","false","1","58062402323"
"samyang","삼양식품","cn","2025-12","2025-Q4","32972601","48516208796","9566526.29","48516208796","31","30","46951169802.58","false","0.9677","46951169802.58"
"samyang","삼양식품","cn","2026-01","2026-Q1","28176950","41089656702","8024499.63","41089656702","31","30","39764183905.16","false","0.9677","39764183905.16"
"samyang","삼양식품","cn","2026-02","2026-Q1","26389573","38203302978","7454899.08","38203302978","28","30","40932110333.57","false","1.0714","40932110333.57"
"samyang","삼양식품","cn","2026-03","2026-Q1","40265181","59192767496","11280053.59","59192767496","31","30","57283323383.23","false","0.9677","57283323383.23"
"samyang","삼양식품","cn","2026-04","2026-Q2","51785454","77309906917","14051925.02","77309906917","30","30","77309906917","false","1","77309906917"
"samyang","삼양식품","cn","2026-05","2026-Q2","27162993","39996168852","7217675.729","39996168852","31","30","38705969856.77","false","0.9677","38705969856.77"
"samyang","삼양식품","total","1996-01","1996-Q1","5324402","4169252602","2228479","4169252602","31","30","4034760582.58","false","0.9677","4034760582.58"
"samyang","삼양식품","total","1996-02","1996-Q1","6517340","5072936781","2568735","5072936781","29","30","5247865635.52","false","1.0345","5247865635.52"
"samyang","삼양식품","total","1996-03","1996-Q1","7599575","5908067770","2976857","5908067770","31","30","5717484938.71","false","0.9677","5717484938.71"
"samyang","삼양식품","total","1996-04","1996-Q2","6987277","5436742554","2668006","5436742554","30","30","5436742554","false","1","5436742554"
"samyang","삼양식품","total","1996-05","1996-Q2","7417265","5754946475","2859391","5754946475","31","30","5569303040.32","false","0.9677","5569303040.32"
"samyang","삼양식품","total","1996-06","1996-Q2","7704306","6083255370","2908628","6083255370","30","30","6083255370","false","1","6083255370"
"samyang","삼양식품","total","1996-07","1996-Q3","8191212","6625995695","3060406","6625995695","31","30","6412253898.39","false","0.9677","6412253898.39"
"samyang","삼양식품","total","1996-08","1996-Q3","8431843","6852574515","3022244","6852574515","31","30","6631523724.19","false","0.9677","6631523724.19"
"samyang","삼양식품","total","1996-09","1996-Q3","7724829","6316497991","2757412","6316497991","30","30","6316497991","false","1","6316497991"
"samyang","삼양식품","total","1996-10","1996-Q4","8678522","7137884159","3280985","7137884159","31","30","6907629831.29","false","0.9677","6907629831.29"
"samyang","삼양식품","total","1996-11","1996-Q4","7830185","6459927045","2930527","6459927045","30","30","6459927045","false","1","6459927045"
"samyang","삼양식품","total","1996-12","1996-Q4","8550730","7122018177","3342512","7122018177","31","30","6892275655.16","false","0.9677","6892275655.16"
"samyang","삼양식품","total","1997-01","1997-Q1","7888659","6656897707","2926887","6656897707","31","30","6442159071.29","false","0.9677","6442159071.29"
"samyang","삼양식품","total","1997-02","1997-Q1","8515877","7352321677","3442025","7352321677","28","30","7877487511.07","false","1.0714","7877487511.07"
"samyang","삼양식품","total","1997-03","1997-Q1","10589639","9219486661","3977090","9219486661","31","30","8922083865.48","false","0.9677","8922083865.48"
"samyang","삼양식품","total","1997-04","1997-Q2","9445081","8405945476","3814425","8405945476","30","30","8405945476","false","1","8405945476"
"samyang","삼양식품","total","1997-05","1997-Q2","8961564","7964275802","3391727","7964275802","31","30","7707363679.35","false","0.9677","7707363679.35"
"samyang","삼양식품","total","1997-06","1997-Q2","10457940","9276209636","4006900","9276209636","30","30","9276209636","false","1","9276209636"
"samyang","삼양식품","total","1997-07","1997-Q3","11963098","10599956551","4527247","10599956551","31","30","10258022468.71","false","0.9677","10258022468.71"
"samyang","삼양식품","total","1997-08","1997-Q3","11603041","10330175247","4442486","10330175247","31","30","9996943787.42","false","0.9677","9996943787.42"
"samyang","삼양식품","total","1997-09","1997-Q3","10659812","9623402185","4247268","9623402185","30","30","9623402185","false","1","9623402185"
"samyang","삼양식품","total","1997-10","1997-Q4","9473910","8634110763","3722501","8634110763","31","30","8355591060.97","false","0.9677","8355591060.97"
"samyang","삼양식품","total","1997-11","1997-Q4","8468716","8308935925","3282412","8308935925","30","30","8308935925","false","1","8308935925"
"samyang","삼양식품","total","1997-12","1997-Q4","8511942","11515660179","3423423","11515660179","31","30","11144187270","false","0.9677","11144187270"
"samyang","삼양식품","total","1998-01","1998-Q1","6586925","10590311602","3079295","10590311602","31","30","10248688647.1","false","0.9677","10248688647.1"
"samyang","삼양식품","total","1998-02","1998-Q1","9944164","15657386249","4736864","15657386249","28","30","16775770981.07","false","1.0714","16775770981.07"
"samyang","삼양식품","total","1998-03","1998-Q1","10596348","16174358814","4763236","16174358814","31","30","15652605303.87","false","0.9677","15652605303.87"
"samyang","삼양식품","total","1998-04","1998-Q2","9450428","12971237196","4200795","12971237196","30","30","12971237196","false","1","12971237196"
"samyang","삼양식품","total","1998-05","1998-Q2","7668705","10465636297","3442146","10465636297","31","30","10128035126.13","false","0.9677","10128035126.13"
"samyang","삼양식품","total","1998-06","1998-Q2","8747368","12021173360","4119057","12021173360","30","30","12021173360","false","1","12021173360"
"samyang","삼양식품","total","1998-07","1998-Q3","9978730","12967057321","4534015","12967057321","31","30","12548765149.35","false","0.9677","12548765149.35"
"samyang","삼양식품","total","1998-08","1998-Q3","6745742","8526018324","3194068","8526018324","31","30","8250985474.84","false","0.9677","8250985474.84"
"samyang","삼양식품","total","1998-09","1998-Q3","4772837","6376712693","2227243","6376712693","30","30","6376712693","false","1","6376712693"
"samyang","삼양식품","total","1998-10","1998-Q4","5548452","7349676698","2500169","7349676698","31","30","7112590352.9","false","0.9677","7112590352.9"
"samyang","삼양식품","total","1998-11","1998-Q4","5624138","7236598635","2511495","7236598635","30","30","7236598635","false","1","7236598635"
"samyang","삼양식품","total","1998-12","1998-Q4","6647172","7987625722","3116174","7987625722","31","30","7729960376.13","false","0.9677","7729960376.13"
"samyang","삼양식품","total","1999-01","1999-Q1","4780507","5581622131","2179724","5581622131","31","30","5401569804.19","false","0.9677","5401569804.19"
"samyang","삼양식품","total","1999-02","1999-Q1","5051894","5870526938","2139065","5870526938","28","30","6289850290.71","false","1.0714","6289850290.71"
"samyang","삼양식품","total","1999-03","1999-Q1","7699226","9322708126","3298497","9322708126","31","30","9021975605.81","false","0.9677","9021975605.81"
"samyang","삼양식품","total","1999-04","1999-Q2","9088445","10914680786","3856912","10914680786","30","30","10914680786","false","1","10914680786"
"samyang","삼양식품","total","1999-05","1999-Q2","6331485","7468389958","2819123","7468389958","31","30","7227474152.9","false","0.9677","7227474152.9"
"samyang","삼양식품","total","1999-06","1999-Q2","6950369","8062702603","2997054","8062702603","30","30","8062702603","false","1","8062702603"
"samyang","삼양식품","total","1999-07","1999-Q3","6853334","7997712188","2861368","7997712188","31","30","7739721472.26","false","0.9677","7739721472.26"
"samyang","삼양식품","total","1999-08","1999-Q3","6389221","7599597978","2578094","7599597978","31","30","7354449656.13","false","0.9677","7354449656.13"
"samyang","삼양식품","total","1999-09","1999-Q3","6206911","7332768569","2590441","7332768569","30","30","7332768569","false","1","7332768569"
"samyang","삼양식품","total","1999-10","1999-Q4","6599733","7889522442","2801126","7889522442","31","30","7635021718.06","false","0.9677","7635021718.06"
"samyang","삼양식품","total","1999-11","1999-Q4","7281268","8542708815","2949561","8542708815","30","30","8542708815","false","1","8542708815"
"samyang","삼양식품","total","1999-12","1999-Q4","7583497","8589412810","3084228","8589412810","31","30","8312334977.42","false","0.9677","8312334977.42"
"samyang","삼양식품","total","2000-01","2000-Q1","6904424","7750312218","2880393","7750312218","31","30","7500302146.45","false","0.9677","7500302146.45"
"samyang","삼양식품","total","2000-02","2000-Q1","6726186","7501413847","2722560","7501413847","29","30","7760083290","false","1.0345","7760083290"
"samyang","삼양식품","total","2000-03","2000-Q1","8639412","9610161612","3629278","9610161612","31","30","9300156398.71","false","0.9677","9300156398.71"
"samyang","삼양식품","total","2000-04","2000-Q2","8390214","9226207362","3538568","9226207362","30","30","9226207362","false","1","9226207362"
"samyang","삼양식품","total","2000-05","2000-Q2","7651743","8444217790","3196950","8444217790","31","30","8171823667.74","false","0.9677","8171823667.74"
"samyang","삼양식품","total","2000-06","2000-Q2","8232473","9141229677","3502004","9141229677","30","30","9141229677","false","1","9141229677"
"samyang","삼양식품","total","2000-07","2000-Q3","8412627","9289892100","3526341","9289892100","31","30","8990218161.29","false","0.9677","8990218161.29"
"samyang","삼양식품","total","2000-08","2000-Q3","8413455","9289416381","3431637","9289416381","31","30","8989757788.06","false","0.9677","8989757788.06"
"samyang","삼양식품","total","2000-09","2000-Q3","7292342","8058615015","2968060","8058615015","30","30","8058615015","false","1","8058615015"
"samyang","삼양식품","total","2000-10","2000-Q4","7547696","8400936291","3188259","8400936291","31","30","8129938346.13","false","0.9677","8129938346.13"
"samyang","삼양식품","total","2000-11","2000-Q4","8587765","9698407985","3448139","9698407985","30","30","9698407985","false","1","9698407985"
"samyang","삼양식품","total","2000-12","2000-Q4","7397531","8783850919","3039260","8783850919","31","30","8500500889.35","false","0.9677","8500500889.35"
"samyang","삼양식품","total","2001-01","2001-Q1","7820599","9818334607","3284152","9818334607","31","30","9501614135.81","false","0.9677","9501614135.81"
"samyang","삼양식품","total","2001-02","2001-Q1","9862029","12306346585","3994064","12306346585","28","30","13185371341.07","false","1.0714","13185371341.07"
"samyang","삼양식품","total","2001-03","2001-Q1","10616361","13385789632","4552730","13385789632","31","30","12953989966.45","false","0.9677","12953989966.45"
"samyang","삼양식품","total","2001-04","2001-Q2","10527261","13831174880","4571735","13831174880","30","30","13831174880","false","1","13831174880"
"samyang","삼양식품","total","2001-05","2001-Q2","10560946","13634385269","4721411","13634385269","31","30","13194566389.35","false","0.9677","13194566389.35"
"samyang","삼양식품","total","2001-06","2001-Q2","7713342","9870623579","3343305","9870623579","30","30","9870623579","false","1","9870623579"
"samyang","삼양식품","total","2001-07","2001-Q3","9169176","11825807790","4034898","11825807790","31","30","11444330119.35","false","0.9677","11444330119.35"
"samyang","삼양식품","total","2001-08","2001-Q3","8976713","11456619773","3787603","11456619773","31","30","11087051393.23","false","0.9677","11087051393.23"
"samyang","삼양식품","total","2001-09","2001-Q3","9904050","12637702188","4182235.1","12637702188","30","30","12637702188","false","1","12637702188"
"samyang","삼양식품","total","2001-10","2001-Q4","9383577","12129715420","4291556.4","12129715420","31","30","11738434277.42","false","0.9677","11738434277.42"
"samyang","삼양식품","total","2001-11","2001-Q4","10800766","13799995577","4758513.9","13799995577","30","30","13799995577","false","1","13799995577"
"samyang","삼양식품","total","2001-12","2001-Q4","7904025","10013071090","3280937","10013071090","31","30","9690068796.77","false","0.9677","9690068796.77"
"samyang","삼양식품","total","2002-01","2002-Q1","10949370","14282272704","4645812.3","14282272704","31","30","13821554229.68","false","0.9677","13821554229.68"
"samyang","삼양식품","total","2002-02","2002-Q1","9958170","12999748270","4234142.5","12999748270","28","30","13928301717.86","false","1.0714","13928301717.86"
"samyang","삼양식품","total","2002-03","2002-Q1","11276502","14753003056","4628321.1","14753003056","31","30","14277099731.61","false","0.9677","14277099731.61"
"samyang","삼양식품","total","2002-04","2002-Q2","10868662","14251632479","4603654.9","14251632479","30","30","14251632479","false","1","14251632479"
"samyang","삼양식품","total","2002-05","2002-Q2","10007114","12676739491","4172221.8","12676739491","31","30","12267812410.65","false","0.9677","12267812410.65"
"samyang","삼양식품","total","2002-06","2002-Q2","11423416","13921145942","4861133.2","13921145942","30","30","13921145942","false","1","13921145942"
"samyang","삼양식품","total","2002-07","2002-Q3","10462808","12352867107","4520045.2","12352867107","31","30","11954387522.9","false","0.9677","11954387522.9"
"samyang","삼양식품","total","2002-08","2002-Q3","12902558","15227953827","5288310.6","15227953827","31","30","14736729510","false","0.9677","14736729510"
"samyang","삼양식품","total","2002-09","2002-Q3","11138070","13280735936","4422487.9","13280735936","30","30","13280735936","false","1","13280735936"
"samyang","삼양식품","total","2002-10","2002-Q4","12451294","15289435924","4961534.2","15289435924","31","30","14796228313.55","false","0.9677","14796228313.55"
"samyang","삼양식품","total","2002-11","2002-Q4","11660046","14045982538","4654126.8","14045982538","30","30","14045982538","false","1","14045982538"
"samyang","삼양식품","total","2002-12","2002-Q4","11530955","13809994511","4580841.4","13809994511","31","30","13364510817.1","false","0.9677","13364510817.1"
"samyang","삼양식품","total","2003-01","2003-Q1","11206888","13123078203","4291108","13123078203","31","30","12699753099.68","false","0.9677","12699753099.68"
"samyang","삼양식품","total","2003-02","2003-Q1","13520228","15926305151","5336871.6","15926305151","28","30","17063898376.07","false","1.0714","17063898376.07"
"samyang","삼양식품","total","2003-03","2003-Q1","12837671","15458027989","5201993.4","15458027989","31","30","14959381924.84","false","0.9677","14959381924.84"
"samyang","삼양식품","total","2003-04","2003-Q2","12356007","15137498975","4954231.6","15137498975","30","30","15137498975","false","1","15137498975"
"samyang","삼양식품","total","2003-05","2003-Q2","10301138","12272055651","4211635.4","12272055651","31","30","11876182888.06","false","0.9677","11876182888.06"
"samyang","삼양식품","total","2003-06","2003-Q2","10569424","12519358287","4322514","12519358287","30","30","12519358287","false","1","12519358287"
"samyang","삼양식품","total","2003-07","2003-Q3","12289120","14397193055","5013930.3","14397193055","31","30","13932767472.58","false","0.9677","13932767472.58"
"samyang","삼양식품","total","2003-08","2003-Q3","12819081","14976621627","4849722.9","14976621627","31","30","14493504800.32","false","0.9677","14493504800.32"
"samyang","삼양식품","total","2003-09","2003-Q3","13775837","15940590908","5059679","15940590908","30","30","15940590908","false","1","15940590908"
"samyang","삼양식품","total","2003-10","2003-Q4","15366878","17639221788","5783094.9","17639221788","31","30","17070214633.55","false","0.9677","17070214633.55"
"samyang","삼양식품","total","2003-11","2003-Q4","14825801","17313543916","5503520.5","17313543916","30","30","17313543916","false","1","17313543916"
"samyang","삼양식품","total","2003-12","2003-Q4","12589896","14885755656","4562669.2","14885755656","31","30","14405569989.68","false","0.9677","14405569989.68"
"samyang","삼양식품","total","2004-01","2004-Q1","8358591","9852042545","3036355.7","9852042545","31","30","9534234720.97","false","0.9677","9534234720.97"
"samyang","삼양식품","total","2004-02","2004-Q1","12891367","14884956375","4754523.5","14884956375","29","30","15398230732.76","false","1.0345","15398230732.76"
"samyang","삼양식품","total","2004-03","2004-Q1","13760159","15941368539","5126132.5","15941368539","31","30","15427130844.19","false","0.9677","15427130844.19"
"samyang","삼양식품","total","2004-04","2004-Q2","16926395","19269145419","6586867.7","19269145419","30","30","19269145419","false","1","19269145419"
"samyang","삼양식품","total","2004-05","2004-Q2","13225407","15376967388","5134945.8","15376967388","31","30","14880936181.94","false","0.9677","14880936181.94"
"samyang","삼양식품","total","2004-06","2004-Q2","13210724","15191232240","5118392.1","15191232240","30","30","15191232240","false","1","15191232240"
"samyang","삼양식품","total","2004-07","2004-Q3","13765526","15755566365","5046547.5","15755566365","31","30","15247322288.71","false","0.9677","15247322288.71"
"samyang","삼양식품","total","2004-08","2004-Q3","12851660","14770190052","4786015.2","14770190052","31","30","14293732308.39","false","0.9677","14293732308.39"
"samyang","삼양식품","total","2004-09","2004-Q3","15220707","17313385073","5494482","17313385073","30","30","17313385073","false","1","17313385073"
"samyang","삼양식품","total","2004-10","2004-Q4","14849144","16869728419","5413776.7","16869728419","31","30","16325543631.29","false","0.9677","16325543631.29"
"samyang","삼양식품","total","2004-11","2004-Q4","15139269","16598977143","5394312.1","16598977143","30","30","16598977143","false","1","16598977143"
"samyang","삼양식품","total","2004-12","2004-Q4","13789438","14383694220","4951094.9","14383694220","31","30","13919704083.87","false","0.9677","13919704083.87"
"samyang","삼양식품","total","2005-01","2005-Q1","11982704","12342340365","4182546.7","12342340365","31","30","11944200353.23","false","0.9677","11944200353.23"
"samyang","삼양식품","total","2005-02","2005-Q1","11948302","12144222581","4502489.3","12144222581","28","30","13011667051.07","false","1.0714","13011667051.07"
"samyang","삼양식품","total","2005-03","2005-Q1","14005941","13953452839","4861481.2","13953452839","31","30","13503341457.1","false","0.9677","13503341457.1"
"samyang","삼양식품","total","2005-04","2005-Q2","15250706","15324308601","5276860.4","15324308601","30","30","15324308601","false","1","15324308601"
"samyang","삼양식품","total","2005-05","2005-Q2","11654972","11565775658","4166434.5","11565775658","31","30","11192686120.65","false","0.9677","11192686120.65"
"samyang","삼양식품","total","2005-06","2005-Q2","11260987","11245769013","3722418.1","11245769013","30","30","11245769013","false","1","11245769013"
"samyang","삼양식품","total","2005-07","2005-Q3","9742599","9998430427","3093862.9","9998430427","31","30","9675900413.23","false","0.9677","9675900413.23"
"samyang","삼양식품","total","2005-08","2005-Q3","11246761","11365318345","3643948","11365318345","31","30","10998695172.58","false","0.9677","10998695172.58"
"samyang","삼양식품","total","2005-09","2005-Q3","11696980","11906347417","3693965.5","11906347417","30","30","11906347417","false","1","11906347417"
"samyang","삼양식품","total","2005-10","2005-Q4","11087114","11454257319","3480293","11454257319","31","30","11084765147.42","false","0.9677","11084765147.42"
"samyang","삼양식품","total","2005-11","2005-Q4","10890121","11256159621","3470583.5","11256159621","30","30","11256159621","false","1","11256159621"
"samyang","삼양식품","total","2005-12","2005-Q4","11355379","11584653107","3482103.9","11584653107","31","30","11210954619.68","false","0.9677","11210954619.68"
"samyang","삼양식품","total","2006-01","2006-Q1","9083386","8953561352","2938494.6","8953561352","31","30","8664736792.26","false","0.9677","8664736792.26"
"samyang","삼양식품","total","2006-02","2006-Q1","8774815","8440458838","2507623.4","8440458838","28","30","9043348755","false","1.0714","9043348755"
"samyang","삼양식품","total","2006-03","2006-Q1","9502660","9159677829","2866483.8","9159677829","31","30","8864204350.65","false","0.9677","8864204350.65"
"samyang","삼양식품","total","2006-04","2006-Q2","8586168","8176148038","2670937.6","8176148038","30","30","8176148038","false","1","8176148038"
"samyang","삼양식품","total","2006-05","2006-Q2","9916958","9230480293","3000723.2","9230480293","31","30","8932722864.19","false","0.9677","8932722864.19"
"samyang","삼양식품","total","2006-06","2006-Q2","10594100","10000931995","3142592.6","10000931995","30","30","10000931995","false","1","10000931995"
"samyang","삼양식품","total","2006-07","2006-Q3","9660629","9106331837","2801846","9106331837","31","30","8812579197.1","false","0.9677","8812579197.1"
"samyang","삼양식품","total","2006-08","2006-Q3","9958685","9461427053","2667883.9","9461427053","31","30","9156219728.71","false","0.9677","9156219728.71"
"samyang","삼양식품","total","2006-09","2006-Q3","10729806","10171412157","2974232.5","10171412157","30","30","10171412157","false","1","10171412157"
"samyang","삼양식품","total","2006-10","2006-Q4","8844796","8355747238","2483375.7","8355747238","31","30","8086207004.52","false","0.9677","8086207004.52"
"samyang","삼양식품","total","2006-11","2006-Q4","11664207","10864960287","3285089.5","10864960287","30","30","10864960287","false","1","10864960287"
"samyang","삼양식품","total","2006-12","2006-Q4","11234959","10300493879","2926905.8","10300493879","31","30","9968219882.9","false","0.9677","9968219882.9"
"samyang","삼양식품","total","2007-01","2007-Q1","11098045","10268804959","2803714.9","10268804959","31","30","9937553186.13","false","0.9677","9937553186.13"
"samyang","삼양식품","total","2007-02","2007-Q1","8690257","8068985938","2494514.5","8068985938","28","30","8645342076.43","false","1.0714","8645342076.43"
"samyang","삼양식품","total","2007-03","2007-Q1","11085697","10353649048","3074506.3","10353649048","31","30","10019660369.03","false","0.9677","10019660369.03"
"samyang","삼양식품","total","2007-04","2007-Q2","11387185","10526553328","3025632.2","10526553328","30","30","10526553328","false","1","10526553328"
"samyang","삼양식품","total","2007-05","2007-Q2","11504688","10566284142","3071771.1","10566284142","31","30","10225436266.45","false","0.9677","10225436266.45"
"samyang","삼양식품","total","2007-06","2007-Q2","10089353","9282618948","2679040.2","9282618948","30","30","9282618948","false","1","9282618948"
"samyang","삼양식품","total","2007-07","2007-Q3","9238555","8419986839","2533480.8","8419986839","31","30","8148374360.32","false","0.9677","8148374360.32"
"samyang","삼양식품","total","2007-08","2007-Q3","11860914","10903916327","3064678.3","10903916327","31","30","10552177090.65","false","0.9677","10552177090.65"
"samyang","삼양식품","total","2007-09","2007-Q3","10672422","9904638831","2743502","9904638831","30","30","9904638831","false","1","9904638831"
"samyang","삼양식품","total","2007-10","2007-Q4","13529691","12291076238","3566818.3","12291076238","31","30","11894589907.74","false","0.9677","11894589907.74"
"samyang","삼양식품","total","2007-11","2007-Q4","13280148","12005759597","3296683.1","12005759597","30","30","12005759597","false","1","12005759597"
"samyang","삼양식품","total","2007-12","2007-Q4","14078465","12945082490","3287971.6","12945082490","31","30","12527499183.87","false","0.9677","12527499183.87"
"samyang","삼양식품","total","2008-01","2008-Q1","14423420","13430933780","3391907.6","13430933780","31","30","12997677851.61","false","0.9677","12997677851.61"
"samyang","삼양식품","total","2008-02","2008-Q1","11522128","10781001725","2810750.4","10781001725","29","30","11152760405.17","false","1.0345","11152760405.17"
"samyang","삼양식품","total","2008-03","2008-Q1","12740716","12211523331","3125104.3","12211523331","31","30","11817603223.55","false","0.9677","11817603223.55"
"samyang","삼양식품","total","2008-04","2008-Q2","13602845","13270563423","3292925.8","13270563423","30","30","13270563423","false","1","13270563423"
"samyang","삼양식품","total","2008-05","2008-Q2","12880201","13119671488","3210592.4","13119671488","31","30","12696456278.71","false","0.9677","12696456278.71"
"samyang","삼양식품","total","2008-06","2008-Q2","12098300","12332845493","2963622.4","12332845493","30","30","12332845493","false","1","12332845493"
"samyang","삼양식품","total","2008-07","2008-Q3","14351354","14565753921","3493979.4","14565753921","31","30","14095890891.29","false","0.9677","14095890891.29"
"samyang","삼양식품","total","2008-08","2008-Q3","12360042","12590789616","2866955.8","12590789616","31","30","12184635112.26","false","0.9677","12184635112.26"
"samyang","삼양식품","total","2008-09","2008-Q3","11916450","13186803926","2865131.9","13186803926","30","30","13186803926","false","1","13186803926"
"samyang","삼양식품","total","2008-10","2008-Q4","12597588","16008138104","3139887.1","16008138104","31","30","15491746552.26","false","0.9677","15491746552.26"
"samyang","삼양식품","total","2008-11","2008-Q4","11361900","15413881240","2957731.9","15413881240","30","30","15413881240","false","1","15413881240"
"samyang","삼양식품","total","2008-12","2008-Q4","11206186","15691809550","3014927.9","15691809550","31","30","15185622145.16","false","0.9677","15185622145.16"
"samyang","삼양식품","total","2009-01","2009-Q1","10359831","13622285679","2793984.1","13622285679","31","30","13182857108.71","false","0.9677","13182857108.71"
"samyang","삼양식품","total","2009-02","2009-Q1","11275980","15628803847","3243415.7","15628803847","28","30","16745146978.93","false","1.0714","16745146978.93"
"samyang","삼양식품","total","2009-03","2009-Q1","11670468","17210336535","3384595.7","17210336535","31","30","16655164388.71","false","0.9677","16655164388.71"
"samyang","삼양식품","total","2009-04","2009-Q2","13825466","18374127730","3851268.2","18374127730","30","30","18374127730","false","1","18374127730"
"samyang","삼양식품","total","2009-05","2009-Q2","13252802","16721567550","3548456.2","16721567550","31","30","16182162145.16","false","0.9677","16182162145.16"
"samyang","삼양식품","total","2009-06","2009-Q2","12802853","15931853836","3417198.8","15931853836","30","30","15931853836","false","1","15931853836"
"samyang","삼양식품","total","2009-07","2009-Q3","12794279","16116875114","3595202.9","16116875114","31","30","15596975916.77","false","0.9677","15596975916.77"
"samyang","삼양식품","total","2009-08","2009-Q3","12336449","15130332312","3388418.8","15130332312","31","30","14642257076.13","false","0.9677","14642257076.13"
"samyang","삼양식품","total","2009-09","2009-Q3","15530808","18910760299","4011984","18910760299","30","30","18910760299","false","1","18910760299"
"samyang","삼양식품","total","2009-10","2009-Q4","14615001","17002308909","3512492.2","17002308909","31","30","16453847331.29","false","0.9677","16453847331.29"
"samyang","삼양식품","total","2009-11","2009-Q4","16574082","19210188143","3975368.9","19210188143","30","30","19210188143","false","1","19210188143"
"samyang","삼양식품","total","2009-12","2009-Q4","15767625","18168287321","3839269.9","18168287321","31","30","17582213536.45","false","0.9677","17582213536.45"
"samyang","삼양식품","total","2010-01","2010-Q1","14005467","15828478147","3555886.5","15828478147","31","30","15317882077.74","false","0.9677","15317882077.74"
"samyang","삼양식품","total","2010-02","2010-Q1","13108791","14995698966","3377369.4","14995698966","28","30","16066820320.71","false","1.0714","16066820320.71"
"samyang","삼양식품","total","2010-03","2010-Q1","15783828","17815075985","3994262.4","17815075985","31","30","17240396114.52","false","0.9677","17240396114.52"
"samyang","삼양식품","total","2010-04","2010-Q2","17270351","19187812283","4465674.2","19187812283","30","30","19187812283","false","1","19187812283"
"samyang","삼양식품","total","2010-05","2010-Q2","14009270","15739069522","3689004.4","15739069522","31","30","15231357601.94","false","0.9677","15231357601.94"
"samyang","삼양식품","total","2010-06","2010-Q2","15615554","18835802269","4104270.5","18835802269","30","30","18835802269","false","1","18835802269"
"samyang","삼양식품","total","2010-07","2010-Q3","14495890","17360444612","3913533","17360444612","31","30","16800430269.68","false","0.9677","16800430269.68"
"samyang","삼양식품","total","2010-08","2010-Q3","14039201","16391121325","3636426.7","16391121325","31","30","15862375475.81","false","0.9677","15862375475.81"
"samyang","삼양식품","total","2010-09","2010-Q3","13481788","15694891764","3364190.9","15694891764","30","30","15694891764","false","1","15694891764"
"samyang","삼양식품","total","2010-10","2010-Q4","17506359","19581717009","4537861.1","19581717009","31","30","18950048718.39","false","0.9677","18950048718.39"
"samyang","삼양식품","total","2010-11","2010-Q4","17323178","19262939202","4268034.7","19262939202","30","30","19262939202","false","1","19262939202"
"samyang","삼양식품","total","2010-12","2010-Q4","17130554","19450714301","4416127.2","19450714301","31","30","18823271904.19","false","0.9677","18823271904.19"
"samyang","삼양식품","total","2011-01","2011-Q1","16282824","18137955566","4169838.6","18137955566","31","30","17552860225.16","false","0.9677","17552860225.16"
"samyang","삼양식품","total","2011-02","2011-Q1","13267215","14674685284","3470706.3","14674685284","28","30","15722877090","false","1.0714","15722877090"
"samyang","삼양식품","total","2011-03","2011-Q1","22394533","24945246661","5697502.2","24945246661","31","30","24140561284.84","false","0.9677","24140561284.84"
"samyang","삼양식품","total","2011-04","2011-Q2","23919444","25920305447","5794834","25920305447","30","30","25920305447","false","1","25920305447"
"samyang","삼양식품","total","2011-05","2011-Q2","18575983","19915301631","4586134.9","19915301631","31","30","19272872546.13","false","0.9677","19272872546.13"
"samyang","삼양식품","total","2011-06","2011-Q2","16768134","17985883737","4102053.9","17985883737","30","30","17985883737","false","1","17985883737"
"samyang","삼양식품","total","2011-07","2011-Q3","17204088","18148782920","4069105.95","18148782920","31","30","17563338309.68","false","0.9677","17563338309.68"
"samyang","삼양식품","total","2011-08","2011-Q3","17276721","18279436028","4238932","18279436028","31","30","17689776801.29","false","0.9677","17689776801.29"
"samyang","삼양식품","total","2011-09","2011-Q3","18747820","20378147564","4399485.4","20378147564","30","30","20378147564","false","1","20378147564"
"samyang","삼양식품","total","2011-10","2011-Q4","19631104","22717778761","4581141","22717778761","31","30","21984947188.06","false","0.9677","21984947188.06"
"samyang","삼양식품","total","2011-11","2011-Q4","20553194","22937031522","4615671","22937031522","30","30","22937031522","false","1","22937031522"
"samyang","삼양식품","total","2011-12","2011-Q4","21433687","24334143368","4729174.6","24334143368","31","30","23549171001.29","false","0.9677","23549171001.29"
"samyang","삼양식품","total","2012-01","2012-Q1","17644981","20120796737","3945897.8","20120796737","31","30","19471738777.74","false","0.9677","19471738777.74"
"samyang","삼양식품","total","2012-02","2012-Q1","22129548","24614437551","5008814.7","24614437551","29","30","25463211259.66","false","1.0345","25463211259.66"
"samyang","삼양식품","total","2012-03","2012-Q1","23188064","25794624443","5150889.1","25794624443","31","30","24962539783.55","false","0.9677","24962539783.55"
"samyang","삼양식품","total","2012-04","2012-Q2","22559764","25362431965","5227819.4","25362431965","30","30","25362431965","false","1","25362431965"
"samyang","삼양식품","total","2012-05","2012-Q2","21400062","24293542905","4861756.4","24293542905","31","30","23509880230.65","false","0.9677","23509880230.65"
"samyang","삼양식품","total","2012-06","2012-Q2","19979356","23152533691","4568779.7","23152533691","30","30","23152533691","false","1","23152533691"
"samyang","삼양식품","total","2012-07","2012-Q3","21715250","24645515769","5186765.4","24645515769","31","30","23850499131.29","false","0.9677","23850499131.29"
"samyang","삼양식품","total","2012-08","2012-Q3","21246284","23844203900","4812564.6","23844203900","31","30","23075036032.26","false","0.9677","23075036032.26"
"samyang","삼양식품","total","2012-09","2012-Q3","21151891","23623803517","4817161.6","23623803517","30","30","23623803517","false","1","23623803517"
"samyang","삼양식품","total","2012-10","2012-Q4","21974234","24162509158","5190207.6","24162509158","31","30","23383073378.71","false","0.9677","23383073378.71"
"samyang","삼양식품","total","2012-11","2012-Q4","19441642","20985112230","4415442.5","20985112230","30","30","20985112230","false","1","20985112230"
"samyang","삼양식품","total","2012-12","2012-Q4","18706676","19995179481","4142669.3","19995179481","31","30","19350173691.29","false","0.9677","19350173691.29"
"samyang","삼양식품","total","2013-01","2013-Q1","22376346","23566895269","4692028.6","23566895269","31","30","22806672840.97","false","0.9677","22806672840.97"
"samyang","삼양식품","total","2013-02","2013-Q1","18713856","20095911006","4532181.8","20095911006","28","30","21531333220.71","false","1.0714","21531333220.71"
"samyang","삼양식품","total","2013-03","2013-Q1","23971402","26076262325","5752272.7","26076262325","31","30","25235092572.58","false","0.9677","25235092572.58"
"samyang","삼양식품","total","2013-04","2013-Q2","26544992","29485658825","5988339.5","29485658825","30","30","29485658825","false","1","29485658825"
"samyang","삼양식품","total","2013-05","2013-Q2","22902288","25130801583","5449045.7","25130801583","31","30","24320130564.19","false","0.9677","24320130564.19"
"samyang","삼양식품","total","2013-06","2013-Q2","23261789","26007932071","5442518.4","26007932071","30","30","26007932071","false","1","26007932071"
"samyang","삼양식품","total","2013-07","2013-Q3","21527429","24152756972","5398465.1","24152756972","31","30","23373635779.35","false","0.9677","23373635779.35"
"samyang","삼양식품","total","2013-08","2013-Q3","19619587","21702137128","4598552.7","21702137128","31","30","21002068188.39","false","0.9677","21002068188.39"
"samyang","삼양식품","total","2013-09","2013-Q3","19225690","20851355999","4686523.8","20851355999","30","30","20851355999","false","1","20851355999"
"samyang","삼양식품","total","2013-10","2013-Q4","23263653","24639884198","5791309.8","24639884198","31","30","23845049223.87","false","0.9677","23845049223.87"
"samyang","삼양식품","total","2013-11","2013-Q4","22548366","23733761063","5214911.1","23733761063","30","30","23733761063","false","1","23733761063"
"samyang","삼양식품","total","2013-12","2013-Q4","20766724","21745434865","4847151.9","21745434865","31","30","21043969224.19","false","0.9677","21043969224.19"
"samyang","삼양식품","total","2014-01","2014-Q1","19304357","20277063822","4710503.42","20277063822","31","30","19622964989.03","false","0.9677","19622964989.03"
"samyang","삼양식품","total","2014-02","2014-Q1","21772690","23122552246","5204169.7","23122552246","28","30","24774163120.71","false","1.0714","24774163120.71"
"samyang","삼양식품","total","2014-03","2014-Q1","25876730","27418401506","5999289.4","27418401506","31","30","26533936941.29","false","0.9677","26533936941.29"
"samyang","삼양식품","total","2014-04","2014-Q2","25511120","26560177391","6161643.86","26560177391","30","30","26560177391","false","1","26560177391"
"samyang","삼양식품","total","2014-05","2014-Q2","23395906","23805505868","5477197.5","23805505868","31","30","23037586323.87","false","0.9677","23037586323.87"
"samyang","삼양식품","total","2014-06","2014-Q2","23125430","23372318157","5506805.6","23372318157","30","30","23372318157","false","1","23372318157"
"samyang","삼양식품","total","2014-07","2014-Q3","22682511","22875180037","5513919.9","22875180037","31","30","22137271003.55","false","0.9677","22137271003.55"
"samyang","삼양식품","total","2014-08","2014-Q3","20687032","21043204964","4986033.1","21043204964","31","30","20364391900.65","false","0.9677","20364391900.65"
"samyang","삼양식품","total","2014-09","2014-Q3","23339574","23787794900","5543553.5","23787794900","30","30","23787794900","false","1","23787794900"
"samyang","삼양식품","total","2014-10","2014-Q4","24958182","26197963396","6086861","26197963396","31","30","25352867802.58","false","0.9677","25352867802.58"
"samyang","삼양식품","total","2014-11","2014-Q4","23967052","25684254909","6058888.7","25684254909","30","30","25684254909","false","1","25684254909"
"samyang","삼양식품","total","2014-12","2014-Q4","21926808","24030854413","5439412.9","24030854413","31","30","23255665560.97","false","0.9677","23255665560.97"
"samyang","삼양식품","total","2015-01","2015-Q1","23713746","25653656010","5796728.9","25653656010","31","30","24826118719.35","false","0.9677","24826118719.35"
"samyang","삼양식품","total","2015-02","2015-Q1","19595403","21201624296","4996691.5","21201624296","28","30","22716026031.43","false","1.0714","22716026031.43"
"samyang","삼양식품","total","2015-03","2015-Q1","25133395","27674182694","6558223.3","27674182694","31","30","26781467123.23","false","0.9677","26781467123.23"
"samyang","삼양식품","total","2015-04","2015-Q2","26350937","28592960121","6852142.1","28592960121","30","30","28592960121","false","1","28592960121"
"samyang","삼양식품","total","2015-05","2015-Q2","20945016","22524173038","5463927","22524173038","31","30","21797586810.97","false","0.9677","21797586810.97"
"samyang","삼양식품","total","2015-06","2015-Q2","24572413","27023259822","6365116","27023259822","30","30","27023259822","false","1","27023259822"
"samyang","삼양식품","total","2015-07","2015-Q3","23601466","26492544773","6270672.6","26492544773","31","30","25637946554.52","false","0.9677","25637946554.52"
"samyang","삼양식품","total","2015-08","2015-Q3","21981510","25569810337","5855546.3","25569810337","31","30","24744977745.48","false","0.9677","24744977745.48"
"samyang","삼양식품","total","2015-09","2015-Q3","25577169","30035546759","6714483.5","30035546759","30","30","30035546759","false","1","30035546759"
"samyang","삼양식품","total","2015-10","2015-Q4","27100514","31073810236","7289300.5","31073810236","31","30","30071429260.65","false","0.9677","30071429260.65"
"samyang","삼양식품","total","2015-11","2015-Q4","27583267","31364214405","7445425.9","31364214405","30","30","31364214405","false","1","31364214405"
"samyang","삼양식품","total","2015-12","2015-Q4","26746677","30953779164","7046130.5","30953779164","31","30","29955270158.71","false","0.9677","29955270158.71"
"samyang","삼양식품","total","2016-01","2016-Q1","22480722","26580727210","6193259.3","26580727210","31","30","25723284396.77","false","0.9677","25723284396.77"
"samyang","삼양식품","total","2016-02","2016-Q1","23896564","28556200185","6370705.9","28556200185","29","30","29540896743.1","false","1.0345","29540896743.1"
"samyang","삼양식품","total","2016-03","2016-Q1","30223371","36062093339","8549627.1","36062093339","31","30","34898800005.48","false","0.9677","34898800005.48"
"samyang","삼양식품","total","2016-04","2016-Q2","27518268","31378064927","7597443.74","31378064927","30","30","31378064927","false","1","31378064927"
"samyang","삼양식품","total","2016-05","2016-Q2","28634150","32994254021","8014098.228","32994254021","31","30","31929923246.13","false","0.9677","31929923246.13"
"samyang","삼양식품","total","2016-06","2016-Q2","29743479","34514450016","8256691.372","34514450016","30","30","34514450016","false","1","34514450016"
"samyang","삼양식품","total","2016-07","2016-Q3","32268024","36777087167","8904397.806","36777087167","31","30","35590729516.45","false","0.9677","35590729516.45"
"samyang","삼양식품","total","2016-08","2016-Q3","34719522","38268587348","9491089.394","38268587348","31","30","37034116788.39","false","0.9677","37034116788.39"
"samyang","삼양식품","total","2016-09","2016-Q3","35741771","39383554477","10040694.432","39383554477","30","30","39383554477","false","1","39383554477"
"samyang","삼양식품","total","2016-10","2016-Q4","37754302","41768071210","10336477.598","41768071210","31","30","40420714074.19","false","0.9677","40420714074.19"
"samyang","삼양식품","total","2016-11","2016-Q4","37814552","43221520914","10870470.58","43221520914","30","30","43221520914","false","1","43221520914"
"samyang","삼양식품","total","2016-12","2016-Q4","35068177","40835671104","10207493.308","40835671104","31","30","39518391390.97","false","0.9677","39518391390.97"
"samyang","삼양식품","total","2017-01","2017-Q1","31873049","37725196783","9159427.461","37725196783","31","30","36508254951.29","false","0.9677","36508254951.29"
"samyang","삼양식품","total","2017-02","2017-Q1","42644992","48588783929","11923764.195","48588783929","28","30","52059411352.5","false","1.0714","52059411352.5"
"samyang","삼양식품","total","2017-03","2017-Q1","43225323","48778880285","12189013.07","48778880285","31","30","47205368017.74","false","0.9677","47205368017.74"
"samyang","삼양식품","total","2017-04","2017-Q2","36409018","40729268787","10511474.347","40729268787","30","30","40729268787","false","1","40729268787"
"samyang","삼양식품","total","2017-05","2017-Q2","30111432","33626726712","8392687.63","33626726712","31","30","32541993592.26","false","0.9677","32541993592.26"
"samyang","삼양식품","total","2017-06","2017-Q2","37882967","42260630332","10775348.125","42260630332","30","30","42260630332","false","1","42260630332"
"samyang","삼양식품","total","2017-07","2017-Q3","36811187","41537678858","10790849.488","41537678858","31","30","40197753733.55","false","0.9677","40197753733.55"
"samyang","삼양식품","total","2017-08","2017-Q3","38856609","43464774169","11379040.789","43464774169","31","30","42062684679.68","false","0.9677","42062684679.68"
"samyang","삼양식품","total","2017-09","2017-Q3","50327189","56273249186","15384524.8","56273249186","30","30","56273249186","false","1","56273249186"
"samyang","삼양식품","total","2017-10","2017-Q4","36711911","41255390015","10589053.327","41255390015","31","30","39924570982.26","false","0.9677","39924570982.26"
"samyang","삼양식품","total","2017-11","2017-Q4","59228185","65335065237","14619823.675","65335065237","30","30","65335065237","false","1","65335065237"
"samyang","삼양식품","total","2017-12","2017-Q4","42122873","45394090509","12249761.185","45394090509","31","30","43929765008.71","false","0.9677","43929765008.71"
"samyang","삼양식품","total","2018-01","2018-Q1","43865660","46391616619","12218519.247","46391616619","31","30","44895112857.1","false","0.9677","44895112857.1"
"samyang","삼양식품","total","2018-02","2018-Q1","36439999","38862013144","10303296.036","38862013144","28","30","41637871225.71","false","1.0714","41637871225.71"
"samyang","삼양식품","total","2018-03","2018-Q1","48130511","51090942166","13467354.851","51090942166","31","30","49442847257.42","false","0.9677","49442847257.42"
"samyang","삼양식품","total","2018-04","2018-Q2","47172010","49846679148","13159853.502","49846679148","30","30","49846679148","false","1","49846679148"
"samyang","삼양식품","total","2018-05","2018-Q2","47641947","50776929155","13433506.286","50776929155","31","30","49138963698.39","false","0.9677","49138963698.39"
"samyang","삼양식품","total","2018-06","2018-Q2","48122817","51778038695","14208845.295","51778038695","30","30","51778038695","false","1","51778038695"
"samyang","삼양식품","total","2018-07","2018-Q3","38771551","43056372977","10580046.787","43056372977","31","30","41667457719.68","false","0.9677","41667457719.68"
"samyang","삼양식품","total","2018-08","2018-Q3","44056605","49057853179","12342502.303","49057853179","31","30","47475341786.13","false","0.9677","47475341786.13"
"samyang","삼양식품","total","2018-09","2018-Q3","39606623","43906413671","11066817.07","43906413671","30","30","43906413671","false","1","43906413671"
"samyang","삼양식품","total","2018-10","2018-Q4","49501067","55238419486","14142776.181","55238419486","31","30","53456534986.45","false","0.9677","53456534986.45"
"samyang","삼양식품","total","2018-11","2018-Q4","43296951","48469603108","12167956.137","48469603108","30","30","48469603108","false","1","48469603108"
"samyang","삼양식품","total","2018-12","2018-Q4","36098756","40205470583","10180414.615","40205470583","31","30","38908519919.03","false","0.9677","38908519919.03"
"samyang","삼양식품","total","2019-01","2019-Q1","43325331","48169212574","12372916.999","48169212574","31","30","46615367007.1","false","0.9677","46615367007.1"
"samyang","삼양식품","total","2019-02","2019-Q1","38046578","42313222731","10786521.031","42313222731","28","30","45335595783.21","false","1.0714","45335595783.21"
"samyang","삼양식품","total","2019-03","2019-Q1","49124438","54876968250","14287457.746","54876968250","31","30","53106743467.74","false","0.9677","53106743467.74"
"samyang","삼양식품","total","2019-04","2019-Q2","51482536","57975274234","15139443.284","57975274234","30","30","57975274234","false","1","57975274234"
"samyang","삼양식품","total","2019-05","2019-Q2","50256734","58516477686","14709880.198","58516477686","31","30","56628849373.55","false","0.9677","56628849373.55"
"samyang","삼양식품","total","2019-06","2019-Q2","46194436","54147439062","13408605.109","54147439062","30","30","54147439062","false","1","54147439062"
"samyang","삼양식품","total","2019-07","2019-Q3","48959705","56775918081","14245031.501","56775918081","31","30","54944436852.58","false","0.9677","54944436852.58"
"samyang","삼양식품","total","2019-08","2019-Q3","49023061","58406343024","14732771.235","58406343024","31","30","56522267442.58","false","0.9677","56522267442.58"
"samyang","삼양식품","total","2019-09","2019-Q3","49653532","59046321723","14637144.096","59046321723","30","30","59046321723","false","1","59046321723"
"samyang","삼양식품","total","2019-10","2019-Q4","58212321","68641876306","17661353.165","68641876306","31","30","66427622231.61","false","0.9677","66427622231.61"
"samyang","삼양식품","total","2019-11","2019-Q4","58251935","67245504486","17532430.647","67245504486","30","30","67245504486","false","1","67245504486"
"samyang","삼양식품","total","2019-12","2019-Q4","49741189","58097402418","14892475.626","58097402418","31","30","56223292662.58","false","0.9677","56223292662.58"
"samyang","삼양식품","total","2020-01","2020-Q1","47723397","54873482512","14047247.142","54873482512","31","30","53103370172.9","false","0.9677","53103370172.9"
"samyang","삼양식품","total","2020-02","2020-Q1","53427840","62676653379","15702595.202","62676653379","29","30","64837917288.62","false","1.0345","64837917288.62"
"samyang","삼양식품","total","2020-03","2020-Q1","66497357","79974266319","19787168.671","79974266319","31","30","77394451276.45","false","0.9677","77394451276.45"
"samyang","삼양식품","total","2020-04","2020-Q2","75452444","91611106522","22432788.461","91611106522","30","30","91611106522","false","1","91611106522"
"samyang","삼양식품","total","2020-05","2020-Q2","66710647","81033199624","20155170.011","81033199624","31","30","78419225442.58","false","0.9677","78419225442.58"
"samyang","삼양식품","total","2020-06","2020-Q2","66431654","80109569978","19861681.963","80109569978","30","30","80109569978","false","1","80109569978"
"samyang","삼양식품","total","2020-07","2020-Q3","72293533","85994898916","21889791.055","85994898916","31","30","83220869918.71","false","0.9677","83220869918.71"
"samyang","삼양식품","total","2020-08","2020-Q3","60121448","70756669655","18838179.202","70756669655","31","30","68474196440.32","false","0.9677","68474196440.32"
"samyang","삼양식품","total","2020-09","2020-Q3","67381347","78934383186","20200299.192","78934383186","30","30","78934383186","false","1","78934383186"
"samyang","삼양식품","total","2020-10","2020-Q4","62818039","71835000939","18765556.857","71835000939","31","30","69517742844.19","false","0.9677","69517742844.19"
"samyang","삼양식품","total","2020-11","2020-Q4","60923606","67688397985","18330021.29","67688397985","30","30","67688397985","false","1","67688397985"
"samyang","삼양식품","total","2020-12","2020-Q4","71115015","77363514385","19520836.746","77363514385","31","30","74867917146.77","false","0.9677","74867917146.77"
"samyang","삼양식품","total","2021-01","2021-Q1","68065951","73785499893","19569462.689","73785499893","31","30","71405322477.1","false","0.9677","71405322477.1"
"samyang","삼양식품","total","2021-02","2021-Q1","60755635","66849758918","17557005.895","66849758918","28","30","71624741697.86","false","1.0714","71624741697.86"
"samyang","삼양식품","total","2021-03","2021-Q1","78496240","87595769767","22465342.217","87595769767","31","30","84770099774.52","false","0.9677","84770099774.52"
"samyang","삼양식품","total","2021-04","2021-Q2","76083055","84700086981","21800326.397","84700086981","30","30","84700086981","false","1","84700086981"
"samyang","삼양식품","total","2021-05","2021-Q2","69253608","76880458196","19191235.826","76880458196","31","30","74400443415.48","false","0.9677","74400443415.48"
"samyang","삼양식품","total","2021-06","2021-Q2","70375505","77961441244","20397833.815","77961441244","30","30","77961441244","false","1","77961441244"
"samyang","삼양식품","total","2021-07","2021-Q3","69310338","78199466540","20254346.789","78199466540","31","30","75676903103.23","false","0.9677","75676903103.23"
"samyang","삼양식품","total","2021-08","2021-Q3","68051180","77976952359","19948486.715","77976952359","31","30","75461566799.03","false","0.9677","75461566799.03"
"samyang","삼양식품","total","2021-09","2021-Q3","73093682","84514305010","21443512.544","84514305010","30","30","84514305010","false","1","84514305010"
"samyang","삼양식품","total","2021-10","2021-Q4","76683561","90096117100","22740155.384","90096117100","31","30","87189790741.94","false","0.9677","87189790741.94"
"samyang","삼양식품","total","2021-11","2021-Q4","81668808","95318311399","24048467.306","95318311399","30","30","95318311399","false","1","95318311399"
"samyang","삼양식품","total","2021-12","2021-Q4","83846488","98302490363","23986363.308","98302490363","31","30","95131442286.77","false","0.9677","95131442286.77"
"samyang","삼양식품","total","2022-01","2022-Q1","74935652","88404083226","21078268.285","88404083226","31","30","85552338605.81","false","0.9677","85552338605.81"
"samyang","삼양식품","total","2022-02","2022-Q1","67207499","79839932211","19350399.549","79839932211","28","30","85542784511.79","false","1.0714","85542784511.79"
"samyang","삼양식품","total","2022-03","2022-Q1","88417170","106472342969","25028913.89","106472342969","31","30","103037751260.32","false","0.9677","103037751260.32"
"samyang","삼양식품","total","2022-04","2022-Q2","75974853","92116045865","21065682.133","92116045865","30","30","92116045865","false","1","92116045865"
"samyang","삼양식품","total","2022-05","2022-Q2","94985373","119314978888","26978878.474","119314978888","31","30","115466108601.29","false","0.9677","115466108601.29"
"samyang","삼양식품","total","2022-06","2022-Q2","81724852","102754287163","23273940.318","102754287163","30","30","102754287163","false","1","102754287163"
"samyang","삼양식품","total","2022-07","2022-Q3","76518425","98664665369","21774303.442","98664665369","31","30","95481934228.06","false","0.9677","95481934228.06"
"samyang","삼양식품","total","2022-08","2022-Q3","76459773","99283038452","21939562.707","99283038452","31","30","96080359792.26","false","0.9677","96080359792.26"
"samyang","삼양식품","total","2022-09","2022-Q3","79813245","109165980743","21890582.147","109165980743","30","30","109165980743","false","1","109165980743"
"samyang","삼양식품","total","2022-10","2022-Q4","78985912","112626947114","22892635.342","112626947114","31","30","108993819787.74","false","0.9677","108993819787.74"
"samyang","삼양식품","total","2022-11","2022-Q4","82224165","113785578275","23824530.038","113785578275","30","30","113785578275","false","1","113785578275"
"samyang","삼양식품","total","2022-12","2022-Q4","85462453","112123740782","24328960.805","112123740782","31","30","108506845918.06","false","0.9677","108506845918.06"
"samyang","삼양식품","total","2023-01","2023-Q1","76978265","96736111452","20607132.333","96736111452","31","30","93615591727.74","false","0.9677","93615591727.74"
"samyang","삼양식품","total","2023-02","2023-Q1","86939871","108997206895","23484927.984","108997206895","28","30","116782721673.21","false","1.0714","116782721673.21"
"samyang","삼양식품","total","2023-03","2023-Q1","92011633","120252637410","24324004.343","120252637410","31","30","116373520074.19","false","0.9677","116373520074.19"
"samyang","삼양식품","total","2023-04","2023-Q2","89047895","116803750445","22759346.98","116803750445","30","30","116803750445","false","1","116803750445"
"samyang","삼양식품","total","2023-05","2023-Q2","90826586","121009376221","23413943.503","121009376221","31","30","117105847955.81","false","0.9677","117105847955.81"
"samyang","삼양식품","total","2023-06","2023-Q2","106435179","138228135933","27406964.69","138228135933","30","30","138228135933","false","1","138228135933"
"samyang","삼양식품","total","2023-07","2023-Q3","91693589","118546475861","24046225.01","118546475861","31","30","114722395994.52","false","0.9677","114722395994.52"
"samyang","삼양식품","total","2023-08","2023-Q3","102928730","134961496108","26134500.611","134961496108","31","30","130607899459.35","false","0.9677","130607899459.35"
"samyang","삼양식품","total","2023-09","2023-Q3","107364527","142507190573","28187292.473","142507190573","30","30","142507190573","false","1","142507190573"
"samyang","삼양식품","total","2023-10","2023-Q4","105871006","142742651118","27759512.39","142742651118","31","30","138138049469.03","false","0.9677","138138049469.03"
"samyang","삼양식품","total","2023-11","2023-Q4","109221794","144580607346","28591394.93","144580607346","30","30","144580607346","false","1","144580607346"
"samyang","삼양식품","total","2023-12","2023-Q4","94126160","122716621515","24138529.052","122716621515","31","30","118758020820.97","false","0.9677","118758020820.97"
"samyang","삼양식품","total","2024-01","2024-Q1","103688646","136338590840","26192488.561","136338590840","31","30","131940571780.65","false","0.9677","131940571780.65"
"samyang","삼양식품","total","2024-02","2024-Q1","107662956","143448953710","26865755.177","143448953710","29","30","148395469355.17","false","1.0345","148395469355.17"
"samyang","삼양식품","total","2024-03","2024-Q1","107751877","143089987386","27748328.868","143089987386","31","30","138474181341.29","false","0.9677","138474181341.29"
"samyang","삼양식품","total","2024-04","2024-Q2","128923102","175180202309","32295733.277","175180202309","30","30","175180202309","false","1","175180202309"
"samyang","삼양식품","total","2024-05","2024-Q2","125666030","171828058832","32014505.71","171828058832","31","30","166285218224.52","false","0.9677","166285218224.52"
"samyang","삼양식품","total","2024-06","2024-Q2","122607782","168553709730","30575457.462","168553709730","30","30","168553709730","false","1","168553709730"
"samyang","삼양식품","total","2024-07","2024-Q3","129144562","178741814612","32550304.854","178741814612","31","30","172975949624.52","false","0.9677","172975949624.52"
"samyang","삼양식품","total","2024-08","2024-Q3","118380453","161599617596","29962285.203","161599617596","31","30","156386726705.81","false","0.9677","156386726705.81"
"samyang","삼양식품","total","2024-09","2024-Q3","121085276","161612543018","30413251.619","161612543018","30","30","161612543018","false","1","161612543018"
"samyang","삼양식품","total","2024-10","2024-Q4","136831034","184077809140","34131008.204","184077809140","31","30","178139815296.77","false","0.9677","178139815296.77"
"samyang","삼양식품","total","2024-11","2024-Q4","137544605","191155689745","35346394.818","191155689745","30","30","191155689745","false","1","191155689745"
"samyang","삼양식품","total","2024-12","2024-Q4","128910713","183134247789","33148582.813","183134247789","31","30","177226691408.71","false","0.9677","177226691408.71"
"samyang","삼양식품","total","2025-01","2025-Q1","124047509","181393955991","31483368.025","181393955991","31","30","175542538055.81","false","0.9677","175542538055.81"
"samyang","삼양식품","total","2025-02","2025-Q1","140930922","203736801324","35601042.527","203736801324","28","30","218289429990","false","1.0714","218289429990"
"samyang","삼양식품","total","2025-03","2025-Q1","137387376","199118963944","33476352.091","199118963944","31","30","192695771558.71","false","0.9677","192695771558.71"
"samyang","삼양식품","total","2025-04","2025-Q2","157011040","227920171704","38497086.971","227920171704","30","30","227920171704","false","1","227920171704"
"samyang","삼양식품","total","2025-05","2025-Q2","148840382","209590605274","36364049.783","209590605274","31","30","202829618007.1","false","0.9677","202829618007.1"
"samyang","삼양식품","total","2025-06","2025-Q2","145831043","199667225426","34950169.617","199667225426","30","30","199667225426","false","1","199667225426"
"samyang","삼양식품","total","2025-07","2025-Q3","151780573","208140659232","38516778.107","208140659232","31","30","201426444418.06","false","0.9677","201426444418.06"
"samyang","삼양식품","total","2025-08","2025-Q3","132584564","183960368607","33524517.451","183960368607","31","30","178026163168.06","false","0.9677","178026163168.06"
"samyang","삼양식품","total","2025-09","2025-Q3","169198350","235191636948","42780674.652","235191636948","30","30","235191636948","false","1","235191636948"
"samyang","삼양식품","total","2025-10","2025-Q4","147235057","208201962178","37585525.885","208201962178","31","30","201485769849.68","false","0.9677","201485769849.68"
"samyang","삼양식품","total","2025-11","2025-Q4","144170928","208853474132","37265191.629","208853474132","30","30","208853474132","false","1","208853474132"
"samyang","삼양식품","total","2025-12","2025-Q4","160086413","235520402002","39600551.38","235520402002","31","30","227922969679.35","false","0.9677","227922969679.35"
"samyang","삼양식품","total","2026-01","2026-Q1","149286808","217431599366","36694671.45","217431599366","31","30","210417676805.81","false","0.9677","210417676805.81"
"samyang","삼양식품","total","2026-02","2026-Q1","157904362","228726923423","38389095.308","228726923423","28","30","245064560810.36","false","1.0714","245064560810.36"
"samyang","삼양식품","total","2026-03","2026-Q1","185244946","272383674374","45159100.59","272383674374","31","30","263597104232.9","false","0.9677","263597104232.9"
"samyang","삼양식품","total","2026-04","2026-Q2","205220661","306552129357","49363682.215","306552129357","30","30","306552129357","false","1","306552129357"
"samyang","삼양식품","us","2022-01","2022-Q1","14193168","16742123294","3565505.33","16742123294","31","30","16202054800.65","false","0.9677","16202054800.65"
"samyang","삼양식품","us","2022-02","2022-Q1","10928384","12981679459","2844696.42","12981679459","28","30","13908942277.5","false","1.0714","13908942277.5"
"samyang","삼양식품","us","2022-03","2022-Q1","14366696","17231773538","3574258.83","17231773538","31","30","16675909875.48","false","0.9677","16675909875.48"
"samyang","삼양식품","us","2022-04","2022-Q2","12497308","15142551875","2853657.7","15142551875","30","30","15142551875","false","1","15142551875"
"samyang","삼양식품","us","2022-05","2022-Q2","10228723","12836285228","2353856.87","12836285228","31","30","12422211510.97","false","0.9677","12422211510.97"
"samyang","삼양식품","us","2022-06","2022-Q2","10469025","13138195016","2379462.55","13138195016","30","30","13138195016","false","1","13138195016"
"samyang","삼양식품","us","2022-07","2022-Q3","8477722","10940713306","1872806.77","10940713306","31","30","10587787070.32","false","0.9677","10587787070.32"
"samyang","삼양식품","us","2022-08","2022-Q3","7070140","9177287782","1697142.21","9177287782","31","30","8881246240.65","false","0.9677","8881246240.65"
"samyang","삼양식품","us","2022-09","2022-Q3","8535189","11724271563","2066326.74","11724271563","30","30","11724271563","false","1","11724271563"
"samyang","삼양식품","us","2022-10","2022-Q4","6215688","8864270006","1568096.61","8864270006","31","30","8578325812.26","false","0.9677","8578325812.26"
"samyang","삼양식품","us","2022-11","2022-Q4","6456084","8962983200","1781237.08","8962983200","30","30","8962983200","false","1","8962983200"
"samyang","삼양식품","us","2022-12","2022-Q4","8292251","10847129357","2177272.07","10847129357","31","30","10497221958.39","false","0.9677","10497221958.39"
"samyang","삼양식품","us","2023-01","2023-Q1","7344564","9209995397","1740520.12","9209995397","31","30","8912898771.29","false","0.9677","8912898771.29"
"samyang","삼양식품","us","2023-02","2023-Q1","10725913","13488705035","2646474.06","13488705035","28","30","14452183966.07","false","1.0714","14452183966.07"
"samyang","삼양식품","us","2023-03","2023-Q1","12026824","15713041403","2773872.94","15713041403","31","30","15206169099.68","false","0.9677","15206169099.68"
"samyang","삼양식품","us","2023-04","2023-Q2","15860329","20801600462","3625853.33","20801600462","30","30","20801600462","false","1","20801600462"
"samyang","삼양식품","us","2023-05","2023-Q2","15566252","20731907270","3707262.19","20731907270","31","30","20063136067.74","false","0.9677","20063136067.74"
"samyang","삼양식품","us","2023-06","2023-Q2","18742386","24288082044","4325046.17","24288082044","30","30","24288082044","false","1","24288082044"
"samyang","삼양식품","us","2023-07","2023-Q3","8899509","11516118194","1974376.44","11516118194","31","30","11144630510.32","false","0.9677","11144630510.32"
"samyang","삼양식품","us","2023-08","2023-Q3","18978044","24879700642","3705596.84","24879700642","31","30","24077129653.55","false","0.9677","24077129653.55"
"samyang","삼양식품","us","2023-09","2023-Q3","14710433","19526135958","2850624.24","19526135958","30","30","19526135958","false","1","19526135958"
"samyang","삼양식품","us","2023-10","2023-Q4","12205041","16452732403","2479421.95","16452732403","31","30","15921999099.68","false","0.9677","15921999099.68"
"samyang","삼양식품","us","2023-11","2023-Q4","13090109","17311047476","2645498.95","17311047476","30","30","17311047476","false","1","17311047476"
"samyang","삼양식품","us","2023-12","2023-Q4","13529221","17640098738","2756442.01","17640098738","31","30","17071063294.84","false","0.9677","17071063294.84"
"samyang","삼양식품","us","2024-01","2024-Q1","14915162","19629346818","3042794.73","19629346818","31","30","18996142081.94","false","0.9677","18996142081.94"
"samyang","삼양식품","us","2024-02","2024-Q1","22291010","29698040717","4259489.47","29698040717","29","30","30722111086.55","false","1.0345","30722111086.55"
"samyang","삼양식품","us","2024-03","2024-Q1","18861493","25040795943","3629210.48","25040795943","31","30","24233028331.94","false","0.9677","24233028331.94"
"samyang","삼양식품","us","2024-04","2024-Q2","21513777","29177009058","4335941.94","29177009058","30","30","29177009058","false","1","29177009058"
"samyang","삼양식품","us","2024-05","2024-Q2","21631392","29547942403","4323266.57","29547942403","31","30","28594782970.65","false","0.9677","28594782970.65"
"samyang","삼양식품","us","2024-06","2024-Q2","22542698","30994503570","4545958.17","30994503570","30","30","30994503570","false","1","30994503570"
"samyang","삼양식품","us","2024-07","2024-Q3","21685750","30014703354","4382600.14","30014703354","31","30","29046487116.77","false","0.9677","29046487116.77"
"samyang","삼양식품","us","2024-08","2024-Q3","23975819","32698216997","4928868.13","32698216997","31","30","31643435803.55","false","0.9677","31643435803.55"
"samyang","삼양식품","us","2024-09","2024-Q3","22695731","30274611385","4483008.36","30274611385","30","30","30274611385","false","1","30274611385"
"samyang","삼양식품","us","2024-10","2024-Q4","22197219","29876373411","4430645.24","29876373411","31","30","28912619430","false","0.9677","28912619430"
"samyang","삼양식품","us","2024-11","2024-Q4","22524179","31305912233","4580634.57","31305912233","30","30","31305912233","false","1","31305912233"
"samyang","삼양식품","us","2024-12","2024-Q4","23465152","33334925346","4741093.27","33334925346","31","30","32259605173.55","false","0.9677","32259605173.55"
"samyang","삼양식품","us","2025-01","2025-Q1","21030766","30736769223","4259142.11","30736769223","31","30","29745260538.39","false","0.9677","29745260538.39"
"samyang","삼양식품","us","2025-02","2025-Q1","25083710","36251218676","5216505","36251218676","28","30","38840591438.57","false","1.0714","38840591438.57"
"samyang","삼양식품","us","2025-03","2025-Q1","27360760","39667361698","5481669.58","39667361698","31","30","38387769385.16","false","0.9677","38387769385.16"
"samyang","삼양식품","us","2025-04","2025-Q2","30534075","44347725683","6081205.14","44347725683","30","30","44347725683","false","1","44347725683"
"samyang","삼양식품","us","2025-05","2025-Q2","28396296","39979339889","5827636.49","39979339889","31","30","38689683763.55","false","0.9677","38689683763.55"
"samyang","삼양식품","us","2025-06","2025-Q2","34201895","46825737256","6706007.76","46825737256","30","30","46825737256","false","1","46825737256"
"samyang","삼양식품","us","2025-07","2025-Q3","17717254","24289868649","3673745","24289868649","31","30","23506324499.03","false","0.9677","23506324499.03"
"samyang","삼양식품","us","2025-08","2025-Q3","20919475","29014989432","4425611.8","29014989432","31","30","28079022030.97","false","0.9677","28079022030.97"
"samyang","삼양식품","us","2025-09","2025-Q3","25799276","35871865203","5441397.68","35871865203","30","30","35871865203","false","1","35871865203"
"samyang","삼양식품","us","2025-10","2025-Q4","22567281","31897201408","4805003.42","31897201408","31","30","30868259427.1","false","0.9677","30868259427.1"
"samyang","삼양식품","us","2025-11","2025-Q4","20530957","29720736524","4674240.36","29720736524","30","30","29720736524","false","1","29720736524"
"samyang","삼양식품","us","2025-12","2025-Q4","28061020","41294258550","6074258.01","41294258550","31","30","39962185693.55","false","0.9677","39962185693.55"
"samyang","삼양식품","us","2026-01","2026-Q1","25949740","37744945156","5613055.73","37744945156","31","30","36527366280","false","0.9677","36527366280"
"samyang","삼양식품","us","2026-02","2026-Q1","30270098","43826413703","6521265.16","43826413703","28","30","46956871824.64","false","1.0714","46956871824.64"
"samyang","삼양식품","us","2026-03","2026-Q1","34476925","50748279612","7499171.76","50748279612","31","30","49111238334.19","false","0.9677","49111238334.19"
"samyang","삼양식품","us","2026-04","2026-Q2","49588693","73994334170","10574788.22","73994334170","30","30","73994334170","false","1","73994334170"
"samyang","삼양식품","us","2026-05","2026-Q2","27528756","40520267869","5356923.304","40520267869","31","30","39213162453.87","false","0.9677","39213162453.87"
"tnl","티앤엘","total","1996-02","1996-Q1","36917","28643892","4091","28643892","29","30","29631612.41","false","1.0345","29631612.41"
"tnl","티앤엘","total","1996-05","1996-Q2","58196","45158146","6016","45158146","31","30","43701431.61","false","0.9677","43701431.61"
"tnl","티앤엘","total","1996-06","1996-Q2","41140","32487023","2973","32487023","30","30","32487023","false","1","32487023"
"tnl","티앤엘","total","1996-07","1996-Q3","17000","13776800","2200","13776800","31","30","13332387.1","false","0.9677","13332387.1"
"tnl","티앤엘","total","1996-08","1996-Q3","7266","5892217","450","5892217","31","30","5702145.48","false","0.9677","5702145.48"
"tnl","티앤엘","total","1996-09","1996-Q3","9600","7830720","1364","7830720","30","30","7830720","false","1","7830720"
"tnl","티앤엘","total","1996-11","1996-Q4","35280","29060841","3545","29060841","30","30","29060841","false","1","29060841"
"tnl","티앤엘","total","1996-12","1996-Q4","2625","2190168","186","2190168","31","30","2119517.42","false","0.9677","2119517.42"
"tnl","티앤엘","total","1997-02","1997-Q1","39600","34333991","3285","34333991","28","30","36786418.93","false","1.0714","36786418.93"
"tnl","티앤엘","total","1997-06","1997-Q2","17170","15198670","1818","15198670","30","30","15198670","false","1","15198670"
"tnl","티앤엘","total","1997-08","1997-Q3","45116","40176388","6727","40176388","31","30","38880375.48","false","0.9677","38880375.48"
"tnl","티앤엘","total","1997-09","1997-Q3","1200","1087884","135","1087884","30","30","1087884","false","1","1087884"
"tnl","티앤엘","total","1997-11","1997-Q4","2030","1920928","33","1920928","30","30","1920928","false","1","1920928"
"tnl","티앤엘","total","1998-01","1998-Q1","4800","7755936","320","7755936","31","30","7505744.52","false","0.9677","7505744.52"
"tnl","티앤엘","total","1998-02","1998-Q1","45120","68865753","6789","68865753","28","30","73784735.36","false","1.0714","73784735.36"
"tnl","티앤엘","total","1998-03","1998-Q1","34293","47239395","4436","47239395","31","30","45715543.55","false","0.9677","45715543.55"
"tnl","티앤엘","total","1998-04","1998-Q2","31006","42484303","974","42484303","30","30","42484303","false","1","42484303"
"tnl","티앤엘","total","1998-05","1998-Q2","1715","2383521","84","2383521","31","30","2306633.23","false","0.9677","2306633.23"
"tnl","티앤엘","total","1998-06","1998-Q2","25080","34508575","878","34508575","30","30","34508575","false","1","34508575"
"tnl","티앤엘","total","1998-08","1998-Q3","62420","82135357","7470","82135357","31","30","79485829.35","false","0.9677","79485829.35"
"tnl","티앤엘","total","1998-09","1998-Q3","8975","12004946","222","12004946","30","30","12004946","false","1","12004946"
"tnl","티앤엘","total","1998-10","1998-Q4","10253","13955588","349","13955588","31","30","13505407.74","false","0.9677","13505407.74"
"tnl","티앤엘","total","1998-11","1998-Q4","3800","4926814","131","4926814","30","30","4926814","false","1","4926814"
"tnl","티앤엘","total","1998-12","1998-Q4","1943","2315613","170","2315613","31","30","2240915.81","false","0.9677","2240915.81"
"tnl","티앤엘","total","1999-01","1999-Q1","43892","51054947","6619","51054947","31","30","49408013.23","false","0.9677","49408013.23"
"tnl","티앤엘","total","1999-02","1999-Q1","2850","3331450","100","3331450","28","30","3569410.71","false","1.0714","3569410.71"
"tnl","티앤엘","total","1999-03","1999-Q1","65726","79297566","7788","79297566","31","30","76739580","false","0.9677","76739580"
"tnl","티앤엘","total","1999-04","1999-Q2","2280","2750432","86","2750432","30","30","2750432","false","1","2750432"
"tnl","티앤엘","total","1999-07","1999-Q3","6080","7204070","180","7204070","31","30","6971680.65","false","0.9677","6971680.65"
"tnl","티앤엘","total","1999-08","1999-Q3","44913","53475533","7464","53475533","31","30","51750515.81","false","0.9677","51750515.81"
"tnl","티앤엘","total","1999-09","1999-Q3","34077","40062756","909","40062756","30","30","40062756","false","1","40062756"
"tnl","티앤엘","total","1999-10","1999-Q4","39080","46684819","941","46684819","31","30","45178857.1","false","0.9677","45178857.1"
"tnl","티앤엘","total","1999-11","1999-Q4","103162","120402256","1759","120402256","30","30","120402256","false","1","120402256"
"tnl","티앤엘","total","1999-12","1999-Q4","47432","54256443","5992","54256443","31","30","52506235.16","false","0.9677","52506235.16"
"tnl","티앤엘","total","2000-01","2000-Q1","17194","19267700","1513","19267700","31","30","18646161.29","false","0.9677","18646161.29"
"tnl","티앤엘","total","2000-02","2000-Q1","27000","30109050","655","30109050","29","30","31147293.1","false","1.0345","31147293.1"
"tnl","티앤엘","total","2000-03","2000-Q1","10260","11532650","396","11532650","31","30","11160629.03","false","0.9677","11160629.03"
"tnl","티앤엘","total","2000-04","2000-Q2","53232","58538165","6092","58538165","30","30","58538165","false","1","58538165"
"tnl","티앤엘","total","2000-05","2000-Q2","36840","40684543","3970","40684543","31","30","39372138.39","false","0.9677","39372138.39"
"tnl","티앤엘","total","2000-06","2000-Q2","1800","2018142","120","2018142","30","30","2018142","false","1","2018142"
"tnl","티앤엘","total","2000-07","2000-Q3","9966","11021830","255","11021830","31","30","10666287.1","false","0.9677","10666287.1"
"tnl","티앤엘","total","2000-08","2000-Q3","79508","87738231","3952","87738231","31","30","84907965.48","false","0.9677","84907965.48"
"tnl","티앤엘","total","2000-10","2000-Q4","40860","45388800","4900","45388800","31","30","43924645.16","false","0.9677","43924645.16"
"tnl","티앤엘","total","2000-12","2000-Q4","22409","26869480","1970","26869480","31","30","26002722.58","false","0.9677","26002722.58"
"tnl","티앤엘","total","2001-01","2001-Q1","6000","7572420","300","7572420","31","30","7328148.39","false","0.9677","7328148.39"
"tnl","티앤엘","total","2001-03","2001-Q1","7523","9674845","808","9674845","31","30","9362753.23","false","0.9677","9362753.23"
"tnl","티앤엘","total","2001-04","2001-Q2","144636","188184570","11730","188184570","30","30","188184570","false","1","188184570"
"tnl","티앤엘","total","2001-05","2001-Q2","2609","3394934","140","3394934","31","30","3285420","false","0.9677","3285420"
"tnl","티앤엘","total","2001-06","2001-Q2","25440","32492731","1670","32492731","30","30","32492731","false","1","32492731"
"tnl","티앤엘","total","2001-07","2001-Q3","41421","53438048","3220","53438048","31","30","51714240","false","0.9677","51714240"
"tnl","티앤엘","total","2001-08","2001-Q3","58946","74989660","4780","74989660","31","30","72570638.71","false","0.9677","72570638.71"
"tnl","티앤엘","total","2001-09","2001-Q3","12413","15803612","613","15803612","30","30","15803612","false","1","15803612"
"tnl","티앤엘","total","2001-10","2001-Q4","21392","27738506","975","27738506","31","30","26843715.48","false","0.9677","26843715.48"
"tnl","티앤엘","total","2001-11","2001-Q4","97355","124952711","10820","124952711","30","30","124952711","false","1","124952711"
"tnl","티앤엘","total","2001-12","2001-Q4","65550","84765090","7501","84765090","31","30","82030732.26","false","0.9677","82030732.26"
"tnl","티앤엘","total","2002-01","2002-Q1","25761","33589717","1900","33589717","31","30","32506177.74","false","0.9677","32506177.74"
"tnl","티앤엘","total","2002-02","2002-Q1","4800","6265296","240","6265296","28","30","6712817.14","false","1.0714","6712817.14"
"tnl","티앤엘","total","2002-03","2002-Q1","88787","116218993","8480","116218993","31","30","112469993.23","false","0.9677","112469993.23"
"tnl","티앤엘","total","2002-04","2002-Q2","65520","86134501","4510","86134501","30","30","86134501","false","1","86134501"
"tnl","티앤엘","total","2002-05","2002-Q2","118113","149381382","2977","149381382","31","30","144562627.74","false","0.9677","144562627.74"
"tnl","티앤엘","total","2002-06","2002-Q2","85972","104815232","3647","104815232","30","30","104815232","false","1","104815232"
"tnl","티앤엘","total","2002-07","2002-Q3","8836","10283945","2040","10283945","31","30","9952204.84","false","0.9677","9952204.84"
"tnl","티앤엘","total","2002-08","2002-Q3","34741","41178019","2543","41178019","31","30","39849695.81","false","0.9677","39849695.81"
"tnl","티앤엘","total","2002-09","2002-Q3","40160","47950713","4530","47950713","30","30","47950713","false","1","47950713"
"tnl","티앤엘","total","2002-10","2002-Q4","56650","69756870","3615","69756870","31","30","67506648.39","false","0.9677","67506648.39"
"tnl","티앤엘","total","2002-11","2002-Q4","119745","145074421","21659","145074421","30","30","145074421","false","1","145074421"
"tnl","티앤엘","total","2002-12","2002-Q4","188974","226100657","52271.2","226100657","31","30","218807087.42","false","0.9677","218807087.42"
"tnl","티앤엘","total","2003-01","2003-Q1","222475","260446919","54128","260446919","31","30","252045405.48","false","0.9677","252045405.48"
"tnl","티앤엘","total","2003-02","2003-Q1","119297","141376801","12252","141376801","28","30","151475143.93","false","1.0714","151475143.93"
"tnl","티앤엘","total","2003-03","2003-Q1","73872","91373015","7428","91373015","31","30","88425498.39","false","0.9677","88425498.39"
"tnl","티앤엘","total","2003-04","2003-Q2","153456","186478659","30759","186478659","30","30","186478659","false","1","186478659"
"tnl","티앤엘","total","2003-05","2003-Q2","101104","120973470","13002","120973470","31","30","117071100","false","0.9677","117071100"
"tnl","티앤엘","total","2003-06","2003-Q2","25903","30619795","2764","30619795","30","30","30619795","false","1","30619795"
"tnl","티앤엘","total","2003-07","2003-Q3","146018","171273230","34843","171273230","31","30","165748287.1","false","0.9677","165748287.1"
"tnl","티앤엘","total","2003-08","2003-Q3","146908","171901073","27615.1","171901073","31","30","166355877.1","false","0.9677","166355877.1"
"tnl","티앤엘","total","2003-09","2003-Q3","169579","197106728","22921.1","197106728","30","30","197106728","false","1","197106728"
"tnl","티앤엘","total","2003-10","2003-Q4","113879","130770609","18649.8","130770609","31","30","126552202.26","false","0.9677","126552202.26"
"tnl","티앤엘","total","2003-11","2003-Q4","177182","207019617","29469","207019617","30","30","207019617","false","1","207019617"
"tnl","티앤엘","total","2003-12","2003-Q4","311112","366736669","39282.7","366736669","31","30","354906453.87","false","0.9677","354906453.87"
"tnl","티앤엘","total","2004-01","2004-Q1","84775","99821501","8888.9","99821501","31","30","96601452.58","false","0.9677","96601452.58"
"tnl","티앤엘","total","2004-02","2004-Q1","135623","156654026","21664.3","156654026","29","30","162055888.97","false","1.0345","162055888.97"
"tnl","티앤엘","total","2004-03","2004-Q1","345526","400053739","65700","400053739","31","30","387148779.68","false","0.9677","387148779.68"
"tnl","티앤엘","total","2004-04","2004-Q2","185634","210753969","27417.4","210753969","30","30","210753969","false","1","210753969"
"tnl","티앤엘","total","2004-05","2004-Q2","269735","314555993","56673.8","314555993","31","30","304409025.48","false","0.9677","304409025.48"
"tnl","티앤엘","total","2004-06","2004-Q2","205782","237539246","34507","237539246","30","30","237539246","false","1","237539246"
"tnl","티앤엘","total","2004-07","2004-Q3","217380","248278243","54501.4","248278243","31","30","240269267.42","false","0.9677","240269267.42"
"tnl","티앤엘","total","2004-08","2004-Q3","89084","102510710","20248","102510710","31","30","99203912.9","false","0.9677","99203912.9"
"tnl","티앤엘","total","2004-09","2004-Q3","124419","141941920","24738","141941920","30","30","141941920","false","1","141941920"
"tnl","티앤엘","total","2004-10","2004-Q4","65944","74913303","8811","74913303","31","30","72496744.84","false","0.9677","72496744.84"
"tnl","티앤엘","total","2004-11","2004-Q4","207659","228631095","27540","228631095","30","30","228631095","false","1","228631095"
"tnl","티앤엘","total","2004-12","2004-Q4","133345","138750005","25764","138750005","31","30","134274198.39","false","0.9677","134274198.39"
"tnl","티앤엘","total","2005-01","2005-Q1","105606","108999220","21250","108999220","31","30","105483116.13","false","0.9677","105483116.13"
"tnl","티앤엘","total","2005-02","2005-Q1","95492","97576685","27094","97576685","28","30","104546448.21","false","1.0714","104546448.21"
"tnl","티앤엘","total","2005-03","2005-Q1","184148","184013684","23789","184013684","31","30","178077758.71","false","0.9677","178077758.71"
"tnl","티앤엘","total","2005-04","2005-Q2","175904","176608472","32816","176608472","30","30","176608472","false","1","176608472"
"tnl","티앤엘","total","2005-05","2005-Q2","123153","122345858","19020","122345858","31","30","118399217.42","false","0.9677","118399217.42"
"tnl","티앤엘","total","2005-06","2005-Q2","174198","173623296","39440","173623296","30","30","173623296","false","1","173623296"
"tnl","티앤엘","total","2005-07","2005-Q3","324853","333742938","52520","333742938","31","30","322977036.77","false","0.9677","322977036.77"
"tnl","티앤엘","total","2005-08","2005-Q3","92554","93444856","7111","93444856","31","30","90430505.81","false","0.9677","90430505.81"
"tnl","티앤엘","total","2005-09","2005-Q3","75789","77017432","3096.8","77017432","30","30","77017432","false","1","77017432"
"tnl","티앤엘","total","2005-10","2005-Q4","468827","483585756","12661.1","483585756","31","30","467986215.48","false","0.9677","467986215.48"
"tnl","티앤엘","total","2005-11","2005-Q4","162599","167514571","24633","167514571","30","30","167514571","false","1","167514571"
"tnl","티앤엘","total","2005-12","2005-Q4","160659","164629276","5889","164629276","31","30","159318654.19","false","0.9677","159318654.19"
"tnl","티앤엘","total","2006-01","2006-Q1","100565","99313817","3260.3","99313817","31","30","96110145.48","false","0.9677","96110145.48"
"tnl","티앤엘","total","2006-02","2006-Q1","57382","55194039","2768","55194039","28","30","59136470.36","false","1.0714","59136470.36"
"tnl","티앤엘","total","2006-03","2006-Q1","71778","68992442","5084.2","68992442","31","30","66766879.35","false","0.9677","66766879.35"
"tnl","티앤엘","total","2006-04","2006-Q2","42131","39843089","1990","39843089","30","30","39843089","false","1","39843089"
"tnl","티앤엘","total","2006-05","2006-Q2","113253","104977196","26199.7","104977196","31","30","101590834.84","false","0.9677","101590834.84"
"tnl","티앤엘","total","2006-06","2006-Q2","127235","119790186","17810","119790186","30","30","119790186","false","1","119790186"
"tnl","티앤엘","total","2006-07","2006-Q3","126966","119036095","17171","119036095","31","30","115196220.97","false","0.9677","115196220.97"
"tnl","티앤엘","total","2006-08","2006-Q3","69434","66192737","15787","66192737","31","30","64057487.42","false","0.9677","64057487.42"
"tnl","티앤엘","total","2006-09","2006-Q3","285737","271102252","17024.6","271102252","30","30","271102252","false","1","271102252"
"tnl","티앤엘","total","2006-10","2006-Q4","104372","98255768","8111.2","98255768","31","30","95086227.1","false","0.9677","95086227.1"
"tnl","티앤엘","total","2006-11","2006-Q4","180762","169477275","13364.2","169477275","30","30","169477275","false","1","169477275"
"tnl","티앤엘","total","2006-12","2006-Q4","315619","289126829","28795.4","289126829","31","30","279800157.1","false","0.9677","279800157.1"
"tnl","티앤엘","total","2007-01","2007-Q1","290856","268732846","26154","268732846","31","30","260064044.52","false","0.9677","260064044.52"
"tnl","티앤엘","total","2007-02","2007-Q1","97945","90928170","4165","90928170","28","30","97423039.29","false","1.0714","97423039.29"
"tnl","티앤엘","total","2007-03","2007-Q1","87334","81643205","6113.4","81643205","31","30","79009553.23","false","0.9677","79009553.23"
"tnl","티앤엘","total","2007-04","2007-Q2","82977","76864534","9325.2","76864534","30","30","76864534","false","1","76864534"
"tnl","티앤엘","total","2007-05","2007-Q2","120300","110313632","5817","110313632","31","30","106755127.74","false","0.9677","106755127.74"
"tnl","티앤엘","total","2007-06","2007-Q2","100709","92520868","3219.2","92520868","30","30","92520868","false","1","92520868"
"tnl","티앤엘","total","2007-07","2007-Q3","217218","198061096","19223.4","198061096","31","30","191672028.39","false","0.9677","191672028.39"
"tnl","티앤엘","total","2007-08","2007-Q3","205541","189491033","13737.5","189491033","31","30","183378419.03","false","0.9677","183378419.03"
"tnl","티앤엘","total","2007-09","2007-Q3","271705","251679736","15502.4","251679736","30","30","251679736","false","1","251679736"
"tnl","티앤엘","total","2007-10","2007-Q4","263052","238952975","8377.5","238952975","31","30","231244814.52","false","0.9677","231244814.52"
"tnl","티앤엘","total","2007-11","2007-Q4","301604","271106036","6994","271106036","30","30","271106036","false","1","271106036"
"tnl","티앤엘","total","2007-12","2007-Q4","87403","80612416","2398.5","80612416","31","30","78012015.48","false","0.9677","78012015.48"
"tnl","티앤엘","total","2008-01","2008-Q1","302919","282930992","28859.8","282930992","31","30","273804185.81","false","0.9677","273804185.81"
"tnl","티앤엘","total","2008-02","2008-Q1","115540","108139933","7015.5","108139933","29","30","111868896.21","false","1.0345","111868896.21"
"tnl","티앤엘","total","2008-03","2008-Q1","32419","31454666","2252","31454666","31","30","30439999.35","false","0.9677","30439999.35"
"tnl","티앤엘","total","2008-04","2008-Q2","203062","198790208","8061.2","198790208","30","30","198790208","false","1","198790208"
"tnl","티앤엘","total","2008-05","2008-Q2","395678","399794974","31115.4","399794974","31","30","386898361.94","false","0.9677","386898361.94"
"tnl","티앤엘","total","2008-06","2008-Q2","96544","98989992","2989","98989992","30","30","98989992","false","1","98989992"
"tnl","티앤엘","total","2008-07","2008-Q3","214297","215816307","7663.2","215816307","31","30","208854490.65","false","0.9677","208854490.65"
"tnl","티앤엘","total","2008-08","2008-Q3","50227","52001428","271.5","52001428","31","30","50323962.58","false","0.9677","50323962.58"
"tnl","티앤엘","total","2008-09","2008-Q3","532555","589014061","27855.5","589014061","30","30","589014061","false","1","589014061"
"tnl","티앤엘","total","2008-10","2008-Q4","106446","132985919","4388","132985919","31","30","128696050.65","false","0.9677","128696050.65"
"tnl","티앤엘","total","2008-11","2008-Q4","220984","312837430","2274","312837430","30","30","312837430","false","1","312837430"
"tnl","티앤엘","total","2008-12","2008-Q4","617736","834763464","56179.5","834763464","31","30","807835610.32","false","0.9677","807835610.32"
"tnl","티앤엘","total","2009-01","2009-Q1","407719","533518851","17996.5","533518851","31","30","516308565.48","false","0.9677","516308565.48"
"tnl","티앤엘","total","2009-02","2009-Q1","452866","621489594","50605","621489594","28","30","665881707.86","false","1.0714","665881707.86"
"tnl","티앤엘","total","2009-03","2009-Q1","404613","606645124","31825","606645124","31","30","587075926.45","false","0.9677","587075926.45"
"tnl","티앤엘","total","2009-04","2009-Q2","431413","573793370","36047","573793370","30","30","573793370","false","1","573793370"
"tnl","티앤엘","total","2009-05","2009-Q2","720879","915309216","31614.9","915309216","31","30","885783112.26","false","0.9677","885783112.26"
"tnl","티앤엘","total","2009-06","2009-Q2","454359","565904806","10328","565904806","30","30","565904806","false","1","565904806"
"tnl","티앤엘","total","2009-07","2009-Q3","673310","852844142","35182","852844142","31","30","825333040.65","false","0.9677","825333040.65"
"tnl","티앤엘","total","2009-08","2009-Q3","191532","234627250","8415","234627250","31","30","227058629.03","false","0.9677","227058629.03"
"tnl","티앤엘","total","2009-09","2009-Q3","142628","173966521","3817","173966521","30","30","173966521","false","1","173966521"
"tnl","티앤엘","total","2009-10","2009-Q4","660281","768842885","52040.7","768842885","31","30","744041501.61","false","0.9677","744041501.61"
"tnl","티앤엘","total","2009-11","2009-Q4","691561","794869974","37093","794869974","30","30","794869974","false","1","794869974"
"tnl","티앤엘","total","2009-12","2009-Q4","212379","245257851","23635","245257851","31","30","237346307.42","false","0.9677","237346307.42"
"tnl","티앤엘","total","2010-01","2010-Q1","436820","492034365","26438","492034365","31","30","476162288.71","false","0.9677","476162288.71"
"tnl","티앤엘","total","2010-02","2010-Q1","393265","448970905","14606","448970905","28","30","481040255.36","false","1.0714","481040255.36"
"tnl","티앤엘","total","2010-03","2010-Q1","371530","420605596","16006.1","420605596","31","30","407037673.55","false","0.9677","407037673.55"
"tnl","티앤엘","total","2010-04","2010-Q2","644768","717690368","20616.8","717690368","30","30","717690368","false","1","717690368"
"tnl","티앤엘","total","2010-05","2010-Q2","945403","1072129206","29310.6","1072129206","31","30","1037544392.9","false","0.9677","1037544392.9"
"tnl","티앤엘","total","2010-06","2010-Q2","322326","385833113","5509.6","385833113","30","30","385833113","false","1","385833113"
"tnl","티앤엘","total","2010-07","2010-Q3","567796","679737321","18487.1","679737321","31","30","657810310.65","false","0.9677","657810310.65"
"tnl","티앤엘","total","2010-08","2010-Q3","504955","588034182","20765.5","588034182","31","30","569065337.42","false","0.9677","569065337.42"
"tnl","티앤엘","total","2010-09","2010-Q3","1032994","1206875182","19677","1206875182","30","30","1206875182","false","1","1206875182"
"tnl","티앤엘","total","2010-10","2010-Q4","1527456","1725226286","76649.3","1725226286","31","30","1669573825.16","false","0.9677","1669573825.16"
"tnl","티앤엘","total","2010-11","2010-Q4","113919","126726997","2673.4","126726997","30","30","126726997","false","1","126726997"
"tnl","티앤엘","total","2010-12","2010-Q4","1238693","1411072134","41578.9","1411072134","31","30","1365553678.06","false","0.9677","1365553678.06"
"tnl","티앤엘","total","2011-01","2011-Q1","490590","549718906","20606.5","549718906","31","30","531986038.06","false","0.9677","531986038.06"
"tnl","티앤엘","total","2011-02","2011-Q1","302187","334617567","24441.2","334617567","28","30","358518821.79","false","1.0714","358518821.79"
"tnl","티앤엘","total","2011-03","2011-Q1","998909","1110606653","43361.5","1110606653","31","30","1074780631.94","false","0.9677","1074780631.94"
"tnl","티앤엘","total","2011-04","2011-Q2","902800","974792197","33166.1","974792197","30","30","974792197","false","1","974792197"
"tnl","티앤엘","total","2011-05","2011-Q2","821084","879827521","38366.6","879827521","31","30","851445988.06","false","0.9677","851445988.06"
"tnl","티앤엘","total","2011-06","2011-Q2","3628858","3888718636","31007.1","3888718636","30","30","3888718636","false","1","3888718636"
"tnl","티앤엘","total","2011-07","2011-Q3","443130","468158309","19062.5","468158309","31","30","453056428.06","false","0.9677","453056428.06"
"tnl","티앤엘","total","2011-08","2011-Q3","389078","412789222","30610.4","412789222","31","30","399473440.65","false","0.9677","399473440.65"
"tnl","티앤엘","total","2011-09","2011-Q3","819449","891584672","47075.5","891584672","30","30","891584672","false","1","891584672"
"tnl","티앤엘","total","2011-10","2011-Q4","317461","371030769","19795.6","371030769","31","30","359062034.52","false","0.9677","359062034.52"
"tnl","티앤엘","total","2011-11","2011-Q4","1822812","2056102269","64876","2056102269","30","30","2056102269","false","1","2056102269"
"tnl","티앤엘","total","2011-12","2011-Q4","1089663","1243400052","56151","1243400052","31","30","1203290372.9","false","0.9677","1203290372.9"
"tnl","티앤엘","total","2012-01","2012-Q1","366893","419883733","17522.1","419883733","31","30","406339096.45","false","0.9677","406339096.45"
"tnl","티앤엘","total","2012-02","2012-Q1","849617","946119996","44443.4","946119996","29","30","978744823.45","false","1.0345","978744823.45"
"tnl","티앤엘","total","2012-03","2012-Q1","737045","818120875","31334","818120875","31","30","791729879.03","false","0.9677","791729879.03"
"tnl","티앤엘","total","2012-04","2012-Q2","1329067","1496409323","25032.8","1496409323","30","30","1496409323","false","1","1496409323"
"tnl","티앤엘","total","2012-05","2012-Q2","1721900","1941339156","51244","1941339156","31","30","1878715312.26","false","0.9677","1878715312.26"
"tnl","티앤엘","total","2012-06","2012-Q2","378328","439898165","16974.1","439898165","30","30","439898165","false","1","439898165"
"tnl","티앤엘","total","2012-07","2012-Q3","1442620","1647975148","36634.5","1647975148","31","30","1594814659.35","false","0.9677","1594814659.35"
"tnl","티앤엘","total","2012-08","2012-Q3","381462","426988732","21424","426988732","31","30","413214901.94","false","0.9677","413214901.94"
"tnl","티앤엘","total","2012-09","2012-Q3","1685004","1885040198","71873.2","1885040198","30","30","1885040198","false","1","1885040198"
"tnl","티앤엘","total","2012-10","2012-Q4","900828","986431199","39334.2","986431199","31","30","954610837.74","false","0.9677","954610837.74"
"tnl","티앤엘","total","2012-11","2012-Q4","3323763","3574429404","42121","3574429404","30","30","3574429404","false","1","3574429404"
"tnl","티앤엘","total","2012-12","2012-Q4","4374392","4657202306","63844","4657202306","31","30","4506969973.55","false","0.9677","4506969973.55"
"tnl","티앤엘","total","2013-01","2013-Q1","1092534","1149756803","45365.3","1149756803","31","30","1112667873.87","false","0.9677","1112667873.87"
"tnl","티앤엘","total","2013-02","2013-Q1","1992726","2145931257","85951.3","2145931257","28","30","2299212061.07","false","1.0714","2299212061.07"
"tnl","티앤엘","total","2013-03","2013-Q1","1218752","1324042505","55368.4","1324042505","31","30","1281331456.45","false","0.9677","1281331456.45"
"tnl","티앤엘","total","2013-04","2013-Q2","1203242","1342802208","46093.4","1342802208","30","30","1342802208","false","1","1342802208"
"tnl","티앤엘","total","2013-05","2013-Q2","1167504","1284229497","66326.6","1284229497","31","30","1242802739.03","false","0.9677","1242802739.03"
"tnl","티앤엘","total","2013-06","2013-Q2","1728985","1935957756","60114.8","1935957756","30","30","1935957756","false","1","1935957756"
"tnl","티앤엘","total","2013-07","2013-Q3","342785","385370049","14347.3","385370049","31","30","372938757.1","false","0.9677","372938757.1"
"tnl","티앤엘","total","2013-08","2013-Q3","594923","657886354","44074.6","657886354","31","30","636664213.55","false","0.9677","636664213.55"
"tnl","티앤엘","total","2013-09","2013-Q3","677549","738609007","32815.1","738609007","30","30","738609007","false","1","738609007"
"tnl","티앤엘","total","2013-10","2013-Q4","5747653","6083785455","54418.3","6083785455","31","30","5887534311.29","false","0.9677","5887534311.29"
"tnl","티앤엘","total","2013-11","2013-Q4","1527307","1611065326","53405","1611065326","30","30","1611065326","false","1","1611065326"
"tnl","티앤엘","total","2013-12","2013-Q4","2532015","2643032828","45363.7","2643032828","31","30","2557773704.52","false","0.9677","2557773704.52"
"tnl","티앤엘","total","2014-01","2014-Q1","1241315","1308032608","52444.7","1308032608","31","30","1265838007.74","false","0.9677","1265838007.74"
"tnl","티앤엘","total","2014-02","2014-Q1","647770","686604105","29937.4","686604105","28","30","735647255.36","false","1.0714","735647255.36"
"tnl","티앤엘","total","2014-03","2014-Q1","1413704","1498065643","72321.9","1498065643","31","30","1449740944.84","false","0.9677","1449740944.84"
"tnl","티앤엘","total","2014-04","2014-Q2","567941","596247830","38220.1","596247830","30","30","596247830","false","1","596247830"
"tnl","티앤엘","total","2014-05","2014-Q2","1111628","1128630788","46994.1","1128630788","31","30","1092223343.23","false","0.9677","1092223343.23"
"tnl","티앤엘","total","2014-06","2014-Q2","977705","988078581","70662.2","988078581","30","30","988078581","false","1","988078581"
"tnl","티앤엘","total","2014-07","2014-Q3","1799791","1814433182","68407.6","1814433182","31","30","1755903079.35","false","0.9677","1755903079.35"
"tnl","티앤엘","total","2014-08","2014-Q3","966747","984055509","55355.5","984055509","31","30","952311782.9","false","0.9677","952311782.9"
"tnl","티앤엘","total","2014-09","2014-Q3","1011179","1030991411","39944.8","1030991411","30","30","1030991411","false","1","1030991411"
"tnl","티앤엘","total","2014-10","2014-Q4","1512855","1586491750","78205.6","1586491750","31","30","1535314596.77","false","0.9677","1535314596.77"
"tnl","티앤엘","total","2014-11","2014-Q4","4376608","4603867601","69661.4","4603867601","30","30","4603867601","false","1","4603867601"
"tnl","티앤엘","total","2014-12","2014-Q4","5660678","6214322665","100317.8","6214322665","31","30","6013860643.55","false","0.9677","6013860643.55"
"tnl","티앤엘","total","2015-01","2015-Q1","1559117","1677220883","131133.5","1677220883","31","30","1623116983.55","false","0.9677","1623116983.55"
"tnl","티앤엘","total","2015-02","2015-Q1","937925","1017795341","47853.6","1017795341","28","30","1090495008.21","false","1.0714","1090495008.21"
"tnl","티앤엘","total","2015-03","2015-Q1","1610569","1788169343","58195.2","1788169343","31","30","1730486460.97","false","0.9677","1730486460.97"
"tnl","티앤엘","total","2015-04","2015-Q2","1599597","1730066453","61927.3","1730066453","30","30","1730066453","false","1","1730066453"
"tnl","티앤엘","total","2015-05","2015-Q2","1312248","1413683063","50097.3","1413683063","31","30","1368080383.55","false","0.9677","1368080383.55"
"tnl","티앤엘","total","2015-06","2015-Q2","1470514","1618836771","58019.1","1618836771","30","30","1618836771","false","1","1618836771"
"tnl","티앤엘","total","2015-07","2015-Q3","1564546","1765043415","46565.2","1765043415","31","30","1708106530.65","false","0.9677","1708106530.65"
"tnl","티앤엘","total","2015-08","2015-Q3","1478874","1726116064","35066.7","1726116064","31","30","1670434900.65","false","0.9677","1670434900.65"
"tnl","티앤엘","total","2015-09","2015-Q3","5599686","6544952503","91445.6","6544952503","30","30","6544952503","false","1","6544952503"
"tnl","티앤엘","total","2015-10","2015-Q4","1910184","2190020306","77814.2","2190020306","31","30","2119374489.68","false","0.9677","2119374489.68"
"tnl","티앤엘","total","2015-11","2015-Q4","2962021","3376922085","120860.5","3376922085","30","30","3376922085","false","1","3376922085"
"tnl","티앤엘","total","2015-12","2015-Q4","2814124","3280955834","61400.6","3280955834","31","30","3175118549.03","false","0.9677","3175118549.03"
"tnl","티앤엘","total","2016-01","2016-Q1","1907904","2270206457","67962.4","2270206457","31","30","2196973990.65","false","0.9677","2196973990.65"
"tnl","티앤엘","total","2016-02","2016-Q1","1161761","1384695680","33236.1","1384695680","29","30","1432443806.9","false","1.0345","1432443806.9"
"tnl","티앤엘","total","2016-03","2016-Q1","2769264","3332473999","127210.1","3332473999","31","30","3224974837.74","false","0.9677","3224974837.74"
"tnl","티앤엘","total","2016-04","2016-Q2","1543635","1753913145","79662.6","1753913145","30","30","1753913145","false","1","1753913145"
"tnl","티앤엘","total","2016-05","2016-Q2","2133404","2449814837","88249.3","2449814837","31","30","2370788551.94","false","0.9677","2370788551.94"
"tnl","티앤엘","total","2016-06","2016-Q2","2333622","2703743873","183043.86","2703743873","30","30","2703743873","false","1","2703743873"
"tnl","티앤엘","total","2016-07","2016-Q3","996996","1144316622","58403.95","1144316622","31","30","1107403182.58","false","0.9677","1107403182.58"
"tnl","티앤엘","total","2016-08","2016-Q3","1707325","1880733220","87255.35","1880733220","31","30","1820064406.45","false","0.9677","1820064406.45"
"tnl","티앤엘","total","2016-09","2016-Q3","575733","633450192","29765.72","633450192","30","30","633450192","false","1","633450192"
"tnl","티앤엘","total","2016-10","2016-Q4","1689580","1874799245","78408.33","1874799245","31","30","1814321850","false","0.9677","1814321850"
"tnl","티앤엘","total","2016-11","2016-Q4","1259521","1446320213","53586.44","1446320213","30","30","1446320213","false","1","1446320213"
"tnl","티앤엘","total","2016-12","2016-Q4","1069403","1249007359","56716.05","1249007359","31","30","1208716799.03","false","0.9677","1208716799.03"
"tnl","티앤엘","total","2017-01","2017-Q1","1244611","1467066030","52066.68","1467066030","31","30","1419741319.35","false","0.9677","1419741319.35"
"tnl","티앤엘","total","2017-02","2017-Q1","2817539","3205679893","76049.96","3205679893","28","30","3434657028.21","false","1.0714","3434657028.21"
"tnl","티앤엘","total","2017-03","2017-Q1","3074742","3452416951","123220.46","3452416951","31","30","3341048662.26","false","0.9677","3341048662.26"
"tnl","티앤엘","total","2017-04","2017-Q2","2424453","2719153708","93280.726","2719153708","30","30","2719153708","false","1","2719153708"
"tnl","티앤엘","total","2017-05","2017-Q2","790084","880873975","46211","880873975","31","30","852458685.48","false","0.9677","852458685.48"
"tnl","티앤엘","total","2017-06","2017-Q2","2377903","2657190687","73078.16","2657190687","30","30","2657190687","false","1","2657190687"
"tnl","티앤엘","total","2017-07","2017-Q3","2478046","2790721971","73938.41","2790721971","31","30","2700698681.61","false","0.9677","2700698681.61"
"tnl","티앤엘","total","2017-08","2017-Q3","2486544","2779410120","54732.07","2779410120","31","30","2689751729.03","false","0.9677","2689751729.03"
"tnl","티앤엘","total","2017-09","2017-Q3","1644674","1840103997","44025.65","1840103997","30","30","1840103997","false","1","1840103997"
"tnl","티앤엘","total","2017-10","2017-Q4","2471097","2782724925","72632.79","2782724925","31","30","2692959604.84","false","0.9677","2692959604.84"
"tnl","티앤엘","total","2017-11","2017-Q4","2192940","2421066966","56890.33","2421066966","30","30","2421066966","false","1","2421066966"
"tnl","티앤엘","total","2017-12","2017-Q4","2782580","2999042047","123045.522","2999042047","31","30","2902298755.16","false","0.9677","2902298755.16"
"tnl","티앤엘","total","2018-01","2018-Q1","782434","828577444","25855.5","828577444","31","30","801849139.35","false","0.9677","801849139.35"
"tnl","티앤엘","total","2018-02","2018-Q1","1578069","1694805888","40415.41","1694805888","28","30","1815863451.43","false","1.0714","1815863451.43"
"tnl","티앤엘","total","2018-03","2018-Q1","2288519","2425887156","84938.41","2425887156","31","30","2347632731.61","false","0.9677","2347632731.61"
"tnl","티앤엘","total","2018-04","2018-Q2","1545318","1634535478","71789.18","1634535478","30","30","1634535478","false","1","1634535478"
"tnl","티앤엘","total","2018-05","2018-Q2","3260518","3475680600","98864.72","3475680600","31","30","3363561870.97","false","0.9677","3363561870.97"
"tnl","티앤엘","total","2018-06","2018-Q2","2262216","2442358120","92424.05","2442358120","30","30","2442358120","false","1","2442358120"
"tnl","티앤엘","total","2018-07","2018-Q3","1665526","1849923427","63551.04","1849923427","31","30","1790248477.74","false","0.9677","1790248477.74"
"tnl","티앤엘","total","2018-08","2018-Q3","3261568","3631367436","91770.53","3631367436","31","30","3514226550.97","false","0.9677","3514226550.97"
"tnl","티앤엘","total","2018-09","2018-Q3","1232112","1367108346","62693.8","1367108346","30","30","1367108346","false","1","1367108346"
"tnl","티앤엘","total","2018-10","2018-Q4","3080488","3447828761","99969.42","3447828761","31","30","3336608478.39","false","0.9677","3336608478.39"
"tnl","티앤엘","total","2018-11","2018-Q4","2688047","3010281524","186441.242","3010281524","30","30","3010281524","false","1","3010281524"
"tnl","티앤엘","total","2018-12","2018-Q4","4826046","5366798689","122358.304","5366798689","31","30","5193676150.65","false","0.9677","5193676150.65"
"tnl","티앤엘","total","2019-01","2019-Q1","829753","921687473","43859.425","921687473","31","30","891955619.03","false","0.9677","891955619.03"
"tnl","티앤엘","total","2019-02","2019-Q1","1729692","1920431421","32781.29","1920431421","28","30","2057605093.93","false","1.0714","2057605093.93"
"tnl","티앤엘","total","2019-03","2019-Q1","2766597","3092297923","85191.89","3092297923","31","30","2992546377.1","false","0.9677","2992546377.1"
"tnl","티앤엘","total","2019-04","2019-Q2","1779785","2006883299","81669.3","2006883299","30","30","2006883299","false","1","2006883299"
"tnl","티앤엘","total","2019-05","2019-Q2","3517609","4102985582","83172.2","4102985582","31","30","3970631208.39","false","0.9677","3970631208.39"
"tnl","티앤엘","total","2019-06","2019-Q2","2635687","3083564043","75903.37","3083564043","30","30","3083564043","false","1","3083564043"
"tnl","티앤엘","total","2019-07","2019-Q3","1720635","1992444668","73176.65","1992444668","31","30","1928172259.35","false","0.9677","1928172259.35"
"tnl","티앤엘","total","2019-08","2019-Q3","2269427","2719528414","42924.06","2719528414","31","30","2631801690.97","false","0.9677","2631801690.97"
"tnl","티앤엘","total","2019-09","2019-Q3","1980968","2357318834","78483.9","2357318834","30","30","2357318834","false","1","2357318834"
"tnl","티앤엘","total","2019-10","2019-Q4","3268845","3851804159","95192.74","3851804159","31","30","3727552411.94","false","0.9677","3727552411.94"
"tnl","티앤엘","total","2019-11","2019-Q4","2101485","2425232566","101863.96","2425232566","30","30","2425232566","false","1","2425232566"
"tnl","티앤엘","total","2019-12","2019-Q4","2951130","3458831514","86042.86","3458831514","31","30","3347256303.87","false","0.9677","3347256303.87"
"tnl","티앤엘","total","2020-01","2020-Q1","1096495","1262514487","27212.96","1262514487","31","30","1221788213.23","false","0.9677","1221788213.23"
"tnl","티앤엘","total","2020-02","2020-Q1","2392480","2807357649","90096.4","2807357649","29","30","2904163085.17","false","1.0345","2904163085.17"
"tnl","티앤엘","total","2020-03","2020-Q1","2605442","3149688710","99490.6","3149688710","31","30","3048085848.39","false","0.9677","3048085848.39"
"tnl","티앤엘","total","2020-04","2020-Q2","2042868","2474587329","88630.92","2474587329","30","30","2474587329","false","1","2474587329"
"tnl","티앤엘","total","2020-05","2020-Q2","3228477","3920459412","119080.22","3920459412","31","30","3793992979.35","false","0.9677","3793992979.35"
"tnl","티앤엘","total","2020-06","2020-Q2","2295478","2756985998","70408.63","2756985998","30","30","2756985998","false","1","2756985998"
"tnl","티앤엘","total","2020-07","2020-Q3","3240343","3865257129","70695","3865257129","31","30","3740571415.16","false","0.9677","3740571415.16"
"tnl","티앤엘","total","2020-08","2020-Q3","2031463","2386127412","35566.89","2386127412","31","30","2309155560","false","0.9677","2309155560"
"tnl","티앤엘","total","2020-09","2020-Q3","918381","1078279280","9058.23","1078279280","30","30","1078279280","false","1","1078279280"
"tnl","티앤엘","total","2020-10","2020-Q4","3484327","3968317465","76046.51","3968317465","31","30","3840307224.19","false","0.9677","3840307224.19"
"tnl","티앤엘","total","2020-11","2020-Q4","3755298","4168350714","103845.96","4168350714","30","30","4168350714","false","1","4168350714"
"tnl","티앤엘","total","2020-12","2020-Q4","4782192","5170311787","185869.24","5170311787","31","30","5003527535.81","false","0.9677","5003527535.81"
"tnl","티앤엘","total","2021-01","2021-Q1","2432076","2633585469","44900.12","2633585469","31","30","2548631099.03","false","0.9677","2548631099.03"
"tnl","티앤엘","total","2021-02","2021-Q1","2905021","3189292864","60848.82","3189292864","28","30","3417099497.14","false","1.0714","3417099497.14"
"tnl","티앤엘","total","2021-03","2021-Q1","4145093","4617435195","75368.66","4617435195","31","30","4468485672.58","false","0.9677","4468485672.58"
"tnl","티앤엘","total","2021-04","2021-Q2","5874125","6533334313","93987.515","6533334313","30","30","6533334313","false","1","6533334313"
"tnl","티앤엘","total","2021-05","2021-Q2","2896468","3220694235","37678.96","3220694235","31","30","3116800872.58","false","0.9677","3116800872.58"
"tnl","티앤엘","total","2021-06","2021-Q2","5248425","5810756568","60196.44","5810756568","30","30","5810756568","false","1","5810756568"
"tnl","티앤엘","total","2021-07","2021-Q3","6065868","6863188205","126191.26","6863188205","31","30","6641795037.1","false","0.9677","6641795037.1"
"tnl","티앤엘","total","2021-08","2021-Q3","4117133","4713839648","51799.75","4713839648","31","30","4561780304.52","false","0.9677","4561780304.52"
"tnl","티앤엘","total","2021-09","2021-Q3","4902988","5674725522","55791.455","5674725522","30","30","5674725522","false","1","5674725522"
"tnl","티앤엘","total","2021-10","2021-Q4","4835351","5680030210","84817.56","5680030210","31","30","5496803429.03","false","0.9677","5496803429.03"
"tnl","티앤엘","total","2021-11","2021-Q4","4700087","5493445524","83754.15","5493445524","30","30","5493445524","false","1","5493445524"
"tnl","티앤엘","total","2021-12","2021-Q4","4395797","5148616044","67741.35","5148616044","31","30","4982531655.48","false","0.9677","4982531655.48"
"tnl","티앤엘","total","2022-01","2022-Q1","2507021","2956481186","44818.08","2956481186","31","30","2861110825.16","false","0.9677","2861110825.16"
"tnl","티앤엘","total","2022-02","2022-Q1","1997512","2371728907","67958.83","2371728907","28","30","2541138114.64","false","1.0714","2541138114.64"
"tnl","티앤엘","total","2022-03","2022-Q1","5034650","6064862535","83627.16","6064862535","31","30","5869221808.06","false","0.9677","5869221808.06"
"tnl","티앤엘","total","2022-04","2022-Q2","3615265","4391336706","87833.4","4391336706","30","30","4391336706","false","1","4391336706"
"tnl","티앤엘","total","2022-05","2022-Q2","5138729","6462490440","92698.486","6462490440","31","30","6254023006.45","false","0.9677","6254023006.45"
"tnl","티앤엘","total","2022-06","2022-Q2","5640399","7077999716","102047.989","7077999716","30","30","7077999716","false","1","7077999716"
"tnl","티앤엘","total","2022-07","2022-Q3","3988779","5148159924","97391.795","5148159924","31","30","4982090249.03","false","0.9677","4982090249.03"
"tnl","티앤엘","total","2022-08","2022-Q3","3482584","4509128819","31183.6","4509128819","31","30","4363673050.65","false","0.9677","4363673050.65"
"tnl","티앤엘","total","2022-09","2022-Q3","6217361","8464855956","136519.15","8464855956","30","30","8464855956","false","1","8464855956"
"tnl","티앤엘","total","2022-10","2022-Q4","3567811","5087813199","104242.51","5087813199","31","30","4923690192.58","false","0.9677","4923690192.58"
"tnl","티앤엘","total","2022-11","2022-Q4","4635882","6400811803","73175.69","6400811803","30","30","6400811803","false","1","6400811803"
"tnl","티앤엘","total","2022-12","2022-Q4","5902996","7745477109","83089.6","7745477109","31","30","7495623008.71","false","0.9677","7495623008.71"
"tnl","티앤엘","total","2023-01","2023-Q1","3474396","4353511445","63329.239","4353511445","31","30","4213075591.94","false","0.9677","4213075591.94"
"tnl","티앤엘","total","2023-02","2023-Q1","6109530","7655305054","92808.86","7655305054","28","30","8202112557.86","false","1.0714","8202112557.86"
"tnl","티앤엘","total","2023-03","2023-Q1","8311601","10880439804","141773.861","10880439804","31","30","10529457874.84","false","0.9677","10529457874.84"
"tnl","티앤엘","total","2023-04","2023-Q2","6842734","8974159791","87295.5","8974159791","30","30","8974159791","false","1","8974159791"
"tnl","티앤엘","total","2023-05","2023-Q2","8299010","11051755486","159674.066","11051755486","31","30","10695247244.52","false","0.9677","10695247244.52"
"tnl","티앤엘","total","2023-06","2023-Q2","8194016","10629161295","128622.856","10629161295","30","30","10629161295","false","1","10629161295"
"tnl","티앤엘","total","2023-07","2023-Q3","8051464","10385672823","116988.49","10385672823","31","30","10050651119.03","false","0.9677","10050651119.03"
"tnl","티앤엘","total","2023-08","2023-Q3","5785939","7610399908","82988.922","7610399908","31","30","7364903136.77","false","0.9677","7364903136.77"
"tnl","티앤엘","total","2023-09","2023-Q3","4602265","6105217382","101362.29","6105217382","30","30","6105217382","false","1","6105217382"
"tnl","티앤엘","total","2023-10","2023-Q4","4094997","5517089747","63060.475","5517089747","31","30","5339119110","false","0.9677","5339119110"
"tnl","티앤엘","total","2023-11","2023-Q4","5367046","7117212207","64104.302","7117212207","30","30","7117212207","false","1","7117212207"
"tnl","티앤엘","total","2023-12","2023-Q4","2502327","3260937383","115249.826","3260937383","31","30","3155745854.52","false","0.9677","3155745854.52"
"tnl","티앤엘","total","2024-01","2024-Q1","4087981","5367522013","42406.311","5367522013","31","30","5194376141.61","false","0.9677","5194376141.61"
"tnl","티앤엘","total","2024-02","2024-Q1","5863029","7817609859","70118.251","7817609859","29","30","8087182612.76","false","1.0345","8087182612.76"
"tnl","티앤엘","total","2024-03","2024-Q1","8353346","11085289213","112321.342","11085289213","31","30","10727699238.39","false","0.9677","10727699238.39"
"tnl","티앤엘","total","2024-04","2024-Q2","10998081","15009808640","126157.46","15009808640","30","30","15009808640","false","1","15009808640"
"tnl","티앤엘","total","2024-05","2024-Q2","10060293","13772589059","139569.66","13772589059","31","30","13328311992.58","false","0.9677","13328311992.58"
"tnl","티앤엘","total","2024-06","2024-Q2","11893168","16363856037","160757.647","16363856037","30","30","16363856037","false","1","16363856037"
"tnl","티앤엘","total","2024-07","2024-Q3","12523172","17332147587","145780.598","17332147587","31","30","16773046051.94","false","0.9677","16773046051.94"
"tnl","티앤엘","total","2024-08","2024-Q3","9823118","13422953765","128250.096","13422953765","31","30","12989955256.45","false","0.9677","12989955256.45"
"tnl","티앤엘","total","2024-09","2024-Q3","10685774","14263080685","129392.803","14263080685","30","30","14263080685","false","1","14263080685"
"tnl","티앤엘","total","2024-10","2024-Q4","10055012","13525751893","146752.985","13525751893","31","30","13089437315.81","false","0.9677","13089437315.81"
"tnl","티앤엘","total","2024-11","2024-Q4","6885595","9571480275","75892.108","9571480275","30","30","9571480275","false","1","9571480275"
"tnl","티앤엘","total","2024-12","2024-Q4","7956110","11324818912","188774.971","11324818912","31","30","10959502172.9","false","0.9677","10959502172.9"
"tnl","티앤엘","total","2025-01","2025-Q1","14398118","21092267117","103069.612","21092267117","31","30","20411871403.55","false","0.9677","20411871403.55"
"tnl","티앤엘","total","2025-02","2025-Q1","8916298","12909371544","104649.146","12909371544","28","30","13831469511.43","false","1.0714","13831469511.43"
"tnl","티앤엘","total","2025-03","2025-Q1","7050774","10212906204","81088.01","10212906204","31","30","9883457616.77","false","0.9677","9883457616.77"
"tnl","티앤엘","total","2025-04","2025-Q2","10744325","15548493449","130504.952","15548493449","30","30","15548493449","false","1","15548493449"
"tnl","티앤엘","total","2025-05","2025-Q2","5147695","7234448537","48725.299","7234448537","31","30","7001079229.35","false","0.9677","7001079229.35"
"tnl","티앤엘","total","2025-06","2025-Q2","6672605","9125366596","124073.184","9125366596","30","30","9125366596","false","1","9125366596"
"tnl","티앤엘","total","2025-07","2025-Q3","12332871","16917447694","100477.102","16917447694","31","30","16371723574.84","false","0.9677","16371723574.84"
"tnl","티앤엘","total","2025-08","2025-Q3","4437510","6155843389","37379.341","6155843389","31","30","5957267795.81","false","0.9677","5957267795.81"
"tnl","티앤엘","total","2025-09","2025-Q3","7566361","10519910478","138501.612","10519910478","30","30","10519910478","false","1","10519910478"
"tnl","티앤엘","total","2025-10","2025-Q4","7966531","11287364198","75838.508","11287364198","31","30","10923255675.48","false","0.9677","10923255675.48"
"tnl","티앤엘","total","2025-11","2025-Q4","5419747","7860056905","94652.683","7860056905","30","30","7860056905","false","1","7860056905"
"tnl","티앤엘","total","2025-12","2025-Q4","5725698","8422845331","91115.044","8422845331","31","30","8151140642.9","false","0.9677","8151140642.9"
"tnl","티앤엘","total","2026-01","2026-Q1","7565098","11029752488","49720.281","11029752488","31","30","10673954020.65","false","0.9677","10673954020.65"
"tnl","티앤엘","total","2026-02","2026-Q1","6753578","9797380594","84860.82","9797380594","28","30","10497193493.57","false","1.0714","10497193493.57"
"tnl","티앤엘","total","2026-03","2026-Q1","9912623","14565639378","105958.299","14565639378","31","30","14095780043.23","false","0.9677","14095780043.23"
"tnl","티앤엘","total","2026-04","2026-Q2","13190131","19705362537","136621.73","19705362537","30","30","19705362537","false","1","19705362537"
"tnl","티앤엘","us","2022-01","2022-Q1","1948040","2297141438","16511.03","2297141438","31","30","2223040101.29","false","0.9677","2223040101.29"
"tnl","티앤엘","us","2022-02","2022-Q1","1155702","1372193790","10819.61","1372193790","28","30","1470207632.14","false","1.0714","1470207632.14"
"tnl","티앤엘","us","2022-03","2022-Q1","2149436","2592339698","15434.75","2592339698","31","30","2508715836.77","false","0.9677","2508715836.77"
"tnl","티앤엘","us","2022-04","2022-Q2","2171005","2639009286","16064.81","2639009286","30","30","2639009286","false","1","2639009286"
"tnl","티앤엘","us","2022-05","2022-Q2","2447432","3079769232","26376.01","3079769232","31","30","2980421837.42","false","0.9677","2980421837.42"
"tnl","티앤엘","us","2022-06","2022-Q2","3966565","4960136911","38625.06","4960136911","30","30","4960136911","false","1","4960136911"
"tnl","티앤엘","us","2022-07","2022-Q3","1857890","2388356667","14313.44","2388356667","31","30","2311312903.55","false","0.9677","2311312903.55"
"tnl","티앤엘","us","2022-08","2022-Q3","1924347","2493905117","14064.37","2493905117","31","30","2413456564.84","false","0.9677","2413456564.84"
"tnl","티앤엘","us","2022-09","2022-Q3","2735415","3707671197","20621.42","3707671197","30","30","3707671197","false","1","3707671197"
"tnl","티앤엘","us","2022-10","2022-Q4","1321755","1882975382","9737.4","1882975382","31","30","1822234240.65","false","0.9677","1822234240.65"
"tnl","티앤엘","us","2022-11","2022-Q4","2496279","3428395516","17687.32","3428395516","30","30","3428395516","false","1","3428395516"
"tnl","티앤엘","us","2022-12","2022-Q4","3875897","5072331766","24505.35","5072331766","31","30","4908708160.65","false","0.9677","4908708160.65"
"tnl","티앤엘","us","2023-01","2023-Q1","2051693","2575143208","10708.96","2575143208","31","30","2492074072.26","false","0.9677","2492074072.26"
"tnl","티앤엘","us","2023-02","2023-Q1","4696884","5876643801","38104.03","5876643801","28","30","6296404072.5","false","1.0714","6296404072.5"
"tnl","티앤엘","us","2023-03","2023-Q1","4659739","6099699447","40157.71","6099699447","31","30","5902934948.71","false","0.9677","5902934948.71"
"tnl","티앤엘","us","2023-04","2023-Q2","5273680","6910837033","35387.65","6910837033","30","30","6910837033","false","1","6910837033"
"tnl","티앤엘","us","2023-05","2023-Q2","5003157","6658836522","39298.8","6658836522","31","30","6444035343.87","false","0.9677","6444035343.87"
"tnl","티앤엘","us","2023-06","2023-Q2","6650848","8613798912","54297.29","8613798912","30","30","8613798912","false","1","8613798912"
"tnl","티앤엘","us","2023-07","2023-Q3","4675930","6029570122","28036.89","6029570122","31","30","5835067860","false","0.9677","5835067860"
"tnl","티앤엘","us","2023-08","2023-Q3","2768596","3651566863","16986.2","3651566863","31","30","3533774383.55","false","0.9677","3533774383.55"
"tnl","티앤엘","us","2023-09","2023-Q3","1906738","2528834948","15070.3","2528834948","30","30","2528834948","false","1","2528834948"
"tnl","티앤엘","us","2023-10","2023-Q4","1469878","1981873033","9855.76","1981873033","31","30","1917941644.84","false","0.9677","1917941644.84"
"tnl","티앤엘","us","2023-11","2023-Q4","2138200","2837387676","14376.28","2837387676","30","30","2837387676","false","1","2837387676"
"tnl","티앤엘","us","2023-12","2023-Q4","770359","1006933369","7397.08","1006933369","31","30","974451647.42","false","0.9677","974451647.42"
"tnl","티앤엘","us","2024-01","2024-Q1","1398039","1835431191","7123.45","1835431191","31","30","1776223733.23","false","0.9677","1776223733.23"
"tnl","티앤엘","us","2024-02","2024-Q1","3101682","4135486889","18527.35","4135486889","29","30","4278089885.17","false","1.0345","4278089885.17"
"tnl","티앤엘","us","2024-03","2024-Q1","5328556","7070925734","35805.56","7070925734","31","30","6842831355.48","false","0.9677","6842831355.48"
"tnl","티앤엘","us","2024-04","2024-Q2","6740015","9219167631","41311.43","9219167631","30","30","9219167631","false","1","9219167631"
"tnl","티앤엘","us","2024-05","2024-Q2","7300404","10003019606","54312.84","10003019606","31","30","9680341554.19","false","0.9677","9680341554.19"
"tnl","티앤엘","us","2024-06","2024-Q2","9182471","12628763447","62106.18","12628763447","30","30","12628763447","false","1","12628763447"
"tnl","티앤엘","us","2024-07","2024-Q3","9275712","12837821226","62248.11","12837821226","31","30","12423697960.65","false","0.9677","12423697960.65"
"tnl","티앤엘","us","2024-08","2024-Q3","6774712","9248891605","37273.1","9248891605","31","30","8950540262.9","false","0.9677","8950540262.9"
"tnl","티앤엘","us","2024-09","2024-Q3","6183918","8255832631","33080.26","8255832631","30","30","8255832631","false","1","8255832631"
"tnl","티앤엘","us","2024-10","2024-Q4","6345769","8523087837","40506.14","8523087837","31","30","8248149519.68","false","0.9677","8248149519.68"
"tnl","티앤엘","us","2024-11","2024-Q4","3847759","5346782051","27726.24","5346782051","30","30","5346782051","false","1","5346782051"
"tnl","티앤엘","us","2024-12","2024-Q4","2192527","3089211985","10957.29","3089211985","31","30","2989559985.48","false","0.9677","2989559985.48"
"tnl","티앤엘","us","2025-01","2025-Q1","11729800","17188208270","71599.64","17188208270","31","30","16633749938.71","false","0.9677","16633749938.71"
"tnl","티앤엘","us","2025-02","2025-Q1","4658162","6743553900","28315.9","6743553900","28","30","7225236321.43","false","1.0714","7225236321.43"
"tnl","티앤엘","us","2025-03","2025-Q1","2827388","4096745783","16356.62","4096745783","31","30","3964592693.23","false","0.9677","3964592693.23"
"tnl","티앤엘","us","2025-04","2025-Q2","4860565","7048383734","33626.61","7048383734","30","30","7048383734","false","1","7048383734"
"tnl","티앤엘","us","2025-05","2025-Q2","1895291","2665584567","13123.93","2665584567","31","30","2579597968.06","false","0.9677","2579597968.06"
"tnl","티앤엘","us","2025-06","2025-Q2","2906293","3973613291","19513.92","3973613291","30","30","3973613291","false","1","3973613291"
"tnl","티앤엘","us","2025-07","2025-Q3","6043059","8296421976","34067.03","8296421976","31","30","8028795460.65","false","0.9677","8028795460.65"
"tnl","티앤엘","us","2025-08","2025-Q3","2038427","2826656225","11899.79","2826656225","31","30","2735473766.13","false","0.9677","2735473766.13"
"tnl","티앤엘","us","2025-09","2025-Q3","2951562","4103367912","16120.34","4103367912","30","30","4103367912","false","1","4103367912"
"tnl","티앤엘","us","2025-10","2025-Q4","5062368","7169993245","33298.58","7169993245","31","30","6938703140.32","false","0.9677","6938703140.32"
"tnl","티앤엘","us","2025-11","2025-Q4","3957672","5744279635","29952.37","5744279635","30","30","5744279635","false","1","5744279635"
"tnl","티앤엘","us","2025-12","2025-Q4","2245612","3307065889","16253.83","3307065889","31","30","3200386344.19","false","0.9677","3200386344.19"
"tnl","티앤엘","us","2026-01","2026-Q1","3274892","4778510639","18132.8","4778510639","31","30","4624365134.52","false","0.9677","4624365134.52"
"tnl","티앤엘","us","2026-02","2026-Q1","4224052","6132736364","30498.78","6132736364","28","30","6570788961.43","false","1.0714","6570788961.43"
"tnl","티앤엘","us","2026-03","2026-Q1","6117756","8998742884","36935.73","8998742884","31","30","8708460855.48","false","0.9677","8708460855.48"
"tnl","티앤엘","us","2026-04","2026-Q2","8843090","13225225171","51258.69","13225225171","30","30","13225225171","false","1","13225225171"
"tnl","티앤엘","us","2026-05","2026-Q2","5833261","8617304331","33556.18","8617304331","31","30","8339326771.94","false","0.9677","8339326771.94"