company,month,quarter,trass_reported_total_value,trass_fallback_total_value,trass_raw_value,trass_observed_days,trass_target_days,trass_30d_normalized,trass_is_partial_month,trass_adjustment_factor,trass_value_for_trend,trass_total_source,trass_country_weighted_feature,trass_country_weighted_normalized_feature,trass_country_weight_coverage,trass_country_count,country_scopes,data_quality_warnings
"samyang","1996-01","1996-Q1","4169252602",,"4169252602","31","30","4034760582.58","false","0.9677","4034760582.58","reported","0",,"0","0","total",""
"samyang","1996-02","1996-Q1","5072936781",,"5072936781","29","30","5247865635.52","false","1.0345","5247865635.52","reported","0",,"0","0","total",""
"samyang","1996-03","1996-Q1","5908067770",,"5908067770","31","30","5717484938.71","false","0.9677","5717484938.71","reported","0",,"0","0","total",""
"samyang","1996-04","1996-Q2","5436742554",,"5436742554","30","30","5436742554","false","1","5436742554","reported","0",,"0","0","total",""
"samyang","1996-05","1996-Q2","5754946475",,"5754946475","31","30","5569303040.32","false","0.9677","5569303040.32","reported","0",,"0","0","total",""
"samyang","1996-06","1996-Q2","6083255370",,"6083255370","30","30","6083255370","false","1","6083255370","reported","0",,"0","0","total",""
"samyang","1996-07","1996-Q3","6625995695",,"6625995695","31","30","6412253898.39","false","0.9677","6412253898.39","reported","0",,"0","0","total",""
"samyang","1996-08","1996-Q3","6852574515",,"6852574515","31","30","6631523724.19","false","0.9677","6631523724.19","reported","0",,"0","0","total",""
"samyang","1996-09","1996-Q3","6316497991",,"6316497991","30","30","6316497991","false","1","6316497991","reported","0",,"0","0","total",""
"samyang","1996-10","1996-Q4","7137884159",,"7137884159","31","30","6907629831.29","false","0.9677","6907629831.29","reported","0",,"0","0","total",""
"samyang","1996-11","1996-Q4","6459927045",,"6459927045","30","30","6459927045","false","1","6459927045","reported","0",,"0","0","total",""
"samyang","1996-12","1996-Q4","7122018177",,"7122018177","31","30","6892275655.16","false","0.9677","6892275655.16","reported","0",,"0","0","total",""
"samyang","1997-01","1997-Q1","6656897707",,"6656897707","31","30","6442159071.29","false","0.9677","6442159071.29","reported","0",,"0","0","total",""
"samyang","1997-02","1997-Q1","7352321677",,"7352321677","28","30","7877487511.07","false","1.0714","7877487511.07","reported","0",,"0","0","total",""
"samyang","1997-03","1997-Q1","9219486661",,"9219486661","31","30","8922083865.48","false","0.9677","8922083865.48","reported","0",,"0","0","total",""
"samyang","1997-04","1997-Q2","8405945476",,"8405945476","30","30","8405945476","false","1","8405945476","reported","0",,"0","0","total",""
"samyang","1997-05","1997-Q2","7964275802",,"7964275802","31","30","7707363679.35","false","0.9677","7707363679.35","reported","0",,"0","0","total",""
"samyang","1997-06","1997-Q2","9276209636",,"9276209636","30","30","9276209636","false","1","9276209636","reported","0",,"0","0","total",""
"samyang","1997-07","1997-Q3","10599956551",,"10599956551","31","30","10258022468.71","false","0.9677","10258022468.71","reported","0",,"0","0","total",""
"samyang","1997-08","1997-Q3","10330175247",,"10330175247","31","30","9996943787.42","false","0.9677","9996943787.42","reported","0",,"0","0","total",""
"samyang","1997-09","1997-Q3","9623402185",,"9623402185","30","30","9623402185","false","1","9623402185","reported","0",,"0","0","total",""
"samyang","1997-10","1997-Q4","8634110763",,"8634110763","31","30","8355591060.97","false","0.9677","8355591060.97","reported","0",,"0","0","total",""
"samyang","1997-11","1997-Q4","8308935925",,"8308935925","30","30","8308935925","false","1","8308935925","reported","0",,"0","0","total",""
"samyang","1997-12","1997-Q4","11515660179",,"11515660179","31","30","11144187270","false","0.9677","11144187270","reported","0",,"0","0","total",""
"samyang","1998-01","1998-Q1","10590311602",,"10590311602","31","30","10248688647.1","false","0.9677","10248688647.1","reported","0",,"0","0","total",""
"samyang","1998-02","1998-Q1","15657386249",,"15657386249","28","30","16775770981.07","false","1.0714","16775770981.07","reported","0",,"0","0","total",""
"samyang","1998-03","1998-Q1","16174358814",,"16174358814","31","30","15652605303.87","false","0.9677","15652605303.87","reported","0",,"0","0","total",""
"samyang","1998-04","1998-Q2","12971237196",,"12971237196","30","30","12971237196","false","1","12971237196","reported","0",,"0","0","total",""
"samyang","1998-05","1998-Q2","10465636297",,"10465636297","31","30","10128035126.13","false","0.9677","10128035126.13","reported","0",,"0","0","total",""
"samyang","1998-06","1998-Q2","12021173360",,"12021173360","30","30","12021173360","false","1","12021173360","reported","0",,"0","0","total",""
"samyang","1998-07","1998-Q3","12967057321",,"12967057321","31","30","12548765149.35","false","0.9677","12548765149.35","reported","0",,"0","0","total",""
"samyang","1998-08","1998-Q3","8526018324",,"8526018324","31","30","8250985474.84","false","0.9677","8250985474.84","reported","0",,"0","0","total",""
"samyang","1998-09","1998-Q3","6376712693",,"6376712693","30","30","6376712693","false","1","6376712693","reported","0",,"0","0","total",""
"samyang","1998-10","1998-Q4","7349676698",,"7349676698","31","30","7112590352.9","false","0.9677","7112590352.9","reported","0",,"0","0","total",""
"samyang","1998-11","1998-Q4","7236598635",,"7236598635","30","30","7236598635","false","1","7236598635","reported","0",,"0","0","total",""
"samyang","1998-12","1998-Q4","7987625722",,"7987625722","31","30","7729960376.13","false","0.9677","7729960376.13","reported","0",,"0","0","total",""
"samyang","1999-01","1999-Q1","5581622131",,"5581622131","31","30","5401569804.19","false","0.9677","5401569804.19","reported","0",,"0","0","total",""
"samyang","1999-02","1999-Q1","5870526938",,"5870526938","28","30","6289850290.71","false","1.0714","6289850290.71","reported","0",,"0","0","total",""
"samyang","1999-03","1999-Q1","9322708126",,"9322708126","31","30","9021975605.81","false","0.9677","9021975605.81","reported","0",,"0","0","total",""
"samyang","1999-04","1999-Q2","10914680786",,"10914680786","30","30","10914680786","false","1","10914680786","reported","0",,"0","0","total",""
"samyang","1999-05","1999-Q2","7468389958",,"7468389958","31","30","7227474152.9","false","0.9677","7227474152.9","reported","0",,"0","0","total",""
"samyang","1999-06","1999-Q2","8062702603",,"8062702603","30","30","8062702603","false","1","8062702603","reported","0",,"0","0","total",""
"samyang","1999-07","1999-Q3","7997712188",,"7997712188","31","30","7739721472.26","false","0.9677","7739721472.26","reported","0",,"0","0","total",""
"samyang","1999-08","1999-Q3","7599597978",,"7599597978","31","30","7354449656.13","false","0.9677","7354449656.13","reported","0",,"0","0","total",""
"samyang","1999-09","1999-Q3","7332768569",,"7332768569","30","30","7332768569","false","1","7332768569","reported","0",,"0","0","total",""
"samyang","1999-10","1999-Q4","7889522442",,"7889522442","31","30","7635021718.06","false","0.9677","7635021718.06","reported","0",,"0","0","total",""
"samyang","1999-11","1999-Q4","8542708815",,"8542708815","30","30","8542708815","false","1","8542708815","reported","0",,"0","0","total",""
"samyang","1999-12","1999-Q4","8589412810",,"8589412810","31","30","8312334977.42","false","0.9677","8312334977.42","reported","0",,"0","0","total",""
"samyang","2000-01","2000-Q1","7750312218",,"7750312218","31","30","7500302146.45","false","0.9677","7500302146.45","reported","0",,"0","0","total",""
"samyang","2000-02","2000-Q1","7501413847",,"7501413847","29","30","7760083290","false","1.0345","7760083290","reported","0",,"0","0","total",""
"samyang","2000-03","2000-Q1","9610161612",,"9610161612","31","30","9300156398.71","false","0.9677","9300156398.71","reported","0",,"0","0","total",""
"samyang","2000-04","2000-Q2","9226207362",,"9226207362","30","30","9226207362","false","1","9226207362","reported","0",,"0","0","total",""
"samyang","2000-05","2000-Q2","8444217790",,"8444217790","31","30","8171823667.74","false","0.9677","8171823667.74","reported","0",,"0","0","total",""
"samyang","2000-06","2000-Q2","9141229677",,"9141229677","30","30","9141229677","false","1","9141229677","reported","0",,"0","0","total",""
"samyang","2000-07","2000-Q3","9289892100",,"9289892100","31","30","8990218161.29","false","0.9677","8990218161.29","reported","0",,"0","0","total",""
"samyang","2000-08","2000-Q3","9289416381",,"9289416381","31","30","8989757788.06","false","0.9677","8989757788.06","reported","0",,"0","0","total",""
"samyang","2000-09","2000-Q3","8058615015",,"8058615015","30","30","8058615015","false","1","8058615015","reported","0",,"0","0","total",""
"samyang","2000-10","2000-Q4","8400936291",,"8400936291","31","30","8129938346.13","false","0.9677","8129938346.13","reported","0",,"0","0","total",""
"samyang","2000-11","2000-Q4","9698407985",,"9698407985","30","30","9698407985","false","1","9698407985","reported","0",,"0","0","total",""
"samyang","2000-12","2000-Q4","8783850919",,"8783850919","31","30","8500500889.35","false","0.9677","8500500889.35","reported","0",,"0","0","total",""
"samyang","2001-01","2001-Q1","9818334607",,"9818334607","31","30","9501614135.81","false","0.9677","9501614135.81","reported","0",,"0","0","total",""
"samyang","2001-02","2001-Q1","12306346585",,"12306346585","28","30","13185371341.07","false","1.0714","13185371341.07","reported","0",,"0","0","total",""
"samyang","2001-03","2001-Q1","13385789632",,"13385789632","31","30","12953989966.45","false","0.9677","12953989966.45","reported","0",,"0","0","total",""
"samyang","2001-04","2001-Q2","13831174880",,"13831174880","30","30","13831174880","false","1","13831174880","reported","0",,"0","0","total",""
"samyang","2001-05","2001-Q2","13634385269",,"13634385269","31","30","13194566389.35","false","0.9677","13194566389.35","reported","0",,"0","0","total",""
"samyang","2001-06","2001-Q2","9870623579",,"9870623579","30","30","9870623579","false","1","9870623579","reported","0",,"0","0","total",""
"samyang","2001-07","2001-Q3","11825807790",,"11825807790","31","30","11444330119.35","false","0.9677","11444330119.35","reported","0",,"0","0","total",""
"samyang","2001-08","2001-Q3","11456619773",,"11456619773","31","30","11087051393.23","false","0.9677","11087051393.23","reported","0",,"0","0","total",""
"samyang","2001-09","2001-Q3","12637702188",,"12637702188","30","30","12637702188","false","1","12637702188","reported","0",,"0","0","total",""
"samyang","2001-10","2001-Q4","12129715420",,"12129715420","31","30","11738434277.42","false","0.9677","11738434277.42","reported","0",,"0","0","total",""
"samyang","2001-11","2001-Q4","13799995577",,"13799995577","30","30","13799995577","false","1","13799995577","reported","0",,"0","0","total",""
"samyang","2001-12","2001-Q4","10013071090",,"10013071090","31","30","9690068796.77","false","0.9677","9690068796.77","reported","0",,"0","0","total",""
"samyang","2002-01","2002-Q1","14282272704",,"14282272704","31","30","13821554229.68","false","0.9677","13821554229.68","reported","0",,"0","0","total",""
"samyang","2002-02","2002-Q1","12999748270",,"12999748270","28","30","13928301717.86","false","1.0714","13928301717.86","reported","0",,"0","0","total",""
"samyang","2002-03","2002-Q1","14753003056",,"14753003056","31","30","14277099731.61","false","0.9677","14277099731.61","reported","0",,"0","0","total",""
"samyang","2002-04","2002-Q2","14251632479",,"14251632479","30","30","14251632479","false","1","14251632479","reported","0",,"0","0","total",""
"samyang","2002-05","2002-Q2","12676739491",,"12676739491","31","30","12267812410.65","false","0.9677","12267812410.65","reported","0",,"0","0","total",""
"samyang","2002-06","2002-Q2","13921145942",,"13921145942","30","30","13921145942","false","1","13921145942","reported","0",,"0","0","total",""
"samyang","2002-07","2002-Q3","12352867107",,"12352867107","31","30","11954387522.9","false","0.9677","11954387522.9","reported","0",,"0","0","total",""
"samyang","2002-08","2002-Q3","15227953827",,"15227953827","31","30","14736729510","false","0.9677","14736729510","reported","0",,"0","0","total",""
"samyang","2002-09","2002-Q3","13280735936",,"13280735936","30","30","13280735936","false","1","13280735936","reported","0",,"0","0","total",""
"samyang","2002-10","2002-Q4","15289435924",,"15289435924","31","30","14796228313.55","false","0.9677","14796228313.55","reported","0",,"0","0","total",""
"samyang","2002-11","2002-Q4","14045982538",,"14045982538","30","30","14045982538","false","1","14045982538","reported","0",,"0","0","total",""
"samyang","2002-12","2002-Q4","13809994511",,"13809994511","31","30","13364510817.1","false","0.9677","13364510817.1","reported","0",,"0","0","total",""
"samyang","2003-01","2003-Q1","13123078203",,"13123078203","31","30","12699753099.68","false","0.9677","12699753099.68","reported","0",,"0","0","total",""
"samyang","2003-02","2003-Q1","15926305151",,"15926305151","28","30","17063898376.07","false","1.0714","17063898376.07","reported","0",,"0","0","total",""
"samyang","2003-03","2003-Q1","15458027989",,"15458027989","31","30","14959381924.84","false","0.9677","14959381924.84","reported","0",,"0","0","total",""
"samyang","2003-04","2003-Q2","15137498975",,"15137498975","30","30","15137498975","false","1","15137498975","reported","0",,"0","0","total",""
"samyang","2003-05","2003-Q2","12272055651",,"12272055651","31","30","11876182888.06","false","0.9677","11876182888.06","reported","0",,"0","0","total",""
"samyang","2003-06","2003-Q2","12519358287",,"12519358287","30","30","12519358287","false","1","12519358287","reported","0",,"0","0","total",""
"samyang","2003-07","2003-Q3","14397193055",,"14397193055","31","30","13932767472.58","false","0.9677","13932767472.58","reported","0",,"0","0","total",""
"samyang","2003-08","2003-Q3","14976621627",,"14976621627","31","30","14493504800.32","false","0.9677","14493504800.32","reported","0",,"0","0","total",""
"samyang","2003-09","2003-Q3","15940590908",,"15940590908","30","30","15940590908","false","1","15940590908","reported","0",,"0","0","total",""
"samyang","2003-10","2003-Q4","17639221788",,"17639221788","31","30","17070214633.55","false","0.9677","17070214633.55","reported","0",,"0","0","total",""
"samyang","2003-11","2003-Q4","17313543916",,"17313543916","30","30","17313543916","false","1","17313543916","reported","0",,"0","0","total",""
"samyang","2003-12","2003-Q4","14885755656",,"14885755656","31","30","14405569989.68","false","0.9677","14405569989.68","reported","0",,"0","0","total",""
"samyang","2004-01","2004-Q1","9852042545",,"9852042545","31","30","9534234720.97","false","0.9677","9534234720.97","reported","0",,"0","0","total",""
"samyang","2004-02","2004-Q1","14884956375",,"14884956375","29","30","15398230732.76","false","1.0345","15398230732.76","reported","0",,"0","0","total",""
"samyang","2004-03","2004-Q1","15941368539",,"15941368539","31","30","15427130844.19","false","0.9677","15427130844.19","reported","0",,"0","0","total",""
"samyang","2004-04","2004-Q2","19269145419",,"19269145419","30","30","19269145419","false","1","19269145419","reported","0",,"0","0","total",""
"samyang","2004-05","2004-Q2","15376967388",,"15376967388","31","30","14880936181.94","false","0.9677","14880936181.94","reported","0",,"0","0","total",""
"samyang","2004-06","2004-Q2","15191232240",,"15191232240","30","30","15191232240","false","1","15191232240","reported","0",,"0","0","total",""
"samyang","2004-07","2004-Q3","15755566365",,"15755566365","31","30","15247322288.71","false","0.9677","15247322288.71","reported","0",,"0","0","total",""
"samyang","2004-08","2004-Q3","14770190052",,"14770190052","31","30","14293732308.39","false","0.9677","14293732308.39","reported","0",,"0","0","total",""
"samyang","2004-09","2004-Q3","17313385073",,"17313385073","30","30","17313385073","false","1","17313385073","reported","0",,"0","0","total",""
"samyang","2004-10","2004-Q4","16869728419",,"16869728419","31","30","16325543631.29","false","0.9677","16325543631.29","reported","0",,"0","0","total",""
"samyang","2004-11","2004-Q4","16598977143",,"16598977143","30","30","16598977143","false","1","16598977143","reported","0",,"0","0","total",""
"samyang","2004-12","2004-Q4","14383694220",,"14383694220","31","30","13919704083.87","false","0.9677","13919704083.87","reported","0",,"0","0","total",""
"samyang","2005-01","2005-Q1","12342340365",,"12342340365","31","30","11944200353.23","false","0.9677","11944200353.23","reported","0",,"0","0","total",""
"samyang","2005-02","2005-Q1","12144222581",,"12144222581","28","30","13011667051.07","false","1.0714","13011667051.07","reported","0",,"0","0","total",""
"samyang","2005-03","2005-Q1","13953452839",,"13953452839","31","30","13503341457.1","false","0.9677","13503341457.1","reported","0",,"0","0","total",""
"samyang","2005-04","2005-Q2","15324308601",,"15324308601","30","30","15324308601","false","1","15324308601","reported","0",,"0","0","total",""
"samyang","2005-05","2005-Q2","11565775658",,"11565775658","31","30","11192686120.65","false","0.9677","11192686120.65","reported","0",,"0","0","total",""
"samyang","2005-06","2005-Q2","11245769013",,"11245769013","30","30","11245769013","false","1","11245769013","reported","0",,"0","0","total",""
"samyang","2005-07","2005-Q3","9998430427",,"9998430427","31","30","9675900413.23","false","0.9677","9675900413.23","reported","0",,"0","0","total",""
"samyang","2005-08","2005-Q3","11365318345",,"11365318345","31","30","10998695172.58","false","0.9677","10998695172.58","reported","0",,"0","0","total",""
"samyang","2005-09","2005-Q3","11906347417",,"11906347417","30","30","11906347417","false","1","11906347417","reported","0",,"0","0","total",""
"samyang","2005-10","2005-Q4","11454257319",,"11454257319","31","30","11084765147.42","false","0.9677","11084765147.42","reported","0",,"0","0","total",""
"samyang","2005-11","2005-Q4","11256159621",,"11256159621","30","30","11256159621","false","1","11256159621","reported","0",,"0","0","total",""
"samyang","2005-12","2005-Q4","11584653107",,"11584653107","31","30","11210954619.68","false","0.9677","11210954619.68","reported","0",,"0","0","total",""
"samyang","2006-01","2006-Q1","8953561352",,"8953561352","31","30","8664736792.26","false","0.9677","8664736792.26","reported","0",,"0","0","total",""
"samyang","2006-02","2006-Q1","8440458838",,"8440458838","28","30","9043348755","false","1.0714","9043348755","reported","0",,"0","0","total",""
"samyang","2006-03","2006-Q1","9159677829",,"9159677829","31","30","8864204350.65","false","0.9677","8864204350.65","reported","0",,"0","0","total",""
"samyang","2006-04","2006-Q2","8176148038",,"8176148038","30","30","8176148038","false","1","8176148038","reported","0",,"0","0","total",""
"samyang","2006-05","2006-Q2","9230480293",,"9230480293","31","30","8932722864.19","false","0.9677","8932722864.19","reported","0",,"0","0","total",""
"samyang","2006-06","2006-Q2","10000931995",,"10000931995","30","30","10000931995","false","1","10000931995","reported","0",,"0","0","total",""
"samyang","2006-07","2006-Q3","9106331837",,"9106331837","31","30","8812579197.1","false","0.9677","8812579197.1","reported","0",,"0","0","total",""
"samyang","2006-08","2006-Q3","9461427053",,"9461427053","31","30","9156219728.71","false","0.9677","9156219728.71","reported","0",,"0","0","total",""
"samyang","2006-09","2006-Q3","10171412157",,"10171412157","30","30","10171412157","false","1","10171412157","reported","0",,"0","0","total",""
"samyang","2006-10","2006-Q4","8355747238",,"8355747238","31","30","8086207004.52","false","0.9677","8086207004.52","reported","0",,"0","0","total",""
"samyang","2006-11","2006-Q4","10864960287",,"10864960287","30","30","10864960287","false","1","10864960287","reported","0",,"0","0","total",""
"samyang","2006-12","2006-Q4","10300493879",,"10300493879","31","30","9968219882.9","false","0.9677","9968219882.9","reported","0",,"0","0","total",""
"samyang","2007-01","2007-Q1","10268804959",,"10268804959","31","30","9937553186.13","false","0.9677","9937553186.13","reported","0",,"0","0","total",""
"samyang","2007-02","2007-Q1","8068985938",,"8068985938","28","30","8645342076.43","false","1.0714","8645342076.43","reported","0",,"0","0","total",""
"samyang","2007-03","2007-Q1","10353649048",,"10353649048","31","30","10019660369.03","false","0.9677","10019660369.03","reported","0",,"0","0","total",""
"samyang","2007-04","2007-Q2","10526553328",,"10526553328","30","30","10526553328","false","1","10526553328","reported","0",,"0","0","total",""
"samyang","2007-05","2007-Q2","10566284142",,"10566284142","31","30","10225436266.45","false","0.9677","10225436266.45","reported","0",,"0","0","total",""
"samyang","2007-06","2007-Q2","9282618948",,"9282618948","30","30","9282618948","false","1","9282618948","reported","0",,"0","0","total",""
"samyang","2007-07","2007-Q3","8419986839",,"8419986839","31","30","8148374360.32","false","0.9677","8148374360.32","reported","0",,"0","0","total",""
"samyang","2007-08","2007-Q3","10903916327",,"10903916327","31","30","10552177090.65","false","0.9677","10552177090.65","reported","0",,"0","0","total",""
"samyang","2007-09","2007-Q3","9904638831",,"9904638831","30","30","9904638831","false","1","9904638831","reported","0",,"0","0","total",""
"samyang","2007-10","2007-Q4","12291076238",,"12291076238","31","30","11894589907.74","false","0.9677","11894589907.74","reported","0",,"0","0","total",""
"samyang","2007-11","2007-Q4","12005759597",,"12005759597","30","30","12005759597","false","1","12005759597","reported","0",,"0","0","total",""
"samyang","2007-12","2007-Q4","12945082490",,"12945082490","31","30","12527499183.87","false","0.9677","12527499183.87","reported","0",,"0","0","total",""
"samyang","2008-01","2008-Q1","13430933780",,"13430933780","31","30","12997677851.61","false","0.9677","12997677851.61","reported","0",,"0","0","total",""
"samyang","2008-02","2008-Q1","10781001725",,"10781001725","29","30","11152760405.17","false","1.0345","11152760405.17","reported","0",,"0","0","total",""
"samyang","2008-03","2008-Q1","12211523331",,"12211523331","31","30","11817603223.55","false","0.9677","11817603223.55","reported","0",,"0","0","total",""
"samyang","2008-04","2008-Q2","13270563423",,"13270563423","30","30","13270563423","false","1","13270563423","reported","0",,"0","0","total",""
"samyang","2008-05","2008-Q2","13119671488",,"13119671488","31","30","12696456278.71","false","0.9677","12696456278.71","reported","0",,"0","0","total",""
"samyang","2008-06","2008-Q2","12332845493",,"12332845493","30","30","12332845493","false","1","12332845493","reported","0",,"0","0","total",""
"samyang","2008-07","2008-Q3","14565753921",,"14565753921","31","30","14095890891.29","false","0.9677","14095890891.29","reported","0",,"0","0","total",""
"samyang","2008-08","2008-Q3","12590789616",,"12590789616","31","30","12184635112.26","false","0.9677","12184635112.26","reported","0",,"0","0","total",""
"samyang","2008-09","2008-Q3","13186803926",,"13186803926","30","30","13186803926","false","1","13186803926","reported","0",,"0","0","total",""
"samyang","2008-10","2008-Q4","16008138104",,"16008138104","31","30","15491746552.26","false","0.9677","15491746552.26","reported","0",,"0","0","total",""
"samyang","2008-11","2008-Q4","15413881240",,"15413881240","30","30","15413881240","false","1","15413881240","reported","0",,"0","0","total",""
"samyang","2008-12","2008-Q4","15691809550",,"15691809550","31","30","15185622145.16","false","0.9677","15185622145.16","reported","0",,"0","0","total",""
"samyang","2009-01","2009-Q1","13622285679",,"13622285679","31","30","13182857108.71","false","0.9677","13182857108.71","reported","0",,"0","0","total",""
"samyang","2009-02","2009-Q1","15628803847",,"15628803847","28","30","16745146978.93","false","1.0714","16745146978.93","reported","0",,"0","0","total",""
"samyang","2009-03","2009-Q1","17210336535",,"17210336535","31","30","16655164388.71","false","0.9677","16655164388.71","reported","0",,"0","0","total",""
"samyang","2009-04","2009-Q2","18374127730",,"18374127730","30","30","18374127730","false","1","18374127730","reported","0",,"0","0","total",""
"samyang","2009-05","2009-Q2","16721567550",,"16721567550","31","30","16182162145.16","false","0.9677","16182162145.16","reported","0",,"0","0","total",""
"samyang","2009-06","2009-Q2","15931853836",,"15931853836","30","30","15931853836","false","1","15931853836","reported","0",,"0","0","total",""
"samyang","2009-07","2009-Q3","16116875114",,"16116875114","31","30","15596975916.77","false","0.9677","15596975916.77","reported","0",,"0","0","total",""
"samyang","2009-08","2009-Q3","15130332312",,"15130332312","31","30","14642257076.13","false","0.9677","14642257076.13","reported","0",,"0","0","total",""
"samyang","2009-09","2009-Q3","18910760299",,"18910760299","30","30","18910760299","false","1","18910760299","reported","0",,"0","0","total",""
"samyang","2009-10","2009-Q4","17002308909",,"17002308909","31","30","16453847331.29","false","0.9677","16453847331.29","reported","0",,"0","0","total",""
"samyang","2009-11","2009-Q4","19210188143",,"19210188143","30","30","19210188143","false","1","19210188143","reported","0",,"0","0","total",""
"samyang","2009-12","2009-Q4","18168287321",,"18168287321","31","30","17582213536.45","false","0.9677","17582213536.45","reported","0",,"0","0","total",""
"samyang","2010-01","2010-Q1","15828478147",,"15828478147","31","30","15317882077.74","false","0.9677","15317882077.74","reported","0",,"0","0","total",""
"samyang","2010-02","2010-Q1","14995698966",,"14995698966","28","30","16066820320.71","false","1.0714","16066820320.71","reported","0",,"0","0","total",""
"samyang","2010-03","2010-Q1","17815075985",,"17815075985","31","30","17240396114.52","false","0.9677","17240396114.52","reported","0",,"0","0","total",""
"samyang","2010-04","2010-Q2","19187812283",,"19187812283","30","30","19187812283","false","1","19187812283","reported","0",,"0","0","total",""
"samyang","2010-05","2010-Q2","15739069522",,"15739069522","31","30","15231357601.94","false","0.9677","15231357601.94","reported","0",,"0","0","total",""
"samyang","2010-06","2010-Q2","18835802269",,"18835802269","30","30","18835802269","false","1","18835802269","reported","0",,"0","0","total",""
"samyang","2010-07","2010-Q3","17360444612",,"17360444612","31","30","16800430269.68","false","0.9677","16800430269.68","reported","0",,"0","0","total",""
"samyang","2010-08","2010-Q3","16391121325",,"16391121325","31","30","15862375475.81","false","0.9677","15862375475.81","reported","0",,"0","0","total",""
"samyang","2010-09","2010-Q3","15694891764",,"15694891764","30","30","15694891764","false","1","15694891764","reported","0",,"0","0","total",""
"samyang","2010-10","2010-Q4","19581717009",,"19581717009","31","30","18950048718.39","false","0.9677","18950048718.39","reported","0",,"0","0","total",""
"samyang","2010-11","2010-Q4","19262939202",,"19262939202","30","30","19262939202","false","1","19262939202","reported","0",,"0","0","total",""
"samyang","2010-12","2010-Q4","19450714301",,"19450714301","31","30","18823271904.19","false","0.9677","18823271904.19","reported","0",,"0","0","total",""
"samyang","2011-01","2011-Q1","18137955566",,"18137955566","31","30","17552860225.16","false","0.9677","17552860225.16","reported","0",,"0","0","total",""
"samyang","2011-02","2011-Q1","14674685284",,"14674685284","28","30","15722877090","false","1.0714","15722877090","reported","0",,"0","0","total",""
"samyang","2011-03","2011-Q1","24945246661",,"24945246661","31","30","24140561284.84","false","0.9677","24140561284.84","reported","0",,"0","0","total",""
"samyang","2011-04","2011-Q2","25920305447",,"25920305447","30","30","25920305447","false","1","25920305447","reported","0",,"0","0","total",""
"samyang","2011-05","2011-Q2","19915301631",,"19915301631","31","30","19272872546.13","false","0.9677","19272872546.13","reported","0",,"0","0","total",""
"samyang","2011-06","2011-Q2","17985883737",,"17985883737","30","30","17985883737","false","1","17985883737","reported","0",,"0","0","total",""
"samyang","2011-07","2011-Q3","18148782920",,"18148782920","31","30","17563338309.68","false","0.9677","17563338309.68","reported","0",,"0","0","total",""
"samyang","2011-08","2011-Q3","18279436028",,"18279436028","31","30","17689776801.29","false","0.9677","17689776801.29","reported","0",,"0","0","total",""
"samyang","2011-09","2011-Q3","20378147564",,"20378147564","30","30","20378147564","false","1","20378147564","reported","0",,"0","0","total",""
"samyang","2011-10","2011-Q4","22717778761",,"22717778761","31","30","21984947188.06","false","0.9677","21984947188.06","reported","0",,"0","0","total",""
"samyang","2011-11","2011-Q4","22937031522",,"22937031522","30","30","22937031522","false","1","22937031522","reported","0",,"0","0","total",""
"samyang","2011-12","2011-Q4","24334143368",,"24334143368","31","30","23549171001.29","false","0.9677","23549171001.29","reported","0",,"0","0","total",""
"samyang","2012-01","2012-Q1","20120796737",,"20120796737","31","30","19471738777.74","false","0.9677","19471738777.74","reported","0",,"0","0","total",""
"samyang","2012-02","2012-Q1","24614437551",,"24614437551","29","30","25463211259.66","false","1.0345","25463211259.66","reported","0",,"0","0","total",""
"samyang","2012-03","2012-Q1","25794624443",,"25794624443","31","30","24962539783.55","false","0.9677","24962539783.55","reported","0",,"0","0","total",""
"samyang","2012-04","2012-Q2","25362431965",,"25362431965","30","30","25362431965","false","1","25362431965","reported","0",,"0","0","total",""
"samyang","2012-05","2012-Q2","24293542905",,"24293542905","31","30","23509880230.65","false","0.9677","23509880230.65","reported","0",,"0","0","total",""
"samyang","2012-06","2012-Q2","23152533691",,"23152533691","30","30","23152533691","false","1","23152533691","reported","0",,"0","0","total",""
"samyang","2012-07","2012-Q3","24645515769",,"24645515769","31","30","23850499131.29","false","0.9677","23850499131.29","reported","0",,"0","0","total",""
"samyang","2012-08","2012-Q3","23844203900",,"23844203900","31","30","23075036032.26","false","0.9677","23075036032.26","reported","0",,"0","0","total",""
"samyang","2012-09","2012-Q3","23623803517",,"23623803517","30","30","23623803517","false","1","23623803517","reported","0",,"0","0","total",""
"samyang","2012-10","2012-Q4","24162509158",,"24162509158","31","30","23383073378.71","false","0.9677","23383073378.71","reported","0",,"0","0","total",""
"samyang","2012-11","2012-Q4","20985112230",,"20985112230","30","30","20985112230","false","1","20985112230","reported","0",,"0","0","total",""
"samyang","2012-12","2012-Q4","19995179481",,"19995179481","31","30","19350173691.29","false","0.9677","19350173691.29","reported","0",,"0","0","total",""
"samyang","2013-01","2013-Q1","23566895269",,"23566895269","31","30","22806672840.97","false","0.9677","22806672840.97","reported","0",,"0","0","total",""
"samyang","2013-02","2013-Q1","20095911006",,"20095911006","28","30","21531333220.71","false","1.0714","21531333220.71","reported","0",,"0","0","total",""
"samyang","2013-03","2013-Q1","26076262325",,"26076262325","31","30","25235092572.58","false","0.9677","25235092572.58","reported","0",,"0","0","total",""
"samyang","2013-04","2013-Q2","29485658825",,"29485658825","30","30","29485658825","false","1","29485658825","reported","0",,"0","0","total",""
"samyang","2013-05","2013-Q2","25130801583",,"25130801583","31","30","24320130564.19","false","0.9677","24320130564.19","reported","0",,"0","0","total",""
"samyang","2013-06","2013-Q2","26007932071",,"26007932071","30","30","26007932071","false","1","26007932071","reported","0",,"0","0","total",""
"samyang","2013-07","2013-Q3","24152756972",,"24152756972","31","30","23373635779.35","false","0.9677","23373635779.35","reported","0",,"0","0","total",""
"samyang","2013-08","2013-Q3","21702137128",,"21702137128","31","30","21002068188.39","false","0.9677","21002068188.39","reported","0",,"0","0","total",""
"samyang","2013-09","2013-Q3","20851355999",,"20851355999","30","30","20851355999","false","1","20851355999","reported","0",,"0","0","total",""
"samyang","2013-10","2013-Q4","24639884198",,"24639884198","31","30","23845049223.87","false","0.9677","23845049223.87","reported","0",,"0","0","total",""
"samyang","2013-11","2013-Q4","23733761063",,"23733761063","30","30","23733761063","false","1","23733761063","reported","0",,"0","0","total",""
"samyang","2013-12","2013-Q4","21745434865",,"21745434865","31","30","21043969224.19","false","0.9677","21043969224.19","reported","0",,"0","0","total",""
"samyang","2014-01","2014-Q1","20277063822",,"20277063822","31","30","19622964989.03","false","0.9677","19622964989.03","reported","0",,"0","0","total",""
"samyang","2014-02","2014-Q1","23122552246",,"23122552246","28","30","24774163120.71","false","1.0714","24774163120.71","reported","0",,"0","0","total",""
"samyang","2014-03","2014-Q1","27418401506",,"27418401506","31","30","26533936941.29","false","0.9677","26533936941.29","reported","0",,"0","0","total",""
"samyang","2014-04","2014-Q2","26560177391",,"26560177391","30","30","26560177391","false","1","26560177391","reported","0",,"0","0","total",""
"samyang","2014-05","2014-Q2","23805505868",,"23805505868","31","30","23037586323.87","false","0.9677","23037586323.87","reported","0",,"0","0","total",""
"samyang","2014-06","2014-Q2","23372318157",,"23372318157","30","30","23372318157","false","1","23372318157","reported","0",,"0","0","total",""
"samyang","2014-07","2014-Q3","22875180037",,"22875180037","31","30","22137271003.55","false","0.9677","22137271003.55","reported","0",,"0","0","total",""
"samyang","2014-08","2014-Q3","21043204964",,"21043204964","31","30","20364391900.65","false","0.9677","20364391900.65","reported","0",,"0","0","total",""
"samyang","2014-09","2014-Q3","23787794900",,"23787794900","30","30","23787794900","false","1","23787794900","reported","0",,"0","0","total",""
"samyang","2014-10","2014-Q4","26197963396",,"26197963396","31","30","25352867802.58","false","0.9677","25352867802.58","reported","0",,"0","0","total",""
"samyang","2014-11","2014-Q4","25684254909",,"25684254909","30","30","25684254909","false","1","25684254909","reported","0",,"0","0","total",""
"samyang","2014-12","2014-Q4","24030854413",,"24030854413","31","30","23255665560.97","false","0.9677","23255665560.97","reported","0",,"0","0","total",""
"samyang","2015-01","2015-Q1","25653656010",,"25653656010","31","30","24826118719.35","false","0.9677","24826118719.35","reported","0",,"0","0","total",""
"samyang","2015-02","2015-Q1","21201624296",,"21201624296","28","30","22716026031.43","false","1.0714","22716026031.43","reported","0",,"0","0","total",""
"samyang","2015-03","2015-Q1","27674182694",,"27674182694","31","30","26781467123.23","false","0.9677","26781467123.23","reported","0",,"0","0","total",""
"samyang","2015-04","2015-Q2","28592960121",,"28592960121","30","30","28592960121","false","1","28592960121","reported","0",,"0","0","total",""
"samyang","2015-05","2015-Q2","22524173038",,"22524173038","31","30","21797586810.97","false","0.9677","21797586810.97","reported","0",,"0","0","total",""
"samyang","2015-06","2015-Q2","27023259822",,"27023259822","30","30","27023259822","false","1","27023259822","reported","0",,"0","0","total",""
"samyang","2015-07","2015-Q3","26492544773",,"26492544773","31","30","25637946554.52","false","0.9677","25637946554.52","reported","0",,"0","0","total",""
"samyang","2015-08","2015-Q3","25569810337",,"25569810337","31","30","24744977745.48","false","0.9677","24744977745.48","reported","0",,"0","0","total",""
"samyang","2015-09","2015-Q3","30035546759",,"30035546759","30","30","30035546759","false","1","30035546759","reported","0",,"0","0","total",""
"samyang","2015-10","2015-Q4","31073810236",,"31073810236","31","30","30071429260.65","false","0.9677","30071429260.65","reported","0",,"0","0","total",""
"samyang","2015-11","2015-Q4","31364214405",,"31364214405","30","30","31364214405","false","1","31364214405","reported","0",,"0","0","total",""
"samyang","2015-12","2015-Q4","30953779164",,"30953779164","31","30","29955270158.71","false","0.9677","29955270158.71","reported","0",,"0","0","total",""
"samyang","2016-01","2016-Q1","26580727210",,"26580727210","31","30","25723284396.77","false","0.9677","25723284396.77","reported","0",,"0","0","total",""
"samyang","2016-02","2016-Q1","28556200185",,"28556200185","29","30","29540896743.1","false","1.0345","29540896743.1","reported","0",,"0","0","total",""
"samyang","2016-03","2016-Q1","36062093339",,"36062093339","31","30","34898800005.48","false","0.9677","34898800005.48","reported","0",,"0","0","total",""
"samyang","2016-04","2016-Q2","31378064927",,"31378064927","30","30","31378064927","false","1","31378064927","reported","0",,"0","0","total",""
"samyang","2016-05","2016-Q2","32994254021",,"32994254021","31","30","31929923246.13","false","0.9677","31929923246.13","reported","0",,"0","0","total",""
"samyang","2016-06","2016-Q2","34514450016",,"34514450016","30","30","34514450016","false","1","34514450016","reported","0",,"0","0","total",""
"samyang","2016-07","2016-Q3","36777087167",,"36777087167","31","30","35590729516.45","false","0.9677","35590729516.45","reported","0",,"0","0","total",""
"samyang","2016-08","2016-Q3","38268587348",,"38268587348","31","30","37034116788.39","false","0.9677","37034116788.39","reported","0",,"0","0","total",""
"samyang","2016-09","2016-Q3","39383554477",,"39383554477","30","30","39383554477","false","1","39383554477","reported","0",,"0","0","total",""
"samyang","2016-10","2016-Q4","41768071210",,"41768071210","31","30","40420714074.19","false","0.9677","40420714074.19","reported","0",,"0","0","total",""
"samyang","2016-11","2016-Q4","43221520914",,"43221520914","30","30","43221520914","false","1","43221520914","reported","0",,"0","0","total",""
"samyang","2016-12","2016-Q4","40835671104",,"40835671104","31","30","39518391390.97","false","0.9677","39518391390.97","reported","0",,"0","0","total",""
"samyang","2017-01","2017-Q1","37725196783",,"37725196783","31","30","36508254951.29","false","0.9677","36508254951.29","reported","0",,"0","0","total",""
"samyang","2017-02","2017-Q1","48588783929",,"48588783929","28","30","52059411352.5","false","1.0714","52059411352.5","reported","0",,"0","0","total",""
"samyang","2017-03","2017-Q1","48778880285",,"48778880285","31","30","47205368017.74","false","0.9677","47205368017.74","reported","0",,"0","0","total",""
"samyang","2017-04","2017-Q2","40729268787",,"40729268787","30","30","40729268787","false","1","40729268787","reported","0",,"0","0","total",""
"samyang","2017-05","2017-Q2","33626726712",,"33626726712","31","30","32541993592.26","false","0.9677","32541993592.26","reported","0",,"0","0","total",""
"samyang","2017-06","2017-Q2","42260630332",,"42260630332","30","30","42260630332","false","1","42260630332","reported","0",,"0","0","total",""
"samyang","2017-07","2017-Q3","41537678858",,"41537678858","31","30","40197753733.55","false","0.9677","40197753733.55","reported","0",,"0","0","total",""
"samyang","2017-08","2017-Q3","43464774169",,"43464774169","31","30","42062684679.68","false","0.9677","42062684679.68","reported","0",,"0","0","total",""
"samyang","2017-09","2017-Q3","56273249186",,"56273249186","30","30","56273249186","false","1","56273249186","reported","0",,"0","0","total",""
"samyang","2017-10","2017-Q4","41255390015",,"41255390015","31","30","39924570982.26","false","0.9677","39924570982.26","reported","0",,"0","0","total",""
"samyang","2017-11","2017-Q4","65335065237",,"65335065237","30","30","65335065237","false","1","65335065237","reported","0",,"0","0","total",""
"samyang","2017-12","2017-Q4","45394090509",,"45394090509","31","30","43929765008.71","false","0.9677","43929765008.71","reported","0",,"0","0","total",""
"samyang","2018-01","2018-Q1","46391616619",,"46391616619","31","30","44895112857.1","false","0.9677","44895112857.1","reported","0",,"0","0","total",""
"samyang","2018-02","2018-Q1","38862013144",,"38862013144","28","30","41637871225.71","false","1.0714","41637871225.71","reported","0",,"0","0","total",""
"samyang","2018-03","2018-Q1","51090942166",,"51090942166","31","30","49442847257.42","false","0.9677","49442847257.42","reported","0",,"0","0","total",""
"samyang","2018-04","2018-Q2","49846679148",,"49846679148","30","30","49846679148","false","1","49846679148","reported","0",,"0","0","total",""
"samyang","2018-05","2018-Q2","50776929155",,"50776929155","31","30","49138963698.39","false","0.9677","49138963698.39","reported","0",,"0","0","total",""
"samyang","2018-06","2018-Q2","51778038695",,"51778038695","30","30","51778038695","false","1","51778038695","reported","0",,"0","0","total",""
"samyang","2018-07","2018-Q3","43056372977",,"43056372977","31","30","41667457719.68","false","0.9677","41667457719.68","reported","0",,"0","0","total",""
"samyang","2018-08","2018-Q3","49057853179",,"49057853179","31","30","47475341786.13","false","0.9677","47475341786.13","reported","0",,"0","0","total",""
"samyang","2018-09","2018-Q3","43906413671",,"43906413671","30","30","43906413671","false","1","43906413671","reported","0",,"0","0","total",""
"samyang","2018-10","2018-Q4","55238419486",,"55238419486","31","30","53456534986.45","false","0.9677","53456534986.45","reported","0",,"0","0","total",""
"samyang","2018-11","2018-Q4","48469603108",,"48469603108","30","30","48469603108","false","1","48469603108","reported","0",,"0","0","total",""
"samyang","2018-12","2018-Q4","40205470583",,"40205470583","31","30","38908519919.03","false","0.9677","38908519919.03","reported","0",,"0","0","total",""
"samyang","2019-01","2019-Q1","48169212574",,"48169212574","31","30","46615367007.1","false","0.9677","46615367007.1","reported","0",,"0","0","total",""
"samyang","2019-02","2019-Q1","42313222731",,"42313222731","28","30","45335595783.21","false","1.0714","45335595783.21","reported","0",,"0","0","total",""
"samyang","2019-03","2019-Q1","54876968250",,"54876968250","31","30","53106743467.74","false","0.9677","53106743467.74","reported","0",,"0","0","total",""
"samyang","2019-04","2019-Q2","57975274234",,"57975274234","30","30","57975274234","false","1","57975274234","reported","0",,"0","0","total",""
"samyang","2019-05","2019-Q2","58516477686",,"58516477686","31","30","56628849373.55","false","0.9677","56628849373.55","reported","0",,"0","0","total",""
"samyang","2019-06","2019-Q2","54147439062",,"54147439062","30","30","54147439062","false","1","54147439062","reported","0",,"0","0","total",""
"samyang","2019-07","2019-Q3","56775918081",,"56775918081","31","30","54944436852.58","false","0.9677","54944436852.58","reported","0",,"0","0","total",""
"samyang","2019-08","2019-Q3","58406343024",,"58406343024","31","30","56522267442.58","false","0.9677","56522267442.58","reported","0",,"0","0","total",""
"samyang","2019-09","2019-Q3","59046321723",,"59046321723","30","30","59046321723","false","1","59046321723","reported","0",,"0","0","total",""
"samyang","2019-10","2019-Q4","68641876306",,"68641876306","31","30","66427622231.61","false","0.9677","66427622231.61","reported","0",,"0","0","total",""
"samyang","2019-11","2019-Q4","67245504486",,"67245504486","30","30","67245504486","false","1","67245504486","reported","0",,"0","0","total",""
"samyang","2019-12","2019-Q4","58097402418",,"58097402418","31","30","56223292662.58","false","0.9677","56223292662.58","reported","0",,"0","0","total",""
"samyang","2020-01","2020-Q1","54873482512",,"54873482512","31","30","53103370172.9","false","0.9677","53103370172.9","reported","0",,"0","0","total",""
"samyang","2020-02","2020-Q1","62676653379",,"62676653379","29","30","64837917288.62","false","1.0345","64837917288.62","reported","0",,"0","0","total",""
"samyang","2020-03","2020-Q1","79974266319",,"79974266319","31","30","77394451276.45","false","0.9677","77394451276.45","reported","0",,"0","0","total",""
"samyang","2020-04","2020-Q2","91611106522",,"91611106522","30","30","91611106522","false","1","91611106522","reported","0",,"0","0","total",""
"samyang","2020-05","2020-Q2","81033199624",,"81033199624","31","30","78419225442.58","false","0.9677","78419225442.58","reported","0",,"0","0","total",""
"samyang","2020-06","2020-Q2","80109569978",,"80109569978","30","30","80109569978","false","1","80109569978","reported","0",,"0","0","total",""
"samyang","2020-07","2020-Q3","85994898916",,"85994898916","31","30","83220869918.71","false","0.9677","83220869918.71","reported","0",,"0","0","total",""
"samyang","2020-08","2020-Q3","70756669655",,"70756669655","31","30","68474196440.32","false","0.9677","68474196440.32","reported","0",,"0","0","total",""
"samyang","2020-09","2020-Q3","78934383186",,"78934383186","30","30","78934383186","false","1","78934383186","reported","0",,"0","0","total",""
"samyang","2020-10","2020-Q4","71835000939",,"71835000939","31","30","69517742844.19","false","0.9677","69517742844.19","reported","0",,"0","0","total",""
"samyang","2020-11","2020-Q4","67688397985",,"67688397985","30","30","67688397985","false","1","67688397985","reported","0",,"0","0","total",""
"samyang","2020-12","2020-Q4","77363514385",,"77363514385","31","30","74867917146.77","false","0.9677","74867917146.77","reported","0",,"0","0","total",""
"samyang","2021-01","2021-Q1","73785499893",,"73785499893","31","30","71405322477.1","false","0.9677","71405322477.1","reported","0",,"0","0","total",""
"samyang","2021-02","2021-Q1","66849758918",,"66849758918","28","30","71624741697.86","false","1.0714","71624741697.86","reported","0",,"0","0","total",""
"samyang","2021-03","2021-Q1","87595769767",,"87595769767","31","30","84770099774.52","false","0.9677","84770099774.52","reported","0",,"0","0","total",""
"samyang","2021-04","2021-Q2","84700086981",,"84700086981","30","30","84700086981","false","1","84700086981","reported","0",,"0","0","total",""
"samyang","2021-05","2021-Q2","76880458196",,"76880458196","31","30","74400443415.48","false","0.9677","74400443415.48","reported","0",,"0","0","total",""
"samyang","2021-06","2021-Q2","77961441244",,"77961441244","30","30","77961441244","false","1","77961441244","reported","0",,"0","0","total",""
"samyang","2021-07","2021-Q3","78199466540",,"78199466540","31","30","75676903103.23","false","0.9677","75676903103.23","reported","0",,"0","0","total",""
"samyang","2021-08","2021-Q3","77976952359",,"77976952359","31","30","75461566799.03","false","0.9677","75461566799.03","reported","0",,"0","0","total",""
"samyang","2021-09","2021-Q3","84514305010",,"84514305010","30","30","84514305010","false","1","84514305010","reported","0",,"0","0","total",""
"samyang","2021-10","2021-Q4","90096117100",,"90096117100","31","30","87189790741.94","false","0.9677","87189790741.94","reported","0",,"0","0","total",""
"samyang","2021-11","2021-Q4","95318311399",,"95318311399","30","30","95318311399","false","1","95318311399","reported","0",,"0","0","total",""
"samyang","2021-12","2021-Q4","98302490363",,"98302490363","31","30","95131442286.77","false","0.9677","95131442286.77","reported","0",,"0","0","total",""
"samyang","2022-01","2022-Q1","88404083226","29212500687","88404083226","31","30","85552338605.81","false","0.9677","85552338605.81","reported","5654032391.03","14135080977.58","0.4","2","cn | total | us",""
"samyang","2022-02","2022-Q1","79839932211","30401552260","79839932211","28","30","85542784511.79","false","1.0714","85542784511.79","reported","6514618341.43","16286545853.58","0.4","2","cn | total | us",""
"samyang","2022-03","2022-Q1","106472342969","42566228926","106472342969","31","30","103037751260.32","false","0.9677","103037751260.32","reported","8238624953.42","20596562383.55","0.4","2","cn | total | us",""
"samyang","2022-04","2022-Q2","92116045865","29052902101","92116045865","30","30","92116045865","false","1","92116045865","reported","5810580420.2","14526451050.5","0.4","2","cn | total | us",""
"samyang","2022-05","2022-Q2","119314978888","43133807003","119314978888","31","30","115466108601.29","false","0.9677","115466108601.29","reported","8348478774.78","20871196936.95","0.4","2","cn | total | us",""
"samyang","2022-06","2022-Q2","102754287163","40396005886","102754287163","30","30","102754287163","false","1","102754287163","reported","8079201177.2","20198002943","0.4","2","cn | total | us",""
"samyang","2022-07","2022-Q3","98664665369","28536290622","98664665369","31","30","95481934228.06","false","0.9677","95481934228.06","reported","5523153023.61","13807882559.02","0.4","2","cn | total | us",""
"samyang","2022-08","2022-Q3","99283038452","28493110114","99283038452","31","30","96080359792.26","false","0.9677","96080359792.26","reported","5514795505.93","13786988764.83","0.4","2","cn | total | us",""
"samyang","2022-09","2022-Q3","109165980743","36492894271","109165980743","30","30","109165980743","false","1","109165980743","reported","7298578854.2","18246447135.5","0.4","2","cn | total | us",""
"samyang","2022-10","2022-Q4","112626947114","36959220011","112626947114","31","30","108993819787.74","false","0.9677","108993819787.74","reported","7153397421.49","17883493553.72","0.4","2","cn | total | us",""
"samyang","2022-11","2022-Q4","113785578275","36575987563","113785578275","30","30","113785578275","false","1","113785578275","reported","7315197512.6","18287993781.5","0.4","2","cn | total | us",""
"samyang","2022-12","2022-Q4","112123740782","42335561901","112123740782","31","30","108506845918.06","false","0.9677","108506845918.06","reported","8193979722.78","20484949306.95","0.4","2","cn | total | us",""
"samyang","2023-01","2023-Q1","96736111452","29755944528","96736111452","31","30","93615591727.74","false","0.9677","93615591727.74","reported","5759215069.94","14398037674.85","0.4","2","cn | total | us",""
"samyang","2023-02","2023-Q1","108997206895","39195409711","108997206895","28","30","116782721673.21","false","1.0714","116782721673.21","reported","8399016366.64","20997540916.6","0.4","2","cn | total | us",""
"samyang","2023-03","2023-Q1","120252637410","40635249281","120252637410","31","30","116373520074.19","false","0.9677","116373520074.19","reported","7864886957.61","19662217394.02","0.4","2","cn | total | us",""
"samyang","2023-04","2023-Q2","116803750445","36673618685","116803750445","30","30","116803750445","false","1","116803750445","reported","7334723737","18336809342.5","0.4","2","cn | total | us",""
"samyang","2023-05","2023-Q2","121009376221","38751075529","121009376221","31","30","117105847955.81","false","0.9677","117105847955.81","reported","7500208166.9","18750520417.25","0.4","2","cn | total | us",""
"samyang","2023-06","2023-Q2","138228135933","48055844065","138228135933","30","30","138228135933","false","1","138228135933","reported","9611168813","24027922032.5","0.4","2","cn | total | us",""
"samyang","2023-07","2023-Q3","118546475861","39829160313","118546475861","31","30","114722395994.52","false","0.9677","114722395994.52","reported","7708869738","19272174345","0.4","2","cn | total | us",""
"samyang","2023-08","2023-Q3","134961496108","53827052046","134961496108","31","30","130607899459.35","false","0.9677","130607899459.35","reported","10418139105.68","26045347764.2","0.4","2","cn | total | us",""
"samyang","2023-09","2023-Q3","142507190573","57219713535","142507190573","30","30","142507190573","false","1","142507190573","reported","11443942707","28609856767.5","0.4","2","cn | total | us",""
"samyang","2023-10","2023-Q4","142742651118","51731028339","142742651118","31","30","138138049469.03","false","0.9677","138138049469.03","reported","10012457097.87","25031142744.68","0.4","2","cn | total | us",""
"samyang","2023-11","2023-Q4","144580607346","54560394700","144580607346","30","30","144580607346","false","1","144580607346","reported","10912078940","27280197350","0.4","2","cn | total | us",""
"samyang","2023-12","2023-Q4","122716621515","41722345238","122716621515","31","30","118758020820.97","false","0.9677","118758020820.97","reported","8075292626.71","20188231566.77","0.4","2","cn | total | us",""
"samyang","2024-01","2024-Q1","136338590840","34348157204","136338590840","31","30","131940571780.65","false","0.9677","131940571780.65","reported","6648030426.58","16620076066.45","0.4","2","cn | total | us",""
"samyang","2024-02","2024-Q1","143448953710","52453379017","143448953710","29","30","148395469355.17","false","1.0345","148395469355.17","reported","10852423244.9","27131058112.25","0.4","2","cn | total | us",""
"samyang","2024-03","2024-Q1","143089987386","55384982951","143089987386","31","30","138474181341.29","false","0.9677","138474181341.29","reported","10719674119.55","26799185298.87","0.4","2","cn | total | us",""
"samyang","2024-04","2024-Q2","175180202309","62674086097","175180202309","30","30","175180202309","false","1","175180202309","reported","12534817219.4","31337043048.5","0.4","2","cn | total | us",""
"samyang","2024-05","2024-Q2","171828058832","66973679261","171828058832","31","30","166285218224.52","false","0.9677","166285218224.52","reported","12962647598.9","32406618997.25","0.4","2","cn | total | us",""
"samyang","2024-06","2024-Q2","168553709730","66788285232","168553709730","30","30","168553709730","false","1","168553709730","reported","13357657046.4","33394142616","0.4","2","cn | total | us",""
"samyang","2024-07","2024-Q3","178741814612","68844006686","178741814612","31","30","172975949624.52","false","0.9677","172975949624.52","reported","13324646455.36","33311616138.4","0.4","2","cn | total | us",""
"samyang","2024-08","2024-Q3","161599617596","66797769041","161599617596","31","30","156386726705.81","false","0.9677","156386726705.81","reported","12928600459.55","32321501148.87","0.4","2","cn | total | us",""
"samyang","2024-09","2024-Q3","161612543018","61556209943","161612543018","30","30","161612543018","false","1","161612543018","reported","12311241988.6","30778104971.5","0.4","2","cn | total | us",""
"samyang","2024-10","2024-Q4","184077809140","69618801986","184077809140","31","30","178139815296.77","false","0.9677","178139815296.77","reported","13474606836","33686517090","0.4","2","cn | total | us",""
"samyang","2024-11","2024-Q4","191155689745","74567148584","191155689745","30","30","191155689745","false","1","191155689745","reported","14913429716.8","37283574292","0.4","2","cn | total | us",""
"samyang","2024-12","2024-Q4","183134247789","76332138572","183134247789","31","30","177226691408.71","false","0.9677","177226691408.71","reported","14773962304.26","36934905760.65","0.4","2","cn | total | us",""
"samyang","2025-01","2025-Q1","181393955991","64706790872","181393955991","31","30","175542538055.81","false","0.9677","175542538055.81","reported","12523895007.49","31309737518.73","0.4","2","cn | total | us",""
"samyang","2025-02","2025-Q1","203736801324","83289499210","203736801324","28","30","218289429990","false","1.0714","218289429990","reported","17847749830.71","44619374576.77","0.4","2","cn | total | us",""
"samyang","2025-03","2025-Q1","199118963944","82291108175","199118963944","31","30","192695771558.71","false","0.9677","192695771558.71","reported","15927311259.68","39818278149.2","0.4","2","cn | total | us",""
"samyang","2025-04","2025-Q2","227920171704","90790439760","227920171704","30","30","227920171704","false","1","227920171704","reported","18158087952","45395219880","0.4","2","cn | total | us",""
"samyang","2025-05","2025-Q2","209590605274","91099522656","209590605274","31","30","202829618007.1","false","0.9677","202829618007.1","reported","17632165675.36","44080414188.4","0.4","2","cn | total | us",""
"samyang","2025-06","2025-Q2","199667225426","88499821203","199667225426","30","30","199667225426","false","1","199667225426","reported","17699964240.6","44249910601.5","0.4","2","cn | total | us",""
"samyang","2025-07","2025-Q3","208140659232","84676006788","208140659232","31","30","201426444418.06","false","0.9677","201426444418.06","reported","16388904539.61","40972261349.03","0.4","2","cn | total | us",""
"samyang","2025-08","2025-Q3","183960368607","82341345837","183960368607","31","30","178026163168.06","false","0.9677","178026163168.06","reported","15937034678.13","39842586695.32","0.4","2","cn | total | us",""
"samyang","2025-09","2025-Q3","235191636948","106112424752","235191636948","30","30","235191636948","false","1","235191636948","reported","21222484950.4","53056212376","0.4","2","cn | total | us",""
"samyang","2025-10","2025-Q4","208201962178","89707524866","208201962178","31","30","201485769849.68","false","0.9677","201485769849.68","reported","17362746748.26","43406866870.65","0.4","2","cn | total | us",""
"samyang","2025-11","2025-Q4","208853474132","87783138847","208853474132","30","30","208853474132","false","1","208853474132","reported","17556627769.4","43891569423.5","0.4","2","cn | total | us",""
"samyang","2025-12","2025-Q4","235520402002","89810467346","235520402002","31","30","227922969679.35","false","0.9677","227922969679.35","reported","17382671099.23","43456677748.07","0.4","2","cn | total | us",""
"samyang","2026-01","2026-Q1","217431599366","78834601858","217431599366","31","30","210417676805.81","false","0.9677","210417676805.81","reported","15258310037.03","38145775092.57","0.4","2","cn | total | us",""
"samyang","2026-02","2026-Q1","228726923423","82029716681","228726923423","28","30","245064560810.36","false","1.0714","245064560810.36","reported","17577796431.64","43944491079.1","0.4","2","cn | total | us",""
"samyang","2026-03","2026-Q1","272383674374","109941047108","272383674374","31","30","263597104232.9","false","0.9677","263597104232.9","reported","21278912343.48","53197280858.7","0.4","2","cn | total | us",""
"samyang","2026-04","2026-Q2","306552129357","151304241087","306552129357","30","30","306552129357","false","1","306552129357","reported","30260848217.4","75652120543.5","0.4","2","cn | total | us",""
"samyang","2026-05","2026-Q2",,"80516436721","80516436721","31","30","77919132310.65","false","0.9677","77919132310.65","country_sum_fallback","15583826462.13","38959566155.32","0.4","2","cn | us","trass_total_fallback_to_country_sum"
"tnl","1996-02","1996-Q1","28643892",,"28643892","29","30","29631612.41","false","1.0345","29631612.41","reported","0",,"0","0","total",""
"tnl","1996-05","1996-Q2","45158146",,"45158146","31","30","43701431.61","false","0.9677","43701431.61","reported","0",,"0","0","total",""
"tnl","1996-06","1996-Q2","32487023",,"32487023","30","30","32487023","false","1","32487023","reported","0",,"0","0","total",""
"tnl","1996-07","1996-Q3","13776800",,"13776800","31","30","13332387.1","false","0.9677","13332387.1","reported","0",,"0","0","total",""
"tnl","1996-08","1996-Q3","5892217",,"5892217","31","30","5702145.48","false","0.9677","5702145.48","reported","0",,"0","0","total",""
"tnl","1996-09","1996-Q3","7830720",,"7830720","30","30","7830720","false","1","7830720","reported","0",,"0","0","total",""
"tnl","1996-11","1996-Q4","29060841",,"29060841","30","30","29060841","false","1","29060841","reported","0",,"0","0","total",""
"tnl","1996-12","1996-Q4","2190168",,"2190168","31","30","2119517.42","false","0.9677","2119517.42","reported","0",,"0","0","total",""
"tnl","1997-02","1997-Q1","34333991",,"34333991","28","30","36786418.93","false","1.0714","36786418.93","reported","0",,"0","0","total",""
"tnl","1997-06","1997-Q2","15198670",,"15198670","30","30","15198670","false","1","15198670","reported","0",,"0","0","total",""
"tnl","1997-08","1997-Q3","40176388",,"40176388","31","30","38880375.48","false","0.9677","38880375.48","reported","0",,"0","0","total",""
"tnl","1997-09","1997-Q3","1087884",,"1087884","30","30","1087884","false","1","1087884","reported","0",,"0","0","total",""
"tnl","1997-11","1997-Q4","1920928",,"1920928","30","30","1920928","false","1","1920928","reported","0",,"0","0","total",""
"tnl","1998-01","1998-Q1","7755936",,"7755936","31","30","7505744.52","false","0.9677","7505744.52","reported","0",,"0","0","total",""
"tnl","1998-02","1998-Q1","68865753",,"68865753","28","30","73784735.36","false","1.0714","73784735.36","reported","0",,"0","0","total",""
"tnl","1998-03","1998-Q1","47239395",,"47239395","31","30","45715543.55","false","0.9677","45715543.55","reported","0",,"0","0","total",""
"tnl","1998-04","1998-Q2","42484303",,"42484303","30","30","42484303","false","1","42484303","reported","0",,"0","0","total",""
"tnl","1998-05","1998-Q2","2383521",,"2383521","31","30","2306633.23","false","0.9677","2306633.23","reported","0",,"0","0","total",""
"tnl","1998-06","1998-Q2","34508575",,"34508575","30","30","34508575","false","1","34508575","reported","0",,"0","0","total",""
"tnl","1998-08","1998-Q3","82135357",,"82135357","31","30","79485829.35","false","0.9677","79485829.35","reported","0",,"0","0","total",""
"tnl","1998-09","1998-Q3","12004946",,"12004946","30","30","12004946","false","1","12004946","reported","0",,"0","0","total",""
"tnl","1998-10","1998-Q4","13955588",,"13955588","31","30","13505407.74","false","0.9677","13505407.74","reported","0",,"0","0","total",""
"tnl","1998-11","1998-Q4","4926814",,"4926814","30","30","4926814","false","1","4926814","reported","0",,"0","0","total",""
"tnl","1998-12","1998-Q4","2315613",,"2315613","31","30","2240915.81","false","0.9677","2240915.81","reported","0",,"0","0","total",""
"tnl","1999-01","1999-Q1","51054947",,"51054947","31","30","49408013.23","false","0.9677","49408013.23","reported","0",,"0","0","total",""
"tnl","1999-02","1999-Q1","3331450",,"3331450","28","30","3569410.71","false","1.0714","3569410.71","reported","0",,"0","0","total",""
"tnl","1999-03","1999-Q1","79297566",,"79297566","31","30","76739580","false","0.9677","76739580","reported","0",,"0","0","total",""
"tnl","1999-04","1999-Q2","2750432",,"2750432","30","30","2750432","false","1","2750432","reported","0",,"0","0","total",""
"tnl","1999-07","1999-Q3","7204070",,"7204070","31","30","6971680.65","false","0.9677","6971680.65","reported","0",,"0","0","total",""
"tnl","1999-08","1999-Q3","53475533",,"53475533","31","30","51750515.81","false","0.9677","51750515.81","reported","0",,"0","0","total",""
"tnl","1999-09","1999-Q3","40062756",,"40062756","30","30","40062756","false","1","40062756","reported","0",,"0","0","total",""
"tnl","1999-10","1999-Q4","46684819",,"46684819","31","30","45178857.1","false","0.9677","45178857.1","reported","0",,"0","0","total",""
"tnl","1999-11","1999-Q4","120402256",,"120402256","30","30","120402256","false","1","120402256","reported","0",,"0","0","total",""
"tnl","1999-12","1999-Q4","54256443",,"54256443","31","30","52506235.16","false","0.9677","52506235.16","reported","0",,"0","0","total",""
"tnl","2000-01","2000-Q1","19267700",,"19267700","31","30","18646161.29","false","0.9677","18646161.29","reported","0",,"0","0","total",""
"tnl","2000-02","2000-Q1","30109050",,"30109050","29","30","31147293.1","false","1.0345","31147293.1","reported","0",,"0","0","total",""
"tnl","2000-03","2000-Q1","11532650",,"11532650","31","30","11160629.03","false","0.9677","11160629.03","reported","0",,"0","0","total",""
"tnl","2000-04","2000-Q2","58538165",,"58538165","30","30","58538165","false","1","58538165","reported","0",,"0","0","total",""
"tnl","2000-05","2000-Q2","40684543",,"40684543","31","30","39372138.39","false","0.9677","39372138.39","reported","0",,"0","0","total",""
"tnl","2000-06","2000-Q2","2018142",,"2018142","30","30","2018142","false","1","2018142","reported","0",,"0","0","total",""
"tnl","2000-07","2000-Q3","11021830",,"11021830","31","30","10666287.1","false","0.9677","10666287.1","reported","0",,"0","0","total",""
"tnl","2000-08","2000-Q3","87738231",,"87738231","31","30","84907965.48","false","0.9677","84907965.48","reported","0",,"0","0","total",""
"tnl","2000-10","2000-Q4","45388800",,"45388800","31","30","43924645.16","false","0.9677","43924645.16","reported","0",,"0","0","total",""
"tnl","2000-12","2000-Q4","26869480",,"26869480","31","30","26002722.58","false","0.9677","26002722.58","reported","0",,"0","0","total",""
"tnl","2001-01","2001-Q1","7572420",,"7572420","31","30","7328148.39","false","0.9677","7328148.39","reported","0",,"0","0","total",""
"tnl","2001-03","2001-Q1","9674845",,"9674845","31","30","9362753.23","false","0.9677","9362753.23","reported","0",,"0","0","total",""
"tnl","2001-04","2001-Q2","188184570",,"188184570","30","30","188184570","false","1","188184570","reported","0",,"0","0","total",""
"tnl","2001-05","2001-Q2","3394934",,"3394934","31","30","3285420","false","0.9677","3285420","reported","0",,"0","0","total",""
"tnl","2001-06","2001-Q2","32492731",,"32492731","30","30","32492731","false","1","32492731","reported","0",,"0","0","total",""
"tnl","2001-07","2001-Q3","53438048",,"53438048","31","30","51714240","false","0.9677","51714240","reported","0",,"0","0","total",""
"tnl","2001-08","2001-Q3","74989660",,"74989660","31","30","72570638.71","false","0.9677","72570638.71","reported","0",,"0","0","total",""
"tnl","2001-09","2001-Q3","15803612",,"15803612","30","30","15803612","false","1","15803612","reported","0",,"0","0","total",""
"tnl","2001-10","2001-Q4","27738506",,"27738506","31","30","26843715.48","false","0.9677","26843715.48","reported","0",,"0","0","total",""
"tnl","2001-11","2001-Q4","124952711",,"124952711","30","30","124952711","false","1","124952711","reported","0",,"0","0","total",""
"tnl","2001-12","2001-Q4","84765090",,"84765090","31","30","82030732.26","false","0.9677","82030732.26","reported","0",,"0","0","total",""
"tnl","2002-01","2002-Q1","33589717",,"33589717","31","30","32506177.74","false","0.9677","32506177.74","reported","0",,"0","0","total",""
"tnl","2002-02","2002-Q1","6265296",,"6265296","28","30","6712817.14","false","1.0714","6712817.14","reported","0",,"0","0","total",""
"tnl","2002-03","2002-Q1","116218993",,"116218993","31","30","112469993.23","false","0.9677","112469993.23","reported","0",,"0","0","total",""
"tnl","2002-04","2002-Q2","86134501",,"86134501","30","30","86134501","false","1","86134501","reported","0",,"0","0","total",""
"tnl","2002-05","2002-Q2","149381382",,"149381382","31","30","144562627.74","false","0.9677","144562627.74","reported","0",,"0","0","total",""
"tnl","2002-06","2002-Q2","104815232",,"104815232","30","30","104815232","false","1","104815232","reported","0",,"0","0","total",""
"tnl","2002-07","2002-Q3","10283945",,"10283945","31","30","9952204.84","false","0.9677","9952204.84","reported","0",,"0","0","total",""
"tnl","2002-08","2002-Q3","41178019",,"41178019","31","30","39849695.81","false","0.9677","39849695.81","reported","0",,"0","0","total",""
"tnl","2002-09","2002-Q3","47950713",,"47950713","30","30","47950713","false","1","47950713","reported","0",,"0","0","total",""
"tnl","2002-10","2002-Q4","69756870",,"69756870","31","30","67506648.39","false","0.9677","67506648.39","reported","0",,"0","0","total",""
"tnl","2002-11","2002-Q4","145074421",,"145074421","30","30","145074421","false","1","145074421","reported","0",,"0","0","total",""
"tnl","2002-12","2002-Q4","226100657",,"226100657","31","30","218807087.42","false","0.9677","218807087.42","reported","0",,"0","0","total",""
"tnl","2003-01","2003-Q1","260446919",,"260446919","31","30","252045405.48","false","0.9677","252045405.48","reported","0",,"0","0","total",""
"tnl","2003-02","2003-Q1","141376801",,"141376801","28","30","151475143.93","false","1.0714","151475143.93","reported","0",,"0","0","total",""
"tnl","2003-03","2003-Q1","91373015",,"91373015","31","30","88425498.39","false","0.9677","88425498.39","reported","0",,"0","0","total",""
"tnl","2003-04","2003-Q2","186478659",,"186478659","30","30","186478659","false","1","186478659","reported","0",,"0","0","total",""
"tnl","2003-05","2003-Q2","120973470",,"120973470","31","30","117071100","false","0.9677","117071100","reported","0",,"0","0","total",""
"tnl","2003-06","2003-Q2","30619795",,"30619795","30","30","30619795","false","1","30619795","reported","0",,"0","0","total",""
"tnl","2003-07","2003-Q3","171273230",,"171273230","31","30","165748287.1","false","0.9677","165748287.1","reported","0",,"0","0","total",""
"tnl","2003-08","2003-Q3","171901073",,"171901073","31","30","166355877.1","false","0.9677","166355877.1","reported","0",,"0","0","total",""
"tnl","2003-09","2003-Q3","197106728",,"197106728","30","30","197106728","false","1","197106728","reported","0",,"0","0","total",""
"tnl","2003-10","2003-Q4","130770609",,"130770609","31","30","126552202.26","false","0.9677","126552202.26","reported","0",,"0","0","total",""
"tnl","2003-11","2003-Q4","207019617",,"207019617","30","30","207019617","false","1","207019617","reported","0",,"0","0","total",""
"tnl","2003-12","2003-Q4","366736669",,"366736669","31","30","354906453.87","false","0.9677","354906453.87","reported","0",,"0","0","total",""
"tnl","2004-01","2004-Q1","99821501",,"99821501","31","30","96601452.58","false","0.9677","96601452.58","reported","0",,"0","0","total",""
"tnl","2004-02","2004-Q1","156654026",,"156654026","29","30","162055888.97","false","1.0345","162055888.97","reported","0",,"0","0","total",""
"tnl","2004-03","2004-Q1","400053739",,"400053739","31","30","387148779.68","false","0.9677","387148779.68","reported","0",,"0","0","total",""
"tnl","2004-04","2004-Q2","210753969",,"210753969","30","30","210753969","false","1","210753969","reported","0",,"0","0","total",""
"tnl","2004-05","2004-Q2","314555993",,"314555993","31","30","304409025.48","false","0.9677","304409025.48","reported","0",,"0","0","total",""
"tnl","2004-06","2004-Q2","237539246",,"237539246","30","30","237539246","false","1","237539246","reported","0",,"0","0","total",""
"tnl","2004-07","2004-Q3","248278243",,"248278243","31","30","240269267.42","false","0.9677","240269267.42","reported","0",,"0","0","total",""
"tnl","2004-08","2004-Q3","102510710",,"102510710","31","30","99203912.9","false","0.9677","99203912.9","reported","0",,"0","0","total",""
"tnl","2004-09","2004-Q3","141941920",,"141941920","30","30","141941920","false","1","141941920","reported","0",,"0","0","total",""
"tnl","2004-10","2004-Q4","74913303",,"74913303","31","30","72496744.84","false","0.9677","72496744.84","reported","0",,"0","0","total",""
"tnl","2004-11","2004-Q4","228631095",,"228631095","30","30","228631095","false","1","228631095","reported","0",,"0","0","total",""
"tnl","2004-12","2004-Q4","138750005",,"138750005","31","30","134274198.39","false","0.9677","134274198.39","reported","0",,"0","0","total",""
"tnl","2005-01","2005-Q1","108999220",,"108999220","31","30","105483116.13","false","0.9677","105483116.13","reported","0",,"0","0","total",""
"tnl","2005-02","2005-Q1","97576685",,"97576685","28","30","104546448.21","false","1.0714","104546448.21","reported","0",,"0","0","total",""
"tnl","2005-03","2005-Q1","184013684",,"184013684","31","30","178077758.71","false","0.9677","178077758.71","reported","0",,"0","0","total",""
"tnl","2005-04","2005-Q2","176608472",,"176608472","30","30","176608472","false","1","176608472","reported","0",,"0","0","total",""
"tnl","2005-05","2005-Q2","122345858",,"122345858","31","30","118399217.42","false","0.9677","118399217.42","reported","0",,"0","0","total",""
"tnl","2005-06","2005-Q2","173623296",,"173623296","30","30","173623296","false","1","173623296","reported","0",,"0","0","total",""
"tnl","2005-07","2005-Q3","333742938",,"333742938","31","30","322977036.77","false","0.9677","322977036.77","reported","0",,"0","0","total",""
"tnl","2005-08","2005-Q3","93444856",,"93444856","31","30","90430505.81","false","0.9677","90430505.81","reported","0",,"0","0","total",""
"tnl","2005-09","2005-Q3","77017432",,"77017432","30","30","77017432","false","1","77017432","reported","0",,"0","0","total",""
"tnl","2005-10","2005-Q4","483585756",,"483585756","31","30","467986215.48","false","0.9677","467986215.48","reported","0",,"0","0","total",""
"tnl","2005-11","2005-Q4","167514571",,"167514571","30","30","167514571","false","1","167514571","reported","0",,"0","0","total",""
"tnl","2005-12","2005-Q4","164629276",,"164629276","31","30","159318654.19","false","0.9677","159318654.19","reported","0",,"0","0","total",""
"tnl","2006-01","2006-Q1","99313817",,"99313817","31","30","96110145.48","false","0.9677","96110145.48","reported","0",,"0","0","total",""
"tnl","2006-02","2006-Q1","55194039",,"55194039","28","30","59136470.36","false","1.0714","59136470.36","reported","0",,"0","0","total",""
"tnl","2006-03","2006-Q1","68992442",,"68992442","31","30","66766879.35","false","0.9677","66766879.35","reported","0",,"0","0","total",""
"tnl","2006-04","2006-Q2","39843089",,"39843089","30","30","39843089","false","1","39843089","reported","0",,"0","0","total",""
"tnl","2006-05","2006-Q2","104977196",,"104977196","31","30","101590834.84","false","0.9677","101590834.84","reported","0",,"0","0","total",""
"tnl","2006-06","2006-Q2","119790186",,"119790186","30","30","119790186","false","1","119790186","reported","0",,"0","0","total",""
"tnl","2006-07","2006-Q3","119036095",,"119036095","31","30","115196220.97","false","0.9677","115196220.97","reported","0",,"0","0","total",""
"tnl","2006-08","2006-Q3","66192737",,"66192737","31","30","64057487.42","false","0.9677","64057487.42","reported","0",,"0","0","total",""
"tnl","2006-09","2006-Q3","271102252",,"271102252","30","30","271102252","false","1","271102252","reported","0",,"0","0","total",""
"tnl","2006-10","2006-Q4","98255768",,"98255768","31","30","95086227.1","false","0.9677","95086227.1","reported","0",,"0","0","total",""
"tnl","2006-11","2006-Q4","169477275",,"169477275","30","30","169477275","false","1","169477275","reported","0",,"0","0","total",""
"tnl","2006-12","2006-Q4","289126829",,"289126829","31","30","279800157.1","false","0.9677","279800157.1","reported","0",,"0","0","total",""
"tnl","2007-01","2007-Q1","268732846",,"268732846","31","30","260064044.52","false","0.9677","260064044.52","reported","0",,"0","0","total",""
"tnl","2007-02","2007-Q1","90928170",,"90928170","28","30","97423039.29","false","1.0714","97423039.29","reported","0",,"0","0","total",""
"tnl","2007-03","2007-Q1","81643205",,"81643205","31","30","79009553.23","false","0.9677","79009553.23","reported","0",,"0","0","total",""
"tnl","2007-04","2007-Q2","76864534",,"76864534","30","30","76864534","false","1","76864534","reported","0",,"0","0","total",""
"tnl","2007-05","2007-Q2","110313632",,"110313632","31","30","106755127.74","false","0.9677","106755127.74","reported","0",,"0","0","total",""
"tnl","2007-06","2007-Q2","92520868",,"92520868","30","30","92520868","false","1","92520868","reported","0",,"0","0","total",""
"tnl","2007-07","2007-Q3","198061096",,"198061096","31","30","191672028.39","false","0.9677","191672028.39","reported","0",,"0","0","total",""
"tnl","2007-08","2007-Q3","189491033",,"189491033","31","30","183378419.03","false","0.9677","183378419.03","reported","0",,"0","0","total",""
"tnl","2007-09","2007-Q3","251679736",,"251679736","30","30","251679736","false","1","251679736","reported","0",,"0","0","total",""
"tnl","2007-10","2007-Q4","238952975",,"238952975","31","30","231244814.52","false","0.9677","231244814.52","reported","0",,"0","0","total",""
"tnl","2007-11","2007-Q4","271106036",,"271106036","30","30","271106036","false","1","271106036","reported","0",,"0","0","total",""
"tnl","2007-12","2007-Q4","80612416",,"80612416","31","30","78012015.48","false","0.9677","78012015.48","reported","0",,"0","0","total",""
"tnl","2008-01","2008-Q1","282930992",,"282930992","31","30","273804185.81","false","0.9677","273804185.81","reported","0",,"0","0","total",""
"tnl","2008-02","2008-Q1","108139933",,"108139933","29","30","111868896.21","false","1.0345","111868896.21","reported","0",,"0","0","total",""
"tnl","2008-03","2008-Q1","31454666",,"31454666","31","30","30439999.35","false","0.9677","30439999.35","reported","0",,"0","0","total",""
"tnl","2008-04","2008-Q2","198790208",,"198790208","30","30","198790208","false","1","198790208","reported","0",,"0","0","total",""
"tnl","2008-05","2008-Q2","399794974",,"399794974","31","30","386898361.94","false","0.9677","386898361.94","reported","0",,"0","0","total",""
"tnl","2008-06","2008-Q2","98989992",,"98989992","30","30","98989992","false","1","98989992","reported","0",,"0","0","total",""
"tnl","2008-07","2008-Q3","215816307",,"215816307","31","30","208854490.65","false","0.9677","208854490.65","reported","0",,"0","0","total",""
"tnl","2008-08","2008-Q3","52001428",,"52001428","31","30","50323962.58","false","0.9677","50323962.58","reported","0",,"0","0","total",""
"tnl","2008-09","2008-Q3","589014061",,"589014061","30","30","589014061","false","1","589014061","reported","0",,"0","0","total",""
"tnl","2008-10","2008-Q4","132985919",,"132985919","31","30","128696050.65","false","0.9677","128696050.65","reported","0",,"0","0","total",""
"tnl","2008-11","2008-Q4","312837430",,"312837430","30","30","312837430","false","1","312837430","reported","0",,"0","0","total",""
"tnl","2008-12","2008-Q4","834763464",,"834763464","31","30","807835610.32","false","0.9677","807835610.32","reported","0",,"0","0","total",""
"tnl","2009-01","2009-Q1","533518851",,"533518851","31","30","516308565.48","false","0.9677","516308565.48","reported","0",,"0","0","total",""
"tnl","2009-02","2009-Q1","621489594",,"621489594","28","30","665881707.86","false","1.0714","665881707.86","reported","0",,"0","0","total",""
"tnl","2009-03","2009-Q1","606645124",,"606645124","31","30","587075926.45","false","0.9677","587075926.45","reported","0",,"0","0","total",""
"tnl","2009-04","2009-Q2","573793370",,"573793370","30","30","573793370","false","1","573793370","reported","0",,"0","0","total",""
"tnl","2009-05","2009-Q2","915309216",,"915309216","31","30","885783112.26","false","0.9677","885783112.26","reported","0",,"0","0","total",""
"tnl","2009-06","2009-Q2","565904806",,"565904806","30","30","565904806","false","1","565904806","reported","0",,"0","0","total",""
"tnl","2009-07","2009-Q3","852844142",,"852844142","31","30","825333040.65","false","0.9677","825333040.65","reported","0",,"0","0","total",""
"tnl","2009-08","2009-Q3","234627250",,"234627250","31","30","227058629.03","false","0.9677","227058629.03","reported","0",,"0","0","total",""
"tnl","2009-09","2009-Q3","173966521",,"173966521","30","30","173966521","false","1","173966521","reported","0",,"0","0","total",""
"tnl","2009-10","2009-Q4","768842885",,"768842885","31","30","744041501.61","false","0.9677","744041501.61","reported","0",,"0","0","total",""
"tnl","2009-11","2009-Q4","794869974",,"794869974","30","30","794869974","false","1","794869974","reported","0",,"0","0","total",""
"tnl","2009-12","2009-Q4","245257851",,"245257851","31","30","237346307.42","false","0.9677","237346307.42","reported","0",,"0","0","total",""
"tnl","2010-01","2010-Q1","492034365",,"492034365","31","30","476162288.71","false","0.9677","476162288.71","reported","0",,"0","0","total",""
"tnl","2010-02","2010-Q1","448970905",,"448970905","28","30","481040255.36","false","1.0714","481040255.36","reported","0",,"0","0","total",""
"tnl","2010-03","2010-Q1","420605596",,"420605596","31","30","407037673.55","false","0.9677","407037673.55","reported","0",,"0","0","total",""
"tnl","2010-04","2010-Q2","717690368",,"717690368","30","30","717690368","false","1","717690368","reported","0",,"0","0","total",""
"tnl","2010-05","2010-Q2","1072129206",,"1072129206","31","30","1037544392.9","false","0.9677","1037544392.9","reported","0",,"0","0","total",""
"tnl","2010-06","2010-Q2","385833113",,"385833113","30","30","385833113","false","1","385833113","reported","0",,"0","0","total",""
"tnl","2010-07","2010-Q3","679737321",,"679737321","31","30","657810310.65","false","0.9677","657810310.65","reported","0",,"0","0","total",""
"tnl","2010-08","2010-Q3","588034182",,"588034182","31","30","569065337.42","false","0.9677","569065337.42","reported","0",,"0","0","total",""
"tnl","2010-09","2010-Q3","1206875182",,"1206875182","30","30","1206875182","false","1","1206875182","reported","0",,"0","0","total",""
"tnl","2010-10","2010-Q4","1725226286",,"1725226286","31","30","1669573825.16","false","0.9677","1669573825.16","reported","0",,"0","0","total",""
"tnl","2010-11","2010-Q4","126726997",,"126726997","30","30","126726997","false","1","126726997","reported","0",,"0","0","total",""
"tnl","2010-12","2010-Q4","1411072134",,"1411072134","31","30","1365553678.06","false","0.9677","1365553678.06","reported","0",,"0","0","total",""
"tnl","2011-01","2011-Q1","549718906",,"549718906","31","30","531986038.06","false","0.9677","531986038.06","reported","0",,"0","0","total",""
"tnl","2011-02","2011-Q1","334617567",,"334617567","28","30","358518821.79","false","1.0714","358518821.79","reported","0",,"0","0","total",""
"tnl","2011-03","2011-Q1","1110606653",,"1110606653","31","30","1074780631.94","false","0.9677","1074780631.94","reported","0",,"0","0","total",""
"tnl","2011-04","2011-Q2","974792197",,"974792197","30","30","974792197","false","1","974792197","reported","0",,"0","0","total",""
"tnl","2011-05","2011-Q2","879827521",,"879827521","31","30","851445988.06","false","0.9677","851445988.06","reported","0",,"0","0","total",""
"tnl","2011-06","2011-Q2","3888718636",,"3888718636","30","30","3888718636","false","1","3888718636","reported","0",,"0","0","total",""
"tnl","2011-07","2011-Q3","468158309",,"468158309","31","30","453056428.06","false","0.9677","453056428.06","reported","0",,"0","0","total",""
"tnl","2011-08","2011-Q3","412789222",,"412789222","31","30","399473440.65","false","0.9677","399473440.65","reported","0",,"0","0","total",""
"tnl","2011-09","2011-Q3","891584672",,"891584672","30","30","891584672","false","1","891584672","reported","0",,"0","0","total",""
"tnl","2011-10","2011-Q4","371030769",,"371030769","31","30","359062034.52","false","0.9677","359062034.52","reported","0",,"0","0","total",""
"tnl","2011-11","2011-Q4","2056102269",,"2056102269","30","30","2056102269","false","1","2056102269","reported","0",,"0","0","total",""
"tnl","2011-12","2011-Q4","1243400052",,"1243400052","31","30","1203290372.9","false","0.9677","1203290372.9","reported","0",,"0","0","total",""
"tnl","2012-01","2012-Q1","419883733",,"419883733","31","30","406339096.45","false","0.9677","406339096.45","reported","0",,"0","0","total",""
"tnl","2012-02","2012-Q1","946119996",,"946119996","29","30","978744823.45","false","1.0345","978744823.45","reported","0",,"0","0","total",""
"tnl","2012-03","2012-Q1","818120875",,"818120875","31","30","791729879.03","false","0.9677","791729879.03","reported","0",,"0","0","total",""
"tnl","2012-04","2012-Q2","1496409323",,"1496409323","30","30","1496409323","false","1","1496409323","reported","0",,"0","0","total",""
"tnl","2012-05","2012-Q2","1941339156",,"1941339156","31","30","1878715312.26","false","0.9677","1878715312.26","reported","0",,"0","0","total",""
"tnl","2012-06","2012-Q2","439898165",,"439898165","30","30","439898165","false","1","439898165","reported","0",,"0","0","total",""
"tnl","2012-07","2012-Q3","1647975148",,"1647975148","31","30","1594814659.35","false","0.9677","1594814659.35","reported","0",,"0","0","total",""
"tnl","2012-08","2012-Q3","426988732",,"426988732","31","30","413214901.94","false","0.9677","413214901.94","reported","0",,"0","0","total",""
"tnl","2012-09","2012-Q3","1885040198",,"1885040198","30","30","1885040198","false","1","1885040198","reported","0",,"0","0","total",""
"tnl","2012-10","2012-Q4","986431199",,"986431199","31","30","954610837.74","false","0.9677","954610837.74","reported","0",,"0","0","total",""
"tnl","2012-11","2012-Q4","3574429404",,"3574429404","30","30","3574429404","false","1","3574429404","reported","0",,"0","0","total",""
"tnl","2012-12","2012-Q4","4657202306",,"4657202306","31","30","4506969973.55","false","0.9677","4506969973.55","reported","0",,"0","0","total",""
"tnl","2013-01","2013-Q1","1149756803",,"1149756803","31","30","1112667873.87","false","0.9677","1112667873.87","reported","0",,"0","0","total",""
"tnl","2013-02","2013-Q1","2145931257",,"2145931257","28","30","2299212061.07","false","1.0714","2299212061.07","reported","0",,"0","0","total",""
"tnl","2013-03","2013-Q1","1324042505",,"1324042505","31","30","1281331456.45","false","0.9677","1281331456.45","reported","0",,"0","0","total",""
"tnl","2013-04","2013-Q2","1342802208",,"1342802208","30","30","1342802208","false","1","1342802208","reported","0",,"0","0","total",""
"tnl","2013-05","2013-Q2","1284229497",,"1284229497","31","30","1242802739.03","false","0.9677","1242802739.03","reported","0",,"0","0","total",""
"tnl","2013-06","2013-Q2","1935957756",,"1935957756","30","30","1935957756","false","1","1935957756","reported","0",,"0","0","total",""
"tnl","2013-07","2013-Q3","385370049",,"385370049","31","30","372938757.1","false","0.9677","372938757.1","reported","0",,"0","0","total",""
"tnl","2013-08","2013-Q3","657886354",,"657886354","31","30","636664213.55","false","0.9677","636664213.55","reported","0",,"0","0","total",""
"tnl","2013-09","2013-Q3","738609007",,"738609007","30","30","738609007","false","1","738609007","reported","0",,"0","0","total",""
"tnl","2013-10","2013-Q4","6083785455",,"6083785455","31","30","5887534311.29","false","0.9677","5887534311.29","reported","0",,"0","0","total",""
"tnl","2013-11","2013-Q4","1611065326",,"1611065326","30","30","1611065326","false","1","1611065326","reported","0",,"0","0","total",""
"tnl","2013-12","2013-Q4","2643032828",,"2643032828","31","30","2557773704.52","false","0.9677","2557773704.52","reported","0",,"0","0","total",""
"tnl","2014-01","2014-Q1","1308032608",,"1308032608","31","30","1265838007.74","false","0.9677","1265838007.74","reported","0",,"0","0","total",""
"tnl","2014-02","2014-Q1","686604105",,"686604105","28","30","735647255.36","false","1.0714","735647255.36","reported","0",,"0","0","total",""
"tnl","2014-03","2014-Q1","1498065643",,"1498065643","31","30","1449740944.84","false","0.9677","1449740944.84","reported","0",,"0","0","total",""
"tnl","2014-04","2014-Q2","596247830",,"596247830","30","30","596247830","false","1","596247830","reported","0",,"0","0","total",""
"tnl","2014-05","2014-Q2","1128630788",,"1128630788","31","30","1092223343.23","false","0.9677","1092223343.23","reported","0",,"0","0","total",""
"tnl","2014-06","2014-Q2","988078581",,"988078581","30","30","988078581","false","1","988078581","reported","0",,"0","0","total",""
"tnl","2014-07","2014-Q3","1814433182",,"1814433182","31","30","1755903079.35","false","0.9677","1755903079.35","reported","0",,"0","0","total",""
"tnl","2014-08","2014-Q3","984055509",,"984055509","31","30","952311782.9","false","0.9677","952311782.9","reported","0",,"0","0","total",""
"tnl","2014-09","2014-Q3","1030991411",,"1030991411","30","30","1030991411","false","1","1030991411","reported","0",,"0","0","total",""
"tnl","2014-10","2014-Q4","1586491750",,"1586491750","31","30","1535314596.77","false","0.9677","1535314596.77","reported","0",,"0","0","total",""
"tnl","2014-11","2014-Q4","4603867601",,"4603867601","30","30","4603867601","false","1","4603867601","reported","0",,"0","0","total",""
"tnl","2014-12","2014-Q4","6214322665",,"6214322665","31","30","6013860643.55","false","0.9677","6013860643.55","reported","0",,"0","0","total",""
"tnl","2015-01","2015-Q1","1677220883",,"1677220883","31","30","1623116983.55","false","0.9677","1623116983.55","reported","0",,"0","0","total",""
"tnl","2015-02","2015-Q1","1017795341",,"1017795341","28","30","1090495008.21","false","1.0714","1090495008.21","reported","0",,"0","0","total",""
"tnl","2015-03","2015-Q1","1788169343",,"1788169343","31","30","1730486460.97","false","0.9677","1730486460.97","reported","0",,"0","0","total",""
"tnl","2015-04","2015-Q2","1730066453",,"1730066453","30","30","1730066453","false","1","1730066453","reported","0",,"0","0","total",""
"tnl","2015-05","2015-Q2","1413683063",,"1413683063","31","30","1368080383.55","false","0.9677","1368080383.55","reported","0",,"0","0","total",""
"tnl","2015-06","2015-Q2","1618836771",,"1618836771","30","30","1618836771","false","1","1618836771","reported","0",,"0","0","total",""
"tnl","2015-07","2015-Q3","1765043415",,"1765043415","31","30","1708106530.65","false","0.9677","1708106530.65","reported","0",,"0","0","total",""
"tnl","2015-08","2015-Q3","1726116064",,"1726116064","31","30","1670434900.65","false","0.9677","1670434900.65","reported","0",,"0","0","total",""
"tnl","2015-09","2015-Q3","6544952503",,"6544952503","30","30","6544952503","false","1","6544952503","reported","0",,"0","0","total",""
"tnl","2015-10","2015-Q4","2190020306",,"2190020306","31","30","2119374489.68","false","0.9677","2119374489.68","reported","0",,"0","0","total",""
"tnl","2015-11","2015-Q4","3376922085",,"3376922085","30","30","3376922085","false","1","3376922085","reported","0",,"0","0","total",""
"tnl","2015-12","2015-Q4","3280955834",,"3280955834","31","30","3175118549.03","false","0.9677","3175118549.03","reported","0",,"0","0","total",""
"tnl","2016-01","2016-Q1","2270206457",,"2270206457","31","30","2196973990.65","false","0.9677","2196973990.65","reported","0",,"0","0","total",""
"tnl","2016-02","2016-Q1","1384695680",,"1384695680","29","30","1432443806.9","false","1.0345","1432443806.9","reported","0",,"0","0","total",""
"tnl","2016-03","2016-Q1","3332473999",,"3332473999","31","30","3224974837.74","false","0.9677","3224974837.74","reported","0",,"0","0","total",""
"tnl","2016-04","2016-Q2","1753913145",,"1753913145","30","30","1753913145","false","1","1753913145","reported","0",,"0","0","total",""
"tnl","2016-05","2016-Q2","2449814837",,"2449814837","31","30","2370788551.94","false","0.9677","2370788551.94","reported","0",,"0","0","total",""
"tnl","2016-06","2016-Q2","2703743873",,"2703743873","30","30","2703743873","false","1","2703743873","reported","0",,"0","0","total",""
"tnl","2016-07","2016-Q3","1144316622",,"1144316622","31","30","1107403182.58","false","0.9677","1107403182.58","reported","0",,"0","0","total",""
"tnl","2016-08","2016-Q3","1880733220",,"1880733220","31","30","1820064406.45","false","0.9677","1820064406.45","reported","0",,"0","0","total",""
"tnl","2016-09","2016-Q3","633450192",,"633450192","30","30","633450192","false","1","633450192","reported","0",,"0","0","total",""
"tnl","2016-10","2016-Q4","1874799245",,"1874799245","31","30","1814321850","false","0.9677","1814321850","reported","0",,"0","0","total",""
"tnl","2016-11","2016-Q4","1446320213",,"1446320213","30","30","1446320213","false","1","1446320213","reported","0",,"0","0","total",""
"tnl","2016-12","2016-Q4","1249007359",,"1249007359","31","30","1208716799.03","false","0.9677","1208716799.03","reported","0",,"0","0","total",""
"tnl","2017-01","2017-Q1","1467066030",,"1467066030","31","30","1419741319.35","false","0.9677","1419741319.35","reported","0",,"0","0","total",""
"tnl","2017-02","2017-Q1","3205679893",,"3205679893","28","30","3434657028.21","false","1.0714","3434657028.21","reported","0",,"0","0","total",""
"tnl","2017-03","2017-Q1","3452416951",,"3452416951","31","30","3341048662.26","false","0.9677","3341048662.26","reported","0",,"0","0","total",""
"tnl","2017-04","2017-Q2","2719153708",,"2719153708","30","30","2719153708","false","1","2719153708","reported","0",,"0","0","total",""
"tnl","2017-05","2017-Q2","880873975",,"880873975","31","30","852458685.48","false","0.9677","852458685.48","reported","0",,"0","0","total",""
"tnl","2017-06","2017-Q2","2657190687",,"2657190687","30","30","2657190687","false","1","2657190687","reported","0",,"0","0","total",""
"tnl","2017-07","2017-Q3","2790721971",,"2790721971","31","30","2700698681.61","false","0.9677","2700698681.61","reported","0",,"0","0","total",""
"tnl","2017-08","2017-Q3","2779410120",,"2779410120","31","30","2689751729.03","false","0.9677","2689751729.03","reported","0",,"0","0","total",""
"tnl","2017-09","2017-Q3","1840103997",,"1840103997","30","30","1840103997","false","1","1840103997","reported","0",,"0","0","total",""
"tnl","2017-10","2017-Q4","2782724925",,"2782724925","31","30","2692959604.84","false","0.9677","2692959604.84","reported","0",,"0","0","total",""
"tnl","2017-11","2017-Q4","2421066966",,"2421066966","30","30","2421066966","false","1","2421066966","reported","0",,"0","0","total",""
"tnl","2017-12","2017-Q4","2999042047",,"2999042047","31","30","2902298755.16","false","0.9677","2902298755.16","reported","0",,"0","0","total",""
"tnl","2018-01","2018-Q1","828577444",,"828577444","31","30","801849139.35","false","0.9677","801849139.35","reported","0",,"0","0","total",""
"tnl","2018-02","2018-Q1","1694805888",,"1694805888","28","30","1815863451.43","false","1.0714","1815863451.43","reported","0",,"0","0","total",""
"tnl","2018-03","2018-Q1","2425887156",,"2425887156","31","30","2347632731.61","false","0.9677","2347632731.61","reported","0",,"0","0","total",""
"tnl","2018-04","2018-Q2","1634535478",,"1634535478","30","30","1634535478","false","1","1634535478","reported","0",,"0","0","total",""
"tnl","2018-05","2018-Q2","3475680600",,"3475680600","31","30","3363561870.97","false","0.9677","3363561870.97","reported","0",,"0","0","total",""
"tnl","2018-06","2018-Q2","2442358120",,"2442358120","30","30","2442358120","false","1","2442358120","reported","0",,"0","0","total",""
"tnl","2018-07","2018-Q3","1849923427",,"1849923427","31","30","1790248477.74","false","0.9677","1790248477.74","reported","0",,"0","0","total",""
"tnl","2018-08","2018-Q3","3631367436",,"3631367436","31","30","3514226550.97","false","0.9677","3514226550.97","reported","0",,"0","0","total",""
"tnl","2018-09","2018-Q3","1367108346",,"1367108346","30","30","1367108346","false","1","1367108346","reported","0",,"0","0","total",""
"tnl","2018-10","2018-Q4","3447828761",,"3447828761","31","30","3336608478.39","false","0.9677","3336608478.39","reported","0",,"0","0","total",""
"tnl","2018-11","2018-Q4","3010281524",,"3010281524","30","30","3010281524","false","1","3010281524","reported","0",,"0","0","total",""
"tnl","2018-12","2018-Q4","5366798689",,"5366798689","31","30","5193676150.65","false","0.9677","5193676150.65","reported","0",,"0","0","total",""
"tnl","2019-01","2019-Q1","921687473",,"921687473","31","30","891955619.03","false","0.9677","891955619.03","reported","0",,"0","0","total",""
"tnl","2019-02","2019-Q1","1920431421",,"1920431421","28","30","2057605093.93","false","1.0714","2057605093.93","reported","0",,"0","0","total",""
"tnl","2019-03","2019-Q1","3092297923",,"3092297923","31","30","2992546377.1","false","0.9677","2992546377.1","reported","0",,"0","0","total",""
"tnl","2019-04","2019-Q2","2006883299",,"2006883299","30","30","2006883299","false","1","2006883299","reported","0",,"0","0","total",""
"tnl","2019-05","2019-Q2","4102985582",,"4102985582","31","30","3970631208.39","false","0.9677","3970631208.39","reported","0",,"0","0","total",""
"tnl","2019-06","2019-Q2","3083564043",,"3083564043","30","30","3083564043","false","1","3083564043","reported","0",,"0","0","total",""
"tnl","2019-07","2019-Q3","1992444668",,"1992444668","31","30","1928172259.35","false","0.9677","1928172259.35","reported","0",,"0","0","total",""
"tnl","2019-08","2019-Q3","2719528414",,"2719528414","31","30","2631801690.97","false","0.9677","2631801690.97","reported","0",,"0","0","total",""
"tnl","2019-09","2019-Q3","2357318834",,"2357318834","30","30","2357318834","false","1","2357318834","reported","0",,"0","0","total",""
"tnl","2019-10","2019-Q4","3851804159",,"3851804159","31","30","3727552411.94","false","0.9677","3727552411.94","reported","0",,"0","0","total",""
"tnl","2019-11","2019-Q4","2425232566",,"2425232566","30","30","2425232566","false","1","2425232566","reported","0",,"0","0","total",""
"tnl","2019-12","2019-Q4","3458831514",,"3458831514","31","30","3347256303.87","false","0.9677","3347256303.87","reported","0",,"0","0","total",""
"tnl","2020-01","2020-Q1","1262514487",,"1262514487","31","30","1221788213.23","false","0.9677","1221788213.23","reported","0",,"0","0","total",""
"tnl","2020-02","2020-Q1","2807357649",,"2807357649","29","30","2904163085.17","false","1.0345","2904163085.17","reported","0",,"0","0","total",""
"tnl","2020-03","2020-Q1","3149688710",,"3149688710","31","30","3048085848.39","false","0.9677","3048085848.39","reported","0",,"0","0","total",""
"tnl","2020-04","2020-Q2","2474587329",,"2474587329","30","30","2474587329","false","1","2474587329","reported","0",,"0","0","total",""
"tnl","2020-05","2020-Q2","3920459412",,"3920459412","31","30","3793992979.35","false","0.9677","3793992979.35","reported","0",,"0","0","total",""
"tnl","2020-06","2020-Q2","2756985998",,"2756985998","30","30","2756985998","false","1","2756985998","reported","0",,"0","0","total",""
"tnl","2020-07","2020-Q3","3865257129",,"3865257129","31","30","3740571415.16","false","0.9677","3740571415.16","reported","0",,"0","0","total",""
"tnl","2020-08","2020-Q3","2386127412",,"2386127412","31","30","2309155560","false","0.9677","2309155560","reported","0",,"0","0","total",""
"tnl","2020-09","2020-Q3","1078279280",,"1078279280","30","30","1078279280","false","1","1078279280","reported","0",,"0","0","total",""
"tnl","2020-10","2020-Q4","3968317465",,"3968317465","31","30","3840307224.19","false","0.9677","3840307224.19","reported","0",,"0","0","total",""
"tnl","2020-11","2020-Q4","4168350714",,"4168350714","30","30","4168350714","false","1","4168350714","reported","0",,"0","0","total",""
"tnl","2020-12","2020-Q4","5170311787",,"5170311787","31","30","5003527535.81","false","0.9677","5003527535.81","reported","0",,"0","0","total",""
"tnl","2021-01","2021-Q1","2633585469",,"2633585469","31","30","2548631099.03","false","0.9677","2548631099.03","reported","0",,"0","0","total",""
"tnl","2021-02","2021-Q1","3189292864",,"3189292864","28","30","3417099497.14","false","1.0714","3417099497.14","reported","0",,"0","0","total",""
"tnl","2021-03","2021-Q1","4617435195",,"4617435195","31","30","4468485672.58","false","0.9677","4468485672.58","reported","0",,"0","0","total",""
"tnl","2021-04","2021-Q2","6533334313",,"6533334313","30","30","6533334313","false","1","6533334313","reported","0",,"0","0","total",""
"tnl","2021-05","2021-Q2","3220694235",,"3220694235","31","30","3116800872.58","false","0.9677","3116800872.58","reported","0",,"0","0","total",""
"tnl","2021-06","2021-Q2","5810756568",,"5810756568","30","30","5810756568","false","1","5810756568","reported","0",,"0","0","total",""
"tnl","2021-07","2021-Q3","6863188205",,"6863188205","31","30","6641795037.1","false","0.9677","6641795037.1","reported","0",,"0","0","total",""
"tnl","2021-08","2021-Q3","4713839648",,"4713839648","31","30","4561780304.52","false","0.9677","4561780304.52","reported","0",,"0","0","total",""
"tnl","2021-09","2021-Q3","5674725522",,"5674725522","30","30","5674725522","false","1","5674725522","reported","0",,"0","0","total",""
"tnl","2021-10","2021-Q4","5680030210",,"5680030210","31","30","5496803429.03","false","0.9677","5496803429.03","reported","0",,"0","0","total",""
"tnl","2021-11","2021-Q4","5493445524",,"5493445524","30","30","5493445524","false","1","5493445524","reported","0",,"0","0","total",""
"tnl","2021-12","2021-Q4","5148616044",,"5148616044","31","30","4982531655.48","false","0.9677","4982531655.48","reported","0",,"0","0","total",""
"tnl","2022-01","2022-Q1","2956481186","2297141438","2956481186","31","30","2861110825.16","false","0.9677","2861110825.16","reported","1556128070.9","2223040101.29","0.7","1","total | us",""
"tnl","2022-02","2022-Q1","2371728907","1372193790","2371728907","28","30","2541138114.64","false","1.0714","2541138114.64","reported","1029145342.5","1470207632.14","0.7","1","total | us",""
"tnl","2022-03","2022-Q1","6064862535","2592339698","6064862535","31","30","5869221808.06","false","0.9677","5869221808.06","reported","1756101085.74","2508715836.77","0.7","1","total | us",""
"tnl","2022-04","2022-Q2","4391336706","2639009286","4391336706","30","30","4391336706","false","1","4391336706","reported","1847306500.2","2639009286","0.7","1","total | us",""
"tnl","2022-05","2022-Q2","6462490440","3079769232","6462490440","31","30","6254023006.45","false","0.9677","6254023006.45","reported","2086295286.19","2980421837.41","0.7","1","total | us",""
"tnl","2022-06","2022-Q2","7077999716","4960136911","7077999716","30","30","7077999716","false","1","7077999716","reported","3472095837.7","4960136911","0.7","1","total | us",""
"tnl","2022-07","2022-Q3","5148159924","2388356667","5148159924","31","30","4982090249.03","false","0.9677","4982090249.03","reported","1617919032.49","2311312903.56","0.7","1","total | us",""
"tnl","2022-08","2022-Q3","4509128819","2493905117","4509128819","31","30","4363673050.65","false","0.9677","4363673050.65","reported","1689419595.39","2413456564.84","0.7","1","total | us",""
"tnl","2022-09","2022-Q3","8464855956","3707671197","8464855956","30","30","8464855956","false","1","8464855956","reported","2595369837.9","3707671197","0.7","1","total | us",""
"tnl","2022-10","2022-Q4","5087813199","1882975382","5087813199","31","30","4923690192.58","false","0.9677","4923690192.58","reported","1275563968.46","1822234240.66","0.7","1","total | us",""
"tnl","2022-11","2022-Q4","6400811803","3428395516","6400811803","30","30","6400811803","false","1","6400811803","reported","2399876861.2","3428395516","0.7","1","total | us",""
"tnl","2022-12","2022-Q4","7745477109","5072331766","7745477109","31","30","7495623008.71","false","0.9677","7495623008.71","reported","3436095712.45","4908708160.64","0.7","1","total | us",""
"tnl","2023-01","2023-Q1","4353511445","2575143208","4353511445","31","30","4213075591.94","false","0.9677","4213075591.94","reported","1744451850.58","2492074072.26","0.7","1","total | us",""
"tnl","2023-02","2023-Q1","7655305054","5876643801","7655305054","28","30","8202112557.86","false","1.0714","8202112557.86","reported","4407482850.75","6296404072.5","0.7","1","total | us",""
"tnl","2023-03","2023-Q1","10880439804","6099699447","10880439804","31","30","10529457874.84","false","0.9677","10529457874.84","reported","4132054464.1","5902934948.71","0.7","1","total | us",""
"tnl","2023-04","2023-Q2","8974159791","6910837033","8974159791","30","30","8974159791","false","1","8974159791","reported","4837585923.1","6910837033","0.7","1","total | us",""
"tnl","2023-05","2023-Q2","11051755486","6658836522","11051755486","31","30","10695247244.52","false","0.9677","10695247244.52","reported","4510824740.71","6444035343.87","0.7","1","total | us",""
"tnl","2023-06","2023-Q2","10629161295","8613798912","10629161295","30","30","10629161295","false","1","10629161295","reported","6029659238.4","8613798912","0.7","1","total | us",""
"tnl","2023-07","2023-Q3","10385672823","6029570122","10385672823","31","30","10050651119.03","false","0.9677","10050651119.03","reported","4084547502","5835067860","0.7","1","total | us",""
"tnl","2023-08","2023-Q3","7610399908","3651566863","7610399908","31","30","7364903136.77","false","0.9677","7364903136.77","reported","2473642068.49","3533774383.56","0.7","1","total | us",""
"tnl","2023-09","2023-Q3","6105217382","2528834948","6105217382","30","30","6105217382","false","1","6105217382","reported","1770184463.6","2528834948","0.7","1","total | us",""
"tnl","2023-10","2023-Q4","5517089747","1981873033","5517089747","31","30","5339119110","false","0.9677","5339119110","reported","1342559151.39","1917941644.84","0.7","1","total | us",""
"tnl","2023-11","2023-Q4","7117212207","2837387676","7117212207","30","30","7117212207","false","1","7117212207","reported","1986171373.2","2837387676","0.7","1","total | us",""
"tnl","2023-12","2023-Q4","3260937383","1006933369","3260937383","31","30","3155745854.52","false","0.9677","3155745854.52","reported","682116153.19","974451647.41","0.7","1","total | us",""
"tnl","2024-01","2024-Q1","5367522013","1835431191","5367522013","31","30","5194376141.61","false","0.9677","5194376141.61","reported","1243356613.26","1776223733.23","0.7","1","total | us",""
"tnl","2024-02","2024-Q1","7817609859","4135486889","7817609859","29","30","8087182612.76","false","1.0345","8087182612.76","reported","2994662919.62","4278089885.17","0.7","1","total | us",""
"tnl","2024-03","2024-Q1","11085289213","7070925734","11085289213","31","30","10727699238.39","false","0.9677","10727699238.39","reported","4789981948.84","6842831355.49","0.7","1","total | us",""
"tnl","2024-04","2024-Q2","15009808640","9219167631","15009808640","30","30","15009808640","false","1","15009808640","reported","6453417341.7","9219167631","0.7","1","total | us",""
"tnl","2024-05","2024-Q2","13772589059","10003019606","13772589059","31","30","13328311992.58","false","0.9677","13328311992.58","reported","6776239087.93","9680341554.19","0.7","1","total | us",""
"tnl","2024-06","2024-Q2","16363856037","12628763447","16363856037","30","30","16363856037","false","1","16363856037","reported","8840134412.9","12628763447","0.7","1","total | us",""
"tnl","2024-07","2024-Q3","17332147587","12837821226","17332147587","31","30","16773046051.94","false","0.9677","16773046051.94","reported","8696588572.46","12423697960.66","0.7","1","total | us",""
"tnl","2024-08","2024-Q3","13422953765","9248891605","13422953765","31","30","12989955256.45","false","0.9677","12989955256.45","reported","6265378184.03","8950540262.9","0.7","1","total | us",""
"tnl","2024-09","2024-Q3","14263080685","8255832631","14263080685","30","30","14263080685","false","1","14263080685","reported","5779082841.7","8255832631","0.7","1","total | us",""
"tnl","2024-10","2024-Q4","13525751893","8523087837","13525751893","31","30","13089437315.81","false","0.9677","13089437315.81","reported","5773704663.78","8248149519.69","0.7","1","total | us",""
"tnl","2024-11","2024-Q4","9571480275","5346782051","9571480275","30","30","9571480275","false","1","9571480275","reported","3742747435.7","5346782051","0.7","1","total | us",""
"tnl","2024-12","2024-Q4","11324818912","3089211985","11324818912","31","30","10959502172.9","false","0.9677","10959502172.9","reported","2092691989.84","2989559985.49","0.7","1","total | us",""
"tnl","2025-01","2025-Q1","21092267117","17188208270","21092267117","31","30","20411871403.55","false","0.9677","20411871403.55","reported","11643624957.1","16633749938.71","0.7","1","total | us",""
"tnl","2025-02","2025-Q1","12909371544","6743553900","12909371544","28","30","13831469511.43","false","1.0714","13831469511.43","reported","5057665425","7225236321.43","0.7","1","total | us",""
"tnl","2025-03","2025-Q1","10212906204","4096745783","10212906204","31","30","9883457616.77","false","0.9677","9883457616.77","reported","2775214885.26","3964592693.23","0.7","1","total | us",""
"tnl","2025-04","2025-Q2","15548493449","7048383734","15548493449","30","30","15548493449","false","1","15548493449","reported","4933868613.8","7048383734","0.7","1","total | us",""
"tnl","2025-05","2025-Q2","7234448537","2665584567","7234448537","31","30","7001079229.35","false","0.9677","7001079229.35","reported","1805718577.64","2579597968.06","0.7","1","total | us",""
"tnl","2025-06","2025-Q2","9125366596","3973613291","9125366596","30","30","9125366596","false","1","9125366596","reported","2781529303.7","3973613291","0.7","1","total | us",""
"tnl","2025-07","2025-Q3","16917447694","8296421976","16917447694","31","30","16371723574.84","false","0.9677","16371723574.84","reported","5620156822.45","8028795460.64","0.7","1","total | us",""
"tnl","2025-08","2025-Q3","6155843389","2826656225","6155843389","31","30","5957267795.81","false","0.9677","5957267795.81","reported","1914831636.29","2735473766.13","0.7","1","total | us",""
"tnl","2025-09","2025-Q3","10519910478","4103367912","10519910478","30","30","10519910478","false","1","10519910478","reported","2872357538.4","4103367912","0.7","1","total | us",""
"tnl","2025-10","2025-Q4","11287364198","7169993245","11287364198","31","30","10923255675.48","false","0.9677","10923255675.48","reported","4857092198.22","6938703140.31","0.7","1","total | us",""
"tnl","2025-11","2025-Q4","7860056905","5744279635","7860056905","30","30","7860056905","false","1","7860056905","reported","4020995744.5","5744279635","0.7","1","total | us",""
"tnl","2025-12","2025-Q4","8422845331","3307065889","8422845331","31","30","8151140642.9","false","0.9677","8151140642.9","reported","2240270440.93","3200386344.19","0.7","1","total | us",""
"tnl","2026-01","2026-Q1","11029752488","4778510639","11029752488","31","30","10673954020.65","false","0.9677","10673954020.65","reported","3237055594.16","4624365134.51","0.7","1","total | us",""
"tnl","2026-02","2026-Q1","9797380594","6132736364","9797380594","28","30","10497193493.57","false","1.0714","10497193493.57","reported","4599552273","6570788961.43","0.7","1","total | us",""
"tnl","2026-03","2026-Q1","14565639378","8998742884","14565639378","31","30","14095780043.23","false","0.9677","14095780043.23","reported","6095922598.84","8708460855.49","0.7","1","total | us",""
"tnl","2026-04","2026-Q2","19705362537","13225225171","19705362537","30","30","19705362537","false","1","19705362537","reported","9257657619.7","13225225171","0.7","1","total | us",""
"tnl","2026-05","2026-Q2",,"8617304331","8617304331","31","30","8339326771.94","false","0.9677","8339326771.94","country_sum_fallback","5837528740.36","8339326771.94","0.7","1","us","trass_total_fallback_to_country_sum"