company,company_label,product_line,country_scope,source_file,source_descriptor,month,quarter,export_value_usd,export_value_krw,export_weight_kg,domestic_company_count,foreign_counterparty_count,trass_raw_value,trass_observed_days,trass_target_days,trass_30d_normalized,trass_is_partial_month,trass_adjustment_factor,trass_value_for_trend,trass_total_source
"samyang","삼양식품","ramen","cn","samyang_ramen_cn.xlsx","* 조회조건 -  [품목 : 1902301010, 국가 : CN, $/원]","2022-01","2022-Q1","8772209","10344867663","2793213.57",,,"10344867663","31","30","10011162254.52","false","0.9677","10011162254.52","reported"
"samyang","삼양식품","ramen","cn","samyang_ramen_cn.xlsx","* 조회조건 -  [품목 : 1902301010, 국가 : CN, $/원]","2022-02","2022-Q1","12547299","14905786103","4008240.31",,,"14905786103","28","30","15970485110.36","false","1.0714","15970485110.36","reported"
"samyang","삼양식품","ramen","cn","samyang_ramen_cn.xlsx","* 조회조건 -  [품목 : 1902301010, 국가 : CN, $/원]","2022-03","2022-Q1","19078072","23037411248","6060417.61",,,"23037411248","31","30","22294268949.68","false","0.9677","22294268949.68","reported"
"samyang","삼양식품","ramen","cn","samyang_ramen_cn.xlsx","* 조회조건 -  [품목 : 1902301010, 국가 : CN, $/원]","2022-04","2022-Q2","9814761","11921913163","3083548.35",,,"11921913163","30","30","11921913163","false","1","11921913163","reported"
"samyang","삼양식품","ramen","cn","samyang_ramen_cn.xlsx","* 조회조건 -  [품목 : 1902301010, 국가 : CN, $/원]","2022-05","2022-Q2","21745680","27313205727","7115021.49",,,"27313205727","31","30","26432134574.52","false","0.9677","26432134574.52","reported"
"samyang","삼양식품","ramen","cn","samyang_ramen_cn.xlsx","* 조회조건 -  [품목 : 1902301010, 국가 : CN, $/원]","2022-06","2022-Q2","19917806","25007418535","6454451.93",,,"25007418535","30","30","25007418535","false","1","25007418535","reported"
"samyang","삼양식품","ramen","cn","samyang_ramen_cn.xlsx","* 조회조건 -  [품목 : 1902301010, 국가 : CN, $/원]","2022-07","2022-Q3","11591309","14933023306","3714219.39",,,"14933023306","31","30","14451312876.77","false","0.9677","14451312876.77","reported"
"samyang","삼양식품","ramen","cn","samyang_ramen_cn.xlsx","* 조회조건 -  [품목 : 1902301010, 국가 : CN, $/원]","2022-08","2022-Q3","12852181","16673054345","4158754.89",,,"16673054345","31","30","16135213882.26","false","0.9677","16135213882.26","reported"
"samyang","삼양식품","ramen","cn","samyang_ramen_cn.xlsx","* 조회조건 -  [품목 : 1902301010, 국가 : CN, $/원]","2022-09","2022-Q3","16036712","21963609707","5239768.71",,,"21963609707","30","30","21963609707","false","1","21963609707","reported"
"samyang","삼양식품","ramen","cn","samyang_ramen_cn.xlsx","* 조회조건 -  [품목 : 1902301010, 국가 : CN, $/원]","2022-10","2022-Q4","17249737","24592791919","5590655.32",,,"24592791919","31","30","23799476050.65","false","0.9677","23799476050.65","reported"
"samyang","삼양식품","ramen","cn","samyang_ramen_cn.xlsx","* 조회조건 -  [품목 : 1902301010, 국가 : CN, $/원]","2022-11","2022-Q4","17923745","24841495270","5808099.83",,,"24841495270","30","30","24841495270","false","1","24841495270","reported"
"samyang","삼양식품","ramen","cn","samyang_ramen_cn.xlsx","* 조회조건 -  [품목 : 1902301010, 국가 : CN, $/원]","2022-12","2022-Q4","21388316","28071417336","6502199.9",,,"28071417336","31","30","27165887744.52","false","0.9677","27165887744.52","reported"
"samyang","삼양식품","ramen","cn","samyang_ramen_cn.xlsx","* 조회조건 -  [품목 : 1902301010, 국가 : CN, $/원]","2023-01","2023-Q1","15038754","18888805465","4358628.96",,,"18888805465","31","30","18279489159.68","false","0.9677","18279489159.68","reported"
"samyang","삼양식품","ramen","cn","samyang_ramen_cn.xlsx","* 조회조건 -  [품목 : 1902301010, 국가 : CN, $/원]","2023-02","2023-Q1","18192055","22744982461","5324842.87",,,"22744982461","28","30","24369624065.36","false","1.0714","24369624065.36","reported"
"samyang","삼양식품","ramen","cn","samyang_ramen_cn.xlsx","* 조회조건 -  [품목 : 1902301010, 국가 : CN, $/원]","2023-03","2023-Q1","16579259","21661549513","4819631.41",,,"21661549513","31","30","20962789851.29","false","0.9677","20962789851.29","reported"
"samyang","삼양식품","ramen","cn","samyang_ramen_cn.xlsx","* 조회조건 -  [품목 : 1902301010, 국가 : CN, $/원]","2023-04","2023-Q2","10114578","13282267737","2895939.84",,,"13282267737","30","30","13282267737","false","1","13282267737","reported"
"samyang","삼양식품","ramen","cn","samyang_ramen_cn.xlsx","* 조회조건 -  [품목 : 1902301010, 국가 : CN, $/원]","2023-05","2023-Q2","11051197","14739488771","3223959.07",,,"14739488771","31","30","14264021391.29","false","0.9677","14264021391.29","reported"
"samyang","삼양식품","ramen","cn","samyang_ramen_cn.xlsx","* 조회조건 -  [품목 : 1902301010, 국가 : CN, $/원]","2023-06","2023-Q2","16377374","21148980274","4702083.36",,,"21148980274","30","30","21148980274","false","1","21148980274","reported"
"samyang","삼양식품","ramen","cn","samyang_ramen_cn.xlsx","* 조회조건 -  [품목 : 1902301010, 국가 : CN, $/원]","2023-07","2023-Q3","19528682","25242536395","5607591.09",,,"25242536395","31","30","24428261027.42","false","0.9677","24428261027.42","reported"
"samyang","삼양식품","ramen","cn","samyang_ramen_cn.xlsx","* 조회조건 -  [품목 : 1902301010, 국가 : CN, $/원]","2023-08","2023-Q3","19405729","25417819099","5668648.92",,,"25417819099","31","30","24597889450.65","false","0.9677","24597889450.65","reported"
"samyang","삼양식품","ramen","cn","samyang_ramen_cn.xlsx","* 조회조건 -  [품목 : 1902301010, 국가 : CN, $/원]","2023-09","2023-Q3","24909081","33067888045","7225348.82",,,"33067888045","30","30","33067888045","false","1","33067888045","reported"
"samyang","삼양식품","ramen","cn","samyang_ramen_cn.xlsx","* 조회조건 -  [품목 : 1902301010, 국가 : CN, $/원]","2023-10","2023-Q4","23253226","31353719177","6739645.24",,,"31353719177","31","30","30342308880.97","false","0.9677","30342308880.97","reported"
"samyang","삼양식품","ramen","cn","samyang_ramen_cn.xlsx","* 조회조건 -  [품목 : 1902301010, 국가 : CN, $/원]","2023-11","2023-Q4","25035841","33199888783","7296998.09",,,"33199888783","30","30","33199888783","false","1","33199888783","reported"
"samyang","삼양식품","ramen","cn","samyang_ramen_cn.xlsx","* 조회조건 -  [품목 : 1902301010, 국가 : CN, $/원]","2023-12","2023-Q4","15963830","20807471311","4615680.52",,,"20807471311","31","30","20136262559.03","false","0.9677","20136262559.03","reported"
"samyang","삼양식품","ramen","cn","samyang_ramen_cn.xlsx","* 조회조건 -  [품목 : 1902301010, 국가 : CN, $/원]","2024-01","2024-Q1","7893065","10345743912","2224690.58",,,"10345743912","31","30","10012010237.42","false","0.9677","10012010237.42","reported"
"samyang","삼양식품","ramen","cn","samyang_ramen_cn.xlsx","* 조회조건 -  [품목 : 1902301010, 국가 : CN, $/원]","2024-02","2024-Q1","15196576","20233464654","4596045.18",,,"20233464654","29","30","20931170331.72","false","1.0345","20931170331.72","reported"
"samyang","삼양식품","ramen","cn","samyang_ramen_cn.xlsx","* 조회조건 -  [품목 : 1902301010, 국가 : CN, $/원]","2024-03","2024-Q1","20710450","27470608465","6230510.46",,,"27470608465","31","30","26584459804.84","false","0.9677","26584459804.84","reported"
"samyang","삼양식품","ramen","cn","samyang_ramen_cn.xlsx","* 조회조건 -  [품목 : 1902301010, 국가 : CN, $/원]","2024-04","2024-Q2","21796515","29649330324","6392159.36",,,"29649330324","30","30","29649330324","false","1","29649330324","reported"
"samyang","삼양식품","ramen","cn","samyang_ramen_cn.xlsx","* 조회조건 -  [품목 : 1902301010, 국가 : CN, $/원]","2024-05","2024-Q2","25009154","34212940588","7423341.54",,,"34212940588","31","30","33109297343.23","false","0.9677","33109297343.23","reported"
"samyang","삼양식품","ramen","cn","samyang_ramen_cn.xlsx","* 조회조건 -  [품목 : 1902301010, 국가 : CN, $/원]","2024-06","2024-Q2","23223875","31938832343","6602056.95",,,"31938832343","30","30","31938832343","false","1","31938832343","reported"
"samyang","삼양식품","ramen","cn","samyang_ramen_cn.xlsx","* 조회조건 -  [품목 : 1902301010, 국가 : CN, $/원]","2024-07","2024-Q3","24332296","33679616478","7077078.76",,,"33679616478","31","30","32593177236.77","false","0.9677","32593177236.77","reported"
"samyang","삼양식품","ramen","cn","samyang_ramen_cn.xlsx","* 조회조건 -  [품목 : 1902301010, 국가 : CN, $/원]","2024-08","2024-Q3","22145545","30219571389","6311192",,,"30219571389","31","30","29244746505.48","false","0.9677","29244746505.48","reported"
"samyang","삼양식품","ramen","cn","samyang_ramen_cn.xlsx","* 조회조건 -  [품목 : 1902301010, 국가 : CN, $/원]","2024-09","2024-Q3","20520485","27382735144","5980061.87",,,"27382735144","30","30","27382735144","false","1","27382735144","reported"
"samyang","삼양식품","ramen","cn","samyang_ramen_cn.xlsx","* 조회조건 -  [품목 : 1902301010, 국가 : CN, $/원]","2024-10","2024-Q4","26013337","34932735899","7782862.05",,,"34932735899","31","30","33805873450.65","false","0.9677","33805873450.65","reported"
"samyang","삼양식품","ramen","cn","samyang_ramen_cn.xlsx","* 조회조건 -  [품목 : 1902301010, 국가 : CN, $/원]","2024-11","2024-Q4","27745922","38563436410","8605635.13",,,"38563436410","30","30","38563436410","false","1","38563436410","reported"
"samyang","삼양식품","ramen","cn","samyang_ramen_cn.xlsx","* 조회조건 -  [품목 : 1902301010, 국가 : CN, $/원]","2024-12","2024-Q4","25962082","36873316032","7833347.01",,,"36873316032","31","30","35683854224.52","false","0.9677","35683854224.52","reported"
"samyang","삼양식품","ramen","cn","samyang_ramen_cn.xlsx","* 조회조건 -  [품목 : 1902301010, 국가 : CN, $/원]","2025-01","2025-Q1","20316486","29705329682","5838360.31",,,"29705329682","31","30","28747093240.65","false","0.9677","28747093240.65","reported"
"samyang","삼양식품","ramen","cn","samyang_ramen_cn.xlsx","* 조회조건 -  [품목 : 1902301010, 국가 : CN, $/원]","2025-02","2025-Q1","29912167","43259611440","8803931.16",,,"43259611440","28","30","46349583685.71","false","1.0714","46349583685.71","reported"
"samyang","삼양식품","ramen","cn","samyang_ramen_cn.xlsx","* 조회조건 -  [품목 : 1902301010, 국가 : CN, $/원]","2025-03","2025-Q1","26069445","37763727559","7528086.93",,,"37763727559","31","30","36545542799.03","false","0.9677","36545542799.03","reported"
"samyang","삼양식품","ramen","cn","samyang_ramen_cn.xlsx","* 조회조건 -  [품목 : 1902301010, 국가 : CN, $/원]","2025-04","2025-Q2","27401186","39785849281","7834456.2",,,"39785849281","30","30","39785849281","false","1","39785849281","reported"
"samyang","삼양식품","ramen","cn","samyang_ramen_cn.xlsx","* 조회조건 -  [품목 : 1902301010, 국가 : CN, $/원]","2025-05","2025-Q2","30994668","43618866467","8455867.89",,,"43618866467","31","30","42211806258.39","false","0.9677","42211806258.39","reported"
"samyang","삼양식품","ramen","cn","samyang_ramen_cn.xlsx","* 조회조건 -  [품목 : 1902301010, 국가 : CN, $/원]","2025-06","2025-Q2","26593378","36397259733","7165097.58",,,"36397259733","30","30","36397259733","false","1","36397259733","reported"
"samyang","삼양식품","ramen","cn","samyang_ramen_cn.xlsx","* 조회조건 -  [품목 : 1902301010, 국가 : CN, $/원]","2025-07","2025-Q3","39624406","54348816145","11091541.8",,,"54348816145","31","30","52595628527.42","false","0.9677","52595628527.42","reported"
"samyang","삼양식품","ramen","cn","samyang_ramen_cn.xlsx","* 조회조건 -  [품목 : 1902301010, 국가 : CN, $/원]","2025-08","2025-Q3","35029504","48594617875","9706121.1",,,"48594617875","31","30","47027049556.45","false","0.9677","47027049556.45","reported"
"samyang","삼양식품","ramen","cn","samyang_ramen_cn.xlsx","* 조회조건 -  [품목 : 1902301010, 국가 : CN, $/원]","2025-09","2025-Q3","46501828","64640487299","12876931.98",,,"64640487299","30","30","64640487299","false","1","64640487299","reported"
"samyang","삼양식품","ramen","cn","samyang_ramen_cn.xlsx","* 조회조건 -  [품목 : 1902301010, 국가 : CN, $/원]","2025-10","2025-Q4","36835548","52055448613","10472325.74",,,"52055448613","31","30","50376240593.23","false","0.9677","50376240593.23","reported"
"samyang","삼양식품","ramen","cn","samyang_ramen_cn.xlsx","* 조회조건 -  [품목 : 1902301010, 국가 : CN, $/원]","2025-11","2025-Q4","36847988","53317008329","10404081.07",,,"53317008329","30","30","53317008329","false","1","53317008329","reported"
"samyang","삼양식품","ramen","cn","samyang_ramen_cn.xlsx","* 조회조건 -  [품목 : 1902301010, 국가 : CN, $/원]","2025-12","2025-Q4","29264611","43060442999","8169951.06",,,"43060442999","31","30","41671396450.65","false","0.9677","41671396450.65","reported"
"samyang","삼양식품","ramen","cn","samyang_ramen_cn.xlsx","* 조회조건 -  [품목 : 1902301010, 국가 : CN, $/원]","2026-01","2026-Q1","24671396","35983535617","6646406.26",,,"35983535617","31","30","34822776403.55","false","0.9677","34822776403.55","reported"
"samyang","삼양식품","ramen","cn","samyang_ramen_cn.xlsx","* 조회조건 -  [품목 : 1902301010, 국가 : CN, $/원]","2026-02","2026-Q1","24252227","35110741578","6629915.36",,,"35110741578","28","30","37618651690.71","false","1.0714","37618651690.71","reported"
"samyang","삼양식품","ramen","cn","samyang_ramen_cn.xlsx","* 조회조건 -  [품목 : 1902301010, 국가 : CN, $/원]","2026-03","2026-Q1","37706988","55429366318","10350101.79",,,"55429366318","31","30","53641322243.23","false","0.9677","53641322243.23","reported"
"samyang","삼양식품","ramen","cn","samyang_ramen_cn.xlsx","* 조회조건 -  [품목 : 1902301010, 국가 : CN, $/원]","2026-04","2026-Q2","47123638","70358591468","12745845.06",,,"70358591468","30","30","70358591468","false","1","70358591468","reported"
"samyang","삼양식품","ramen","cn","samyang_ramen_cn.xlsx","* 조회조건 -  [품목 : 1902301010, 국가 : CN, $/원]","2026-05","2026-Q2","24952866","36739066582","6590103.051",,,"36739066582","31","30","35553935401.94","false","0.9677","35553935401.94","reported"
"samyang","삼양식품","ramen","total","samyang_ramen.xlsx","* 조회조건 -  [품목 : 1902301010, 국가 : US, $/원]","1996-01","1996-Q1","5206201","4076866948","2190315","60",,"4076866948","31","30","3945355110.97","false","0.9677","3945355110.97","reported"
"samyang","삼양식품","ramen","total","samyang_ramen.xlsx","* 조회조건 -  [품목 : 1902301010, 국가 : US, $/원]","1996-02","1996-Q1","6397761","4980000455","2525382","71",,"4980000455","29","30","5151724608.62","false","1.0345","5151724608.62","reported"
"samyang","삼양식품","ramen","total","samyang_ramen.xlsx","* 조회조건 -  [품목 : 1902301010, 국가 : US, $/원]","1996-03","1996-Q1","7508064","5836931726","2946450","92",,"5836931726","31","30","5648643605.81","false","0.9677","5648643605.81","reported"
"samyang","삼양식품","ramen","total","samyang_ramen.xlsx","* 조회조건 -  [품목 : 1902301010, 국가 : US, $/원]","1996-04","1996-Q2","6952870","5409933971","2660607","89",,"5409933971","30","30","5409933971","false","1","5409933971","reported"
"samyang","삼양식품","ramen","total","samyang_ramen.xlsx","* 조회조건 -  [품목 : 1902301010, 국가 : US, $/원]","1996-05","1996-Q2","7340579","5695441147","2838841","88",,"5695441147","31","30","5511717239.03","false","0.9677","5511717239.03","reported"
"samyang","삼양식품","ramen","total","samyang_ramen.xlsx","* 조회조건 -  [품목 : 1902301010, 국가 : US, $/원]","1996-06","1996-Q2","7580750","5985128617","2862150","91",,"5985128617","30","30","5985128617","false","1","5985128617","reported"
"samyang","삼양식품","ramen","total","samyang_ramen.xlsx","* 조회조건 -  [품목 : 1902301010, 국가 : US, $/원]","1996-07","1996-Q3","8109833","6560120403","3036599","86",,"6560120403","31","30","6348503615.81","false","0.9677","6348503615.81","reported"
"samyang","삼양식품","ramen","total","samyang_ramen.xlsx","* 조회조건 -  [품목 : 1902301010, 국가 : US, $/원]","1996-08","1996-Q3","8099823","6583067964","2907511","79",,"6583067964","31","30","6370710932.9","false","0.9677","6370710932.9","reported"
"samyang","삼양식품","ramen","total","samyang_ramen.xlsx","* 조회조건 -  [품목 : 1902301010, 국가 : US, $/원]","1996-09","1996-Q3","7584157","6201188866","2707280","79",,"6201188866","30","30","6201188866","false","1","6201188866","reported"
"samyang","삼양식품","ramen","total","samyang_ramen.xlsx","* 조회조건 -  [품목 : 1902301010, 국가 : US, $/원]","1996-10","1996-Q4","8656150","7119441176","3273703","88",,"7119441176","31","30","6889781783.23","false","0.9677","6889781783.23","reported"
"samyang","삼양식품","ramen","total","samyang_ramen.xlsx","* 조회조건 -  [품목 : 1902301010, 국가 : US, $/원]","1996-11","1996-Q4","7701483","6353767527","2882993","80",,"6353767527","30","30","6353767527","false","1","6353767527","reported"
"samyang","삼양식품","ramen","total","samyang_ramen.xlsx","* 조회조건 -  [품목 : 1902301010, 국가 : US, $/원]","1996-12","1996-Q4","8427431","7019447336","3310975","79",,"7019447336","31","30","6793013550.97","false","0.9677","6793013550.97","reported"
"samyang","삼양식품","ramen","total","samyang_ramen.xlsx","* 조회조건 -  [품목 : 1902301010, 국가 : US, $/원]","1997-01","1997-Q1","7818513","6597408875","2915969","78",,"6597408875","31","30","6384589233.87","false","0.9677","6384589233.87","reported"
"samyang","삼양식품","ramen","total","samyang_ramen.xlsx","* 조회조건 -  [품목 : 1902301010, 국가 : US, $/원]","1997-02","1997-Q1","8413239","7263943036","3411954","76",,"7263943036","28","30","7782796110","false","1.0714","7782796110","reported"
"samyang","삼양식품","ramen","total","samyang_ramen.xlsx","* 조회조건 -  [품목 : 1902301010, 국가 : US, $/원]","1997-03","1997-Q1","10465599","9111403862","3933042","83",,"9111403862","31","30","8817487608.39","false","0.9677","8817487608.39","reported"
"samyang","삼양식품","ramen","total","samyang_ramen.xlsx","* 조회조건 -  [품목 : 1902301010, 국가 : US, $/원]","1997-04","1997-Q2","9286837","8265090460","3749619","81",,"8265090460","30","30","8265090460","false","1","8265090460","reported"
"samyang","삼양식품","ramen","total","samyang_ramen.xlsx","* 조회조건 -  [품목 : 1902301010, 국가 : US, $/원]","1997-05","1997-Q2","8873429","7885933670","3369104","72",,"7885933670","31","30","7631548712.9","false","0.9677","7631548712.9","reported"
"samyang","삼양식품","ramen","total","samyang_ramen.xlsx","* 조회조건 -  [품목 : 1902301010, 국가 : US, $/원]","1997-06","1997-Q2","10406335","9230412853","3992545","82",,"9230412853","30","30","9230412853","false","1","9230412853","reported"
"samyang","삼양식품","ramen","total","samyang_ramen.xlsx","* 조회조건 -  [품목 : 1902301010, 국가 : US, $/원]","1997-07","1997-Q3","11814869","10468517645","4462706","85",,"10468517645","31","30","10130823527.42","false","0.9677","10130823527.42","reported"
"samyang","삼양식품","ramen","total","samyang_ramen.xlsx","* 조회조건 -  [품목 : 1902301010, 국가 : US, $/원]","1997-08","1997-Q3","11533048","10267801999","4417414","78",,"10267801999","31","30","9936582579.68","false","0.9677","9936582579.68","reported"
"samyang","삼양식품","ramen","total","samyang_ramen.xlsx","* 조회조건 -  [품목 : 1902301010, 국가 : US, $/원]","1997-09","1997-Q3","10602348","9571693327","4230195","71",,"9571693327","30","30","9571693327","false","1","9571693327","reported"
"samyang","삼양식품","ramen","total","samyang_ramen.xlsx","* 조회조건 -  [품목 : 1902301010, 국가 : US, $/원]","1997-10","1997-Q4","9363067","8533198823","3682457","86",,"8533198823","31","30","8257934344.84","false","0.9677","8257934344.84","reported"
"samyang","삼양식품","ramen","total","samyang_ramen.xlsx","* 조회조건 -  [품목 : 1902301010, 국가 : US, $/원]","1997-11","1997-Q4","8282519","8130522791","3226722","89",,"8130522791","30","30","8130522791","false","1","8130522791","reported"
"samyang","삼양식품","ramen","total","samyang_ramen.xlsx","* 조회조건 -  [품목 : 1902301010, 국가 : US, $/원]","1997-12","1997-Q4","8449326","11421823827","3392464","90",,"11421823827","31","30","11053377897.1","false","0.9677","11053377897.1","reported"
"samyang","삼양식품","ramen","total","samyang_ramen.xlsx","* 조회조건 -  [품목 : 1902301010, 국가 : US, $/원]","1998-01","1998-Q1","6445857","10369988337","3013268","70",,"10369988337","31","30","10035472584.19","false","0.9677","10035472584.19","reported"
"samyang","삼양식품","ramen","total","samyang_ramen.xlsx","* 조회조건 -  [품목 : 1902301010, 국가 : US, $/원]","1998-02","1998-Q1","9914849","15612271219","4728116","79",,"15612271219","28","30","16727433448.93","false","1.0714","16727433448.93","reported"
"samyang","삼양식품","ramen","total","samyang_ramen.xlsx","* 조회조건 -  [품목 : 1902301010, 국가 : US, $/원]","1998-03","1998-Q1","10522776","16064349557","4734441","99",,"16064349557","31","30","15546144732.58","false","0.9677","15546144732.58","reported"
"samyang","삼양식품","ramen","total","samyang_ramen.xlsx","* 조회조건 -  [품목 : 1902301010, 국가 : US, $/원]","1998-04","1998-Q2","9188377","12612482169","4096522","70",,"12612482169","30","30","12612482169","false","1","12612482169","reported"
"samyang","삼양식품","ramen","total","samyang_ramen.xlsx","* 조회조건 -  [품목 : 1902301010, 국가 : US, $/원]","1998-05","1998-Q2","7664205","10459552658","3438550","54",,"10459552658","31","30","10122147733.55","false","0.9677","10122147733.55","reported"
"samyang","삼양식품","ramen","total","samyang_ramen.xlsx","* 조회조건 -  [품목 : 1902301010, 국가 : US, $/원]","1998-06","1998-Q2","8648489","11885354621","4070361","71",,"11885354621","30","30","11885354621","false","1","11885354621","reported"
"samyang","삼양식품","ramen","total","samyang_ramen.xlsx","* 조회조건 -  [품목 : 1902301010, 국가 : US, $/원]","1998-07","1998-Q3","9975027","12962138183","4529988","68",,"12962138183","31","30","12544004693.23","false","0.9677","12544004693.23","reported"
"samyang","삼양식품","ramen","total","samyang_ramen.xlsx","* 조회조건 -  [품목 : 1902301010, 국가 : US, $/원]","1998-08","1998-Q3","6625726","8371690134","3148811","64",,"8371690134","31","30","8101635613.55","false","0.9677","8101635613.55","reported"
"samyang","삼양식품","ramen","total","samyang_ramen.xlsx","* 조회조건 -  [품목 : 1902301010, 국가 : US, $/원]","1998-09","1998-Q3","4691739","6266672097","2188530","56",,"6266672097","30","30","6266672097","false","1","6266672097","reported"
"samyang","삼양식품","ramen","total","samyang_ramen.xlsx","* 조회조건 -  [품목 : 1902301010, 국가 : US, $/원]","1998-10","1998-Q4","5508228","7296880011","2478745","60",,"7296880011","31","30","7061496784.84","false","0.9677","7061496784.84","reported"
"samyang","삼양식품","ramen","total","samyang_ramen.xlsx","* 조회조건 -  [품목 : 1902301010, 국가 : US, $/원]","1998-11","1998-Q4","5526159","7110482577","2476681","63",,"7110482577","30","30","7110482577","false","1","7110482577","reported"
"samyang","삼양식품","ramen","total","samyang_ramen.xlsx","* 조회조건 -  [품목 : 1902301010, 국가 : US, $/원]","1998-12","1998-Q4","6558469","7881540972","3074352","63",,"7881540972","31","30","7627297714.84","false","0.9677","7627297714.84","reported"
"samyang","삼양식품","ramen","total","samyang_ramen.xlsx","* 조회조건 -  [품목 : 1902301010, 국가 : US, $/원]","1999-01","1999-Q1","4767210","5565995740","2175323","53","6","5565995740","31","30","5386447490.32","false","0.9677","5386447490.32","reported"
"samyang","삼양식품","ramen","total","samyang_ramen.xlsx","* 조회조건 -  [품목 : 1902301010, 국가 : US, $/원]","1999-02","1999-Q1","4940438","5741528259","2110340","47",,"5741528259","28","30","6151637420.36","false","1.0714","6151637420.36","reported"
"samyang","삼양식품","ramen","total","samyang_ramen.xlsx","* 조회조건 -  [품목 : 1902301010, 국가 : US, $/원]","1999-03","1999-Q1","7606072","9209806223","3252073","65","5","9209806223","31","30","8912715699.68","false","0.9677","8912715699.68","reported"
"samyang","삼양식품","ramen","total","samyang_ramen.xlsx","* 조회조건 -  [품목 : 1902301010, 국가 : US, $/원]","1999-04","1999-Q2","8936467","10732152568","3802541","57",,"10732152568","30","30","10732152568","false","1","10732152568","reported"
"samyang","삼양식품","ramen","total","samyang_ramen.xlsx","* 조회조건 -  [품목 : 1902301010, 국가 : US, $/원]","1999-05","1999-Q2","6274074","7400826496","2786410","53","5","7400826496","31","30","7162090157.42","false","0.9677","7162090157.42","reported"
"samyang","삼양식품","ramen","total","samyang_ramen.xlsx","* 조회조건 -  [품목 : 1902301010, 국가 : US, $/원]","1999-06","1999-Q2","6806405","7895655950","2956949","60",,"7895655950","30","30","7895655950","false","1","7895655950","reported"
"samyang","삼양식품","ramen","total","samyang_ramen.xlsx","* 조회조건 -  [품목 : 1902301010, 국가 : US, $/원]","1999-07","1999-Q3","6825892","7965692218","2852391","64","5","7965692218","31","30","7708734404.52","false","0.9677","7708734404.52","reported"
"samyang","삼양식품","ramen","total","samyang_ramen.xlsx","* 조회조건 -  [품목 : 1902301010, 국가 : US, $/원]","1999-08","1999-Q3","6334956","7535059984","2551118","50",,"7535059984","31","30","7291993532.9","false","0.9677","7291993532.9","reported"
"samyang","삼양식품","ramen","total","samyang_ramen.xlsx","* 조회조건 -  [품목 : 1902301010, 국가 : US, $/원]","1999-09","1999-Q3","6071090","7171973324","2542404","45",,"7171973324","30","30","7171973324","false","1","7171973324","reported"
"samyang","삼양식품","ramen","total","samyang_ramen.xlsx","* 조회조건 -  [품목 : 1902301010, 국가 : US, $/원]","1999-10","1999-Q4","6459021","7721659766","2759019","55",,"7721659766","31","30","7472573967.1","false","0.9677","7472573967.1","reported"
"samyang","삼양식품","ramen","total","samyang_ramen.xlsx","* 조회조건 -  [품목 : 1902301010, 국가 : US, $/원]","1999-11","1999-Q4","7096211","8325621826","2900458","59","9","8325621826","30","30","8325621826","false","1","8325621826","reported"
"samyang","삼양식품","ramen","total","samyang_ramen.xlsx","* 조회조건 -  [품목 : 1902301010, 국가 : US, $/원]","1999-12","1999-Q4","7353646","8328244913","2982536","49","7","8328244913","31","30","8059591851.29","false","0.9677","8059591851.29","reported"
"samyang","삼양식품","ramen","total","samyang_ramen.xlsx","* 조회조건 -  [품목 : 1902301010, 국가 : US, $/원]","2000-01","2000-Q1","6700309","7521018224","2819948","54","23","7521018224","31","30","7278404732.9","false","0.9677","7278404732.9","reported"
"samyang","삼양식품","ramen","total","samyang_ramen.xlsx","* 조회조건 -  [품목 : 1902301010, 국가 : US, $/원]","2000-02","2000-Q1","6551172","7306313090","2683319","43","29","7306313090","29","30","7558254920.69","false","1.0345","7558254920.69","reported"
"samyang","삼양식품","ramen","total","samyang_ramen.xlsx","* 조회조건 -  [품목 : 1902301010, 국가 : US, $/원]","2000-03","2000-Q1","8322443","9258155548","3488032","49","41","9258155548","31","30","8959505369.03","false","0.9677","8959505369.03","reported"
"samyang","삼양식품","ramen","total","samyang_ramen.xlsx","* 조회조건 -  [품목 : 1902301010, 국가 : US, $/원]","2000-04","2000-Q2","8090748","8897007074","3452187","46","29","8897007074","30","30","8897007074","false","1","8897007074","reported"
"samyang","삼양식품","ramen","total","samyang_ramen.xlsx","* 조회조건 -  [품목 : 1902301010, 국가 : US, $/원]","2000-05","2000-Q2","7478028","8252766740","3149427","44","28","8252766740","31","30","7986548458.06","false","0.9677","7986548458.06","reported"
"samyang","삼양식품","ramen","total","samyang_ramen.xlsx","* 조회조건 -  [품목 : 1902301010, 국가 : US, $/원]","2000-06","2000-Q2","8046827","8935132680","3437600","58","33","8935132680","30","30","8935132680","false","1","8935132680","reported"
"samyang","삼양식품","ramen","total","samyang_ramen.xlsx","* 조회조건 -  [품목 : 1902301010, 국가 : US, $/원]","2000-07","2000-Q3","8229045","9087149734","3457961","48","34","9087149734","31","30","8794015871.61","false","0.9677","8794015871.61","reported"
"samyang","삼양식품","ramen","total","samyang_ramen.xlsx","* 조회조건 -  [품목 : 1902301010, 국가 : US, $/원]","2000-08","2000-Q3","8186955","9039318219","3349955","55","34","9039318219","31","30","8747727308.71","false","0.9677","8747727308.71","reported"
"samyang","삼양식품","ramen","total","samyang_ramen.xlsx","* 조회조건 -  [품목 : 1902301010, 국가 : US, $/원]","2000-09","2000-Q3","7022244","7761133025","2853383","52","38","7761133025","30","30","7761133025","false","1","7761133025","reported"
"samyang","삼양식품","ramen","total","samyang_ramen.xlsx","* 조회조건 -  [품목 : 1902301010, 국가 : US, $/원]","2000-10","2000-Q4","7355362","8186283605","3101108","51","36","8186283605","31","30","7922209940.32","false","0.9677","7922209940.32","reported"
"samyang","삼양식품","ramen","total","samyang_ramen.xlsx","* 조회조건 -  [품목 : 1902301010, 국가 : US, $/원]","2000-11","2000-Q4","8257586","9326730669","3341314","57","56","9326730669","30","30","9326730669","false","1","9326730669","reported"
"samyang","삼양식품","ramen","total","samyang_ramen.xlsx","* 조회조건 -  [품목 : 1902301010, 국가 : US, $/원]","2000-12","2000-Q4","7243570","8601504042","2968027","53","49","8601504042","31","30","8324036169.68","false","0.9677","8324036169.68","reported"
"samyang","삼양식품","ramen","total","samyang_ramen.xlsx","* 조회조건 -  [품목 : 1902301010, 국가 : US, $/원]","2001-01","2001-Q1","7309592","9180795026","3138772","54","49","9180795026","31","30","8884640347.74","false","0.9677","8884640347.74","reported"
"samyang","삼양식품","ramen","total","samyang_ramen.xlsx","* 조회조건 -  [품목 : 1902301010, 국가 : US, $/원]","2001-02","2001-Q1","9651806","12043375243","3911421","62","61","12043375243","28","30","12903616331.79","false","1.0714","12903616331.79","reported"
"samyang","삼양식품","ramen","total","samyang_ramen.xlsx","* 조회조건 -  [품목 : 1902301010, 국가 : US, $/원]","2001-03","2001-Q1","10239229","12908840345","4356218","61","51","12908840345","31","30","12492426140.32","false","0.9677","12492426140.32","reported"
"samyang","삼양식품","ramen","total","samyang_ramen.xlsx","* 조회조건 -  [품목 : 1902301010, 국가 : US, $/원]","2001-04","2001-Q2","10100753","13271888737","4388154","66","44","13271888737","30","30","13271888737","false","1","13271888737","reported"
"samyang","삼양식품","ramen","total","samyang_ramen.xlsx","* 조회조건 -  [품목 : 1902301010, 국가 : US, $/원]","2001-05","2001-Q2","10258659","13244714912","4640751","66","42","13244714912","31","30","12817466043.87","false","0.9677","12817466043.87","reported"
"samyang","삼양식품","ramen","total","samyang_ramen.xlsx","* 조회조건 -  [품목 : 1902301010, 국가 : US, $/원]","2001-06","2001-Q2","7416879","9491798584","3242931","54","56","9491798584","30","30","9491798584","false","1","9491798584","reported"
"samyang","삼양식품","ramen","total","samyang_ramen.xlsx","* 조회조건 -  [품목 : 1902301010, 국가 : US, $/원]","2001-07","2001-Q3","8626103","11125094591","3872722","50","45","11125094591","31","30","10766220571.94","false","0.9677","10766220571.94","reported"
"samyang","삼양식품","ramen","total","samyang_ramen.xlsx","* 조회조건 -  [품목 : 1902301010, 국가 : US, $/원]","2001-08","2001-Q3","8349000","10653495989","3558919","59","51","10653495989","31","30","10309834828.06","false","0.9677","10309834828.06","reported"
"samyang","삼양식품","ramen","total","samyang_ramen.xlsx","* 조회조건 -  [품목 : 1902301010, 국가 : US, $/원]","2001-09","2001-Q3","9552222","12188595541","4037094","66","51","12188595541","30","30","12188595541","false","1","12188595541","reported"
"samyang","삼양식품","ramen","total","samyang_ramen.xlsx","* 조회조건 -  [품목 : 1902301010, 국가 : US, $/원]","2001-10","2001-Q4","9154209","11833407679","4226415.4","62","58","11833407679","31","30","11451684850.65","false","0.9677","11451684850.65","reported"
"samyang","삼양식품","ramen","total","samyang_ramen.xlsx","* 조회조건 -  [품목 : 1902301010, 국가 : US, $/원]","2001-11","2001-Q4","10696450","13666667395","4721488.6","69","57","13666667395","30","30","13666667395","false","1","13666667395","reported"
"samyang","삼양식품","ramen","total","samyang_ramen.xlsx","* 조회조건 -  [품목 : 1902301010, 국가 : US, $/원]","2001-12","2001-Q4","7708960","9766254613","3230767.4","65","54","9766254613","31","30","9451214141.61","false","0.9677","9451214141.61","reported"
"samyang","삼양식품","ramen","total","samyang_ramen.xlsx","* 조회조건 -  [품목 : 1902301010, 국가 : US, $/원]","2002-01","2002-Q1","10712925","13974424502","4573583.6","60","52","13974424502","31","30","13523636614.84","false","0.9677","13523636614.84","reported"
"samyang","삼양식품","ramen","total","samyang_ramen.xlsx","* 조회조건 -  [품목 : 1902301010, 국가 : US, $/원]","2002-02","2002-Q1","9729383","12700934466","4159310.5","65","53","12700934466","28","30","13608144070.71","false","1.0714","13608144070.71","reported"
"samyang","삼양식품","ramen","total","samyang_ramen.xlsx","* 조회조건 -  [품목 : 1902301010, 국가 : US, $/원]","2002-03","2002-Q1","11161795","14602859707","4577397.9","66","56","14602859707","31","30","14131799716.45","false","0.9677","14131799716.45","reported"
"samyang","삼양식품","ramen","total","samyang_ramen.xlsx","* 조회조건 -  [품목 : 1902301010, 국가 : US, $/원]","2002-04","2002-Q2","10504798","13773477687","4485845","57","52","13773477687","30","30","13773477687","false","1","13773477687","reported"
"samyang","삼양식품","ramen","total","samyang_ramen.xlsx","* 조회조건 -  [품목 : 1902301010, 국가 : US, $/원]","2002-05","2002-Q2","9820334","12439967509","4132120.5","77","60","12439967509","31","30","12038678234.52","false","0.9677","12038678234.52","reported"
"samyang","삼양식품","ramen","total","samyang_ramen.xlsx","* 조회조건 -  [품목 : 1902301010, 국가 : US, $/원]","2002-06","2002-Q2","11121190","13553398971","4775713.5","64","59","13553398971","30","30","13553398971","false","1","13553398971","reported"
"samyang","삼양식품","ramen","total","samyang_ramen.xlsx","* 조회조건 -  [품목 : 1902301010, 국가 : US, $/원]","2002-07","2002-Q3","10196498","12038500122","4442935.2","82","62","12038500122","31","30","11650161408.39","false","0.9677","11650161408.39","reported"
"samyang","삼양식품","ramen","total","samyang_ramen.xlsx","* 조회조건 -  [품목 : 1902301010, 국가 : US, $/원]","2002-08","2002-Q3","12573917","14839794253","5238675.4","63","58","14839794253","31","30","14361091212.58","false","0.9677","14361091212.58","reported"
"samyang","삼양식품","ramen","total","samyang_ramen.xlsx","* 조회조건 -  [품목 : 1902301010, 국가 : US, $/원]","2002-09","2002-Q3","10906160","13004233100","4330658.5","70","59","13004233100","30","30","13004233100","false","1","13004233100","reported"
"samyang","삼양식품","ramen","total","samyang_ramen.xlsx","* 조회조건 -  [품목 : 1902301010, 국가 : US, $/원]","2002-10","2002-Q4","12077681","14829158470","4866109.7","78","61","14829158470","31","30","14350798519.35","false","0.9677","14350798519.35","reported"
"samyang","삼양식품","ramen","total","samyang_ramen.xlsx","* 조회조건 -  [품목 : 1902301010, 국가 : US, $/원]","2002-11","2002-Q4","11351229","13672201329","4529974.4","77","62","13672201329","30","30","13672201329","false","1","13672201329","reported"
"samyang","삼양식품","ramen","total","samyang_ramen.xlsx","* 조회조건 -  [품목 : 1902301010, 국가 : US, $/원]","2002-12","2002-Q4","11207352","13421297329","4520446.4","63","59","13421297329","31","30","12988352253.87","false","0.9677","12988352253.87","reported"
"samyang","삼양식품","ramen","total","samyang_ramen.xlsx","* 조회조건 -  [품목 : 1902301010, 국가 : US, $/원]","2003-01","2003-Q1","10958542","12831571203","4165829.8","73","50","12831571203","31","30","12417649551.29","false","0.9677","12417649551.29","reported"
"samyang","삼양식품","ramen","total","samyang_ramen.xlsx","* 조회조건 -  [품목 : 1902301010, 국가 : US, $/원]","2003-02","2003-Q1","13315008","15687611485","5222958.8","81","51","15687611485","28","30","16808155162.5","false","1.0714","16808155162.5","reported"
"samyang","삼양식품","ramen","total","samyang_ramen.xlsx","* 조회조건 -  [품목 : 1902301010, 국가 : US, $/원]","2003-03","2003-Q1","12575105","15140213013","5059874.1","77","51","15140213013","31","30","14651819044.84","false","0.9677","14651819044.84","reported"
"samyang","삼양식품","ramen","total","samyang_ramen.xlsx","* 조회조건 -  [품목 : 1902301010, 국가 : US, $/원]","2003-04","2003-Q2","12081134","14800481350","4871054.2","72","50","14800481350","30","30","14800481350","false","1","14800481350","reported"
"samyang","삼양식품","ramen","total","samyang_ramen.xlsx","* 조회조건 -  [품목 : 1902301010, 국가 : US, $/원]","2003-05","2003-Q2","10144437","12085551854","4147991.3","64","56","12085551854","31","30","11695695342.58","false","0.9677","11695695342.58","reported"
"samyang","삼양식품","ramen","total","samyang_ramen.xlsx","* 조회조건 -  [품목 : 1902301010, 국가 : US, $/원]","2003-06","2003-Q2","10406027","12325380525","4264968.2","78","52","12325380525","30","30","12325380525","false","1","12325380525","reported"
"samyang","삼양식품","ramen","total","samyang_ramen.xlsx","* 조회조건 -  [품목 : 1902301010, 국가 : US, $/원]","2003-07","2003-Q3","12057563","14125826867","4907832.7","73","50","14125826867","31","30","13670155032.58","false","0.9677","13670155032.58","reported"
"samyang","삼양식품","ramen","total","samyang_ramen.xlsx","* 조회조건 -  [품목 : 1902301010, 국가 : US, $/원]","2003-08","2003-Q3","12507300","14611899203","4730462.9","77","55","14611899203","31","30","14140547615.81","false","0.9677","14140547615.81","reported"
"samyang","삼양식품","ramen","total","samyang_ramen.xlsx","* 조회조건 -  [품목 : 1902301010, 국가 : US, $/원]","2003-09","2003-Q3","13314225","15406059718","4915294.7","80","49","15406059718","30","30","15406059718","false","1","15406059718","reported"
"samyang","삼양식품","ramen","total","samyang_ramen.xlsx","* 조회조건 -  [품목 : 1902301010, 국가 : US, $/원]","2003-10","2003-Q4","14869750","17067342747","5620969.9","78","61","17067342747","31","30","16516783303.55","false","0.9677","16516783303.55","reported"
"samyang","삼양식품","ramen","total","samyang_ramen.xlsx","* 조회조건 -  [품목 : 1902301010, 국가 : US, $/원]","2003-11","2003-Q4","14529982","16967442864","5416439.2","84","63","16967442864","30","30","16967442864","false","1","16967442864","reported"
"samyang","삼양식품","ramen","total","samyang_ramen.xlsx","* 조회조건 -  [품목 : 1902301010, 국가 : US, $/원]","2003-12","2003-Q4","12337332","14586970543","4477250.8","82","52","14586970543","31","30","14116423106.13","false","0.9677","14116423106.13","reported"
"samyang","삼양식품","ramen","total","samyang_ramen.xlsx","* 조회조건 -  [품목 : 1902301010, 국가 : US, $/원]","2004-01","2004-Q1","7996326","9425095947","2958471.3","78","55","9425095947","31","30","9121060593.87","false","0.9677","9121060593.87","reported"
"samyang","삼양식품","ramen","total","samyang_ramen.xlsx","* 조회조건 -  [품목 : 1902301010, 국가 : US, $/원]","2004-02","2004-Q1","12553332","14495048221","4677584.7","80","54","14495048221","29","30","14994877470","false","1.0345","14994877470","reported"
"samyang","삼양식품","ramen","total","samyang_ramen.xlsx","* 조회조건 -  [품목 : 1902301010, 국가 : US, $/원]","2004-03","2004-Q1","13283979","15390675280","4970105.2","91","60","15390675280","31","30","14894201883.87","false","0.9677","14894201883.87","reported"
"samyang","삼양식품","ramen","total","samyang_ramen.xlsx","* 조회조건 -  [품목 : 1902301010, 국가 : US, $/원]","2004-04","2004-Q2","16702554","19014507769","6498525.7","85","63","19014507769","30","30","19014507769","false","1","19014507769","reported"
"samyang","삼양식품","ramen","total","samyang_ramen.xlsx","* 조회조건 -  [품목 : 1902301010, 국가 : US, $/원]","2004-05","2004-Q2","12465301","14490843552","4980076.8","86","64","14490843552","31","30","14023396985.81","false","0.9677","14023396985.81","reported"
"samyang","삼양식품","ramen","total","samyang_ramen.xlsx","* 조회조건 -  [품목 : 1902301010, 국가 : US, $/원]","2004-06","2004-Q2","12445256","14309945647","4897265","73","59","14309945647","30","30","14309945647","false","1","14309945647","reported"
"samyang","삼양식품","ramen","total","samyang_ramen.xlsx","* 조회조건 -  [품목 : 1902301010, 국가 : US, $/원]","2004-07","2004-Q3","12888671","14750919643","4857655.1","93","70","14750919643","31","30","14275083525.48","false","0.9677","14275083525.48","reported"
"samyang","삼양식품","ramen","total","samyang_ramen.xlsx","* 조회조건 -  [품목 : 1902301010, 국가 : US, $/원]","2004-08","2004-Q3","12138796","13950302968","4554994","80","46","13950302968","31","30","13500293194.84","false","0.9677","13500293194.84","reported"
"samyang","삼양식품","ramen","total","samyang_ramen.xlsx","* 조회조건 -  [품목 : 1902301010, 국가 : US, $/원]","2004-09","2004-Q3","14455749","16442708822","5348213","80","54","16442708822","30","30","16442708822","false","1","16442708822","reported"
"samyang","삼양식품","ramen","total","samyang_ramen.xlsx","* 조회조건 -  [품목 : 1902301010, 국가 : US, $/원]","2004-10","2004-Q4","14336081","16286378975","5265197.6","79","66","16286378975","31","30","15761011911.29","false","0.9677","15761011911.29","reported"
"samyang","삼양식품","ramen","total","samyang_ramen.xlsx","* 조회조건 -  [품목 : 1902301010, 국가 : US, $/원]","2004-11","2004-Q4","14336396","15711873911","5166636.9","94","68","15711873911","30","30","15711873911","false","1","15711873911","reported"
"samyang","삼양식품","ramen","total","samyang_ramen.xlsx","* 조회조건 -  [품목 : 1902301010, 국가 : US, $/원]","2004-12","2004-Q4","13239533","13810850350","4809080.6","82","64","13810850350","31","30","13365339048.39","false","0.9677","13365339048.39","reported"
"samyang","삼양식품","ramen","total","samyang_ramen.xlsx","* 조회조건 -  [품목 : 1902301010, 국가 : US, $/원]","2005-01","2005-Q1","11560340","11906762579","4045873.5","79","51","11906762579","31","30","11522673463.55","false","0.9677","11522673463.55","reported"
"samyang","삼양식품","ramen","total","samyang_ramen.xlsx","* 조회조건 -  [품목 : 1902301010, 국가 : US, $/원]","2005-02","2005-Q1","11661258","11851874526","4371553.1","79","55","11851874526","28","30","12698436992.14","false","1.0714","12698436992.14","reported"
"samyang","삼양식품","ramen","total","samyang_ramen.xlsx","* 조회조건 -  [품목 : 1902301010, 국가 : US, $/원]","2005-03","2005-Q1","13439406","13388537872","4658867.1","82","60","13388537872","31","30","12956649553.55","false","0.9677","12956649553.55","reported"
"samyang","삼양식품","ramen","total","samyang_ramen.xlsx","* 조회조건 -  [품목 : 1902301010, 국가 : US, $/원]","2005-04","2005-Q2","14553271","14623309091","4979789.2","82","59","14623309091","30","30","14623309091","false","1","14623309091","reported"
"samyang","삼양식품","ramen","total","samyang_ramen.xlsx","* 조회조건 -  [품목 : 1902301010, 국가 : US, $/원]","2005-05","2005-Q2","11156821","11071762895","3966805","77","52","11071762895","31","30","10714609253.23","false","0.9677","10714609253.23","reported"
"samyang","삼양식품","ramen","total","samyang_ramen.xlsx","* 조회조건 -  [품목 : 1902301010, 국가 : US, $/원]","2005-06","2005-Q2","10812439","10797894519","3508737.1","80","54","10797894519","30","30","10797894519","false","1","10797894519","reported"
"samyang","삼양식품","ramen","total","samyang_ramen.xlsx","* 조회조건 -  [품목 : 1902301010, 국가 : US, $/원]","2005-07","2005-Q3","9264287","9506254528","2907335","78","47","9506254528","31","30","9199601156.13","false","0.9677","9199601156.13","reported"
"samyang","삼양식품","ramen","total","samyang_ramen.xlsx","* 조회조건 -  [품목 : 1902301010, 국가 : US, $/원]","2005-08","2005-Q3","10751937","10865086738","3436291.1","82","52","10865086738","31","30","10514600069.03","false","0.9677","10514600069.03","reported"
"samyang","삼양식품","ramen","total","samyang_ramen.xlsx","* 조회조건 -  [품목 : 1902301010, 국가 : US, $/원]","2005-09","2005-Q3","11196104","11396356658","3536624.7","82","54","11396356658","30","30","11396356658","false","1","11396356658","reported"
"samyang","삼양식품","ramen","total","samyang_ramen.xlsx","* 조회조건 -  [품목 : 1902301010, 국가 : US, $/원]","2005-10","2005-Q4","10519965","10869603846","3287859.1","82","57","10869603846","31","30","10518971463.87","false","0.9677","10518971463.87","reported"
"samyang","삼양식품","ramen","total","samyang_ramen.xlsx","* 조회조건 -  [품목 : 1902301010, 국가 : US, $/원]","2005-11","2005-Q4","10558926","10913607596","3350506.2","84","57","10913607596","30","30","10913607596","false","1","10913607596","reported"
"samyang","삼양식품","ramen","total","samyang_ramen.xlsx","* 조회조건 -  [품목 : 1902301010, 국가 : US, $/원]","2005-12","2005-Q4","10405397","10614412679","3259736.1","99","58","10614412679","31","30","10272012270","false","0.9677","10272012270","reported"
"samyang","삼양식품","ramen","total","samyang_ramen.xlsx","* 조회조건 -  [품목 : 1902301010, 국가 : US, $/원]","2006-01","2006-Q1","8334967","8215812531","2660418.4","84","47","8215812531","31","30","7950786320.32","false","0.9677","7950786320.32","reported"
"samyang","삼양식품","ramen","total","samyang_ramen.xlsx","* 조회조건 -  [품목 : 1902301010, 국가 : US, $/원]","2006-02","2006-Q1","7629672","7338317189","2218547.6","89","46","7338317189","28","30","7862482702.5","false","1.0714","7862482702.5","reported"
"samyang","삼양식품","ramen","total","samyang_ramen.xlsx","* 조회조건 -  [품목 : 1902301010, 국가 : US, $/원]","2006-03","2006-Q1","8276452","7977595823","2519740.3","93","59","7977595823","31","30","7720254022.26","false","0.9677","7720254022.26","reported"
"samyang","삼양식품","ramen","total","samyang_ramen.xlsx","* 조회조건 -  [품목 : 1902301010, 국가 : US, $/원]","2006-04","2006-Q2","6979079","6647299400","2233323.6","87","56","6647299400","30","30","6647299400","false","1","6647299400","reported"
"samyang","삼양식품","ramen","total","samyang_ramen.xlsx","* 조회조건 -  [품목 : 1902301010, 국가 : US, $/원]","2006-05","2006-Q2","8502859","7917390939","2625053.8","92","50","7917390939","31","30","7661991231.29","false","0.9677","7661991231.29","reported"
"samyang","삼양식품","ramen","total","samyang_ramen.xlsx","* 조회조건 -  [품목 : 1902301010, 국가 : US, $/원]","2006-06","2006-Q2","9290507","8771553589","2798505.1","87","60","8771553589","30","30","8771553589","false","1","8771553589","reported"
"samyang","삼양식품","ramen","total","samyang_ramen.xlsx","* 조회조건 -  [품목 : 1902301010, 국가 : US, $/원]","2006-07","2006-Q3","8315631","7838399669","2338385.7","85","53","7838399669","31","30","7585548066.77","false","0.9677","7585548066.77","reported"
"samyang","삼양식품","ramen","total","samyang_ramen.xlsx","* 조회조건 -  [품목 : 1902301010, 국가 : US, $/원]","2006-08","2006-Q3","8802147","8362512016","2299206","94","52","8362512016","31","30","8092753563.87","false","0.9677","8092753563.87","reported"
"samyang","삼양식품","ramen","total","samyang_ramen.xlsx","* 조회조건 -  [품목 : 1902301010, 국가 : US, $/원]","2006-09","2006-Q3","9384872","8896050348","2571887.4","98","54","8896050348","30","30","8896050348","false","1","8896050348","reported"
"samyang","삼양식품","ramen","total","samyang_ramen.xlsx","* 조회조건 -  [품목 : 1902301010, 국가 : US, $/원]","2006-10","2006-Q4","7603439","7182976661","2123457.5","92","43","7182976661","31","30","6951267736.45","false","0.9677","6951267736.45","reported"
"samyang","삼양식품","ramen","total","samyang_ramen.xlsx","* 조회조건 -  [품목 : 1902301010, 국가 : US, $/원]","2006-11","2006-Q4","10237054","9535006393","2916180.8","96","63","9535006393","30","30","9535006393","false","1","9535006393","reported"
"samyang","삼양식품","ramen","total","samyang_ramen.xlsx","* 조회조건 -  [품목 : 1902301010, 국가 : US, $/원]","2006-12","2006-Q4","9278413","8507572130","2521497.6","92","52","8507572130","31","30","8233134319.35","false","0.9677","8233134319.35","reported"
"samyang","삼양식품","ramen","total","samyang_ramen.xlsx","* 조회조건 -  [품목 : 1902301010, 국가 : US, $/원]","2007-01","2007-Q1","9259929","8566694164","2405800.8","95","51","8566694164","31","30","8290349190.97","false","0.9677","8290349190.97","reported"
"samyang","삼양식품","ramen","total","samyang_ramen.xlsx","* 조회조건 -  [품목 : 1902301010, 국가 : US, $/원]","2007-02","2007-Q1","7604205","7060094350","2196728.8","81","38","7060094350","28","30","7564386803.57","false","1.0714","7564386803.57","reported"
"samyang","삼양식품","ramen","total","samyang_ramen.xlsx","* 조회조건 -  [품목 : 1902301010, 국가 : US, $/원]","2007-03","2007-Q1","9575942","8942815191","2681131.7","99","50","8942815191","31","30","8654337281.61","false","0.9677","8654337281.61","reported"
"samyang","삼양식품","ramen","total","samyang_ramen.xlsx","* 조회조건 -  [품목 : 1902301010, 국가 : US, $/원]","2007-04","2007-Q2","9427325","8716245719","2533665.7","90","40","8716245719","30","30","8716245719","false","1","8716245719","reported"
"samyang","삼양식품","ramen","total","samyang_ramen.xlsx","* 조회조건 -  [품목 : 1902301010, 국가 : US, $/원]","2007-05","2007-Q2","9072481","8332417920","2374578.8","83","58","8332417920","31","30","8063630245.16","false","0.9677","8063630245.16","reported"
"samyang","삼양식품","ramen","total","samyang_ramen.xlsx","* 조회조건 -  [품목 : 1902301010, 국가 : US, $/원]","2007-06","2007-Q2","8207310","7551181030","2199080.1","92","49","7551181030","30","30","7551181030","false","1","7551181030","reported"
"samyang","삼양식품","ramen","total","samyang_ramen.xlsx","* 조회조건 -  [품목 : 1902301010, 국가 : US, $/원]","2007-07","2007-Q3","7542683","6874409625","2039068","90","43","6874409625","31","30","6652654475.81","false","0.9677","6652654475.81","reported"
"samyang","삼양식품","ramen","total","samyang_ramen.xlsx","* 조회조건 -  [품목 : 1902301010, 국가 : US, $/원]","2007-08","2007-Q3","10262506","9436739750","2666841.4","106","44","9436739750","31","30","9132328790.32","false","0.9677","9132328790.32","reported"
"samyang","삼양식품","ramen","total","samyang_ramen.xlsx","* 조회조건 -  [품목 : 1902301010, 국가 : US, $/원]","2007-09","2007-Q3","9389204","8713580505","2410915.1","85","47","8713580505","30","30","8713580505","false","1","8713580505","reported"
"samyang","삼양식품","ramen","total","samyang_ramen.xlsx","* 조회조건 -  [품목 : 1902301010, 국가 : US, $/원]","2007-10","2007-Q4","11638501","10573251760","3064093.5","96","68","10573251760","31","30","10232179122.58","false","0.9677","10232179122.58","reported"
"samyang","삼양식품","ramen","total","samyang_ramen.xlsx","* 조회조건 -  [품목 : 1902301010, 국가 : US, $/원]","2007-11","2007-Q4","11643006","10526532893","2958994.8","102","58","10526532893","30","30","10526532893","false","1","10526532893","reported"
"samyang","삼양식품","ramen","total","samyang_ramen.xlsx","* 조회조건 -  [품목 : 1902301010, 국가 : US, $/원]","2007-12","2007-Q4","12041600","11070580689","2844162.6","95","57","11070580689","31","30","10713465182.9","false","0.9677","10713465182.9","reported"
"samyang","삼양식품","ramen","total","samyang_ramen.xlsx","* 조회조건 -  [품목 : 1902301010, 국가 : US, $/원]","2008-01","2008-Q1","11720431","10914683773","2839544.2","100","41","10914683773","31","30","10562597199.68","false","0.9677","10562597199.68","reported"
"samyang","삼양식품","ramen","total","samyang_ramen.xlsx","* 조회조건 -  [품목 : 1902301010, 국가 : US, $/원]","2008-02","2008-Q1","9456112","8847910558","2387501.3","91","36","8847910558","29","30","9153010922.07","false","1.0345","9153010922.07","reported"
"samyang","삼양식품","ramen","total","samyang_ramen.xlsx","* 조회조건 -  [품목 : 1902301010, 국가 : US, $/원]","2008-03","2008-Q1","10943073","10479531896","2675002.9","95","47","10479531896","31","30","10141482480","false","0.9677","10141482480","reported"
"samyang","삼양식품","ramen","total","samyang_ramen.xlsx","* 조회조건 -  [품목 : 1902301010, 국가 : US, $/원]","2008-04","2008-Q2","11526052","11248099598","2812243.5","96","54","11248099598","30","30","11248099598","false","1","11248099598","reported"
"samyang","삼양식품","ramen","total","samyang_ramen.xlsx","* 조회조건 -  [품목 : 1902301010, 국가 : US, $/원]","2008-05","2008-Q2","10806362","11013290040","2733945.7","103","185","11013290040","31","30","10658022619.35","false","0.9677","10658022619.35","reported"
"samyang","삼양식품","ramen","total","samyang_ramen.xlsx","* 조회조건 -  [품목 : 1902301010, 국가 : US, $/원]","2008-06","2008-Q2","10249466","10447788829","2505721.3","95","162","10447788829","30","30","10447788829","false","1","10447788829","reported"
"samyang","삼양식품","ramen","total","samyang_ramen.xlsx","* 조회조건 -  [품목 : 1902301010, 국가 : US, $/원]","2008-07","2008-Q3","12267457","12457625768","3048908.9","100","200","12457625768","31","30","12055766872.26","false","0.9677","12055766872.26","reported"
"samyang","삼양식품","ramen","total","samyang_ramen.xlsx","* 조회조건 -  [품목 : 1902301010, 국가 : US, $/원]","2008-08","2008-Q3","10415677","10607141952","2454214","104","191","10607141952","31","30","10264976082.58","false","0.9677","10264976082.58","reported"
"samyang","삼양식품","ramen","total","samyang_ramen.xlsx","* 조회조건 -  [품목 : 1902301010, 국가 : US, $/원]","2008-09","2008-Q3","10333169","11440014830","2520236.7","95","184","11440014830","30","30","11440014830","false","1","11440014830","reported"
"samyang","삼양식품","ramen","total","samyang_ramen.xlsx","* 조회조건 -  [품목 : 1902301010, 국가 : US, $/원]","2008-10","2008-Q4","11477976","14590078104","2858421.5","115","229","14590078104","31","30","14119430423.23","false","0.9677","14119430423.23","reported"
"samyang","삼양식품","ramen","total","samyang_ramen.xlsx","* 조회조건 -  [품목 : 1902301010, 국가 : US, $/원]","2008-11","2008-Q4","10268532","13924212689","2660794.9","97","205","13924212689","30","30","13924212689","false","1","13924212689","reported"
"samyang","삼양식품","ramen","total","samyang_ramen.xlsx","* 조회조건 -  [품목 : 1902301010, 국가 : US, $/원]","2008-12","2008-Q4","10053330","14079045634","2696077.5","102","231","14079045634","31","30","13624882871.61","false","0.9677","13624882871.61","reported"
"samyang","삼양식품","ramen","total","samyang_ramen.xlsx","* 조회조건 -  [품목 : 1902301010, 국가 : US, $/원]","2009-01","2009-Q1","9491008","12477713956","2561246.3","85","203","12477713956","31","30","12075207054.19","false","0.9677","12075207054.19","reported"
"samyang","삼양식품","ramen","total","samyang_ramen.xlsx","* 조회조건 -  [품목 : 1902301010, 국가 : US, $/원]","2009-02","2009-Q1","10373999","14376172757","2950002.2","106","215","14376172757","28","30","15403042239.64","false","1.0714","15403042239.64","reported"
"samyang","삼양식품","ramen","total","samyang_ramen.xlsx","* 조회조건 -  [품목 : 1902301010, 국가 : US, $/원]","2009-03","2009-Q1","10573085","15597208465","3060875.8","105","230","15597208465","31","30","15094072708.06","false","0.9677","15094072708.06","reported"
"samyang","삼양식품","ramen","total","samyang_ramen.xlsx","* 조회조건 -  [품목 : 1902301010, 국가 : US, $/원]","2009-04","2009-Q2","12071002","16039564628","3351065.4","105","237","16039564628","30","30","16039564628","false","1","16039564628","reported"
"samyang","삼양식품","ramen","total","samyang_ramen.xlsx","* 조회조건 -  [품목 : 1902301010, 국가 : US, $/원]","2009-05","2009-Q2","11391539","14376749825","3000303.9","104","214","14376749825","31","30","13912983701.61","false","0.9677","13912983701.61","reported"
"samyang","삼양식품","ramen","total","samyang_ramen.xlsx","* 조회조건 -  [품목 : 1902301010, 국가 : US, $/원]","2009-06","2009-Q2","10956856","13634492265","2928622.8","106","231","13634492265","30","30","13634492265","false","1","13634492265","reported"
"samyang","삼양식품","ramen","total","samyang_ramen.xlsx","* 조회조건 -  [품목 : 1902301010, 국가 : US, $/원]","2009-07","2009-Q3","11314586","14251939187","3050104.8","116","237","14251939187","31","30","13792199213.23","false","0.9677","13792199213.23","reported"
"samyang","삼양식품","ramen","total","samyang_ramen.xlsx","* 조회조건 -  [품목 : 1902301010, 국가 : US, $/원]","2009-08","2009-Q3","10915858","13391296360","2887927.6","109","222","13391296360","31","30","12959319058.06","false","0.9677","12959319058.06","reported"
"samyang","삼양식품","ramen","total","samyang_ramen.xlsx","* 조회조건 -  [품목 : 1902301010, 국가 : US, $/원]","2009-09","2009-Q3","13346302","16245656311","3454327.9","117","265","16245656311","30","30","16245656311","false","1","16245656311","reported"
"samyang","삼양식품","ramen","total","samyang_ramen.xlsx","* 조회조건 -  [품목 : 1902301010, 국가 : US, $/원]","2009-10","2009-Q4","12972033","15092276217","3098653.1","109","242","15092276217","31","30","14605428597.1","false","0.9677","14605428597.1","reported"
"samyang","삼양식품","ramen","total","samyang_ramen.xlsx","* 조회조건 -  [품목 : 1902301010, 국가 : US, $/원]","2009-11","2009-Q4","14478278","16786549068","3354712.8","106","250","16786549068","30","30","16786549068","false","1","16786549068","reported"
"samyang","삼양식품","ramen","total","samyang_ramen.xlsx","* 조회조건 -  [품목 : 1902301010, 국가 : US, $/원]","2009-12","2009-Q4","14025351","16158623941","3348295.6","113","243","16158623941","31","30","15637378007.42","false","0.9677","15637378007.42","reported"
"samyang","삼양식품","ramen","total","samyang_ramen.xlsx","* 조회조건 -  [품목 : 1902301010, 국가 : US, $/원]","2010-01","2010-Q1","11675874","13201313520","2844714.3","109","243","13201313520","31","30","12775464696.77","false","0.9677","12775464696.77","reported"
"samyang","삼양식품","ramen","total","samyang_ramen.xlsx","* 조회조건 -  [품목 : 1902301010, 국가 : US, $/원]","2010-02","2010-Q1","11333718","12964098038","2866200.2","101","230","12964098038","28","30","13890105040.71","false","1.0714","13890105040.71","reported"
"samyang","삼양식품","ramen","total","samyang_ramen.xlsx","* 조회조건 -  [품목 : 1902301010, 국가 : US, $/원]","2010-03","2010-Q1","13683465","15443040300","3433200.4","128","266","15443040300","31","30","14944877709.68","false","0.9677","14944877709.68","reported"
"samyang","삼양식품","ramen","total","samyang_ramen.xlsx","* 조회조건 -  [품목 : 1902301010, 국가 : US, $/원]","2010-04","2010-Q2","14820288","16471230594","3706264.4","120","260","16471230594","30","30","16471230594","false","1","16471230594","reported"
"samyang","삼양식품","ramen","total","samyang_ramen.xlsx","* 조회조건 -  [품목 : 1902301010, 국가 : US, $/원]","2010-05","2010-Q2","12136504","13634010964","3071437.7","113","253","13634010964","31","30","13194204158.71","false","0.9677","13194204158.71","reported"
"samyang","삼양식품","ramen","total","samyang_ramen.xlsx","* 조회조건 -  [품목 : 1902301010, 국가 : US, $/원]","2010-06","2010-Q2","13201039","15924519809","3417217.2","118","266","15924519809","30","30","15924519809","false","1","15924519809","reported"
"samyang","삼양식품","ramen","total","samyang_ramen.xlsx","* 조회조건 -  [품목 : 1902301010, 국가 : US, $/원]","2010-07","2010-Q3","12491838","14958749586","3199199.3","116","253","14958749586","31","30","14476209276.77","false","0.9677","14476209276.77","reported"
"samyang","삼양식품","ramen","total","samyang_ramen.xlsx","* 조회조건 -  [품목 : 1902301010, 국가 : US, $/원]","2010-08","2010-Q3","11811219","13787632749","2957242.7","110","256","13787632749","31","30","13342870402.26","false","0.9677","13342870402.26","reported"
"samyang","삼양식품","ramen","total","samyang_ramen.xlsx","* 조회조건 -  [품목 : 1902301010, 국가 : US, $/원]","2010-09","2010-Q3","11613003","13519277383","2856600.1","113","234","13519277383","30","30","13519277383","false","1","13519277383","reported"
"samyang","삼양식품","ramen","total","samyang_ramen.xlsx","* 조회조건 -  [품목 : 1902301010, 국가 : US, $/원]","2010-10","2010-Q4","14984165","16764606770","3866219.1","107","249","16764606770","31","30","16223813003.23","false","0.9677","16223813003.23","reported"
"samyang","삼양식품","ramen","total","samyang_ramen.xlsx","* 조회조건 -  [품목 : 1902301010, 국가 : US, $/원]","2010-11","2010-Q4","15034718","16717188692","3711362.6","117","259","16717188692","30","30","16717188692","false","1","16717188692","reported"
"samyang","삼양식품","ramen","total","samyang_ramen.xlsx","* 조회조건 -  [품목 : 1902301010, 국가 : US, $/원]","2010-12","2010-Q4","14418263","16366564399","3708104.9","125","272","16366564399","31","30","15838610708.71","false","0.9677","15838610708.71","reported"
"samyang","삼양식품","ramen","total","samyang_ramen.xlsx","* 조회조건 -  [품목 : 1902301010, 국가 : US, $/원]","2011-01","2011-Q1","13181296","14685653770","3330147.3","112","245","14685653770","31","30","14211923003.23","false","0.9677","14211923003.23","reported"
"samyang","삼양식품","ramen","total","samyang_ramen.xlsx","* 조회조건 -  [품목 : 1902301010, 국가 : US, $/원]","2011-02","2011-Q1","10541810","11660158577","2771849.6","92","214","11660158577","28","30","12493027046.79","false","1.0714","12493027046.79","reported"
"samyang","삼양식품","ramen","total","samyang_ramen.xlsx","* 조회조건 -  [품목 : 1902301010, 국가 : US, $/원]","2011-03","2011-Q1","19071331","21244934738","4775308","157","307","21244934738","31","30","20559614262.58","false","0.9677","20559614262.58","reported"
"samyang","삼양식품","ramen","total","samyang_ramen.xlsx","* 조회조건 -  [품목 : 1902301010, 국가 : US, $/원]","2011-04","2011-Q2","20612272","22343825528","4962289.2","127","280","22343825528","30","30","22343825528","false","1","22343825528","reported"
"samyang","삼양식품","ramen","total","samyang_ramen.xlsx","* 조회조건 -  [품목 : 1902301010, 국가 : US, $/원]","2011-05","2011-Q2","15369367","16475789308","3744640.4","126","286","16475789308","31","30","15944312233.55","false","0.9677","15944312233.55","reported"
"samyang","삼양식품","ramen","total","samyang_ramen.xlsx","* 조회조건 -  [품목 : 1902301010, 국가 : US, $/원]","2011-06","2011-Q2","14146028","15173533452","3348756.3","117","256","15173533452","30","30","15173533452","false","1","15173533452","reported"
"samyang","삼양식품","ramen","total","samyang_ramen.xlsx","* 조회조건 -  [품목 : 1902301010, 국가 : US, $/원]","2011-07","2011-Q3","13784697","14544465781","3210912.05","114","250","14544465781","31","30","14075289465.48","false","0.9677","14075289465.48","reported"
"samyang","삼양식품","ramen","total","samyang_ramen.xlsx","* 조회조건 -  [품목 : 1902301010, 국가 : US, $/원]","2011-08","2011-Q3","14320957","15155213202","3511464.5","108","257","15155213202","31","30","14666335356.77","false","0.9677","14666335356.77","reported"
"samyang","삼양식품","ramen","total","samyang_ramen.xlsx","* 조회조건 -  [품목 : 1902301010, 국가 : US, $/원]","2011-09","2011-Q3","15732718","17090726299","3674421.9","118","278","17090726299","30","30","17090726299","false","1","17090726299","reported"
"samyang","삼양식품","ramen","total","samyang_ramen.xlsx","* 조회조건 -  [품목 : 1902301010, 국가 : US, $/원]","2011-10","2011-Q4","15905970","18415004093","3791233.2","131","261","18415004093","31","30","17820971702.9","false","0.9677","17820971702.9","reported"
"samyang","삼양식품","ramen","total","samyang_ramen.xlsx","* 조회조건 -  [품목 : 1902301010, 국가 : US, $/원]","2011-11","2011-Q4","16966882","18934841942","3867772.2","132","281","18934841942","30","30","18934841942","false","1","18934841942","reported"
"samyang","삼양식품","ramen","total","samyang_ramen.xlsx","* 조회조건 -  [품목 : 1902301010, 국가 : US, $/원]","2011-12","2011-Q4","17098925","19409527794","3846514.7","146","272","19409527794","31","30","18783413994.19","false","0.9677","18783413994.19","reported"
"samyang","삼양식품","ramen","total","samyang_ramen.xlsx","* 조회조건 -  [품목 : 1902301010, 국가 : US, $/원]","2012-01","2012-Q1","14221675","16222057264","3100870","115","246","16222057264","31","30","15698765094.19","false","0.9677","15698765094.19","reported"
"samyang","삼양식품","ramen","total","samyang_ramen.xlsx","* 조회조건 -  [품목 : 1902301010, 국가 : US, $/원]","2012-02","2012-Q1","18391906","20456644482","4099257.8","149","298","20456644482","29","30","21162046015.86","false","1.0345","21162046015.86","reported"
"samyang","삼양식품","ramen","total","samyang_ramen.xlsx","* 조회조건 -  [품목 : 1902301010, 국가 : US, $/원]","2012-03","2012-Q1","19451291","21637273341","4311514.1","132","264","21637273341","31","30","20939296781.61","false","0.9677","20939296781.61","reported"
"samyang","삼양식품","ramen","total","samyang_ramen.xlsx","* 조회조건 -  [품목 : 1902301010, 국가 : US, $/원]","2012-04","2012-Q2","18180954","20441880756","4200574.7","126","271","20441880756","30","30","20441880756","false","1","20441880756","reported"
"samyang","삼양식품","ramen","total","samyang_ramen.xlsx","* 조회조건 -  [품목 : 1902301010, 국가 : US, $/원]","2012-05","2012-Q2","17588788","19974086968","4018695.5","124","273","19974086968","31","30","19329761581.94","false","0.9677","19329761581.94","reported"
"samyang","삼양식품","ramen","total","samyang_ramen.xlsx","* 조회조건 -  [품목 : 1902301010, 국가 : US, $/원]","2012-06","2012-Q2","16413128","19016889795","3757668.9","120","269","19016889795","30","30","19016889795","false","1","19016889795","reported"
"samyang","삼양식품","ramen","total","samyang_ramen.xlsx","* 조회조건 -  [품목 : 1902301010, 국가 : US, $/원]","2012-07","2012-Q3","17846066","20252317812","4184434.6","128","281","20252317812","31","30","19599017237.42","false","0.9677","19599017237.42","reported"
"samyang","삼양식품","ramen","total","samyang_ramen.xlsx","* 조회조건 -  [품목 : 1902301010, 국가 : US, $/원]","2012-08","2012-Q3","17317305","19437184296","3804838","112","255","19437184296","31","30","18810178350.97","false","0.9677","18810178350.97","reported"
"samyang","삼양식품","ramen","total","samyang_ramen.xlsx","* 조회조건 -  [품목 : 1902301010, 국가 : US, $/원]","2012-09","2012-Q3","17090407","19085891642","3876012.6","113","267","19085891642","30","30","19085891642","false","1","19085891642","reported"
"samyang","삼양식품","ramen","total","samyang_ramen.xlsx","* 조회조건 -  [품목 : 1902301010, 국가 : US, $/원]","2012-10","2012-Q4","18129785","19937893295","4243766.9","132","284","19937893295","31","30","19294735446.77","false","0.9677","19294735446.77","reported"
"samyang","삼양식품","ramen","total","samyang_ramen.xlsx","* 조회조건 -  [품목 : 1902301010, 국가 : US, $/원]","2012-11","2012-Q4","16474488","17783425165","3624223.1","121","253","17783425165","30","30","17783425165","false","1","17783425165","reported"
"samyang","삼양식품","ramen","total","samyang_ramen.xlsx","* 조회조건 -  [품목 : 1902301010, 국가 : US, $/원]","2012-12","2012-Q4","15122959","16163944103","3284400.1","126","263","16163944103","31","30","15642526551.29","false","0.9677","15642526551.29","reported"
"samyang","삼양식품","ramen","total","samyang_ramen.xlsx","* 조회조건 -  [품목 : 1902301010, 국가 : US, $/원]","2013-01","2013-Q1","18165633","19131878122","3750175.7","126","272","19131878122","31","30","18514720763.23","false","0.9677","18514720763.23","reported"
"samyang","삼양식품","ramen","total","samyang_ramen.xlsx","* 조회조건 -  [품목 : 1902301010, 국가 : US, $/원]","2013-02","2013-Q1","14898458","16003502110","3615500.6","105","245","16003502110","28","30","17146609403.57","false","1.0714","17146609403.57","reported"
"samyang","삼양식품","ramen","total","samyang_ramen.xlsx","* 조회조건 -  [품목 : 1902301010, 국가 : US, $/원]","2013-03","2013-Q1","19572531","21289699685","4628252.8","130","278","21289699685","31","30","20602935179.03","false","0.9677","20602935179.03","reported"
"samyang","삼양식품","ramen","total","samyang_ramen.xlsx","* 조회조건 -  [품목 : 1902301010, 국가 : US, $/원]","2013-04","2013-Q2","21415179","23785143708","4633043.1","142","303","23785143708","30","30","23785143708","false","1","23785143708","reported"
"samyang","삼양식품","ramen","total","samyang_ramen.xlsx","* 조회조건 -  [품목 : 1902301010, 국가 : US, $/원]","2013-05","2013-Q2","19121786","20980014291","4384480","130","296","20980014291","31","30","20303239636.45","false","0.9677","20303239636.45","reported"
"samyang","삼양식품","ramen","total","samyang_ramen.xlsx","* 조회조건 -  [품목 : 1902301010, 국가 : US, $/원]","2013-06","2013-Q2","18819826","21042674766","4345660.6","130","276","21042674766","30","30","21042674766","false","1","21042674766","reported"
"samyang","삼양식품","ramen","total","samyang_ramen.xlsx","* 조회조건 -  [품목 : 1902301010, 국가 : US, $/원]","2013-07","2013-Q3","17501067","19625725341","4226261.6","139","290","19625725341","31","30","18992637426.77","false","0.9677","18992637426.77","reported"
"samyang","삼양식품","ramen","total","samyang_ramen.xlsx","* 조회조건 -  [품목 : 1902301010, 국가 : US, $/원]","2013-08","2013-Q3","15436596","17076132654","3507596.5","150","297","17076132654","31","30","16525289665.16","false","0.9677","16525289665.16","reported"
"samyang","삼양식품","ramen","total","samyang_ramen.xlsx","* 조회조건 -  [품목 : 1902301010, 국가 : US, $/원]","2013-09","2013-Q3","15372132","16663047833","3657030","132","280","16663047833","30","30","16663047833","false","1","16663047833","reported"
"samyang","삼양식품","ramen","total","samyang_ramen.xlsx","* 조회조건 -  [품목 : 1902301010, 국가 : US, $/원]","2013-10","2013-Q4","18841215","19956624146","4632935.6","150","299","19956624146","31","30","19312862076.77","false","0.9677","19312862076.77","reported"
"samyang","삼양식품","ramen","total","samyang_ramen.xlsx","* 조회조건 -  [품목 : 1902301010, 국가 : US, $/원]","2013-11","2013-Q4","17474235","18392247946","4037896.7","147","285","18392247946","30","30","18392247946","false","1","18392247946","reported"
"samyang","삼양식품","ramen","total","samyang_ramen.xlsx","* 조회조건 -  [품목 : 1902301010, 국가 : US, $/원]","2013-12","2013-Q4","15909946","16660544292","3674122","147","275","16660544292","31","30","16123107379.35","false","0.9677","16123107379.35","reported"
"samyang","삼양식품","ramen","total","samyang_ramen.xlsx","* 조회조건 -  [품목 : 1902301010, 국가 : US, $/원]","2014-01","2014-Q1","15239740","16005059225","3558681.72","135","278","16005059225","31","30","15488766991.94","false","0.9677","15488766991.94","reported"
"samyang","삼양식품","ramen","total","samyang_ramen.xlsx","* 조회조건 -  [품목 : 1902301010, 국가 : US, $/원]","2014-02","2014-Q1","17036505","18094938166","3938822.7","137","280","18094938166","28","30","19387433749.29","false","1.0714","19387433749.29","reported"
"samyang","삼양식품","ramen","total","samyang_ramen.xlsx","* 조회조건 -  [품목 : 1902301010, 국가 : US, $/원]","2014-03","2014-Q1","19039203","20174139288","4379909","143","286","20174139288","31","30","19523360601.29","false","0.9677","19523360601.29","reported"
"samyang","삼양식품","ramen","total","samyang_ramen.xlsx","* 조회조건 -  [품목 : 1902301010, 국가 : US, $/원]","2014-04","2014-Q2","18567670","19324894017","4379746.36","144","300","19324894017","30","30","19324894017","false","1","19324894017","reported"
"samyang","삼양식품","ramen","total","samyang_ramen.xlsx","* 조회조건 -  [품목 : 1902301010, 국가 : US, $/원]","2014-05","2014-Q2","18006197","18318048761","4021373.6","140","298","18318048761","31","30","17727143962.26","false","0.9677","17727143962.26","reported"
"samyang","삼양식품","ramen","total","samyang_ramen.xlsx","* 조회조건 -  [품목 : 1902301010, 국가 : US, $/원]","2014-06","2014-Q2","17594692","17781343540","4085994.2","136","272","17781343540","30","30","17781343540","false","1","17781343540","reported"
"samyang","삼양식품","ramen","total","samyang_ramen.xlsx","* 조회조건 -  [품목 : 1902301010, 국가 : US, $/원]","2014-07","2014-Q3","17248562","17395135828","4002696.2","153","294","17395135828","31","30","16834002414.19","false","0.9677","16834002414.19","reported"
"samyang","삼양식품","ramen","total","samyang_ramen.xlsx","* 조회조건 -  [품목 : 1902301010, 국가 : US, $/원]","2014-08","2014-Q3","14799620","15052945571","3391148.5","142","273","15052945571","31","30","14567366681.61","false","0.9677","14567366681.61","reported"
"samyang","삼양식품","ramen","total","samyang_ramen.xlsx","* 조회조건 -  [품목 : 1902301010, 국가 : US, $/원]","2014-09","2014-Q3","17112792","17446207033","4027344.5","146","294","17446207033","30","30","17446207033","false","1","17446207033","reported"
"samyang","삼양식품","ramen","total","samyang_ramen.xlsx","* 조회조건 -  [품목 : 1902301010, 국가 : US, $/원]","2014-10","2014-Q4","18292317","19197798336","4361715.1","162","325","19197798336","31","30","18578514518.71","false","0.9677","18578514518.71","reported"
"samyang","삼양식품","ramen","total","samyang_ramen.xlsx","* 조회조건 -  [품목 : 1902301010, 국가 : US, $/원]","2014-11","2014-Q4","18998768","20363763335","4660781.2","143","311","20363763335","30","30","20363763335","false","1","20363763335","reported"
"samyang","삼양식품","ramen","total","samyang_ramen.xlsx","* 조회조건 -  [품목 : 1902301010, 국가 : US, $/원]","2014-12","2014-Q4","16518465","18104039163","3992836.9","154","313","18104039163","31","30","17520037899.68","false","0.9677","17520037899.68","reported"
"samyang","삼양식품","ramen","total","samyang_ramen.xlsx","* 조회조건 -  [품목 : 1902301010, 국가 : US, $/원]","2015-01","2015-Q1","17601057","19049640631","4195119.1","154","300","19049640631","31","30","18435136094.52","false","0.9677","18435136094.52","reported"
"samyang","삼양식품","ramen","total","samyang_ramen.xlsx","* 조회조건 -  [품목 : 1902301010, 국가 : US, $/원]","2015-02","2015-Q1","15199000","16446643818","3822320.5","122","254","16446643818","28","30","17621404090.71","false","1.0714","17621404090.71","reported"
"samyang","삼양식품","ramen","total","samyang_ramen.xlsx","* 조회조건 -  [품목 : 1902301010, 국가 : US, $/원]","2015-03","2015-Q1","17967577","19786351250","4532101.3","140","304","19786351250","31","30","19148081854.84","false","0.9677","19148081854.84","reported"
"samyang","삼양식품","ramen","total","samyang_ramen.xlsx","* 조회조건 -  [품목 : 1902301010, 국가 : US, $/원]","2015-04","2015-Q2","19178205","20808180851","4719069.7","160","328","20808180851","30","30","20808180851","false","1","20808180851","reported"
"samyang","삼양식품","ramen","total","samyang_ramen.xlsx","* 조회조건 -  [품목 : 1902301010, 국가 : US, $/원]","2015-05","2015-Q2","15014448","16146819607","3731691.6","142","291","16146819607","31","30","15625954458.39","false","0.9677","15625954458.39","reported"
"samyang","삼양식품","ramen","total","samyang_ramen.xlsx","* 조회조건 -  [품목 : 1902301010, 국가 : US, $/원]","2015-06","2015-Q2","18874099","20755483791","4747441.3","150","309","20755483791","30","30","20755483791","false","1","20755483791","reported"
"samyang","삼양식품","ramen","total","samyang_ramen.xlsx","* 조회조건 -  [품목 : 1902301010, 국가 : US, $/원]","2015-07","2015-Q3","17889577","20081702172","4556987","161","326","20081702172","31","30","19433905327.74","false","0.9677","19433905327.74","reported"
"samyang","삼양식품","ramen","total","samyang_ramen.xlsx","* 조회조건 -  [품목 : 1902301010, 국가 : US, $/원]","2015-08","2015-Q3","16687335","19412080541","4172230.8","170","307","19412080541","31","30","18785884394.52","false","0.9677","18785884394.52","reported"
"samyang","삼양식품","ramen","total","samyang_ramen.xlsx","* 조회조건 -  [품목 : 1902301010, 국가 : US, $/원]","2015-09","2015-Q3","19634269","23048384992","4997579.7","166","340","23048384992","30","30","23048384992","false","1","23048384992","reported"
"samyang","삼양식품","ramen","total","samyang_ramen.xlsx","* 조회조건 -  [품목 : 1902301010, 국가 : US, $/원]","2015-10","2015-Q4","20082066","23009010779","5251363.6","163","319","23009010779","31","30","22266784624.84","false","0.9677","22266784624.84","reported"
"samyang","삼양식품","ramen","total","samyang_ramen.xlsx","* 조회조건 -  [품목 : 1902301010, 국가 : US, $/원]","2015-11","2015-Q4","21196469","24097139823","5614837.2","174","335","24097139823","30","30","24097139823","false","1","24097139823","reported"
"samyang","삼양식품","ramen","total","samyang_ramen.xlsx","* 조회조건 -  [품목 : 1902301010, 국가 : US, $/원]","2015-12","2015-Q4","19475361","22543132787","5037246.6","178","360","22543132787","31","30","21815934955.16","false","0.9677","21815934955.16","reported"
"samyang","삼양식품","ramen","total","samyang_ramen.xlsx","* 조회조건 -  [품목 : 1902301010, 국가 : US, $/원]","2016-01","2016-Q1","16676782","19727748649","4437819","164","316","19727748649","31","30","19091369660.32","false","0.9677","19091369660.32","reported"
"samyang","삼양식품","ramen","total","samyang_ramen.xlsx","* 조회조건 -  [품목 : 1902301010, 국가 : US, $/원]","2016-02","2016-Q1","17708496","21168117095","4680875.8","160","311","21168117095","29","30","21898052167.24","false","1.0345","21898052167.24","reported"
"samyang","삼양식품","ramen","total","samyang_ramen.xlsx","* 조회조건 -  [품목 : 1902301010, 국가 : US, $/원]","2016-03","2016-Q1","22384712","26704323910","6145979.5","197","370","26704323910","31","30","25842894106.45","false","0.9677","25842894106.45","reported"
"samyang","삼양식품","ramen","total","samyang_ramen.xlsx","* 조회조건 -  [품목 : 1902301010, 국가 : US, $/원]","2016-04","2016-Q2","20137127","22955314367","5500204.23","178","322","22955314367","30","30","22955314367","false","1","22955314367","reported"
"samyang","삼양식품","ramen","total","samyang_ramen.xlsx","* 조회조건 -  [품목 : 1902301010, 국가 : US, $/원]","2016-05","2016-Q2","22676426","26136624463","6223378.238","174","334","26136624463","31","30","25293507544.84","false","0.9677","25293507544.84","reported"
"samyang","삼양식품","ramen","total","samyang_ramen.xlsx","* 조회조건 -  [품목 : 1902301010, 국가 : US, $/원]","2016-06","2016-Q2","23095460","26797934700","6278715.267","180","373","26797934700","30","30","26797934700","false","1","26797934700","reported"
"samyang","삼양식품","ramen","total","samyang_ramen.xlsx","* 조회조건 -  [품목 : 1902301010, 국가 : US, $/원]","2016-07","2016-Q3","25463629","29021580412","6891257.471","184","378","29021580412","31","30","28085400398.71","false","0.9677","28085400398.71","reported"
"samyang","삼양식품","ramen","total","samyang_ramen.xlsx","* 조회조건 -  [품목 : 1902301010, 국가 : US, $/원]","2016-08","2016-Q3","26821970","29564588740","7275628.352","206","373","29564588740","31","30","28610892329.03","false","0.9677","28610892329.03","reported"
"samyang","삼양식품","ramen","total","samyang_ramen.xlsx","* 조회조건 -  [품목 : 1902301010, 국가 : US, $/원]","2016-09","2016-Q3","27573560","30378714367","7665211.481","185","354","30378714367","30","30","30378714367","false","1","30378714367","reported"
"samyang","삼양식품","ramen","total","samyang_ramen.xlsx","* 조회조건 -  [품목 : 1902301010, 국가 : US, $/원]","2016-10","2016-Q4","30036207","33234208604","8142136.299","179","375","33234208604","31","30","32162137358.71","false","0.9677","32162137358.71","reported"
"samyang","삼양식품","ramen","total","samyang_ramen.xlsx","* 조회조건 -  [품목 : 1902301010, 국가 : US, $/원]","2016-11","2016-Q4","30010940","34313988500","8285016.404","196","404","34313988500","30","30","34313988500","false","1","34313988500","reported"
"samyang","삼양식품","ramen","total","samyang_ramen.xlsx","* 조회조건 -  [품목 : 1902301010, 국가 : US, $/원]","2016-12","2016-Q4","27780223","32343376037","8059360.938","206","376","32343376037","31","30","31300041326.13","false","0.9677","31300041326.13","reported"
"samyang","삼양식품","ramen","total","samyang_ramen.xlsx","* 조회조건 -  [품목 : 1902301010, 국가 : US, $/원]","2017-01","2017-Q1","25751456","30472047113","7315328.011","161","347","30472047113","31","30","29489077851.29","false","0.9677","29489077851.29","reported"
"samyang","삼양식품","ramen","total","samyang_ramen.xlsx","* 조회조건 -  [품목 : 1902301010, 국가 : US, $/원]","2017-02","2017-Q1","34009011","38739386139","9633930.221","181","373","38739386139","28","30","41506485148.93","false","1.0714","41506485148.93","reported"
"samyang","삼양식품","ramen","total","samyang_ramen.xlsx","* 조회조건 -  [품목 : 1902301010, 국가 : US, $/원]","2017-03","2017-Q1","34167119","38569004108","9635476.2","187","393","38569004108","31","30","37324842685.16","false","0.9677","37324842685.16","reported"
"samyang","삼양식품","ramen","total","samyang_ramen.xlsx","* 조회조건 -  [품목 : 1902301010, 국가 : US, $/원]","2017-04","2017-Q2","29148761","32594115832","8325660.504","151","354","32594115832","30","30","32594115832","false","1","32594115832","reported"
"samyang","삼양식품","ramen","total","samyang_ramen.xlsx","* 조회조건 -  [품목 : 1902301010, 국가 : US, $/원]","2017-05","2017-Q2","22790765","25450716714","6236428.418","167","393","25450716714","31","30","24629725852.26","false","0.9677","24629725852.26","reported"
"samyang","삼양식품","ramen","total","samyang_ramen.xlsx","* 조회조건 -  [품목 : 1902301010, 국가 : US, $/원]","2017-06","2017-Q2","28954411","32297268245","8051094.575","174","459","32297268245","30","30","32297268245","false","1","32297268245","reported"
"samyang","삼양식품","ramen","total","samyang_ramen.xlsx","* 조회조건 -  [품목 : 1902301010, 국가 : US, $/원]","2017-07","2017-Q3","28270189","31907837273","8288328.945","154","360","31907837273","31","30","30878552199.68","false","0.9677","30878552199.68","reported"
"samyang","삼양식품","ramen","total","samyang_ramen.xlsx","* 조회조건 -  [품목 : 1902301010, 국가 : US, $/원]","2017-08","2017-Q3","30479244","34088844654","8806240.39","157","375","34088844654","31","30","32989204503.87","false","0.9677","32989204503.87","reported"
"samyang","삼양식품","ramen","total","samyang_ramen.xlsx","* 조회조건 -  [품목 : 1902301010, 국가 : US, $/원]","2017-09","2017-Q3","41543731","46453935367","12672603.307","181","415","46453935367","30","30","46453935367","false","1","46453935367","reported"
"samyang","삼양식품","ramen","total","samyang_ramen.xlsx","* 조회조건 -  [품목 : 1902301010, 국가 : US, $/원]","2017-10","2017-Q4","29950658","33656068147","8773062.674","134","328","33656068147","31","30","32570388529.35","false","0.9677","32570388529.35","reported"
"samyang","삼양식품","ramen","total","samyang_ramen.xlsx","* 조회조건 -  [품목 : 1902301010, 국가 : US, $/원]","2017-11","2017-Q4","41332522","45586975100","12290079.83","178","400","45586975100","30","30","45586975100","false","1","45586975100","reported"
"samyang","삼양식품","ramen","total","samyang_ramen.xlsx","* 조회조건 -  [품목 : 1902301010, 국가 : US, $/원]","2017-12","2017-Q4","34592878","37278424484","10086775.438","150","354","37278424484","31","30","36075894661.94","false","0.9677","36075894661.94","reported"
"samyang","삼양식품","ramen","total","samyang_ramen.xlsx","* 조회조건 -  [품목 : 1902301010, 국가 : US, $/원]","2018-01","2018-Q1","33717833","35663528020","9442133.482","158","371","35663528020","31","30","34513091632.26","false","0.9677","34513091632.26","reported"
"samyang","삼양식품","ramen","total","samyang_ramen.xlsx","* 조회조건 -  [품목 : 1902301010, 국가 : US, $/원]","2018-02","2018-Q1","28932456","30862793904","8163514.84","112","311","30862793904","28","30","33067279182.86","false","1.0714","33067279182.86","reported"
"samyang","삼양식품","ramen","total","samyang_ramen.xlsx","* 조회조건 -  [품목 : 1902301010, 국가 : US, $/원]","2018-03","2018-Q1","37414973","39710178082","10611005.182","154","383","39710178082","31","30","38429204595.48","false","0.9677","38429204595.48","reported"
"samyang","삼양식품","ramen","total","samyang_ramen.xlsx","* 조회조건 -  [품목 : 1902301010, 국가 : US, $/원]","2018-04","2018-Q2","37199266","39302573472","10452829.839","141","373","39302573472","30","30","39302573472","false","1","39302573472","reported"
"samyang","삼양식품","ramen","total","samyang_ramen.xlsx","* 조회조건 -  [품목 : 1902301010, 국가 : US, $/원]","2018-05","2018-Q2","38233595","40749324390","10784481.865","165","400","40749324390","31","30","39434830054.84","false","0.9677","39434830054.84","reported"
"samyang","삼양식품","ramen","total","samyang_ramen.xlsx","* 조회조건 -  [품목 : 1902301010, 국가 : US, $/원]","2018-06","2018-Q2","40685364","43801483972","11818172.045","155","370","43801483972","30","30","43801483972","false","1","43801483972","reported"
"samyang","삼양식품","ramen","total","samyang_ramen.xlsx","* 조회조건 -  [품목 : 1902301010, 국가 : US, $/원]","2018-07","2018-Q3","29631205","32908515850","8049754.205","160","372","32908515850","31","30","31846950822.58","false","0.9677","31846950822.58","reported"
"samyang","삼양식품","ramen","total","samyang_ramen.xlsx","* 조회조건 -  [품목 : 1902301010, 국가 : US, $/원]","2018-08","2018-Q3","34904802","38869845337","9551345.949","166","384","38869845337","31","30","37615979358.39","false","0.9677","37615979358.39","reported"
"samyang","삼양식품","ramen","total","samyang_ramen.xlsx","* 조회조건 -  [품목 : 1902301010, 국가 : US, $/원]","2018-09","2018-Q3","31013016","34375693502","8713594.449","146","352","34375693502","30","30","34375693502","false","1","34375693502","reported"
"samyang","삼양식품","ramen","total","samyang_ramen.xlsx","* 조회조건 -  [품목 : 1902301010, 국가 : US, $/원]","2018-10","2018-Q4","39468012","44035266644","11243134.393","154","384","44035266644","31","30","42614774171.61","false","0.9677","42614774171.61","reported"
"samyang","삼양식품","ramen","total","samyang_ramen.xlsx","* 조회조건 -  [품목 : 1902301010, 국가 : US, $/원]","2018-11","2018-Q4","34061404","38128016346","9271170.899","163","400","38128016346","30","30","38128016346","false","1","38128016346","reported"
"samyang","삼양식품","ramen","total","samyang_ramen.xlsx","* 조회조건 -  [품목 : 1902301010, 국가 : US, $/원]","2018-12","2018-Q4","27832169","31006307574","7875678.936","151","370","31006307574","31","30","30006104103.87","false","0.9677","30006104103.87","reported"
"samyang","삼양식품","ramen","total","samyang_ramen.xlsx","* 조회조건 -  [품목 : 1902301010, 국가 : US, $/원]","2019-01","2019-Q1","34142857","37964182533","9828865.103","151","384","37964182533","31","30","36739531483.55","false","0.9677","36739531483.55","reported"
"samyang","삼양식품","ramen","total","samyang_ramen.xlsx","* 조회조건 -  [품목 : 1902301010, 국가 : US, $/원]","2019-02","2019-Q1","29851731","33195983150","8550210.992","140","349","33195983150","28","30","35567124803.57","false","1.0714","35567124803.57","reported"
"samyang","삼양식품","ramen","total","samyang_ramen.xlsx","* 조회조건 -  [품목 : 1902301010, 국가 : US, $/원]","2019-03","2019-Q1","39596817","44236505075","11496629.97","142","369","44236505075","31","30","42809521040.32","false","0.9677","42809521040.32","reported"
"samyang","삼양식품","ramen","total","samyang_ramen.xlsx","* 조회조건 -  [품목 : 1902301010, 국가 : US, $/원]","2019-04","2019-Q2","40681236","45812989534","12052025.78","159","419","45812989534","30","30","45812989534","false","1","45812989534","reported"
"samyang","삼양식품","ramen","total","samyang_ramen.xlsx","* 조회조건 -  [품목 : 1902301010, 국가 : US, $/원]","2019-05","2019-Q2","39579585","46090245118","11509095.533","159","392","46090245118","31","30","44603463017.42","false","0.9677","44603463017.42","reported"
"samyang","삼양식품","ramen","total","samyang_ramen.xlsx","* 조회조건 -  [품목 : 1902301010, 국가 : US, $/원]","2019-06","2019-Q2","36022048","42223009437","10504564.439","157","399","42223009437","30","30","42223009437","false","1","42223009437","reported"
"samyang","삼양식품","ramen","total","samyang_ramen.xlsx","* 조회조건 -  [품목 : 1902301010, 국가 : US, $/원]","2019-07","2019-Q3","37759523","43781868608","10985922.916","159","406","43781868608","31","30","42369550265.81","false","0.9677","42369550265.81","reported"
"samyang","삼양식품","ramen","total","samyang_ramen.xlsx","* 조회조건 -  [품목 : 1902301010, 국가 : US, $/원]","2019-08","2019-Q3","39036170","46499083649","11423492.172","162","412","46499083649","31","30","44999113208.71","false","0.9677","44999113208.71","reported"
"samyang","삼양식품","ramen","total","samyang_ramen.xlsx","* 조회조건 -  [품목 : 1902301010, 국가 : US, $/원]","2019-09","2019-Q3","38511463","45801273701","11318532.684","154","400","45801273701","30","30","45801273701","false","1","45801273701","reported"
"samyang","삼양식품","ramen","total","samyang_ramen.xlsx","* 조회조건 -  [품목 : 1902301010, 국가 : US, $/원]","2019-10","2019-Q4","47131992","55581321705","14294211.491","162","439","55581321705","31","30","53788375843.55","false","0.9677","53788375843.55","reported"
"samyang","삼양식품","ramen","total","samyang_ramen.xlsx","* 조회조건 -  [품목 : 1902301010, 국가 : US, $/원]","2019-11","2019-Q4","45786601","52853304949","13754624.317","163","425","52853304949","30","30","52853304949","false","1","52853304949","reported"
"samyang","삼양식품","ramen","total","samyang_ramen.xlsx","* 조회조건 -  [품목 : 1902301010, 국가 : US, $/원]","2019-12","2019-Q4","38895938","45436934917","11566389.448","160","427","45436934917","31","30","43971227339.03","false","0.9677","43971227339.03","reported"
"samyang","삼양식품","ramen","total","samyang_ramen.xlsx","* 조회조건 -  [품목 : 1902301010, 국가 : US, $/원]","2020-01","2020-Q1","37380722","42980974009","11050295.825","143","406","42980974009","31","30","41594490976.45","false","0.9677","41594490976.45","reported"
"samyang","삼양식품","ramen","total","samyang_ramen.xlsx","* 조회조건 -  [품목 : 1902301010, 국가 : US, $/원]","2020-02","2020-Q1","42591411","49963116990","12514692.246","170","442","49963116990","29","30","51685983093.1","false","1.0345","51685983093.1","reported"
"samyang","삼양식품","ramen","total","samyang_ramen.xlsx","* 조회조건 -  [품목 : 1902301010, 국가 : US, $/원]","2020-03","2020-Q1","52073652","62639525754","15726589.209","168","465","62639525754","31","30","60618895890.97","false","0.9677","60618895890.97","reported"
"samyang","삼양식품","ramen","total","samyang_ramen.xlsx","* 조회조건 -  [품목 : 1902301010, 국가 : US, $/원]","2020-04","2020-Q2","62026130","75292630503","18534676.726","176","506","75292630503","30","30","75292630503","false","1","75292630503","reported"
"samyang","삼양식품","ramen","total","samyang_ramen.xlsx","* 조회조건 -  [품목 : 1902301010, 국가 : US, $/원]","2020-05","2020-Q2","55238305","67101644745","16754132.037","168","423","67101644745","31","30","64937075559.68","false","0.9677","64937075559.68","reported"
"samyang","삼양식품","ramen","total","samyang_ramen.xlsx","* 조회조건 -  [품목 : 1902301010, 국가 : US, $/원]","2020-06","2020-Q2","52766133","63643007828","15595115.592","176","472","63643007828","30","30","63643007828","false","1","63643007828","reported"
"samyang","삼양식품","ramen","total","samyang_ramen.xlsx","* 조회조건 -  [품목 : 1902301010, 국가 : US, $/원]","2020-07","2020-Q3","56486923","67191782405","16644909.097","182","497","67191782405","31","30","65024305553.23","false","0.9677","65024305553.23","reported"
"samyang","삼양식품","ramen","total","samyang_ramen.xlsx","* 조회조건 -  [품목 : 1902301010, 국가 : US, $/원]","2020-08","2020-Q3","46846706","55132861871","14217362.029","192","451","55132861871","31","30","53354382455.81","false","0.9677","53354382455.81","reported"
"samyang","삼양식품","ramen","total","samyang_ramen.xlsx","* 조회조건 -  [품목 : 1902301010, 국가 : US, $/원]","2020-09","2020-Q3","51336415","60141549203","15032558.197","178","491","60141549203","30","30","60141549203","false","1","60141549203","reported"
"samyang","삼양식품","ramen","total","samyang_ramen.xlsx","* 조회조건 -  [품목 : 1902301010, 국가 : US, $/원]","2020-10","2020-Q4","47424181","54252561291","13826617.304","175","462","54252561291","31","30","52502478668.71","false","0.9677","52502478668.71","reported"
"samyang","삼양식품","ramen","total","samyang_ramen.xlsx","* 조회조건 -  [품목 : 1902301010, 국가 : US, $/원]","2020-11","2020-Q4","45493737","50552069979","13207654.664","191","488","50552069979","30","30","50552069979","false","1","50552069979","reported"
"samyang","삼양식품","ramen","total","samyang_ramen.xlsx","* 조회조건 -  [품목 : 1902301010, 국가 : US, $/원]","2020-12","2020-Q4","53909652","58665394234","14217533.64","188","485","58665394234","31","30","56772962161.94","false","0.9677","56772962161.94","reported"
"samyang","삼양식품","ramen","total","samyang_ramen.xlsx","* 조회조건 -  [품목 : 1902301010, 국가 : US, $/원]","2021-01","2021-Q1","51040480","55329421285","14489928.089","149","432","55329421285","31","30","53544601243.55","false","0.9677","53544601243.55","reported"
"samyang","삼양식품","ramen","total","samyang_ramen.xlsx","* 조회조건 -  [품목 : 1902301010, 국가 : US, $/원]","2021-02","2021-Q1","46313452","50957931610","13433887.546","148","414","50957931610","28","30","54597783867.86","false","1.0714","54597783867.86","reported"
"samyang","삼양식품","ramen","total","samyang_ramen.xlsx","* 조회조건 -  [품목 : 1902301010, 국가 : US, $/원]","2021-03","2021-Q1","59623512","66530941246","17161909.031","188","520","66530941246","31","30","64384781850.97","false","0.9677","64384781850.97","reported"
"samyang","삼양식품","ramen","total","samyang_ramen.xlsx","* 조회조건 -  [품목 : 1902301010, 국가 : US, $/원]","2021-04","2021-Q2","57491679","63998546706","16671703.65","208","507","63998546706","30","30","63998546706","false","1","63998546706","reported"
"samyang","삼양식품","ramen","total","samyang_ramen.xlsx","* 조회조건 -  [품목 : 1902301010, 국가 : US, $/원]","2021-05","2021-Q2","51339862","57004332614","14391572.345","175","464","57004332614","31","30","55165483174.84","false","0.9677","55165483174.84","reported"
"samyang","삼양식품","ramen","total","samyang_ramen.xlsx","* 조회조건 -  [품목 : 1902301010, 국가 : US, $/원]","2021-06","2021-Q2","53879580","59688200053","15491023.156","183","507","59688200053","30","30","59688200053","false","1","59688200053","reported"
"samyang","삼양식품","ramen","total","samyang_ramen.xlsx","* 조회조건 -  [품목 : 1902301010, 국가 : US, $/원]","2021-07","2021-Q3","52402285","59119694580","15152940.655","176","522","59119694580","31","30","57212607658.06","false","0.9677","57212607658.06","reported"
"samyang","삼양식품","ramen","total","samyang_ramen.xlsx","* 조회조건 -  [품목 : 1902301010, 국가 : US, $/원]","2021-08","2021-Q3","50884636","58308911569","14797424.877","175","487","58308911569","31","30","56427978937.74","false","0.9677","56427978937.74","reported"
"samyang","삼양식품","ramen","total","samyang_ramen.xlsx","* 조회조건 -  [품목 : 1902301010, 국가 : US, $/원]","2021-09","2021-Q3","58499164","67632698565","16895331.442","184","525","67632698565","30","30","67632698565","false","1","67632698565","reported"
"samyang","삼양식품","ramen","total","samyang_ramen.xlsx","* 조회조건 -  [품목 : 1902301010, 국가 : US, $/원]","2021-10","2021-Q4","60488663","71078555350","17758903.214","180","511","71078555350","31","30","68785698725.81","false","0.9677","68785698725.81","reported"
"samyang","삼양식품","ramen","total","samyang_ramen.xlsx","* 조회조건 -  [품목 : 1902301010, 국가 : US, $/원]","2021-11","2021-Q4","65785188","76779735694","19090463.762","190","518","76779735694","30","30","76779735694","false","1","76779735694","reported"
"samyang","삼양식품","ramen","total","samyang_ramen.xlsx","* 조회조건 -  [품목 : 1902301010, 국가 : US, $/원]","2021-12","2021-Q4","66654801","78147345319","18879266.349","195","512","78147345319","31","30","75626463211.94","false","0.9677","75626463211.94","reported"
"samyang","삼양식품","ramen","total","samyang_ramen.xlsx","* 조회조건 -  [품목 : 1902301010, 국가 : US, $/원]","2022-01","2022-Q1","57695364","68056484397","16024665.949","180","458","68056484397","31","30","65861113932.58","false","0.9677","65861113932.58","reported"
"samyang","삼양식품","ramen","total","samyang_ramen.xlsx","* 조회조건 -  [품목 : 1902301010, 국가 : US, $/원]","2022-02","2022-Q1","52702778","62607719988","14827183.298","170","431","62607719988","28","30","67079699987.14","false","1.0714","67079699987.14","reported"
"samyang","삼양식품","ramen","total","samyang_ramen.xlsx","* 조회조건 -  [품목 : 1902301010, 국가 : US, $/원]","2022-03","2022-Q1","71533836","86130589241","20117865.768","185","468","86130589241","31","30","83352183136.45","false","0.9677","83352183136.45","reported"
"samyang","삼양식품","ramen","total","samyang_ramen.xlsx","* 조회조건 -  [품목 : 1902301010, 국가 : US, $/원]","2022-04","2022-Q2","57374137","69562908596","15966602.765","198","476","69562908596","30","30","69562908596","false","1","69562908596","reported"
"samyang","삼양식품","ramen","total","samyang_ramen.xlsx","* 조회조건 -  [품목 : 1902301010, 국가 : US, $/원]","2022-05","2022-Q2","76632124","96250060600","21741426.531","208","515","96250060600","31","30","93145219935.48","false","0.9677","93145219935.48","reported"
"samyang","삼양식품","ramen","total","samyang_ramen.xlsx","* 조회조건 -  [품목 : 1902301010, 국가 : US, $/원]","2022-06","2022-Q2","67345507","84629058792","18937660.14","205","501","84629058792","30","30","84629058792","false","1","84629058792","reported"
"samyang","삼양식품","ramen","total","samyang_ramen.xlsx","* 조회조건 -  [품목 : 1902301010, 국가 : US, $/원]","2022-07","2022-Q3","60057475","77426720510","16797637.221","220","513","77426720510","31","30","74929084364.52","false","0.9677","74929084364.52","reported"
"samyang","삼양식품","ramen","total","samyang_ramen.xlsx","* 조회조건 -  [품목 : 1902301010, 국가 : US, $/원]","2022-08","2022-Q3","60603172","78695651241","17004038.319","213","507","78695651241","31","30","76157081846.13","false","0.9677","76157081846.13","reported"
"samyang","삼양식품","ramen","total","samyang_ramen.xlsx","* 조회조건 -  [품목 : 1902301010, 국가 : US, $/원]","2022-09","2022-Q3","64191256","87824937001","17343285.551","202","493","87824937001","30","30","87824937001","false","1","87824937001","reported"
"samyang","삼양식품","ramen","total","samyang_ramen.xlsx","* 조회조건 -  [품목 : 1902301010, 국가 : US, $/원]","2022-10","2022-Q4","61676215","87943030227","18060880.441","201","489","87943030227","31","30","85106158284.19","false","0.9677","85106158284.19","reported"
"samyang","삼양식품","ramen","total","samyang_ramen.xlsx","* 조회조건 -  [품목 : 1902301010, 국가 : US, $/원]","2022-11","2022-Q4","66113487","91516443690","19407505.149","220","540","91516443690","30","30","91516443690","false","1","91516443690","reported"
"samyang","삼양식품","ramen","total","samyang_ramen.xlsx","* 조회조건 -  [품목 : 1902301010, 국가 : US, $/원]","2022-12","2022-Q4","69487622","91183789850","19724658.802","210","509","91183789850","31","30","88242377274.19","false","0.9677","88242377274.19","reported"
"samyang","삼양식품","ramen","total","samyang_ramen.xlsx","* 조회조건 -  [품목 : 1902301010, 국가 : US, $/원]","2023-01","2023-Q1","61505999","77280660702","16830584.187","179","444","77280660702","31","30","74787736163.23","false","0.9677","74787736163.23","reported"
"samyang","삼양식품","ramen","total","samyang_ramen.xlsx","* 조회조건 -  [품목 : 1902301010, 국가 : US, $/원]","2023-02","2023-Q1","70718110","88681370560","18925369.253","196","540","88681370560","28","30","95015754171.43","false","1.0714","95015754171.43","reported"
"samyang","삼양식품","ramen","total","samyang_ramen.xlsx","* 조회조건 -  [품목 : 1902301010, 국가 : US, $/원]","2023-03","2023-Q1","75634199","98850607636","19637409.26","213","531","98850607636","31","30","95661878357.42","false","0.9677","95661878357.42","reported"
"samyang","삼양식품","ramen","total","samyang_ramen.xlsx","* 조회조건 -  [품목 : 1902301010, 국가 : US, $/원]","2023-04","2023-Q2","73951045","97003924882","18550468.854","220","555","97003924882","30","30","97003924882","false","1","97003924882","reported"
"samyang","삼양식품","ramen","total","samyang_ramen.xlsx","* 조회조건 -  [품목 : 1902301010, 국가 : US, $/원]","2023-05","2023-Q2","75070951","100017763226","18934965.513","206","531","100017763226","31","30","96791383767.1","false","0.9677","96791383767.1","reported"
"samyang","삼양식품","ramen","total","samyang_ramen.xlsx","* 조회조건 -  [품목 : 1902301010, 국가 : US, $/원]","2023-06","2023-Q2","89168269","115762775933","22629767.406","215","528","115762775933","30","30","115762775933","false","1","115762775933","reported"
"samyang","삼양식품","ramen","total","samyang_ramen.xlsx","* 조회조건 -  [품목 : 1902301010, 국가 : US, $/원]","2023-07","2023-Q3","75921065","98190512323","19264388.876","219","526","98190512323","31","30","95023076441.61","false","0.9677","95023076441.61","reported"
"samyang","삼양식품","ramen","total","samyang_ramen.xlsx","* 조회조건 -  [품목 : 1902301010, 국가 : US, $/원]","2023-08","2023-Q3","85657529","112325005037","21126923.93","212","531","112325005037","31","30","108701617777.74","false","0.9677","108701617777.74","reported"
"samyang","삼양식품","ramen","total","samyang_ramen.xlsx","* 조회조건 -  [품목 : 1902301010, 국가 : US, $/원]","2023-09","2023-Q3","89605626","118931649000","22751199.952","213","522","118931649000","30","30","118931649000","false","1","118931649000","reported"
"samyang","삼양식품","ramen","total","samyang_ramen.xlsx","* 조회조건 -  [품목 : 1902301010, 국가 : US, $/원]","2023-10","2023-Q4","87954115","118585226113","22705373.992","202","518","118585226113","31","30","114759896238.39","false","0.9677","114759896238.39","reported"
"samyang","삼양식품","ramen","total","samyang_ramen.xlsx","* 조회조건 -  [품목 : 1902301010, 국가 : US, $/원]","2023-11","2023-Q4","90776919","120167571396","23437174.415","245","575","120167571396","30","30","120167571396","false","1","120167571396","reported"
"samyang","삼양식품","ramen","total","samyang_ramen.xlsx","* 조회조건 -  [품목 : 1902301010, 국가 : US, $/원]","2023-12","2023-Q4","76438881","99648151638","19413388.205","217","506","99648151638","31","30","96433695133.55","false","0.9677","96433695133.55","reported"
"samyang","삼양식품","ramen","total","samyang_ramen.xlsx","* 조회조건 -  [품목 : 1902301010, 국가 : US, $/원]","2024-01","2024-Q1","85751012","112761937248","21223142.001","213","509","112761937248","31","30","109124455401.29","false","0.9677","109124455401.29","reported"
"samyang","삼양식품","ramen","total","samyang_ramen.xlsx","* 조회조건 -  [품목 : 1902301010, 국가 : US, $/원]","2024-02","2024-Q1","92901948","123779054762","22704620.056","213","510","123779054762","29","30","128047298029.66","false","1.0345","128047298029.66","reported"
"samyang","삼양식품","ramen","total","samyang_ramen.xlsx","* 조회조건 -  [품목 : 1902301010, 국가 : US, $/원]","2024-03","2024-Q1","91609313","121654469652","23359059.72","232","540","121654469652","31","30","117730131921.29","false","0.9677","117730131921.29","reported"
"samyang","삼양식품","ramen","total","samyang_ramen.xlsx","* 조회조건 -  [품목 : 1902301010, 국가 : US, $/원]","2024-04","2024-Q2","108537461","147459461768","26996007.601","234","570","147459461768","30","30","147459461768","false","1","147459461768","reported"
"samyang","삼양식품","ramen","total","samyang_ramen.xlsx","* 조회조건 -  [품목 : 1902301010, 국가 : US, $/원]","2024-05","2024-Q2","107337924","146775158359","26916992.582","233","555","146775158359","31","30","142040475831.29","false","0.9677","142040475831.29","reported"
"samyang","삼양식품","ramen","total","samyang_ramen.xlsx","* 조회조건 -  [품목 : 1902301010, 국가 : US, $/원]","2024-06","2024-Q2","104081666","143080719121","25379197.558","219","509","143080719121","30","30","143080719121","false","1","143080719121","reported"
"samyang","삼양식품","ramen","total","samyang_ramen.xlsx","* 조회조건 -  [품목 : 1902301010, 국가 : US, $/원]","2024-07","2024-Q3","109132838","151052038188","26805867.109","237","558","151052038188","31","30","146179391794.84","false","0.9677","146179391794.84","reported"
"samyang","삼양식품","ramen","total","samyang_ramen.xlsx","* 조회조건 -  [품목 : 1902301010, 국가 : US, $/원]","2024-08","2024-Q3","100621511","137334605129","24883872.702","236","522","137334605129","31","30","132904456576.45","false","0.9677","132904456576.45","reported"
"samyang","삼양식품","ramen","total","samyang_ramen.xlsx","* 조회조건 -  [품목 : 1902301010, 국가 : US, $/원]","2024-09","2024-Q3","103676255","138377188864","25555845.346","220","511","138377188864","30","30","138377188864","false","1","138377188864","reported"
"samyang","삼양식품","ramen","total","samyang_ramen.xlsx","* 조회조건 -  [품목 : 1902301010, 국가 : US, $/원]","2024-10","2024-Q4","116961176","157328185941","28855284.972","260","566","157328185941","31","30","152253083168.71","false","0.9677","152253083168.71","reported"
"samyang","삼양식품","ramen","total","samyang_ramen.xlsx","* 조회조건 -  [품목 : 1902301010, 국가 : US, $/원]","2024-11","2024-Q4","117550316","163363261279","30107996.51","228","523","163363261279","30","30","163363261279","false","1","163363261279","reported"
"samyang","삼양식품","ramen","total","samyang_ramen.xlsx","* 조회조건 -  [품목 : 1902301010, 국가 : US, $/원]","2024-12","2024-Q4","110223665","156612110424","27657073.202","243","541","156612110424","31","30","151560106861.94","false","0.9677","151560106861.94","reported"
"samyang","삼양식품","ramen","total","samyang_ramen.xlsx","* 조회조건 -  [품목 : 1902301010, 국가 : US, $/원]","2025-01","2025-Q1","107465043","157141163896","26906799.223","224","514","157141163896","31","30","152072094092.9","false","0.9677","152072094092.9","reported"
"samyang","삼양식품","ramen","total","samyang_ramen.xlsx","* 조회조건 -  [품목 : 1902301010, 국가 : US, $/원]","2025-02","2025-Q1","121129032","175101482031","30275624.118","230","525","175101482031","28","30","187608730747.5","false","1.0714","187608730747.5","reported"
"samyang","삼양식품","ramen","total","samyang_ramen.xlsx","* 조회조건 -  [품목 : 1902301010, 국가 : US, $/원]","2025-03","2025-Q1","115221568","166988497708","28221476.616","234","539","166988497708","31","30","161601771975.48","false","0.9677","161601771975.48","reported"
"samyang","삼양식품","ramen","total","samyang_ramen.xlsx","* 조회조건 -  [품목 : 1902301010, 국가 : US, $/원]","2025-04","2025-Q2","134679235","195505196030","32588318.605","248","583","195505196030","30","30","195505196030","false","1","195505196030","reported"
"samyang","삼양식품","ramen","total","samyang_ramen.xlsx","* 조회조건 -  [품목 : 1902301010, 국가 : US, $/원]","2025-05","2025-Q2","126800362","178560260286","30771350.551","235","533","178560260286","31","30","172800251889.68","false","0.9677","172800251889.68","reported"
"samyang","삼양식품","ramen","total","samyang_ramen.xlsx","* 조회조건 -  [품목 : 1902301010, 국가 : US, $/원]","2025-06","2025-Q2","126332098","172970308845","29557476.414","223","505","172970308845","30","30","172970308845","false","1","172970308845","reported"
"samyang","삼양식품","ramen","total","samyang_ramen.xlsx","* 조회조건 -  [품목 : 1902301010, 국가 : US, $/원]","2025-07","2025-Q3","131169561","179885325970","32672879.762","244","560","179885325970","31","30","174082573519.35","false","0.9677","174082573519.35","reported"
"samyang","삼양식품","ramen","total","samyang_ramen.xlsx","* 조회조건 -  [품목 : 1902301010, 국가 : US, $/원]","2025-08","2025-Q3","114992928","159551737474","28340604.689","228","511","159551737474","31","30","154404907232.9","false","0.9677","154404907232.9","reported"
"samyang","삼양식품","ramen","total","samyang_ramen.xlsx","* 조회조건 -  [품목 : 1902301010, 국가 : US, $/원]","2025-09","2025-Q3","147207178","204622381131","36544364.705","242","581","204622381131","30","30","204622381131","false","1","204622381131","reported"
"samyang","삼양식품","ramen","total","samyang_ramen.xlsx","* 조회조건 -  [품목 : 1902301010, 국가 : US, $/원]","2025-10","2025-Q4","130226014","184114271523","32660120.215","242","524","184114271523","31","30","178175101473.87","false","0.9677","178175101473.87","reported"
"samyang","삼양식품","ramen","total","samyang_ramen.xlsx","* 조회조건 -  [품목 : 1902301010, 국가 : US, $/원]","2025-11","2025-Q4","125974591","182481965454","31915545.439","257","556","182481965454","30","30","182481965454","false","1","182481965454","reported"
"samyang","삼양식품","ramen","total","samyang_ramen.xlsx","* 조회조건 -  [품목 : 1902301010, 국가 : US, $/원]","2025-12","2025-Q4","139657524","205464206384","33857984.263","247","574","205464206384","31","30","198836328758.71","false","0.9677","198836328758.71","reported"
"samyang","삼양식품","ramen","total","samyang_ramen.xlsx","* 조회조건 -  [품목 : 1902301010, 국가 : US, $/원]","2026-01","2026-Q1","129673809","188847173747","31427099.948","237","549","188847173747","31","30","182755329432.58","false","0.9677","182755329432.58","reported"
"samyang","삼양식품","ramen","total","samyang_ramen.xlsx","* 조회조건 -  [품목 : 1902301010, 국가 : US, $/원]","2026-02","2026-Q1","140166999","203039543855","33659059.804","219","535","203039543855","28","30","217542368416.07","false","1.0714","217542368416.07","reported"
"samyang","삼양식품","ramen","total","samyang_ramen.xlsx","* 조회조건 -  [품목 : 1902301010, 국가 : US, $/원]","2026-03","2026-Q1","164678208","242143391051","39753242.765","245","582","242143391051","31","30","234332313920.32","false","0.9677","234332313920.32","reported"
"samyang","삼양식품","ramen","total","samyang_ramen.xlsx","* 조회조건 -  [품목 : 1902301010, 국가 : US, $/원]","2026-04","2026-Q2","182104241","272029540643","43523804.446","264","592","272029540643","30","30","272029540643","false","1","272029540643","reported"
"samyang","삼양식품","ramen","us","samyang_ramen_us.xlsx","* 조회조건 -  [품목 : 1902301010, 국가 : US, $/원]","2022-01","2022-Q1","9536047","11247808472","2450979.32",,,"11247808472","31","30","10884975940.65","false","0.9677","10884975940.65","reported"
"samyang","삼양식품","ramen","us","samyang_ramen_us.xlsx","* 조회조건 -  [품목 : 1902301010, 국가 : US, $/원]","2022-02","2022-Q1","7899453","9383475015","2039857.01",,,"9383475015","28","30","10053723230.36","false","1.0714","10053723230.36","reported"
"samyang","삼양식품","ramen","us","samyang_ramen_us.xlsx","* 조회조건 -  [품목 : 1902301010, 국가 : US, $/원]","2022-03","2022-Q1","9718278","11628561028","2571170.38",,,"11628561028","31","30","11253446156.13","false","0.9677","11253446156.13","reported"
"samyang","삼양식품","ramen","us","samyang_ramen_us.xlsx","* 조회조건 -  [품목 : 1902301010, 국가 : US, $/원]","2022-04","2022-Q2","7144560","8651146559","1757236.57",,,"8651146559","30","30","8651146559","false","1","8651146559","reported"
"samyang","삼양식품","ramen","us","samyang_ramen_us.xlsx","* 조회조건 -  [품목 : 1902301010, 국가 : US, $/원]","2022-05","2022-Q2","6319031","7921005398","1515953.06",,,"7921005398","31","30","7665489094.84","false","0.9677","7665489094.84","reported"
"samyang","삼양식품","ramen","us","samyang_ramen_us.xlsx","* 조회조건 -  [품목 : 1902301010, 국가 : US, $/원]","2022-06","2022-Q2","7265512","9093803413","1686515.54",,,"9093803413","30","30","9093803413","false","1","9093803413","reported"
"samyang","삼양식품","ramen","us","samyang_ramen_us.xlsx","* 조회조건 -  [품목 : 1902301010, 국가 : US, $/원]","2022-07","2022-Q3","5375257","6937535109","1248994.44",,,"6937535109","31","30","6713743653.87","false","0.9677","6713743653.87","reported"
"samyang","삼양식품","ramen","us","samyang_ramen_us.xlsx","* 조회조건 -  [품목 : 1902301010, 국가 : US, $/원]","2022-08","2022-Q3","4521358","5873115508","1092348.15",,,"5873115508","31","30","5683660169.03","false","0.9677","5683660169.03","reported"
"samyang","삼양식품","ramen","us","samyang_ramen_us.xlsx","* 조회조건 -  [품목 : 1902301010, 국가 : US, $/원]","2022-09","2022-Q3","5962181","8204696789","1451355.34",,,"8204696789","30","30","8204696789","false","1","8204696789","reported"
"samyang","삼양식품","ramen","us","samyang_ramen_us.xlsx","* 조회조건 -  [품목 : 1902301010, 국가 : US, $/원]","2022-10","2022-Q4","3350417","4780125042","815111.36",,,"4780125042","31","30","4625927460","false","0.9677","4625927460","reported"
"samyang","삼양식품","ramen","us","samyang_ramen_us.xlsx","* 조회조건 -  [품목 : 1902301010, 국가 : US, $/원]","2022-11","2022-Q4","4047148","5633158519","1225978.35",,,"5633158519","30","30","5633158519","false","1","5633158519","reported"
"samyang","삼양식품","ramen","us","samyang_ramen_us.xlsx","* 조회조건 -  [품목 : 1902301010, 국가 : US, $/원]","2022-12","2022-Q4","5021484","6565186565","1410965.63",,,"6565186565","31","30","6353406353.23","false","0.9677","6353406353.23","reported"
"samyang","삼양식품","ramen","us","samyang_ramen_us.xlsx","* 조회조건 -  [품목 : 1902301010, 국가 : US, $/원]","2023-01","2023-Q1","5290664","6625823167","1237974.34",,,"6625823167","31","30","6412086935.81","false","0.9677","6412086935.81","reported"
"samyang","삼양식품","ramen","us","samyang_ramen_us.xlsx","* 조회조건 -  [품목 : 1902301010, 국가 : US, $/원]","2023-02","2023-Q1","7948192","10018757307","1929606.87",,,"10018757307","28","30","10734382828.93","false","1.0714","10734382828.93","reported"
"samyang","삼양식품","ramen","us","samyang_ramen_us.xlsx","* 조회조건 -  [품목 : 1902301010, 국가 : US, $/원]","2023-03","2023-Q1","8938535","11677439238","2028948.46",,,"11677439238","31","30","11300747649.68","false","0.9677","11300747649.68","reported"
"samyang","삼양식품","ramen","us","samyang_ramen_us.xlsx","* 조회조건 -  [품목 : 1902301010, 국가 : US, $/원]","2023-04","2023-Q2","12625389","16556044213","2940203.83",,,"16556044213","30","30","16556044213","false","1","16556044213","reported"
"samyang","삼양식품","ramen","us","samyang_ramen_us.xlsx","* 조회조건 -  [품목 : 1902301010, 국가 : US, $/원]","2023-05","2023-Q2","12742596","16968514604","3062925.31",,,"16968514604","31","30","16421143165.16","false","0.9677","16421143165.16","reported"
"samyang","삼양식품","ramen","us","samyang_ramen_us.xlsx","* 조회조건 -  [품목 : 1902301010, 국가 : US, $/원]","2023-06","2023-Q2","15666880","20287059826","3638248.11",,,"20287059826","30","30","20287059826","false","1","20287059826","reported"
"samyang","삼양식품","ramen","us","samyang_ramen_us.xlsx","* 조회조건 -  [품목 : 1902301010, 국가 : US, $/원]","2023-07","2023-Q3","6523280","8446929814","1351603.82",,,"8446929814","31","30","8174448207.1","false","0.9677","8174448207.1","reported"
"samyang","삼양식품","ramen","us","samyang_ramen_us.xlsx","* 조회조건 -  [품목 : 1902301010, 국가 : US, $/원]","2023-08","2023-Q3","15858504","20804022136","3035069.1",,,"20804022136","31","30","20132924647.74","false","0.9677","20132924647.74","reported"
"samyang","삼양식품","ramen","us","samyang_ramen_us.xlsx","* 조회조건 -  [품목 : 1902301010, 국가 : US, $/원]","2023-09","2023-Q3","11618030","15419208756","2113201.04",,,"15419208756","30","30","15419208756","false","1","15419208756","reported"
"samyang","삼양식품","ramen","us","samyang_ramen_us.xlsx","* 조회조건 -  [품목 : 1902301010, 국가 : US, $/원]","2023-10","2023-Q4","9770310","13167657798","1908963.13",,,"13167657798","31","30","12742894643.23","false","0.9677","12742894643.23","reported"
"samyang","삼양식품","ramen","us","samyang_ramen_us.xlsx","* 조회조건 -  [품목 : 1902301010, 국가 : US, $/원]","2023-11","2023-Q4","9733019","12860025028","1940707.3",,,"12860025028","30","30","12860025028","false","1","12860025028","reported"
"samyang","삼양식품","ramen","us","samyang_ramen_us.xlsx","* 조회조건 -  [품목 : 1902301010, 국가 : US, $/원]","2023-12","2023-Q4","9872401","12871731997","1993121.72",,,"12871731997","31","30","12456514835.81","false","0.9677","12456514835.81","reported"
"samyang","삼양식품","ramen","us","samyang_ramen_us.xlsx","* 조회조건 -  [품목 : 1902301010, 국가 : US, $/원]","2024-01","2024-Q1","11872293","15627940020","2401091.12",,,"15627940020","31","30","15123812922.58","false","0.9677","15123812922.58","reported"
"samyang","삼양식품","ramen","us","samyang_ramen_us.xlsx","* 조회조건 -  [품목 : 1902301010, 국가 : US, $/원]","2024-02","2024-Q1","19834308","26423924403","3675003.35",,,"26423924403","29","30","27335094210","false","1.0345","27335094210","reported"
"samyang","삼양식품","ramen","us","samyang_ramen_us.xlsx","* 조회조건 -  [품목 : 1902301010, 국가 : US, $/원]","2024-03","2024-Q1","15402310","20445921797","2936767.08",,,"20445921797","31","30","19786375932.58","false","0.9677","19786375932.58","reported"
"samyang","삼양식품","ramen","us","samyang_ramen_us.xlsx","* 조회조건 -  [품목 : 1902301010, 국가 : US, $/원]","2024-04","2024-Q2","16587134","22484010849","3314039.07",,,"22484010849","30","30","22484010849","false","1","22484010849","reported"
"samyang","삼양식품","ramen","us","samyang_ramen_us.xlsx","* 조회조건 -  [품목 : 1902301010, 국가 : US, $/원]","2024-05","2024-Q2","17789630","24300206241","3495402.36",,,"24300206241","31","30","23516328620.32","false","0.9677","23516328620.32","reported"
"samyang","삼양식품","ramen","us","samyang_ramen_us.xlsx","* 조회조건 -  [품목 : 1902301010, 국가 : US, $/원]","2024-06","2024-Q2","18573831","25537260705","3612875.63",,,"25537260705","30","30","25537260705","false","1","25537260705","reported"
"samyang","삼양식품","ramen","us","samyang_ramen_us.xlsx","* 조회조건 -  [품목 : 1902301010, 국가 : US, $/원]","2024-07","2024-Q3","17373265","24046627023","3412059.07",,,"24046627023","31","30","23270929377.1","false","0.9677","23270929377.1","reported"
"samyang","삼양식품","ramen","us","samyang_ramen_us.xlsx","* 조회조건 -  [품목 : 1902301010, 국가 : US, $/원]","2024-08","2024-Q3","20743617","28277135791","4064273.77",,,"28277135791","31","30","27364970120.32","false","0.9677","27364970120.32","reported"
"samyang","삼양식품","ramen","us","samyang_ramen_us.xlsx","* 조회조건 -  [품목 : 1902301010, 국가 : US, $/원]","2024-09","2024-Q3","19816262","26431147158","3816204.97",,,"26431147158","30","30","26431147158","false","1","26431147158","reported"
"samyang","삼양식품","ramen","us","samyang_ramen_us.xlsx","* 조회조건 -  [품목 : 1902301010, 국가 : US, $/원]","2024-10","2024-Q4","18538131","24954297822","3554562.77",,,"24954297822","31","30","24149320472.9","false","0.9677","24149320472.9","reported"
"samyang","삼양식품","ramen","us","samyang_ramen_us.xlsx","* 조회조건 -  [품목 : 1902301010, 국가 : US, $/원]","2024-11","2024-Q4","18816875","26157590292","3681233.95",,,"26157590292","30","30","26157590292","false","1","26157590292","reported"
"samyang","삼양식품","ramen","us","samyang_ramen_us.xlsx","* 조회조건 -  [품목 : 1902301010, 국가 : US, $/원]","2024-12","2024-Q4","20268643","28814817297","3937486.37",,,"28814817297","31","30","27885307061.61","false","0.9677","27885307061.61","reported"
"samyang","삼양식품","ramen","us","samyang_ramen_us.xlsx","* 조회조건 -  [품목 : 1902301010, 국가 : US, $/원]","2025-01","2025-Q1","17769748","25972871247","3489048.01",,,"25972871247","31","30","25135036690.65","false","0.9677","25135036690.65","reported"
"samyang","삼양식품","ramen","us","samyang_ramen_us.xlsx","* 조회조건 -  [품목 : 1902301010, 국가 : US, $/원]","2025-02","2025-Q1","21129074","30533062705","4278364.81",,,"30533062705","28","30","32713995755.36","false","1.0714","32713995755.36","reported"
"samyang","삼양식품","ramen","us","samyang_ramen_us.xlsx","* 조회조건 -  [품목 : 1902301010, 국가 : US, $/원]","2025-03","2025-Q1","23415639","33949577480","4566581.65",,,"33949577480","31","30","32854429819.35","false","0.9677","32854429819.35","reported"
"samyang","삼양식품","ramen","us","samyang_ramen_us.xlsx","* 조회조건 -  [품목 : 1902301010, 국가 : US, $/원]","2025-04","2025-Q2","25329014","36787182234","4885619.75",,,"36787182234","30","30","36787182234","false","1","36787182234","reported"
"samyang","삼양식품","ramen","us","samyang_ramen_us.xlsx","* 조회조건 -  [품목 : 1902301010, 국가 : US, $/원]","2025-05","2025-Q2","23766276","33456848558","4774617.4",,,"33456848558","31","30","32377595378.71","false","0.9677","32377595378.71","reported"
"samyang","삼양식품","ramen","us","samyang_ramen_us.xlsx","* 조회조건 -  [품목 : 1902301010, 국가 : US, $/원]","2025-06","2025-Q2","29477321","40359518122","5680400.02",,,"40359518122","30","30","40359518122","false","1","40359518122","reported"
"samyang","삼양식품","ramen","us","samyang_ramen_us.xlsx","* 조회조건 -  [품목 : 1902301010, 국가 : US, $/원]","2025-07","2025-Q3","14275178","19569050069","2828932.23",,,"19569050069","31","30","18937790389.35","false","0.9677","18937790389.35","reported"
"samyang","삼양식품","ramen","us","samyang_ramen_us.xlsx","* 조회조건 -  [품목 : 1902301010, 국가 : US, $/원]","2025-08","2025-Q3","18278760","25350895425","3759823.08",,,"25350895425","31","30","24533124604.84","false","0.9677","24533124604.84","reported"
"samyang","삼양식품","ramen","us","samyang_ramen_us.xlsx","* 조회조건 -  [품목 : 1902301010, 국가 : US, $/원]","2025-09","2025-Q3","21323363","29652798707","4326205.43",,,"29652798707","30","30","29652798707","false","1","29652798707","reported"
"samyang","삼양식품","ramen","us","samyang_ramen_us.xlsx","* 조회조건 -  [품목 : 1902301010, 국가 : US, $/원]","2025-10","2025-Q4","19403981","27413627100","4063530.34",,,"27413627100","31","30","26529316548.39","false","0.9677","26529316548.39","reported"
"samyang","삼양식품","ramen","us","samyang_ramen_us.xlsx","* 조회조건 -  [품목 : 1902301010, 국가 : US, $/원]","2025-11","2025-Q4","17152765","24822575713","3753385.62",,,"24822575713","30","30","24822575713","false","1","24822575713","reported"
"samyang","삼양식품","ramen","us","samyang_ramen_us.xlsx","* 조회조건 -  [품목 : 1902301010, 국가 : US, $/원]","2025-12","2025-Q4","23423186","34470176642","4936361.1",,,"34470176642","31","30","33358235460","false","0.9677","33358235460","reported"
"samyang","삼양식품","ramen","us","samyang_ramen_us.xlsx","* 조회조건 -  [품목 : 1902301010, 국가 : US, $/원]","2026-01","2026-Q1","21465400","31210826727","4574689.93",,,"31210826727","31","30","30204025864.84","false","0.9677","30204025864.84","reported"
"samyang","삼양식품","ramen","us","samyang_ramen_us.xlsx","* 조회조건 -  [품목 : 1902301010, 국가 : US, $/원]","2026-02","2026-Q1","26055182","37723631300","5660715.05",,,"37723631300","28","30","40418176392.86","false","1.0714","40418176392.86","reported"
"samyang","삼양식품","ramen","us","samyang_ramen_us.xlsx","* 조회조건 -  [품목 : 1902301010, 국가 : US, $/원]","2026-03","2026-Q1","29665727","43679364122","6448335.14",,,"43679364122","31","30","42270352376.13","false","0.9677","42270352376.13","reported"
"samyang","삼양식품","ramen","us","samyang_ramen_us.xlsx","* 조회조건 -  [품목 : 1902301010, 국가 : US, $/원]","2026-04","2026-Q2","43463139","64851920075","9298854.42",,,"64851920075","30","30","64851920075","false","1","64851920075","reported"
"samyang","삼양식품","ramen","us","samyang_ramen_us.xlsx","* 조회조건 -  [품목 : 1902301010, 국가 : US, $/원]","2026-05","2026-Q2","24992848","36790362205","4828456.543",,,"36790362205","31","30","35603576327.42","false","0.9677","35603576327.42","reported"
"samyang","삼양식품","sauce","cn","samyang_sauce_cn.xlsx","* 조회조건 -  [품목 : 2103909090, 국가 : CN, $/원]","2022-01","2022-Q1","1800336","2125509730","885814.17",,,"2125509730","31","30","2056944900","false","0.9677","2056944900","reported"
"samyang","삼양식품","sauce","cn","samyang_sauce_cn.xlsx","* 조회조건 -  [품목 : 2103909090, 국가 : CN, $/원]","2022-02","2022-Q1","2116706","2514086698","1056973.74",,,"2514086698","28","30","2693664319.29","false","1.0714","2693664319.29","reported"
"samyang","삼양식품","sauce","cn","samyang_sauce_cn.xlsx","* 조회조건 -  [품목 : 2103909090, 국가 : CN, $/원]","2022-03","2022-Q1","1910754","2297044140","909553.55",,,"2297044140","31","30","2222945941.94","false","0.9677","2222945941.94","reported"
"samyang","삼양식품","sauce","cn","samyang_sauce_cn.xlsx","* 조회조건 -  [품목 : 2103909090, 국가 : CN, $/원]","2022-04","2022-Q2","1639311","1988437063","740677.19",,,"1988437063","30","30","1988437063","false","1","1988437063","reported"
"samyang","삼양식품","sauce","cn","samyang_sauce_cn.xlsx","* 조회조건 -  [품목 : 2103909090, 국가 : CN, $/원]","2022-05","2022-Q2","2376868","2984316048","1218693.52",,,"2984316048","31","30","2888047788.39","false","0.9677","2888047788.39","reported"
"samyang","삼양식품","sauce","cn","samyang_sauce_cn.xlsx","* 조회조건 -  [품목 : 2103909090, 국가 : CN, $/원]","2022-06","2022-Q2","1787646","2250392335","857457.52",,,"2250392335","30","30","2250392335","false","1","2250392335","reported"
"samyang","삼양식품","sauce","cn","samyang_sauce_cn.xlsx","* 조회조건 -  [품목 : 2103909090, 국가 : CN, $/원]","2022-07","2022-Q3","2065953","2662554010","1074300.73",,,"2662554010","31","30","2576665170.97","false","0.9677","2576665170.97","reported"
"samyang","삼양식품","sauce","cn","samyang_sauce_cn.xlsx","* 조회조건 -  [품목 : 2103909090, 국가 : CN, $/원]","2022-08","2022-Q3","2036529","2642767987","1014031.68",,,"2642767987","31","30","2557517406.77","false","0.9677","2557517406.77","reported"
"samyang","삼양식품","sauce","cn","samyang_sauce_cn.xlsx","* 조회조건 -  [품목 : 2103909090, 국가 : CN, $/원]","2022-09","2022-Q3","2050264","2805013001","1016985.55",,,"2805013001","30","30","2805013001","false","1","2805013001","reported"
"samyang","삼양식품","sauce","cn","samyang_sauce_cn.xlsx","* 조회조건 -  [품목 : 2103909090, 국가 : CN, $/원]","2022-10","2022-Q4","2456304","3502158086","1107649.98",,,"3502158086","31","30","3389185244.52","false","0.9677","3389185244.52","reported"
"samyang","삼양식품","sauce","cn","samyang_sauce_cn.xlsx","* 조회조건 -  [품목 : 2103909090, 국가 : CN, $/원]","2022-11","2022-Q4","2001595","2771509093","960282.23",,,"2771509093","30","30","2771509093","false","1","2771509093","reported"
"samyang","삼양식품","sauce","cn","samyang_sauce_cn.xlsx","* 조회조건 -  [품목 : 2103909090, 국가 : CN, $/원]","2022-12","2022-Q4","2607884","3417015208","1291622.54",,,"3417015208","31","30","3306788910.97","false","0.9677","3306788910.97","reported"
"samyang","삼양식품","sauce","cn","samyang_sauce_cn.xlsx","* 조회조건 -  [품목 : 2103909090, 국가 : CN, $/원]","2023-01","2023-Q1","1319629","1657143666","602526.21",,,"1657143666","31","30","1603687418.71","false","0.9677","1603687418.71","reported"
"samyang","삼양식품","sauce","cn","samyang_sauce_cn.xlsx","* 조회조건 -  [품목 : 2103909090, 국가 : CN, $/원]","2023-02","2023-Q1","2365938","2961722215","921770.09",,,"2961722215","28","30","3173273801.79","false","1.0714","3173273801.79","reported"
"samyang","삼양식품","sauce","cn","samyang_sauce_cn.xlsx","* 조회조건 -  [품목 : 2103909090, 국가 : CN, $/원]","2023-03","2023-Q1","2493025","3260658365","1031388.6",,,"3260658365","31","30","3155475837.1","false","0.9677","3155475837.1","reported"
"samyang","삼양식품","sauce","cn","samyang_sauce_cn.xlsx","* 조회조건 -  [품목 : 2103909090, 국가 : CN, $/원]","2023-04","2023-Q2","1976455","2589750486","898105.77",,,"2589750486","30","30","2589750486","false","1","2589750486","reported"
"samyang","삼양식품","sauce","cn","samyang_sauce_cn.xlsx","* 조회조건 -  [품목 : 2103909090, 국가 : CN, $/원]","2023-05","2023-Q2","2463770","3279679488","1060796.51",,,"3279679488","31","30","3173883375.48","false","0.9677","3173883375.48","reported"
"samyang","삼양식품","sauce","cn","samyang_sauce_cn.xlsx","* 조회조건 -  [품목 : 2103909090, 국가 : CN, $/원]","2023-06","2023-Q2","2014216","2618781747","908143.75",,,"2618781747","30","30","2618781747","false","1","2618781747","reported"
"samyang","삼양식품","sauce","cn","samyang_sauce_cn.xlsx","* 조회조건 -  [품목 : 2103909090, 국가 : CN, $/원]","2023-07","2023-Q3","2373658","3070505724","1160515.9",,,"3070505724","31","30","2971457152.26","false","0.9677","2971457152.26","reported"
"samyang","삼양식품","sauce","cn","samyang_sauce_cn.xlsx","* 조회조건 -  [품목 : 2103909090, 국가 : CN, $/원]","2023-08","2023-Q3","2690887","3529532305","1249514.58",,,"3529532305","31","30","3415676424.19","false","0.9677","3415676424.19","reported"
"samyang","삼양식품","sauce","cn","samyang_sauce_cn.xlsx","* 조회조건 -  [품목 : 2103909090, 국가 : CN, $/원]","2023-09","2023-Q3","3486905","4625689532","1554044.61",,,"4625689532","30","30","4625689532","false","1","4625689532","reported"
"samyang","삼양식품","sauce","cn","samyang_sauce_cn.xlsx","* 조회조건 -  [품목 : 2103909090, 국가 : CN, $/원]","2023-10","2023-Q4","2909396","3924576759","1288300.36",,,"3924576759","31","30","3797977508.71","false","0.9677","3797977508.71","reported"
"samyang","삼양식품","sauce","cn","samyang_sauce_cn.xlsx","* 조회조건 -  [품목 : 2103909090, 국가 : CN, $/원]","2023-11","2023-Q4","3062155","4049458441","1291975.89",,,"4049458441","30","30","4049458441","false","1","4049458441","reported"
"samyang","삼양식품","sauce","cn","samyang_sauce_cn.xlsx","* 조회조건 -  [품목 : 2103909090, 국가 : CN, $/원]","2023-12","2023-Q4","2510930","3274775189","1163014.66",,,"3274775189","31","30","3169137279.68","false","0.9677","3169137279.68","reported"
"samyang","삼양식품","sauce","cn","samyang_sauce_cn.xlsx","* 조회조건 -  [품목 : 2103909090, 국가 : CN, $/원]","2024-01","2024-Q1","3327283","4373066474","1520490.79",,,"4373066474","31","30","4231999813.55","false","0.9677","4231999813.55","reported"
"samyang","삼양식품","sauce","cn","samyang_sauce_cn.xlsx","* 조회조건 -  [품목 : 2103909090, 국가 : CN, $/원]","2024-02","2024-Q1","1893211","2521873646","891092.55",,,"2521873646","29","30","2608834806.21","false","1.0345","2608834806.21","reported"
"samyang","삼양식품","sauce","cn","samyang_sauce_cn.xlsx","* 조회조건 -  [품목 : 2103909090, 국가 : CN, $/원]","2024-03","2024-Q1","2162390","2873578543","765323.72",,,"2873578543","31","30","2780882460.97","false","0.9677","2780882460.97","reported"
"samyang","삼양식품","sauce","cn","samyang_sauce_cn.xlsx","* 조회조건 -  [품목 : 2103909090, 국가 : CN, $/원]","2024-04","2024-Q2","2824089","3847746715","1054825.92",,,"3847746715","30","30","3847746715","false","1","3847746715","reported"
"samyang","삼양식품","sauce","cn","samyang_sauce_cn.xlsx","* 조회조건 -  [품목 : 2103909090, 국가 : CN, $/원]","2024-05","2024-Q2","2349112","3212796270","954422.35",,,"3212796270","31","30","3109157680.65","false","0.9677","3109157680.65","reported"
"samyang","삼양식품","sauce","cn","samyang_sauce_cn.xlsx","* 조회조건 -  [품목 : 2103909090, 국가 : CN, $/원]","2024-06","2024-Q2","2804027","3854949319","1186169.33",,,"3854949319","30","30","3854949319","false","1","3854949319","reported"
"samyang","삼양식품","sauce","cn","samyang_sauce_cn.xlsx","* 조회조건 -  [품목 : 2103909090, 국가 : CN, $/원]","2024-07","2024-Q3","3721717","5149686854","1525922.25",,,"5149686854","31","30","4983567923.23","false","0.9677","4983567923.23","reported"
"samyang","삼양식품","sauce","cn","samyang_sauce_cn.xlsx","* 조회조건 -  [품목 : 2103909090, 국가 : CN, $/원]","2024-08","2024-Q3","2845002","3879980655","1220422.66",,,"3879980655","31","30","3754819988.71","false","0.9677","3754819988.71","reported"
"samyang","삼양식품","sauce","cn","samyang_sauce_cn.xlsx","* 조회조건 -  [품목 : 2103909090, 국가 : CN, $/원]","2024-09","2024-Q3","2923039","3898863414","1196726.63",,,"3898863414","30","30","3898863414","false","1","3898863414","reported"
"samyang","삼양식품","sauce","cn","samyang_sauce_cn.xlsx","* 조회조건 -  [품목 : 2103909090, 국가 : CN, $/원]","2024-10","2024-Q4","3577704","4809692676","1347190.42",,,"4809692676","31","30","4654541299.35","false","0.9677","4654541299.35","reported"
"samyang","삼양식품","sauce","cn","samyang_sauce_cn.xlsx","* 조회조건 -  [품목 : 2103909090, 국가 : CN, $/원]","2024-11","2024-Q4","3380416","4697799941","1184091.38",,,"4697799941","30","30","4697799941","false","1","4697799941","reported"
"samyang","삼양식품","sauce","cn","samyang_sauce_cn.xlsx","* 조회조건 -  [품목 : 2103909090, 국가 : CN, $/원]","2024-12","2024-Q4","4315580","6123897194","1644708.03",,,"6123897194","31","30","5926352123.23","false","0.9677","5926352123.23","reported"
"samyang","삼양식품","sauce","cn","samyang_sauce_cn.xlsx","* 조회조건 -  [품목 : 2103909090, 국가 : CN, $/원]","2025-01","2025-Q1","2915039","4264691967","1076719.82",,,"4264691967","31","30","4127121258.39","false","0.9677","4127121258.39","reported"
"samyang","삼양식품","sauce","cn","samyang_sauce_cn.xlsx","* 조회조건 -  [품목 : 2103909090, 국가 : CN, $/원]","2025-02","2025-Q1","2612936","3778669094","1202904.99",,,"3778669094","28","30","4048574029.29","false","1.0714","4048574029.29","reported"
"samyang","삼양식품","sauce","cn","samyang_sauce_cn.xlsx","* 조회조건 -  [품목 : 2103909090, 국가 : CN, $/원]","2025-03","2025-Q1","3347789","4860018918","1054277.85",,,"4860018918","31","30","4703244114.19","false","0.9677","4703244114.19","reported"
"samyang","삼양식품","sauce","cn","samyang_sauce_cn.xlsx","* 조회조건 -  [품목 : 2103909090, 국가 : CN, $/원]","2025-04","2025-Q2","4595883","6656864796","1380341.52",,,"6656864796","30","30","6656864796","false","1","6656864796","reported"
"samyang","삼양식품","sauce","cn","samyang_sauce_cn.xlsx","* 조회조건 -  [품목 : 2103909090, 국가 : CN, $/원]","2025-05","2025-Q2","5331412","7501316300","1505722.56",,,"7501316300","31","30","7259338354.84","false","0.9677","7259338354.84","reported"
"samyang","삼양식품","sauce","cn","samyang_sauce_cn.xlsx","* 조회조건 -  [품목 : 2103909090, 국가 : CN, $/원]","2025-06","2025-Q2","3852973","5276824214","1342698.85",,,"5276824214","30","30","5276824214","false","1","5276824214","reported"
"samyang","삼양식품","sauce","cn","samyang_sauce_cn.xlsx","* 조회조건 -  [품목 : 2103909090, 국가 : CN, $/원]","2025-07","2025-Q3","4403356","6037321994","1630363.21",,,"6037321994","31","30","5842569671.61","false","0.9677","5842569671.61","reported"
"samyang","삼양식품","sauce","cn","samyang_sauce_cn.xlsx","* 조회조건 -  [품목 : 2103909090, 국가 : CN, $/원]","2025-08","2025-Q3","3408595","4731738530","1241355.21",,,"4731738530","31","30","4579101803.23","false","0.9677","4579101803.23","reported"
"samyang","삼양식품","sauce","cn","samyang_sauce_cn.xlsx","* 조회조건 -  [품목 : 2103909090, 국가 : CN, $/원]","2025-09","2025-Q3","4028284","5600072250","1361219.82",,,"5600072250","30","30","5600072250","false","1","5600072250","reported"
"samyang","삼양식품","sauce","cn","samyang_sauce_cn.xlsx","* 조회조건 -  [품목 : 2103909090, 국가 : CN, $/원]","2025-10","2025-Q4","4062784","5754874845","1479480.9",,,"5754874845","31","30","5569233720.97","false","0.9677","5569233720.97","reported"
"samyang","삼양식품","sauce","cn","samyang_sauce_cn.xlsx","* 조회조건 -  [품목 : 2103909090, 국가 : CN, $/원]","2025-11","2025-Q4","3276032","4745393994","1211784.28",,,"4745393994","30","30","4745393994","false","1","4745393994","reported"
"samyang","삼양식품","sauce","cn","samyang_sauce_cn.xlsx","* 조회조건 -  [품목 : 2103909090, 국가 : CN, $/원]","2025-12","2025-Q4","3707990","5455765797","1396575.23",,,"5455765797","31","30","5279773351.94","false","0.9677","5279773351.94","reported"
"samyang","삼양식품","sauce","cn","samyang_sauce_cn.xlsx","* 조회조건 -  [품목 : 2103909090, 국가 : CN, $/원]","2026-01","2026-Q1","3505554","5106121085","1378093.37",,,"5106121085","31","30","4941407501.61","false","0.9677","4941407501.61","reported"
"samyang","삼양식품","sauce","cn","samyang_sauce_cn.xlsx","* 조회조건 -  [품목 : 2103909090, 국가 : CN, $/원]","2026-02","2026-Q1","2137346","3092561400","824983.72",,,"3092561400","28","30","3313458642.86","false","1.0714","3313458642.86","reported"
"samyang","삼양식품","sauce","cn","samyang_sauce_cn.xlsx","* 조회조건 -  [품목 : 2103909090, 국가 : CN, $/원]","2026-03","2026-Q1","2558193","3763401178","929951.8",,,"3763401178","31","30","3642001140","false","0.9677","3642001140","reported"
"samyang","삼양식품","sauce","cn","samyang_sauce_cn.xlsx","* 조회조건 -  [품목 : 2103909090, 국가 : CN, $/원]","2026-04","2026-Q2","4661816","6951315449","1306079.96",,,"6951315449","30","30","6951315449","false","1","6951315449","reported"
"samyang","삼양식품","sauce","cn","samyang_sauce_cn.xlsx","* 조회조건 -  [품목 : 2103909090, 국가 : CN, $/원]","2026-05","2026-Q2","2210127","3257102270","627572.678",,,"3257102270","31","30","3152034454.84","false","0.9677","3152034454.84","reported"
"samyang","삼양식품","sauce","total","samyang_sauce.xlsx","* 조회조건 -  [품목 : 2103909090, 국가 : US, $/원]","1996-01","1996-Q1","118201","92385654","38164","13",,"92385654","31","30","89405471.61","false","0.9677","89405471.61","reported"
"samyang","삼양식품","sauce","total","samyang_sauce.xlsx","* 조회조건 -  [품목 : 2103909090, 국가 : US, $/원]","1996-02","1996-Q1","119579","92936326","43353","13",,"92936326","29","30","96141026.9","false","1.0345","96141026.9","reported"
"samyang","삼양식품","sauce","total","samyang_sauce.xlsx","* 조회조건 -  [품목 : 2103909090, 국가 : US, $/원]","1996-03","1996-Q1","91511","71136044","30407","9",,"71136044","31","30","68841332.9","false","0.9677","68841332.9","reported"
"samyang","삼양식품","sauce","total","samyang_sauce.xlsx","* 조회조건 -  [품목 : 2103909090, 국가 : US, $/원]","1996-04","1996-Q2","34407","26808583","7399","5",,"26808583","30","30","26808583","false","1","26808583","reported"
"samyang","삼양식품","sauce","total","samyang_sauce.xlsx","* 조회조건 -  [품목 : 2103909090, 국가 : US, $/원]","1996-05","1996-Q2","76686","59505328","20550","11",,"59505328","31","30","57585801.29","false","0.9677","57585801.29","reported"
"samyang","삼양식품","sauce","total","samyang_sauce.xlsx","* 조회조건 -  [품목 : 2103909090, 국가 : US, $/원]","1996-06","1996-Q2","123556","98126753","46478","9",,"98126753","30","30","98126753","false","1","98126753","reported"
"samyang","삼양식품","sauce","total","samyang_sauce.xlsx","* 조회조건 -  [품목 : 2103909090, 국가 : US, $/원]","1996-07","1996-Q3","81379","65875292","23807","10",,"65875292","31","30","63750282.58","false","0.9677","63750282.58","reported"
"samyang","삼양식품","sauce","total","samyang_sauce.xlsx","* 조회조건 -  [품목 : 2103909090, 국가 : US, $/원]","1996-08","1996-Q3","332020","269506551","114733","8",,"269506551","31","30","260812791.29","false","0.9677","260812791.29","reported"
"samyang","삼양식품","sauce","total","samyang_sauce.xlsx","* 조회조건 -  [품목 : 2103909090, 국가 : US, $/원]","1996-09","1996-Q3","140672","115309125","50132","12",,"115309125","30","30","115309125","false","1","115309125","reported"
"samyang","삼양식품","sauce","total","samyang_sauce.xlsx","* 조회조건 -  [품목 : 2103909090, 국가 : US, $/원]","1996-10","1996-Q4","22372","18442983","7282","7",,"18442983","31","30","17848048.06","false","0.9677","17848048.06","reported"
"samyang","삼양식품","sauce","total","samyang_sauce.xlsx","* 조회조건 -  [품목 : 2103909090, 국가 : US, $/원]","1996-11","1996-Q4","128702","106159518","47534","11",,"106159518","30","30","106159518","false","1","106159518","reported"
"samyang","삼양식품","sauce","total","samyang_sauce.xlsx","* 조회조건 -  [품목 : 2103909090, 국가 : US, $/원]","1996-12","1996-Q4","123299","102570841","31537","7",,"102570841","31","30","99262104.19","false","0.9677","99262104.19","reported"
"samyang","삼양식품","sauce","total","samyang_sauce.xlsx","* 조회조건 -  [품목 : 2103909090, 국가 : US, $/원]","1997-01","1997-Q1","70146","59488832","10918","5",,"59488832","31","30","57569837.42","false","0.9677","57569837.42","reported"
"samyang","삼양식품","sauce","total","samyang_sauce.xlsx","* 조회조건 -  [품목 : 2103909090, 국가 : US, $/원]","1997-02","1997-Q1","102638","88378641","30071","10",,"88378641","28","30","94691401.07","false","1.0714","94691401.07","reported"
"samyang","삼양식품","sauce","total","samyang_sauce.xlsx","* 조회조건 -  [품목 : 2103909090, 국가 : US, $/원]","1997-03","1997-Q1","124040","108082799","44048","10",,"108082799","31","30","104596257.1","false","0.9677","104596257.1","reported"
"samyang","삼양식품","sauce","total","samyang_sauce.xlsx","* 조회조건 -  [품목 : 2103909090, 국가 : US, $/원]","1997-04","1997-Q2","158244","140855016","64806","7",,"140855016","30","30","140855016","false","1","140855016","reported"
"samyang","삼양식품","sauce","total","samyang_sauce.xlsx","* 조회조건 -  [품목 : 2103909090, 국가 : US, $/원]","1997-05","1997-Q2","88135","78342132","22623","8",,"78342132","31","30","75814966.45","false","0.9677","75814966.45","reported"
"samyang","삼양식품","sauce","total","samyang_sauce.xlsx","* 조회조건 -  [품목 : 2103909090, 국가 : US, $/원]","1997-06","1997-Q2","51605","45796783","14355","5",,"45796783","30","30","45796783","false","1","45796783","reported"
"samyang","삼양식품","sauce","total","samyang_sauce.xlsx","* 조회조건 -  [품목 : 2103909090, 국가 : US, $/원]","1997-07","1997-Q3","148229","131438906","64541","12",,"131438906","31","30","127198941.29","false","0.9677","127198941.29","reported"
"samyang","삼양식품","sauce","total","samyang_sauce.xlsx","* 조회조건 -  [품목 : 2103909090, 국가 : US, $/원]","1997-08","1997-Q3","69993","62373248","25072","7",,"62373248","31","30","60361207.74","false","0.9677","60361207.74","reported"
"samyang","삼양식품","sauce","total","samyang_sauce.xlsx","* 조회조건 -  [품목 : 2103909090, 국가 : US, $/원]","1997-09","1997-Q3","57464","51708858","17073",,,"51708858","30","30","51708858","false","1","51708858","reported"
"samyang","삼양식품","sauce","total","samyang_sauce.xlsx","* 조회조건 -  [품목 : 2103909090, 국가 : US, $/원]","1997-10","1997-Q4","110843","100911940","40044","9",,"100911940","31","30","97656716.13","false","0.9677","97656716.13","reported"
"samyang","삼양식품","sauce","total","samyang_sauce.xlsx","* 조회조건 -  [품목 : 2103909090, 국가 : US, $/원]","1997-11","1997-Q4","186197","178413134","55690","11",,"178413134","30","30","178413134","false","1","178413134","reported"
"samyang","삼양식품","sauce","total","samyang_sauce.xlsx","* 조회조건 -  [품목 : 2103909090, 국가 : US, $/원]","1997-12","1997-Q4","62616","93836352","30959","5",,"93836352","31","30","90809372.9","false","0.9677","90809372.9","reported"
"samyang","삼양식품","sauce","total","samyang_sauce.xlsx","* 조회조건 -  [품목 : 2103909090, 국가 : US, $/원]","1998-01","1998-Q1","141068","220323265","66027","8",,"220323265","31","30","213216062.9","false","0.9677","213216062.9","reported"
"samyang","삼양식품","sauce","total","samyang_sauce.xlsx","* 조회조건 -  [품목 : 2103909090, 국가 : US, $/원]","1998-02","1998-Q1","29315","45115030","8748","5",,"45115030","28","30","48337532.14","false","1.0714","48337532.14","reported"
"samyang","삼양식품","sauce","total","samyang_sauce.xlsx","* 조회조건 -  [품목 : 2103909090, 국가 : US, $/원]","1998-03","1998-Q1","73572","110009257","28795","12",,"110009257","31","30","106460571.29","false","0.9677","106460571.29","reported"
"samyang","삼양식품","sauce","total","samyang_sauce.xlsx","* 조회조건 -  [품목 : 2103909090, 국가 : US, $/원]","1998-04","1998-Q2","262051","358755027","104273","10",,"358755027","30","30","358755027","false","1","358755027","reported"
"samyang","삼양식품","sauce","total","samyang_sauce.xlsx","* 조회조건 -  [품목 : 2103909090, 국가 : US, $/원]","1998-05","1998-Q2","4500","6083639","3596","6",,"6083639","31","30","5887392.58","false","0.9677","5887392.58","reported"
"samyang","삼양식품","sauce","total","samyang_sauce.xlsx","* 조회조건 -  [품목 : 2103909090, 국가 : US, $/원]","1998-06","1998-Q2","98879","135818739","48696","8",,"135818739","30","30","135818739","false","1","135818739","reported"
"samyang","삼양식품","sauce","total","samyang_sauce.xlsx","* 조회조건 -  [품목 : 2103909090, 국가 : US, $/원]","1998-07","1998-Q3","3703","4919138","4027","7",,"4919138","31","30","4760456.13","false","0.9677","4760456.13","reported"
"samyang","삼양식품","sauce","total","samyang_sauce.xlsx","* 조회조건 -  [품목 : 2103909090, 국가 : US, $/원]","1998-08","1998-Q3","120016","154328190","45257","12",,"154328190","31","30","149349861.29","false","0.9677","149349861.29","reported"
"samyang","삼양식품","sauce","total","samyang_sauce.xlsx","* 조회조건 -  [품목 : 2103909090, 국가 : US, $/원]","1998-09","1998-Q3","81098","110040596","38713","9",,"110040596","30","30","110040596","false","1","110040596","reported"
"samyang","삼양식품","sauce","total","samyang_sauce.xlsx","* 조회조건 -  [품목 : 2103909090, 국가 : US, $/원]","1998-10","1998-Q4","40224","52796687","21424","7",,"52796687","31","30","51093568.06","false","0.9677","51093568.06","reported"
"samyang","삼양식품","sauce","total","samyang_sauce.xlsx","* 조회조건 -  [품목 : 2103909090, 국가 : US, $/원]","1998-11","1998-Q4","97979","126116058","34814","10",,"126116058","30","30","126116058","false","1","126116058","reported"
"samyang","삼양식품","sauce","total","samyang_sauce.xlsx","* 조회조건 -  [품목 : 2103909090, 국가 : US, $/원]","1998-12","1998-Q4","88703","106084750","41822","14",,"106084750","31","30","102662661.29","false","0.9677","102662661.29","reported"
"samyang","삼양식품","sauce","total","samyang_sauce.xlsx","* 조회조건 -  [품목 : 2103909090, 국가 : US, $/원]","1999-01","1999-Q1","13297","15626391","4401","8",,"15626391","31","30","15122313.87","false","0.9677","15122313.87","reported"
"samyang","삼양식품","sauce","total","samyang_sauce.xlsx","* 조회조건 -  [품목 : 2103909090, 국가 : US, $/원]","1999-02","1999-Q1","111456","128998679","28725","8",,"128998679","28","30","138212870.36","false","1.0714","138212870.36","reported"
"samyang","삼양식품","sauce","total","samyang_sauce.xlsx","* 조회조건 -  [품목 : 2103909090, 국가 : US, $/원]","1999-03","1999-Q1","93154","112901903","46424","10",,"112901903","31","30","109259906.13","false","0.9677","109259906.13","reported"
"samyang","삼양식품","sauce","total","samyang_sauce.xlsx","* 조회조건 -  [품목 : 2103909090, 국가 : US, $/원]","1999-04","1999-Q2","151978","182528218","54371","15",,"182528218","30","30","182528218","false","1","182528218","reported"
"samyang","삼양식품","sauce","total","samyang_sauce.xlsx","* 조회조건 -  [품목 : 2103909090, 국가 : US, $/원]","1999-05","1999-Q2","57411","67563462","32713","13",,"67563462","31","30","65383995.48","false","0.9677","65383995.48","reported"
"samyang","삼양식품","sauce","total","samyang_sauce.xlsx","* 조회조건 -  [품목 : 2103909090, 국가 : US, $/원]","1999-06","1999-Q2","143964","167046653","40105","17",,"167046653","30","30","167046653","false","1","167046653","reported"
"samyang","삼양식품","sauce","total","samyang_sauce.xlsx","* 조회조건 -  [품목 : 2103909090, 국가 : US, $/원]","1999-07","1999-Q3","27442","32019970","8977","13",,"32019970","31","30","30987067.74","false","0.9677","30987067.74","reported"
"samyang","삼양식품","sauce","total","samyang_sauce.xlsx","* 조회조건 -  [품목 : 2103909090, 국가 : US, $/원]","1999-08","1999-Q3","54265","64537994","26976","10",,"64537994","31","30","62456123.23","false","0.9677","62456123.23","reported"
"samyang","삼양식품","sauce","total","samyang_sauce.xlsx","* 조회조건 -  [품목 : 2103909090, 국가 : US, $/원]","1999-09","1999-Q3","135821","160795245","48037","12",,"160795245","30","30","160795245","false","1","160795245","reported"
"samyang","삼양식품","sauce","total","samyang_sauce.xlsx","* 조회조건 -  [품목 : 2103909090, 국가 : US, $/원]","1999-10","1999-Q4","140712","167862676","42107","12",,"167862676","31","30","162447750.97","false","0.9677","162447750.97","reported"
"samyang","삼양식품","sauce","total","samyang_sauce.xlsx","* 조회조건 -  [품목 : 2103909090, 국가 : US, $/원]","1999-11","1999-Q4","185057","217086989","49103","18",,"217086989","30","30","217086989","false","1","217086989","reported"
"samyang","삼양식품","sauce","total","samyang_sauce.xlsx","* 조회조건 -  [품목 : 2103909090, 국가 : US, $/원]","1999-12","1999-Q4","229851","261167897","101692","21",,"261167897","31","30","252743126.13","false","0.9677","252743126.13","reported"
"samyang","삼양식품","sauce","total","samyang_sauce.xlsx","* 조회조건 -  [품목 : 2103909090, 국가 : US, $/원]","2000-01","2000-Q1","204115","229293994","60445","15",,"229293994","31","30","221897413.55","false","0.9677","221897413.55","reported"
"samyang","삼양식품","sauce","total","samyang_sauce.xlsx","* 조회조건 -  [품목 : 2103909090, 국가 : US, $/원]","2000-02","2000-Q1","175014","195100757","39241","15","7","195100757","29","30","201828369.31","false","1.0345","201828369.31","reported"
"samyang","삼양식품","sauce","total","samyang_sauce.xlsx","* 조회조건 -  [품목 : 2103909090, 국가 : US, $/원]","2000-03","2000-Q1","316969","352006064","141246","22","10","352006064","31","30","340651029.68","false","0.9677","340651029.68","reported"
"samyang","삼양식품","sauce","total","samyang_sauce.xlsx","* 조회조건 -  [품목 : 2103909090, 국가 : US, $/원]","2000-04","2000-Q2","299466","329200288","86381","22","5","329200288","30","30","329200288","false","1","329200288","reported"
"samyang","삼양식품","sauce","total","samyang_sauce.xlsx","* 조회조건 -  [품목 : 2103909090, 국가 : US, $/원]","2000-05","2000-Q2","173715","191451050","47523","25","9","191451050","31","30","185275209.68","false","0.9677","185275209.68","reported"
"samyang","삼양식품","sauce","total","samyang_sauce.xlsx","* 조회조건 -  [품목 : 2103909090, 국가 : US, $/원]","2000-06","2000-Q2","185646","206096997","64404","18","9","206096997","30","30","206096997","false","1","206096997","reported"
"samyang","삼양식품","sauce","total","samyang_sauce.xlsx","* 조회조건 -  [품목 : 2103909090, 국가 : US, $/원]","2000-07","2000-Q3","183582","202742366","68380","16","6","202742366","31","30","196202289.68","false","0.9677","196202289.68","reported"
"samyang","삼양식품","sauce","total","samyang_sauce.xlsx","* 조회조건 -  [품목 : 2103909090, 국가 : US, $/원]","2000-08","2000-Q3","226500","250098162","81682","17","5","250098162","31","30","242030479.35","false","0.9677","242030479.35","reported"
"samyang","삼양식품","sauce","total","samyang_sauce.xlsx","* 조회조건 -  [품목 : 2103909090, 국가 : US, $/원]","2000-09","2000-Q3","270098","297481990","114677","25","5","297481990","30","30","297481990","false","1","297481990","reported"
"samyang","삼양식품","sauce","total","samyang_sauce.xlsx","* 조회조건 -  [품목 : 2103909090, 국가 : US, $/원]","2000-10","2000-Q4","192334","214652686","87151","23",,"214652686","31","30","207728405.81","false","0.9677","207728405.81","reported"
"samyang","삼양식품","sauce","total","samyang_sauce.xlsx","* 조회조건 -  [품목 : 2103909090, 국가 : US, $/원]","2000-11","2000-Q4","330179","371677316","106825","22","7","371677316","30","30","371677316","false","1","371677316","reported"
"samyang","삼양식품","sauce","total","samyang_sauce.xlsx","* 조회조건 -  [품목 : 2103909090, 국가 : US, $/원]","2000-12","2000-Q4","153961","182346877","71233","18",,"182346877","31","30","176464719.68","false","0.9677","176464719.68","reported"
"samyang","삼양식품","sauce","total","samyang_sauce.xlsx","* 조회조건 -  [품목 : 2103909090, 국가 : US, $/원]","2001-01","2001-Q1","511007","637539581","145380","21","7","637539581","31","30","616973788.06","false","0.9677","616973788.06","reported"
"samyang","삼양식품","sauce","total","samyang_sauce.xlsx","* 조회조건 -  [품목 : 2103909090, 국가 : US, $/원]","2001-02","2001-Q1","210223","262971342","82643","21","10","262971342","28","30","281755009.29","false","1.0714","281755009.29","reported"
"samyang","삼양식품","sauce","total","samyang_sauce.xlsx","* 조회조건 -  [품목 : 2103909090, 국가 : US, $/원]","2001-03","2001-Q1","377132","476949287","196512","21","6","476949287","31","30","461563826.13","false","0.9677","461563826.13","reported"
"samyang","삼양식품","sauce","total","samyang_sauce.xlsx","* 조회조건 -  [품목 : 2103909090, 국가 : US, $/원]","2001-04","2001-Q2","426508","559286143","183581","31","9","559286143","30","30","559286143","false","1","559286143","reported"
"samyang","삼양식품","sauce","total","samyang_sauce.xlsx","* 조회조건 -  [품목 : 2103909090, 국가 : US, $/원]","2001-05","2001-Q2","302287","389670357","80660","19","6","389670357","31","30","377100345.48","false","0.9677","377100345.48","reported"
"samyang","삼양식품","sauce","total","samyang_sauce.xlsx","* 조회조건 -  [품목 : 2103909090, 국가 : US, $/원]","2001-06","2001-Q2","296463","378824995","100374","19",,"378824995","30","30","378824995","false","1","378824995","reported"
"samyang","삼양식품","sauce","total","samyang_sauce.xlsx","* 조회조건 -  [품목 : 2103909090, 국가 : US, $/원]","2001-07","2001-Q3","543073","700713199","162176","30","10","700713199","31","30","678109547.42","false","0.9677","678109547.42","reported"
"samyang","삼양식품","sauce","total","samyang_sauce.xlsx","* 조회조건 -  [품목 : 2103909090, 국가 : US, $/원]","2001-08","2001-Q3","627713","803123784","228684","23","6","803123784","31","30","777216565.16","false","0.9677","777216565.16","reported"
"samyang","삼양식품","sauce","total","samyang_sauce.xlsx","* 조회조건 -  [품목 : 2103909090, 국가 : US, $/원]","2001-09","2001-Q3","351828","449106647","145141.1","26","10","449106647","30","30","449106647","false","1","449106647","reported"
"samyang","삼양식품","sauce","total","samyang_sauce.xlsx","* 조회조건 -  [품목 : 2103909090, 국가 : US, $/원]","2001-10","2001-Q4","229368","296307741","65141","22","11","296307741","31","30","286749426.77","false","0.9677","286749426.77","reported"
"samyang","삼양식품","sauce","total","samyang_sauce.xlsx","* 조회조건 -  [품목 : 2103909090, 국가 : US, $/원]","2001-11","2001-Q4","104316","133328182","37025.3","19","5","133328182","30","30","133328182","false","1","133328182","reported"
"samyang","삼양식품","sauce","total","samyang_sauce.xlsx","* 조회조건 -  [품목 : 2103909090, 국가 : US, $/원]","2001-12","2001-Q4","195065","246816477","50169.6","18","13","246816477","31","30","238854655.16","false","0.9677","238854655.16","reported"
"samyang","삼양식품","sauce","total","samyang_sauce.xlsx","* 조회조건 -  [품목 : 2103909090, 국가 : US, $/원]","2002-01","2002-Q1","236445","307848202","72228.7","19","5","307848202","31","30","297917614.84","false","0.9677","297917614.84","reported"
"samyang","삼양식품","sauce","total","samyang_sauce.xlsx","* 조회조건 -  [품목 : 2103909090, 국가 : US, $/원]","2002-02","2002-Q1","228787","298813804","74832","15",,"298813804","28","30","320157647.14","false","1.0714","320157647.14","reported"
"samyang","삼양식품","sauce","total","samyang_sauce.xlsx","* 조회조건 -  [품목 : 2103909090, 국가 : US, $/원]","2002-03","2002-Q1","114707","150143349","50923.2","16","8","150143349","31","30","145300015.16","false","0.9677","145300015.16","reported"
"samyang","삼양식품","sauce","total","samyang_sauce.xlsx","* 조회조건 -  [품목 : 2103909090, 국가 : US, $/원]","2002-04","2002-Q2","363864","478154792","117809.9","28","10","478154792","30","30","478154792","false","1","478154792","reported"
"samyang","삼양식품","sauce","total","samyang_sauce.xlsx","* 조회조건 -  [품목 : 2103909090, 국가 : US, $/원]","2002-05","2002-Q2","186780","236771982","40101.3","26","11","236771982","31","30","229134176.13","false","0.9677","229134176.13","reported"
"samyang","삼양식품","sauce","total","samyang_sauce.xlsx","* 조회조건 -  [품목 : 2103909090, 국가 : US, $/원]","2002-06","2002-Q2","302226","367746971","85419.7","20","8","367746971","30","30","367746971","false","1","367746971","reported"
"samyang","삼양식품","sauce","total","samyang_sauce.xlsx","* 조회조건 -  [품목 : 2103909090, 국가 : US, $/원]","2002-07","2002-Q3","266310","314366985","77110","19","7","314366985","31","30","304226114.52","false","0.9677","304226114.52","reported"
"samyang","삼양식품","sauce","total","samyang_sauce.xlsx","* 조회조건 -  [품목 : 2103909090, 국가 : US, $/원]","2002-08","2002-Q3","328641","388159574","49635.2","22","7","388159574","31","30","375638297.42","false","0.9677","375638297.42","reported"
"samyang","삼양식품","sauce","total","samyang_sauce.xlsx","* 조회조건 -  [품목 : 2103909090, 국가 : US, $/원]","2002-09","2002-Q3","231910","276502836","91829.4","19","7","276502836","30","30","276502836","false","1","276502836","reported"
"samyang","삼양식품","sauce","total","samyang_sauce.xlsx","* 조회조건 -  [품목 : 2103909090, 국가 : US, $/원]","2002-10","2002-Q4","373613","460277454","95424.5","24","8","460277454","31","30","445429794.19","false","0.9677","445429794.19","reported"
"samyang","삼양식품","sauce","total","samyang_sauce.xlsx","* 조회조건 -  [품목 : 2103909090, 국가 : US, $/원]","2002-11","2002-Q4","308817","373781209","124152.4","25","11","373781209","30","30","373781209","false","1","373781209","reported"
"samyang","삼양식품","sauce","total","samyang_sauce.xlsx","* 조회조건 -  [품목 : 2103909090, 국가 : US, $/원]","2002-12","2002-Q4","323603","388697182","60395","14","5","388697182","31","30","376158563.23","false","0.9677","376158563.23","reported"
"samyang","삼양식품","sauce","total","samyang_sauce.xlsx","* 조회조건 -  [품목 : 2103909090, 국가 : US, $/원]","2003-01","2003-Q1","248346","291507000","125278.2","20","8","291507000","31","30","282103548.39","false","0.9677","282103548.39","reported"
"samyang","삼양식품","sauce","total","samyang_sauce.xlsx","* 조회조건 -  [품목 : 2103909090, 국가 : US, $/원]","2003-02","2003-Q1","205220","238693666","113912.8","19","5","238693666","28","30","255743213.57","false","1.0714","255743213.57","reported"
"samyang","삼양식품","sauce","total","samyang_sauce.xlsx","* 조회조건 -  [품목 : 2103909090, 국가 : US, $/원]","2003-03","2003-Q1","262566","317814976","142119.3","28","12","317814976","31","30","307562880","false","0.9677","307562880","reported"
"samyang","삼양식품","sauce","total","samyang_sauce.xlsx","* 조회조건 -  [품목 : 2103909090, 국가 : US, $/원]","2003-04","2003-Q2","274873","337017625","83177.4","28","8","337017625","30","30","337017625","false","1","337017625","reported"
"samyang","삼양식품","sauce","total","samyang_sauce.xlsx","* 조회조건 -  [품목 : 2103909090, 국가 : US, $/원]","2003-05","2003-Q2","156701","186503797","63644.1","27","7","186503797","31","30","180487545.48","false","0.9677","180487545.48","reported"
"samyang","삼양식품","sauce","total","samyang_sauce.xlsx","* 조회조건 -  [품목 : 2103909090, 국가 : US, $/원]","2003-06","2003-Q2","163397","193977762","57545.8","22","7","193977762","30","30","193977762","false","1","193977762","reported"
"samyang","삼양식품","sauce","total","samyang_sauce.xlsx","* 조회조건 -  [품목 : 2103909090, 국가 : US, $/원]","2003-07","2003-Q3","231557","271366188","106097.6","23","9","271366188","31","30","262612440","false","0.9677","262612440","reported"
"samyang","삼양식품","sauce","total","samyang_sauce.xlsx","* 조회조건 -  [품목 : 2103909090, 국가 : US, $/원]","2003-08","2003-Q3","311781","364722424","119260","17",,"364722424","31","30","352957184.52","false","0.9677","352957184.52","reported"
"samyang","삼양식품","sauce","total","samyang_sauce.xlsx","* 조회조건 -  [품목 : 2103909090, 국가 : US, $/원]","2003-09","2003-Q3","461612","534531190","144384.3","29","7","534531190","30","30","534531190","false","1","534531190","reported"
"samyang","삼양식품","sauce","total","samyang_sauce.xlsx","* 조회조건 -  [품목 : 2103909090, 국가 : US, $/원]","2003-10","2003-Q4","497128","571879041","162125","32","8","571879041","31","30","553431330","false","0.9677","553431330","reported"
"samyang","삼양식품","sauce","total","samyang_sauce.xlsx","* 조회조건 -  [품목 : 2103909090, 국가 : US, $/원]","2003-11","2003-Q4","295819","346101052","87081.3","23","9","346101052","30","30","346101052","false","1","346101052","reported"
"samyang","삼양식품","sauce","total","samyang_sauce.xlsx","* 조회조건 -  [품목 : 2103909090, 국가 : US, $/원]","2003-12","2003-Q4","252564","298785113","85418.4","25","8","298785113","31","30","289146883.55","false","0.9677","289146883.55","reported"
"samyang","삼양식품","sauce","total","samyang_sauce.xlsx","* 조회조건 -  [품목 : 2103909090, 국가 : US, $/원]","2004-01","2004-Q1","362265","426946598","77884.4","23","6","426946598","31","30","413174127.1","false","0.9677","413174127.1","reported"
"samyang","삼양식품","sauce","total","samyang_sauce.xlsx","* 조회조건 -  [품목 : 2103909090, 국가 : US, $/원]","2004-02","2004-Q1","338035","389908154","76938.8","24","7","389908154","29","30","403353262.76","false","1.0345","403353262.76","reported"
"samyang","삼양식품","sauce","total","samyang_sauce.xlsx","* 조회조건 -  [품목 : 2103909090, 국가 : US, $/원]","2004-03","2004-Q1","476180","550693259","156027.3","37","13","550693259","31","30","532928960.32","false","0.9677","532928960.32","reported"
"samyang","삼양식품","sauce","total","samyang_sauce.xlsx","* 조회조건 -  [품목 : 2103909090, 국가 : US, $/원]","2004-04","2004-Q2","223841","254637650","88342","28","9","254637650","30","30","254637650","false","1","254637650","reported"
"samyang","삼양식품","sauce","total","samyang_sauce.xlsx","* 조회조건 -  [품목 : 2103909090, 국가 : US, $/원]","2004-05","2004-Q2","760106","886123836","154869","39","11","886123836","31","30","857539196.13","false","0.9677","857539196.13","reported"
"samyang","삼양식품","sauce","total","samyang_sauce.xlsx","* 조회조건 -  [품목 : 2103909090, 국가 : US, $/원]","2004-06","2004-Q2","765468","881286593","221127.1","45","12","881286593","30","30","881286593","false","1","881286593","reported"
"samyang","삼양식품","sauce","total","samyang_sauce.xlsx","* 조회조건 -  [품목 : 2103909090, 국가 : US, $/원]","2004-07","2004-Q3","876855","1004646722","188892.4","46","11","1004646722","31","30","972238763.23","false","0.9677","972238763.23","reported"
"samyang","삼양식품","sauce","total","samyang_sauce.xlsx","* 조회조건 -  [품목 : 2103909090, 국가 : US, $/원]","2004-08","2004-Q3","712864","819887084","231021.2","34","5","819887084","31","30","793439113.55","false","0.9677","793439113.55","reported"
"samyang","삼양식품","sauce","total","samyang_sauce.xlsx","* 조회조건 -  [품목 : 2103909090, 국가 : US, $/원]","2004-09","2004-Q3","764958","870676251","146269","37","8","870676251","30","30","870676251","false","1","870676251","reported"
"samyang","삼양식품","sauce","total","samyang_sauce.xlsx","* 조회조건 -  [품목 : 2103909090, 국가 : US, $/원]","2004-10","2004-Q4","513063","583349444","148579.1","32","8","583349444","31","30","564531720","false","0.9677","564531720","reported"
"samyang","삼양식품","sauce","total","samyang_sauce.xlsx","* 조회조건 -  [품목 : 2103909090, 국가 : US, $/원]","2004-11","2004-Q4","802873","887103232","227675.2","39","11","887103232","30","30","887103232","false","1","887103232","reported"
"samyang","삼양식품","sauce","total","samyang_sauce.xlsx","* 조회조건 -  [품목 : 2103909090, 국가 : US, $/원]","2004-12","2004-Q4","549905","572843870","142014.3","38","5","572843870","31","30","554365035.48","false","0.9677","554365035.48","reported"
"samyang","삼양식품","sauce","total","samyang_sauce.xlsx","* 조회조건 -  [품목 : 2103909090, 국가 : US, $/원]","2005-01","2005-Q1","422364","435577786","136673.2","32","10","435577786","31","30","421526889.68","false","0.9677","421526889.68","reported"
"samyang","삼양식품","sauce","total","samyang_sauce.xlsx","* 조회조건 -  [품목 : 2103909090, 국가 : US, $/원]","2005-02","2005-Q1","287044","292348055","130936.2","28","9","292348055","28","30","313230058.93","false","1.0714","313230058.93","reported"
"samyang","삼양식품","sauce","total","samyang_sauce.xlsx","* 조회조건 -  [품목 : 2103909090, 국가 : US, $/원]","2005-03","2005-Q1","566535","564914967","202614.1","33","8","564914967","31","30","546691903.55","false","0.9677","546691903.55","reported"
"samyang","삼양식품","sauce","total","samyang_sauce.xlsx","* 조회조건 -  [품목 : 2103909090, 국가 : US, $/원]","2005-04","2005-Q2","697435","700999510","297071.2","36","8","700999510","30","30","700999510","false","1","700999510","reported"
"samyang","삼양식품","sauce","total","samyang_sauce.xlsx","* 조회조건 -  [품목 : 2103909090, 국가 : US, $/원]","2005-05","2005-Q2","498151","494012763","199629.5","30",,"494012763","31","30","478076867.42","false","0.9677","478076867.42","reported"
"samyang","삼양식품","sauce","total","samyang_sauce.xlsx","* 조회조건 -  [품목 : 2103909090, 국가 : US, $/원]","2005-06","2005-Q2","448548","447874494","213681","38","7","447874494","30","30","447874494","false","1","447874494","reported"
"samyang","삼양식품","sauce","total","samyang_sauce.xlsx","* 조회조건 -  [품목 : 2103909090, 국가 : US, $/원]","2005-07","2005-Q3","478312","492175899","186527.9","35","5","492175899","31","30","476299257.1","false","0.9677","476299257.1","reported"
"samyang","삼양식품","sauce","total","samyang_sauce.xlsx","* 조회조건 -  [품목 : 2103909090, 국가 : US, $/원]","2005-08","2005-Q3","494824","500231607","207656.9","35","6","500231607","31","30","484095103.55","false","0.9677","484095103.55","reported"
"samyang","삼양식품","sauce","total","samyang_sauce.xlsx","* 조회조건 -  [품목 : 2103909090, 국가 : US, $/원]","2005-09","2005-Q3","500876","509990759","157340.8","34","8","509990759","30","30","509990759","false","1","509990759","reported"
"samyang","삼양식품","sauce","total","samyang_sauce.xlsx","* 조회조건 -  [품목 : 2103909090, 국가 : US, $/원]","2005-10","2005-Q4","567149","584653473","192433.9","39","11","584653473","31","30","565793683.55","false","0.9677","565793683.55","reported"
"samyang","삼양식품","sauce","total","samyang_sauce.xlsx","* 조회조건 -  [품목 : 2103909090, 국가 : US, $/원]","2005-11","2005-Q4","331195","342552025","120077.3","30","5","342552025","30","30","342552025","false","1","342552025","reported"
"samyang","삼양식품","sauce","total","samyang_sauce.xlsx","* 조회조건 -  [품목 : 2103909090, 국가 : US, $/원]","2005-12","2005-Q4","949982","970240428","222367.8","36","8","970240428","31","30","938942349.68","false","0.9677","938942349.68","reported"
"samyang","삼양식품","sauce","total","samyang_sauce.xlsx","* 조회조건 -  [품목 : 2103909090, 국가 : US, $/원]","2006-01","2006-Q1","748419","737748821","278076.2","37","6","737748821","31","30","713950471.94","false","0.9677","713950471.94","reported"
"samyang","삼양식품","sauce","total","samyang_sauce.xlsx","* 조회조건 -  [품목 : 2103909090, 국가 : US, $/원]","2006-02","2006-Q1","1145143","1102141649","289075.8","41","11","1102141649","28","30","1180866052.5","false","1.0714","1180866052.5","reported"
"samyang","삼양식품","sauce","total","samyang_sauce.xlsx","* 조회조건 -  [품목 : 2103909090, 국가 : US, $/원]","2006-03","2006-Q1","1226208","1182082006","346743.5","44","7","1182082006","31","30","1143950328.39","false","0.9677","1143950328.39","reported"
"samyang","삼양식품","sauce","total","samyang_sauce.xlsx","* 조회조건 -  [품목 : 2103909090, 국가 : US, $/원]","2006-04","2006-Q2","1607089","1528848638","437614","39","7","1528848638","30","30","1528848638","false","1","1528848638","reported"
"samyang","삼양식품","sauce","total","samyang_sauce.xlsx","* 조회조건 -  [품목 : 2103909090, 국가 : US, $/원]","2006-05","2006-Q2","1414099","1313089354","375669.4","40","8","1313089354","31","30","1270731632.9","false","0.9677","1270731632.9","reported"
"samyang","삼양식품","sauce","total","samyang_sauce.xlsx","* 조회조건 -  [품목 : 2103909090, 국가 : US, $/원]","2006-06","2006-Q2","1303593","1229378406","344087.5","38","9","1229378406","30","30","1229378406","false","1","1229378406","reported"
"samyang","삼양식품","sauce","total","samyang_sauce.xlsx","* 조회조건 -  [품목 : 2103909090, 국가 : US, $/원]","2006-07","2006-Q3","1344998","1267932168","463460.3","43","10","1267932168","31","30","1227031130.32","false","0.9677","1227031130.32","reported"
"samyang","삼양식품","sauce","total","samyang_sauce.xlsx","* 조회조건 -  [품목 : 2103909090, 국가 : US, $/원]","2006-08","2006-Q3","1156538","1098915037","368677.9","38","7","1098915037","31","30","1063466164.84","false","0.9677","1063466164.84","reported"
"samyang","삼양식품","sauce","total","samyang_sauce.xlsx","* 조회조건 -  [품목 : 2103909090, 국가 : US, $/원]","2006-09","2006-Q3","1344934","1275361809","402345.1","41","7","1275361809","30","30","1275361809","false","1","1275361809","reported"
"samyang","삼양식품","sauce","total","samyang_sauce.xlsx","* 조회조건 -  [품목 : 2103909090, 국가 : US, $/원]","2006-10","2006-Q4","1241357","1172770577","359918.2","38","9","1172770577","31","30","1134939268.06","false","0.9677","1134939268.06","reported"
"samyang","삼양식품","sauce","total","samyang_sauce.xlsx","* 조회조건 -  [품목 : 2103909090, 국가 : US, $/원]","2006-11","2006-Q4","1427153","1329953894","368908.7","41","6","1329953894","30","30","1329953894","false","1","1329953894","reported"
"samyang","삼양식품","sauce","total","samyang_sauce.xlsx","* 조회조건 -  [품목 : 2103909090, 국가 : US, $/원]","2006-12","2006-Q4","1956546","1792921749","405408.2","44","8","1792921749","31","30","1735085563.55","false","0.9677","1735085563.55","reported"
"samyang","삼양식품","sauce","total","samyang_sauce.xlsx","* 조회조건 -  [품목 : 2103909090, 국가 : US, $/원]","2007-01","2007-Q1","1838116","1702110795","397914.1","47","11","1702110795","31","30","1647203995.16","false","0.9677","1647203995.16","reported"
"samyang","삼양식품","sauce","total","samyang_sauce.xlsx","* 조회조건 -  [품목 : 2103909090, 국가 : US, $/원]","2007-02","2007-Q1","1086052","1008891588","297785.7","40","12","1008891588","28","30","1080955272.86","false","1.0714","1080955272.86","reported"
"samyang","삼양식품","sauce","total","samyang_sauce.xlsx","* 조회조건 -  [품목 : 2103909090, 국가 : US, $/원]","2007-03","2007-Q1","1509755","1410833857","393374.6","47","10","1410833857","31","30","1365323087.42","false","0.9677","1365323087.42","reported"
"samyang","삼양식품","sauce","total","samyang_sauce.xlsx","* 조회조건 -  [품목 : 2103909090, 국가 : US, $/원]","2007-04","2007-Q2","1959860","1810307609","491966.5","54","12","1810307609","30","30","1810307609","false","1","1810307609","reported"
"samyang","삼양식품","sauce","total","samyang_sauce.xlsx","* 조회조건 -  [품목 : 2103909090, 국가 : US, $/원]","2007-05","2007-Q2","2432207","2233866222","697192.3","54","9","2233866222","31","30","2161806021.29","false","0.9677","2161806021.29","reported"
"samyang","삼양식품","sauce","total","samyang_sauce.xlsx","* 조회조건 -  [품목 : 2103909090, 국가 : US, $/원]","2007-06","2007-Q2","1882043","1731437918","479960.1","46","12","1731437918","30","30","1731437918","false","1","1731437918","reported"
"samyang","삼양식품","sauce","total","samyang_sauce.xlsx","* 조회조건 -  [품목 : 2103909090, 국가 : US, $/원]","2007-07","2007-Q3","1695872","1545577214","494412.8","51","9","1545577214","31","30","1495719884.52","false","0.9677","1495719884.52","reported"
"samyang","삼양식품","sauce","total","samyang_sauce.xlsx","* 조회조건 -  [품목 : 2103909090, 국가 : US, $/원]","2007-08","2007-Q3","1598408","1467176577","397836.9","43","11","1467176577","31","30","1419848300.32","false","0.9677","1419848300.32","reported"
"samyang","삼양식품","sauce","total","samyang_sauce.xlsx","* 조회조건 -  [품목 : 2103909090, 국가 : US, $/원]","2007-09","2007-Q3","1283218","1191058326","332586.9","37","16","1191058326","30","30","1191058326","false","1","1191058326","reported"
"samyang","삼양식품","sauce","total","samyang_sauce.xlsx","* 조회조건 -  [품목 : 2103909090, 국가 : US, $/원]","2007-10","2007-Q4","1891190","1717824478","502724.8","63","23","1717824478","31","30","1662410785.16","false","0.9677","1662410785.16","reported"
"samyang","삼양식품","sauce","total","samyang_sauce.xlsx","* 조회조건 -  [품목 : 2103909090, 국가 : US, $/원]","2007-11","2007-Q4","1637142","1479226704","337688.3","53","19","1479226704","30","30","1479226704","false","1","1479226704","reported"
"samyang","삼양식품","sauce","total","samyang_sauce.xlsx","* 조회조건 -  [품목 : 2103909090, 국가 : US, $/원]","2007-12","2007-Q4","2036865","1874501801","443809","58","19","1874501801","31","30","1814034000.97","false","0.9677","1814034000.97","reported"
"samyang","삼양식품","sauce","total","samyang_sauce.xlsx","* 조회조건 -  [품목 : 2103909090, 국가 : US, $/원]","2008-01","2008-Q1","2702989","2516250007","552363.4","62","17","2516250007","31","30","2435080651.94","false","0.9677","2435080651.94","reported"
"samyang","삼양식품","sauce","total","samyang_sauce.xlsx","* 조회조건 -  [품목 : 2103909090, 국가 : US, $/원]","2008-02","2008-Q1","2066016","1933091167","423249.1","48","19","1933091167","29","30","1999749483.1","false","1.0345","1999749483.1","reported"
"samyang","삼양식품","sauce","total","samyang_sauce.xlsx","* 조회조건 -  [품목 : 2103909090, 국가 : US, $/원]","2008-03","2008-Q1","1797643","1731991435","450101.4","53","29","1731991435","31","30","1676120743.55","false","0.9677","1676120743.55","reported"
"samyang","삼양식품","sauce","total","samyang_sauce.xlsx","* 조회조건 -  [품목 : 2103909090, 국가 : US, $/원]","2008-04","2008-Q2","2076793","2022463825","480682.3","60","30","2022463825","30","30","2022463825","false","1","2022463825","reported"
"samyang","삼양식품","sauce","total","samyang_sauce.xlsx","* 조회조건 -  [품목 : 2103909090, 국가 : US, $/원]","2008-05","2008-Q2","2073839","2106381448","476646.7","66","68","2106381448","31","30","2038433659.35","false","0.9677","2038433659.35","reported"
"samyang","삼양식품","sauce","total","samyang_sauce.xlsx","* 조회조건 -  [품목 : 2103909090, 국가 : US, $/원]","2008-06","2008-Q2","1848834","1885056664","457901.1","62","67","1885056664","30","30","1885056664","false","1","1885056664","reported"
"samyang","삼양식품","sauce","total","samyang_sauce.xlsx","* 조회조건 -  [품목 : 2103909090, 국가 : US, $/원]","2008-07","2008-Q3","2083897","2108128153","445070.5","59","67","2108128153","31","30","2040124019.03","false","0.9677","2040124019.03","reported"
"samyang","삼양식품","sauce","total","samyang_sauce.xlsx","* 조회조건 -  [품목 : 2103909090, 국가 : US, $/원]","2008-08","2008-Q3","1944365","1983647664","412741.8","58","71","1983647664","31","30","1919659029.68","false","0.9677","1919659029.68","reported"
"samyang","삼양식품","sauce","total","samyang_sauce.xlsx","* 조회조건 -  [품목 : 2103909090, 국가 : US, $/원]","2008-09","2008-Q3","1583281","1746789096","344895.2","57","74","1746789096","30","30","1746789096","false","1","1746789096","reported"
"samyang","삼양식품","sauce","total","samyang_sauce.xlsx","* 조회조건 -  [품목 : 2103909090, 국가 : US, $/원]","2008-10","2008-Q4","1119612","1418060000","281465.6","56","74","1418060000","31","30","1372316129.03","false","0.9677","1372316129.03","reported"
"samyang","삼양식품","sauce","total","samyang_sauce.xlsx","* 조회조건 -  [품목 : 2103909090, 국가 : US, $/원]","2008-11","2008-Q4","1093368","1489668551","296937","57","74","1489668551","30","30","1489668551","false","1","1489668551","reported"
"samyang","삼양식품","sauce","total","samyang_sauce.xlsx","* 조회조건 -  [품목 : 2103909090, 국가 : US, $/원]","2008-12","2008-Q4","1152856","1612763916","318850.4","59","74","1612763916","31","30","1560739273.55","false","0.9677","1560739273.55","reported"
"samyang","삼양식품","sauce","total","samyang_sauce.xlsx","* 조회조건 -  [품목 : 2103909090, 국가 : US, $/원]","2009-01","2009-Q1","868823","1144571723","232737.8","55","75","1144571723","31","30","1107650054.52","false","0.9677","1107650054.52","reported"
"samyang","삼양식품","sauce","total","samyang_sauce.xlsx","* 조회조건 -  [품목 : 2103909090, 국가 : US, $/원]","2009-02","2009-Q1","901981","1252631090","293413.5","54","76","1252631090","28","30","1342104739.29","false","1.0714","1342104739.29","reported"
"samyang","삼양식품","sauce","total","samyang_sauce.xlsx","* 조회조건 -  [품목 : 2103909090, 국가 : US, $/원]","2009-03","2009-Q1","1097383","1613128070","323719.9","64","91","1613128070","31","30","1561091680.65","false","0.9677","1561091680.65","reported"
"samyang","삼양식품","sauce","total","samyang_sauce.xlsx","* 조회조건 -  [품목 : 2103909090, 국가 : US, $/원]","2009-04","2009-Q2","1754464","2334563102","500202.8","67","98","2334563102","30","30","2334563102","false","1","2334563102","reported"
"samyang","삼양식품","sauce","total","samyang_sauce.xlsx","* 조회조건 -  [품목 : 2103909090, 국가 : US, $/원]","2009-05","2009-Q2","1861263","2344817725","548152.3","75","110","2344817725","31","30","2269178443.55","false","0.9677","2269178443.55","reported"
"samyang","삼양식품","sauce","total","samyang_sauce.xlsx","* 조회조건 -  [품목 : 2103909090, 국가 : US, $/원]","2009-06","2009-Q2","1845997","2297361571","488576","64","102","2297361571","30","30","2297361571","false","1","2297361571","reported"
"samyang","삼양식품","sauce","total","samyang_sauce.xlsx","* 조회조건 -  [품목 : 2103909090, 국가 : US, $/원]","2009-07","2009-Q3","1479693","1864935927","545098.1","76","120","1864935927","31","30","1804776703.55","false","0.9677","1804776703.55","reported"
"samyang","삼양식품","sauce","total","samyang_sauce.xlsx","* 조회조건 -  [품목 : 2103909090, 국가 : US, $/원]","2009-08","2009-Q3","1420591","1739035952","500491.2","65","109","1739035952","31","30","1682938018.06","false","0.9677","1682938018.06","reported"
"samyang","삼양식품","sauce","total","samyang_sauce.xlsx","* 조회조건 -  [품목 : 2103909090, 국가 : US, $/원]","2009-09","2009-Q3","2184506","2665103988","557656.1","69","120","2665103988","30","30","2665103988","false","1","2665103988","reported"
"samyang","삼양식품","sauce","total","samyang_sauce.xlsx","* 조회조건 -  [품목 : 2103909090, 국가 : US, $/원]","2009-10","2009-Q4","1642968","1910032692","413839.1","70","117","1910032692","31","30","1848418734.19","false","0.9677","1848418734.19","reported"
"samyang","삼양식품","sauce","total","samyang_sauce.xlsx","* 조회조건 -  [품목 : 2103909090, 국가 : US, $/원]","2009-11","2009-Q4","2095804","2423639075","620656.1","73","123","2423639075","30","30","2423639075","false","1","2423639075","reported"
"samyang","삼양식품","sauce","total","samyang_sauce.xlsx","* 조회조건 -  [품목 : 2103909090, 국가 : US, $/원]","2009-12","2009-Q4","1742274","2009663380","490974.3","78","130","2009663380","31","30","1944835529.03","false","0.9677","1944835529.03","reported"
"samyang","삼양식품","sauce","total","samyang_sauce.xlsx","* 조회조건 -  [품목 : 2103909090, 국가 : US, $/원]","2010-01","2010-Q1","2329593","2627164627","711172.2","86","143","2627164627","31","30","2542417380.97","false","0.9677","2542417380.97","reported"
"samyang","삼양식품","sauce","total","samyang_sauce.xlsx","* 조회조건 -  [품목 : 2103909090, 국가 : US, $/원]","2010-02","2010-Q1","1775073","2031600928","511169.2","71","119","2031600928","28","30","2176715280","false","1.0714","2176715280","reported"
"samyang","삼양식품","sauce","total","samyang_sauce.xlsx","* 조회조건 -  [품목 : 2103909090, 국가 : US, $/원]","2010-03","2010-Q1","2100363","2372035685","561062","88","142","2372035685","31","30","2295518404.84","false","0.9677","2295518404.84","reported"
"samyang","삼양식품","sauce","total","samyang_sauce.xlsx","* 조회조건 -  [품목 : 2103909090, 국가 : US, $/원]","2010-04","2010-Q2","2450063","2716581689","759409.8","80","144","2716581689","30","30","2716581689","false","1","2716581689","reported"
"samyang","삼양식품","sauce","total","samyang_sauce.xlsx","* 조회조건 -  [품목 : 2103909090, 국가 : US, $/원]","2010-05","2010-Q2","1872766","2105058558","617566.7","76","142","2105058558","31","30","2037153443.23","false","0.9677","2037153443.23","reported"
"samyang","삼양식품","sauce","total","samyang_sauce.xlsx","* 조회조건 -  [품목 : 2103909090, 국가 : US, $/원]","2010-06","2010-Q2","2414515","2911282460","687053.3","78","139","2911282460","30","30","2911282460","false","1","2911282460","reported"
"samyang","삼양식품","sauce","total","samyang_sauce.xlsx","* 조회조건 -  [품목 : 2103909090, 국가 : US, $/원]","2010-07","2010-Q3","2004052","2401695026","714333.7","76","141","2401695026","31","30","2324220992.9","false","0.9677","2324220992.9","reported"
"samyang","삼양식품","sauce","total","samyang_sauce.xlsx","* 조회조건 -  [품목 : 2103909090, 국가 : US, $/원]","2010-08","2010-Q3","2227982","2603488576","679184","76","141","2603488576","31","30","2519505073.55","false","0.9677","2519505073.55","reported"
"samyang","삼양식품","sauce","total","samyang_sauce.xlsx","* 조회조건 -  [품목 : 2103909090, 국가 : US, $/원]","2010-09","2010-Q3","1868785","2175614381","507590.8","73","131","2175614381","30","30","2175614381","false","1","2175614381","reported"
"samyang","삼양식품","sauce","total","samyang_sauce.xlsx","* 조회조건 -  [품목 : 2103909090, 국가 : US, $/원]","2010-10","2010-Q4","2522194","2817110239","671642","83","152","2817110239","31","30","2726235715.16","false","0.9677","2726235715.16","reported"
"samyang","삼양식품","sauce","total","samyang_sauce.xlsx","* 조회조건 -  [품목 : 2103909090, 국가 : US, $/원]","2010-11","2010-Q4","2288460","2545750510","556672.1","75","140","2545750510","30","30","2545750510","false","1","2545750510","reported"
"samyang","삼양식품","sauce","total","samyang_sauce.xlsx","* 조회조건 -  [품목 : 2103909090, 국가 : US, $/원]","2010-12","2010-Q4","2712291","3084149902","708022.3","86","156","3084149902","31","30","2984661195.48","false","0.9677","2984661195.48","reported"
"samyang","삼양식품","sauce","total","samyang_sauce.xlsx","* 조회조건 -  [품목 : 2103909090, 국가 : US, $/원]","2011-01","2011-Q1","3101528","3452301796","839691.3","70","137","3452301796","31","30","3340937221.94","false","0.9677","3340937221.94","reported"
"samyang","삼양식품","sauce","total","samyang_sauce.xlsx","* 조회조건 -  [품목 : 2103909090, 국가 : US, $/원]","2011-02","2011-Q1","2725405","3014526707","698856.7","84","150","3014526707","28","30","3229850043.21","false","1.0714","3229850043.21","reported"
"samyang","삼양식품","sauce","total","samyang_sauce.xlsx","* 조회조건 -  [품목 : 2103909090, 국가 : US, $/원]","2011-03","2011-Q1","3323202","3700311923","922194.2","101","169","3700311923","31","30","3580947022.26","false","0.9677","3580947022.26","reported"
"samyang","삼양식품","sauce","total","samyang_sauce.xlsx","* 조회조건 -  [품목 : 2103909090, 국가 : US, $/원]","2011-04","2011-Q2","3307172","3576479919","832544.8","92","162","3576479919","30","30","3576479919","false","1","3576479919","reported"
"samyang","삼양식품","sauce","total","samyang_sauce.xlsx","* 조회조건 -  [품목 : 2103909090, 국가 : US, $/원]","2011-05","2011-Q2","3206616","3439512323","841494.5","99","166","3439512323","31","30","3328560312.58","false","0.9677","3328560312.58","reported"
"samyang","삼양식품","sauce","total","samyang_sauce.xlsx","* 조회조건 -  [품목 : 2103909090, 국가 : US, $/원]","2011-06","2011-Q2","2622106","2812350285","753297.6","88","155","2812350285","30","30","2812350285","false","1","2812350285","reported"
"samyang","삼양식품","sauce","total","samyang_sauce.xlsx","* 조회조건 -  [품목 : 2103909090, 국가 : US, $/원]","2011-07","2011-Q3","3419391","3604317139","858193.9","99","164","3604317139","31","30","3488048844.19","false","0.9677","3488048844.19","reported"
"samyang","삼양식품","sauce","total","samyang_sauce.xlsx","* 조회조건 -  [품목 : 2103909090, 국가 : US, $/원]","2011-08","2011-Q3","2955764","3124222826","727467.5","93","157","3124222826","31","30","3023441444.52","false","0.9677","3023441444.52","reported"
"samyang","삼양식품","sauce","total","samyang_sauce.xlsx","* 조회조건 -  [품목 : 2103909090, 국가 : US, $/원]","2011-09","2011-Q3","3015102","3287421265","725063.5","89","144","3287421265","30","30","3287421265","false","1","3287421265","reported"
"samyang","삼양식품","sauce","total","samyang_sauce.xlsx","* 조회조건 -  [품목 : 2103909090, 국가 : US, $/원]","2011-10","2011-Q4","3725134","4302774668","789907.8","106","165","4302774668","31","30","4163975485.16","false","0.9677","4163975485.16","reported"
"samyang","삼양식품","sauce","total","samyang_sauce.xlsx","* 조회조건 -  [품목 : 2103909090, 국가 : US, $/원]","2011-11","2011-Q4","3586312","4002189580","747898.8","107","178","4002189580","30","30","4002189580","false","1","4002189580","reported"
"samyang","삼양식품","sauce","total","samyang_sauce.xlsx","* 조회조건 -  [품목 : 2103909090, 국가 : US, $/원]","2011-12","2011-Q4","4334762","4924615574","882659.9","96","156","4924615574","31","30","4765757007.1","false","0.9677","4765757007.1","reported"
"samyang","삼양식품","sauce","total","samyang_sauce.xlsx","* 조회조건 -  [품목 : 2103909090, 국가 : US, $/원]","2012-01","2012-Q1","3423306","3898739473","845027.8","85","158","3898739473","31","30","3772973683.55","false","0.9677","3772973683.55","reported"
"samyang","삼양식품","sauce","total","samyang_sauce.xlsx","* 조회조건 -  [품목 : 2103909090, 국가 : US, $/원]","2012-02","2012-Q1","3737642","4157793069","909556.9","100","161","4157793069","29","30","4301165243.79","false","1.0345","4301165243.79","reported"
"samyang","삼양식품","sauce","total","samyang_sauce.xlsx","* 조회조건 -  [품목 : 2103909090, 국가 : US, $/원]","2012-03","2012-Q1","3736773","4157351102","839375","92","160","4157351102","31","30","4023243001.94","false","0.9677","4023243001.94","reported"
"samyang","삼양식품","sauce","total","samyang_sauce.xlsx","* 조회조건 -  [품목 : 2103909090, 국가 : US, $/원]","2012-04","2012-Q2","4378810","4920551209","1027244.7","102","179","4920551209","30","30","4920551209","false","1","4920551209","reported"
"samyang","삼양식품","sauce","total","samyang_sauce.xlsx","* 조회조건 -  [품목 : 2103909090, 국가 : US, $/원]","2012-05","2012-Q2","3811274","4319455937","843060.9","89","175","4319455937","31","30","4180118648.71","false","0.9677","4180118648.71","reported"
"samyang","삼양식품","sauce","total","samyang_sauce.xlsx","* 조회조건 -  [품목 : 2103909090, 국가 : US, $/원]","2012-06","2012-Q2","3566228","4135643896","811110.8","85","163","4135643896","30","30","4135643896","false","1","4135643896","reported"
"samyang","삼양식품","sauce","total","samyang_sauce.xlsx","* 조회조건 -  [품목 : 2103909090, 국가 : US, $/원]","2012-07","2012-Q3","3869184","4393197957","1002330.8","93","179","4393197957","31","30","4251481893.87","false","0.9677","4251481893.87","reported"
"samyang","삼양식품","sauce","total","samyang_sauce.xlsx","* 조회조건 -  [품목 : 2103909090, 국가 : US, $/원]","2012-08","2012-Q3","3928979","4407019604","1007726.6","84","176","4407019604","31","30","4264857681.29","false","0.9677","4264857681.29","reported"
"samyang","삼양식품","sauce","total","samyang_sauce.xlsx","* 조회조건 -  [품목 : 2103909090, 국가 : US, $/원]","2012-09","2012-Q3","4061484","4537911875","941149","93","185","4537911875","30","30","4537911875","false","1","4537911875","reported"
"samyang","삼양식품","sauce","total","samyang_sauce.xlsx","* 조회조건 -  [품목 : 2103909090, 국가 : US, $/원]","2012-10","2012-Q4","3844449","4224615863","946440.7","106","186","4224615863","31","30","4088337931.94","false","0.9677","4088337931.94","reported"
"samyang","삼양식품","sauce","total","samyang_sauce.xlsx","* 조회조건 -  [품목 : 2103909090, 국가 : US, $/원]","2012-11","2012-Q4","2967154","3201687065","791219.4","99","175","3201687065","30","30","3201687065","false","1","3201687065","reported"
"samyang","삼양식품","sauce","total","samyang_sauce.xlsx","* 조회조건 -  [품목 : 2103909090, 국가 : US, $/원]","2012-12","2012-Q4","3583717","3831235378","858269.2","100","174","3831235378","31","30","3707647140","false","0.9677","3707647140","reported"
"samyang","삼양식품","sauce","total","samyang_sauce.xlsx","* 조회조건 -  [품목 : 2103909090, 국가 : US, $/원]","2013-01","2013-Q1","4210713","4435017147","941852.9","101","197","4435017147","31","30","4291952077.74","false","0.9677","4291952077.74","reported"
"samyang","삼양식품","sauce","total","samyang_sauce.xlsx","* 조회조건 -  [품목 : 2103909090, 국가 : US, $/원]","2013-02","2013-Q1","3815398","4092408896","916681.2","102","176","4092408896","28","30","4384723817.14","false","1.0714","4384723817.14","reported"
"samyang","삼양식품","sauce","total","samyang_sauce.xlsx","* 조회조건 -  [품목 : 2103909090, 국가 : US, $/원]","2013-03","2013-Q1","4398871","4786562640","1124019.9","111","200","4786562640","31","30","4632157393.55","false","0.9677","4632157393.55","reported"
"samyang","삼양식품","sauce","total","samyang_sauce.xlsx","* 조회조건 -  [품목 : 2103909090, 국가 : US, $/원]","2013-04","2013-Q2","5129813","5700515117","1355296.4","126","206","5700515117","30","30","5700515117","false","1","5700515117","reported"
"samyang","삼양식품","sauce","total","samyang_sauce.xlsx","* 조회조건 -  [품목 : 2103909090, 국가 : US, $/원]","2013-05","2013-Q2","3780502","4150787292","1064565.7","109","194","4150787292","31","30","4016890927.74","false","0.9677","4016890927.74","reported"
"samyang","삼양식품","sauce","total","samyang_sauce.xlsx","* 조회조건 -  [품목 : 2103909090, 국가 : US, $/원]","2013-06","2013-Q2","4441963","4965257305","1096857.8","109","197","4965257305","30","30","4965257305","false","1","4965257305","reported"
"samyang","삼양식품","sauce","total","samyang_sauce.xlsx","* 조회조건 -  [품목 : 2103909090, 국가 : US, $/원]","2013-07","2013-Q3","4026362","4527031631","1172203.5","127","223","4527031631","31","30","4380998352.58","false","0.9677","4380998352.58","reported"
"samyang","삼양식품","sauce","total","samyang_sauce.xlsx","* 조회조건 -  [품목 : 2103909090, 국가 : US, $/원]","2013-08","2013-Q3","4182991","4626004474","1090956.2","117","205","4626004474","31","30","4476778523.23","false","0.9677","4476778523.23","reported"
"samyang","삼양식품","sauce","total","samyang_sauce.xlsx","* 조회조건 -  [품목 : 2103909090, 국가 : US, $/원]","2013-09","2013-Q3","3853558","4188308166","1029493.8","121","217","4188308166","30","30","4188308166","false","1","4188308166","reported"
"samyang","삼양식품","sauce","total","samyang_sauce.xlsx","* 조회조건 -  [품목 : 2103909090, 국가 : US, $/원]","2013-10","2013-Q4","4422438","4683260052","1158374.2","132","234","4683260052","31","30","4532187147.1","false","0.9677","4532187147.1","reported"
"samyang","삼양식품","sauce","total","samyang_sauce.xlsx","* 조회조건 -  [품목 : 2103909090, 국가 : US, $/원]","2013-11","2013-Q4","5074131","5341513117","1177014.4","139","253","5341513117","30","30","5341513117","false","1","5341513117","reported"
"samyang","삼양식품","sauce","total","samyang_sauce.xlsx","* 조회조건 -  [품목 : 2103909090, 국가 : US, $/원]","2013-12","2013-Q4","4856778","5084890573","1173029.9","122","227","5084890573","31","30","4920861844.84","false","0.9677","4920861844.84","reported"
"samyang","삼양식품","sauce","total","samyang_sauce.xlsx","* 조회조건 -  [품목 : 2103909090, 국가 : US, $/원]","2014-01","2014-Q1","4064617","4272004597","1151821.7","119","212","4272004597","31","30","4134197997.1","false","0.9677","4134197997.1","reported"
"samyang","삼양식품","sauce","total","samyang_sauce.xlsx","* 조회조건 -  [품목 : 2103909090, 국가 : US, $/원]","2014-02","2014-Q1","4736185","5027614080","1265347","125","244","5027614080","28","30","5386729371.43","false","1.0714","5386729371.43","reported"
"samyang","삼양식품","sauce","total","samyang_sauce.xlsx","* 조회조건 -  [품목 : 2103909090, 국가 : US, $/원]","2014-03","2014-Q1","6837527","7244262218","1619380.4","149","252","7244262218","31","30","7010576340","false","0.9677","7010576340","reported"
"samyang","삼양식품","sauce","total","samyang_sauce.xlsx","* 조회조건 -  [품목 : 2103909090, 국가 : US, $/원]","2014-04","2014-Q2","6943450","7235283374","1781897.5","156","277","7235283374","30","30","7235283374","false","1","7235283374","reported"
"samyang","삼양식품","sauce","total","samyang_sauce.xlsx","* 조회조건 -  [품목 : 2103909090, 국가 : US, $/원]","2014-05","2014-Q2","5389709","5487457107","1455823.9","142","236","5487457107","31","30","5310442361.61","false","0.9677","5310442361.61","reported"
"samyang","삼양식품","sauce","total","samyang_sauce.xlsx","* 조회조건 -  [품목 : 2103909090, 국가 : US, $/원]","2014-06","2014-Q2","5530738","5590974617","1420811.4","147","262","5590974617","30","30","5590974617","false","1","5590974617","reported"
"samyang","삼양식품","sauce","total","samyang_sauce.xlsx","* 조회조건 -  [품목 : 2103909090, 국가 : US, $/원]","2014-07","2014-Q3","5433949","5480044209","1511223.7","158","266","5480044209","31","30","5303268589.35","false","0.9677","5303268589.35","reported"
"samyang","삼양식품","sauce","total","samyang_sauce.xlsx","* 조회조건 -  [품목 : 2103909090, 국가 : US, $/원]","2014-08","2014-Q3","5887412","5990259393","1594884.6","170","284","5990259393","31","30","5797025219.03","false","0.9677","5797025219.03","reported"
"samyang","삼양식품","sauce","total","samyang_sauce.xlsx","* 조회조건 -  [품목 : 2103909090, 국가 : US, $/원]","2014-09","2014-Q3","6226782","6341587867","1516209","137","258","6341587867","30","30","6341587867","false","1","6341587867","reported"
"samyang","삼양식품","sauce","total","samyang_sauce.xlsx","* 조회조건 -  [품목 : 2103909090, 국가 : US, $/원]","2014-10","2014-Q4","6665865","7000165060","1725145.9","170","290","7000165060","31","30","6774353283.87","false","0.9677","6774353283.87","reported"
"samyang","삼양식품","sauce","total","samyang_sauce.xlsx","* 조회조건 -  [품목 : 2103909090, 국가 : US, $/원]","2014-11","2014-Q4","4968284","5320491574","1398107.5","145","258","5320491574","30","30","5320491574","false","1","5320491574","reported"
"samyang","삼양식품","sauce","total","samyang_sauce.xlsx","* 조회조건 -  [품목 : 2103909090, 국가 : US, $/원]","2014-12","2014-Q4","5408343","5926815250","1446576","155","266","5926815250","31","30","5735627661.29","false","0.9677","5735627661.29","reported"
"samyang","삼양식품","sauce","total","samyang_sauce.xlsx","* 조회조건 -  [품목 : 2103909090, 국가 : US, $/원]","2015-01","2015-Q1","6112689","6604015379","1601609.8","169","290","6604015379","31","30","6390982624.84","false","0.9677","6390982624.84","reported"
"samyang","삼양식품","sauce","total","samyang_sauce.xlsx","* 조회조건 -  [품목 : 2103909090, 국가 : US, $/원]","2015-02","2015-Q1","4396403","4754980478","1174371","125","231","4754980478","28","30","5094621940.71","false","1.0714","5094621940.71","reported"
"samyang","삼양식품","sauce","total","samyang_sauce.xlsx","* 조회조건 -  [품목 : 2103909090, 국가 : US, $/원]","2015-03","2015-Q1","7165818","7887831444","2026122","183","320","7887831444","31","30","7633385268.39","false","0.9677","7633385268.39","reported"
"samyang","삼양식품","sauce","total","samyang_sauce.xlsx","* 조회조건 -  [품목 : 2103909090, 국가 : US, $/원]","2015-04","2015-Q2","7172732","7784779270","2133072.4","181","302","7784779270","30","30","7784779270","false","1","7784779270","reported"
"samyang","삼양식품","sauce","total","samyang_sauce.xlsx","* 조회조건 -  [품목 : 2103909090, 국가 : US, $/원]","2015-05","2015-Q2","5930568","6377353431","1732235.4","162","260","6377353431","31","30","6171632352.58","false","0.9677","6171632352.58","reported"
"samyang","삼양식품","sauce","total","samyang_sauce.xlsx","* 조회조건 -  [품목 : 2103909090, 국가 : US, $/원]","2015-06","2015-Q2","5698314","6267776031","1617674.7","178","311","6267776031","30","30","6267776031","false","1","6267776031","reported"
"samyang","삼양식품","sauce","total","samyang_sauce.xlsx","* 조회조건 -  [품목 : 2103909090, 국가 : US, $/원]","2015-07","2015-Q3","5711889","6410842601","1713685.6","190","319","6410842601","31","30","6204041226.77","false","0.9677","6204041226.77","reported"
"samyang","삼양식품","sauce","total","samyang_sauce.xlsx","* 조회조건 -  [품목 : 2103909090, 국가 : US, $/원]","2015-08","2015-Q3","5294175","6157729796","1683315.5","192","315","6157729796","31","30","5959093350.97","false","0.9677","5959093350.97","reported"
"samyang","삼양식품","sauce","total","samyang_sauce.xlsx","* 조회조건 -  [품목 : 2103909090, 국가 : US, $/원]","2015-09","2015-Q3","5942900","6987161767","1716903.8","188","327","6987161767","30","30","6987161767","false","1","6987161767","reported"
"samyang","삼양식품","sauce","total","samyang_sauce.xlsx","* 조회조건 -  [품목 : 2103909090, 국가 : US, $/원]","2015-10","2015-Q4","7018448","8064799457","2037936.9","191","332","8064799457","31","30","7804644635.81","false","0.9677","7804644635.81","reported"
"samyang","삼양식품","sauce","total","samyang_sauce.xlsx","* 조회조건 -  [품목 : 2103909090, 국가 : US, $/원]","2015-11","2015-Q4","6386798","7267074582","1830588.7","204","335","7267074582","30","30","7267074582","false","1","7267074582","reported"
"samyang","삼양식품","sauce","total","samyang_sauce.xlsx","* 조회조건 -  [품목 : 2103909090, 국가 : US, $/원]","2015-12","2015-Q4","7271316","8410646377","2008883.9","188","332","8410646377","31","30","8139335203.55","false","0.9677","8139335203.55","reported"
"samyang","삼양식품","sauce","total","samyang_sauce.xlsx","* 조회조건 -  [품목 : 2103909090, 국가 : US, $/원]","2016-01","2016-Q1","5803940","6852978561","1755440.3","196","317","6852978561","31","30","6631914736.45","false","0.9677","6631914736.45","reported"
"samyang","삼양식품","sauce","total","samyang_sauce.xlsx","* 조회조건 -  [품목 : 2103909090, 국가 : US, $/원]","2016-02","2016-Q1","6188068","7388083090","1689830.1","174","293","7388083090","29","30","7642844575.86","false","1.0345","7642844575.86","reported"
"samyang","삼양식품","sauce","total","samyang_sauce.xlsx","* 조회조건 -  [품목 : 2103909090, 국가 : US, $/원]","2016-03","2016-Q1","7838659","9357769429","2403647.6","218","359","9357769429","31","30","9055905899.03","false","0.9677","9055905899.03","reported"
"samyang","삼양식품","sauce","total","samyang_sauce.xlsx","* 조회조건 -  [품목 : 2103909090, 국가 : US, $/원]","2016-04","2016-Q2","7381141","8422750560","2097239.51","195","351","8422750560","30","30","8422750560","false","1","8422750560","reported"
"samyang","삼양식품","sauce","total","samyang_sauce.xlsx","* 조회조건 -  [품목 : 2103909090, 국가 : US, $/원]","2016-05","2016-Q2","5957724","6857629558","1790719.99","196","334","6857629558","31","30","6636415701.29","false","0.9677","6636415701.29","reported"
"samyang","삼양식품","sauce","total","samyang_sauce.xlsx","* 조회조건 -  [품목 : 2103909090, 국가 : US, $/원]","2016-06","2016-Q2","6648019","7716515316","1977976.105","203","363","7716515316","30","30","7716515316","false","1","7716515316","reported"
"samyang","삼양식품","sauce","total","samyang_sauce.xlsx","* 조회조건 -  [품목 : 2103909090, 국가 : US, $/원]","2016-07","2016-Q3","6804395","7755506755","2013140.335","199","356","7755506755","31","30","7505329117.74","false","0.9677","7505329117.74","reported"
"samyang","삼양식품","sauce","total","samyang_sauce.xlsx","* 조회조건 -  [품목 : 2103909090, 국가 : US, $/원]","2016-08","2016-Q3","7897552","8703998608","2215461.042","212","374","8703998608","31","30","8423224459.35","false","0.9677","8423224459.35","reported"
"samyang","삼양식품","sauce","total","samyang_sauce.xlsx","* 조회조건 -  [품목 : 2103909090, 국가 : US, $/원]","2016-09","2016-Q3","8168211","9004840110","2375482.951","206","358","9004840110","30","30","9004840110","false","1","9004840110","reported"
"samyang","삼양식품","sauce","total","samyang_sauce.xlsx","* 조회조건 -  [품목 : 2103909090, 국가 : US, $/원]","2016-10","2016-Q4","7718095","8533862606","2194341.299","201","375","8533862606","31","30","8258576715.48","false","0.9677","8258576715.48","reported"
"samyang","삼양식품","sauce","total","samyang_sauce.xlsx","* 조회조건 -  [품목 : 2103909090, 국가 : US, $/원]","2016-11","2016-Q4","7803612","8907532414","2585454.176","212","393","8907532414","30","30","8907532414","false","1","8907532414","reported"
"samyang","삼양식품","sauce","total","samyang_sauce.xlsx","* 조회조건 -  [품목 : 2103909090, 국가 : US, $/원]","2016-12","2016-Q4","7287954","8492295067","2148132.37","202","380","8492295067","31","30","8218350064.84","false","0.9677","8218350064.84","reported"
"samyang","삼양식품","sauce","total","samyang_sauce.xlsx","* 조회조건 -  [품목 : 2103909090, 국가 : US, $/원]","2017-01","2017-Q1","6121593","7253149670","1844099.45","189","361","7253149670","31","30","7019177100","false","0.9677","7019177100","reported"
"samyang","삼양식품","sauce","total","samyang_sauce.xlsx","* 조회조건 -  [품목 : 2103909090, 국가 : US, $/원]","2017-02","2017-Q1","8635981","9849397790","2289833.974","219","404","9849397790","28","30","10552926203.57","false","1.0714","10552926203.57","reported"
"samyang","삼양식품","sauce","total","samyang_sauce.xlsx","* 조회조건 -  [품목 : 2103909090, 국가 : US, $/원]","2017-03","2017-Q1","9058204","10209876177","2553536.87","216","402","10209876177","31","30","9880525332.58","false","0.9677","9880525332.58","reported"
"samyang","삼양식품","sauce","total","samyang_sauce.xlsx","* 조회조건 -  [품목 : 2103909090, 국가 : US, $/원]","2017-04","2017-Q2","7260257","8135152955","2185813.843","193","366","8135152955","30","30","8135152955","false","1","8135152955","reported"
"samyang","삼양식품","sauce","total","samyang_sauce.xlsx","* 조회조건 -  [품목 : 2103909090, 국가 : US, $/원]","2017-05","2017-Q2","7320667","8176009998","2156259.212","202","398","8176009998","31","30","7912267740","false","0.9677","7912267740","reported"
"samyang","삼양식품","sauce","total","samyang_sauce.xlsx","* 조회조건 -  [품목 : 2103909090, 국가 : US, $/원]","2017-06","2017-Q2","8928556","9963362087","2724253.55","241","413","9963362087","30","30","9963362087","false","1","9963362087","reported"
"samyang","삼양식품","sauce","total","samyang_sauce.xlsx","* 조회조건 -  [품목 : 2103909090, 국가 : US, $/원]","2017-07","2017-Q3","8540998","9629841585","2502520.543","207","405","9629841585","31","30","9319201533.87","false","0.9677","9319201533.87","reported"
"samyang","삼양식품","sauce","total","samyang_sauce.xlsx","* 조회조건 -  [품목 : 2103909090, 국가 : US, $/원]","2017-08","2017-Q3","8377365","9375929515","2572800.399","225","416","9375929515","31","30","9073480175.81","false","0.9677","9073480175.81","reported"
"samyang","삼양식품","sauce","total","samyang_sauce.xlsx","* 조회조건 -  [품목 : 2103909090, 국가 : US, $/원]","2017-09","2017-Q3","8783458","9819313819","2711921.493","255","493","9819313819","30","30","9819313819","false","1","9819313819","reported"
"samyang","삼양식품","sauce","total","samyang_sauce.xlsx","* 조회조건 -  [품목 : 2103909090, 국가 : US, $/원]","2017-10","2017-Q4","6761253","7599321868","1815990.653","183","352","7599321868","31","30","7354182452.9","false","0.9677","7354182452.9","reported"
"samyang","삼양식품","sauce","total","samyang_sauce.xlsx","* 조회조건 -  [품목 : 2103909090, 국가 : US, $/원]","2017-11","2017-Q4","17895663","19748090137","2329743.845","217","427","19748090137","30","30","19748090137","false","1","19748090137","reported"
"samyang","삼양식품","sauce","total","samyang_sauce.xlsx","* 조회조건 -  [품목 : 2103909090, 국가 : US, $/원]","2017-12","2017-Q4","7529995","8115666025","2162985.747","221","416","8115666025","31","30","7853870346.77","false","0.9677","7853870346.77","reported"
"samyang","삼양식품","sauce","total","samyang_sauce.xlsx","* 조회조건 -  [품목 : 2103909090, 국가 : US, $/원]","2018-01","2018-Q1","10147827","10728088599","2776385.765","229","417","10728088599","31","30","10382021224.84","false","0.9677","10382021224.84","reported"
"samyang","삼양식품","sauce","total","samyang_sauce.xlsx","* 조회조건 -  [품목 : 2103909090, 국가 : US, $/원]","2018-02","2018-Q1","7507543","7999219240","2139781.196","194","370","7999219240","28","30","8570592042.86","false","1.0714","8570592042.86","reported"
"samyang","삼양식품","sauce","total","samyang_sauce.xlsx","* 조회조건 -  [품목 : 2103909090, 국가 : US, $/원]","2018-03","2018-Q1","10715538","11380764084","2856349.669","233","442","11380764084","31","30","11013642661.94","false","0.9677","11013642661.94","reported"
"samyang","삼양식품","sauce","total","samyang_sauce.xlsx","* 조회조건 -  [품목 : 2103909090, 국가 : US, $/원]","2018-04","2018-Q2","9972744","10544105676","2707023.663","218","409","10544105676","30","30","10544105676","false","1","10544105676","reported"
"samyang","삼양식품","sauce","total","samyang_sauce.xlsx","* 조회조건 -  [품목 : 2103909090, 국가 : US, $/원]","2018-05","2018-Q2","9408352","10027604765","2649024.421","239","429","10027604765","31","30","9704133643.55","false","0.9677","9704133643.55","reported"
"samyang","삼양식품","sauce","total","samyang_sauce.xlsx","* 조회조건 -  [품목 : 2103909090, 국가 : US, $/원]","2018-06","2018-Q2","7437453","7976554723","2390673.25","212","403","7976554723","30","30","7976554723","false","1","7976554723","reported"
"samyang","삼양식품","sauce","total","samyang_sauce.xlsx","* 조회조건 -  [품목 : 2103909090, 국가 : US, $/원]","2018-07","2018-Q3","9140346","10147857127","2530292.582","229","438","10147857127","31","30","9820506897.1","false","0.9677","9820506897.1","reported"
"samyang","삼양식품","sauce","total","samyang_sauce.xlsx","* 조회조건 -  [품목 : 2103909090, 국가 : US, $/원]","2018-08","2018-Q3","9151803","10188007842","2791156.354","248","464","10188007842","31","30","9859362427.74","false","0.9677","9859362427.74","reported"
"samyang","삼양식품","sauce","total","samyang_sauce.xlsx","* 조회조건 -  [품목 : 2103909090, 국가 : US, $/원]","2018-09","2018-Q3","8593607","9530720169","2353222.621","218","414","9530720169","30","30","9530720169","false","1","9530720169","reported"
"samyang","삼양식품","sauce","total","samyang_sauce.xlsx","* 조회조건 -  [품목 : 2103909090, 국가 : US, $/원]","2018-10","2018-Q4","10033055","11203152842","2899641.788","255","461","11203152842","31","30","10841760814.84","false","0.9677","10841760814.84","reported"
"samyang","삼양식품","sauce","total","samyang_sauce.xlsx","* 조회조건 -  [품목 : 2103909090, 국가 : US, $/원]","2018-11","2018-Q4","9235547","10341586762","2896785.238","225","453","10341586762","30","30","10341586762","false","1","10341586762","reported"
"samyang","삼양식품","sauce","total","samyang_sauce.xlsx","* 조회조건 -  [품목 : 2103909090, 국가 : US, $/원]","2018-12","2018-Q4","8266587","9199163009","2304735.679","236","431","9199163009","31","30","8902415815.16","false","0.9677","8902415815.16","reported"
"samyang","삼양식품","sauce","total","samyang_sauce.xlsx","* 조회조건 -  [품목 : 2103909090, 국가 : US, $/원]","2019-01","2019-Q1","9182474","10205030041","2544051.896","234","445","10205030041","31","30","9875835523.55","false","0.9677","9875835523.55","reported"
"samyang","삼양식품","sauce","total","samyang_sauce.xlsx","* 조회조건 -  [품목 : 2103909090, 국가 : US, $/원]","2019-02","2019-Q1","8194847","9117239581","2236310.039","212","396","9117239581","28","30","9768470979.64","false","1.0714","9768470979.64","reported"
"samyang","삼양식품","sauce","total","samyang_sauce.xlsx","* 조회조건 -  [품목 : 2103909090, 국가 : US, $/원]","2019-03","2019-Q1","9527621","10640463175","2790827.776","233","454","10640463175","31","30","10297222427.42","false","0.9677","10297222427.42","reported"
"samyang","삼양식품","sauce","total","samyang_sauce.xlsx","* 조회조건 -  [품목 : 2103909090, 국가 : US, $/원]","2019-04","2019-Q2","10801300","12162284700","3087417.504","246","489","12162284700","30","30","12162284700","false","1","12162284700","reported"
"samyang","삼양식품","sauce","total","samyang_sauce.xlsx","* 조회조건 -  [품목 : 2103909090, 국가 : US, $/원]","2019-05","2019-Q2","10677149","12426232568","3200784.665","255","470","12426232568","31","30","12025386356.13","false","0.9677","12025386356.13","reported"
"samyang","삼양식품","sauce","total","samyang_sauce.xlsx","* 조회조건 -  [품목 : 2103909090, 국가 : US, $/원]","2019-06","2019-Q2","10172388","11924429625","2904040.67","256","451","11924429625","30","30","11924429625","false","1","11924429625","reported"
"samyang","삼양식품","sauce","total","samyang_sauce.xlsx","* 조회조건 -  [품목 : 2103909090, 국가 : US, $/원]","2019-07","2019-Q3","11200182","12994049473","3259108.585","253","485","12994049473","31","30","12574886586.77","false","0.9677","12574886586.77","reported"
"samyang","삼양식품","sauce","total","samyang_sauce.xlsx","* 조회조건 -  [품목 : 2103909090, 국가 : US, $/원]","2019-08","2019-Q3","9986891","11907259375","3309279.063","252","453","11907259375","31","30","11523154233.87","false","0.9677","11523154233.87","reported"
"samyang","삼양식품","sauce","total","samyang_sauce.xlsx","* 조회조건 -  [품목 : 2103909090, 국가 : US, $/원]","2019-09","2019-Q3","11142069","13245048022","3318611.412","239","465","13245048022","30","30","13245048022","false","1","13245048022","reported"
"samyang","삼양식품","sauce","total","samyang_sauce.xlsx","* 조회조건 -  [품목 : 2103909090, 국가 : US, $/원]","2019-10","2019-Q4","11080329","13060554601","3367141.674","284","523","13060554601","31","30","12639246388.06","false","0.9677","12639246388.06","reported"
"samyang","삼양식품","sauce","total","samyang_sauce.xlsx","* 조회조건 -  [품목 : 2103909090, 국가 : US, $/원]","2019-11","2019-Q4","12465334","14392199537","3777806.33","278","494","14392199537","30","30","14392199537","false","1","14392199537","reported"
"samyang","삼양식품","sauce","total","samyang_sauce.xlsx","* 조회조건 -  [품목 : 2103909090, 국가 : US, $/원]","2019-12","2019-Q4","10845251","12660467501","3326086.178","271","493","12660467501","31","30","12252065323.55","false","0.9677","12252065323.55","reported"
"samyang","삼양식품","sauce","total","samyang_sauce.xlsx","* 조회조건 -  [품목 : 2103909090, 국가 : US, $/원]","2020-01","2020-Q1","10342675","11892508503","2996951.317","246","437","11892508503","31","30","11508879196.45","false","0.9677","11508879196.45","reported"
"samyang","삼양식품","sauce","total","samyang_sauce.xlsx","* 조회조건 -  [품목 : 2103909090, 국가 : US, $/원]","2020-02","2020-Q1","10836429","12713536389","3187902.956","263","475","12713536389","29","30","13151934195.52","false","1.0345","13151934195.52","reported"
"samyang","삼양식품","sauce","total","samyang_sauce.xlsx","* 조회조건 -  [품목 : 2103909090, 국가 : US, $/원]","2020-03","2020-Q1","14423705","17334740565","4060579.462","259","476","17334740565","31","30","16775555385.48","false","0.9677","16775555385.48","reported"
"samyang","삼양식품","sauce","total","samyang_sauce.xlsx","* 조회조건 -  [품목 : 2103909090, 국가 : US, $/원]","2020-04","2020-Q2","13426314","16318476019","3898111.735","256","449","16318476019","30","30","16318476019","false","1","16318476019","reported"
"samyang","삼양식품","sauce","total","samyang_sauce.xlsx","* 조회조건 -  [품목 : 2103909090, 국가 : US, $/원]","2020-05","2020-Q2","11472342","13931554879","3401037.974","244","435","13931554879","31","30","13482149882.9","false","0.9677","13482149882.9","reported"
"samyang","삼양식품","sauce","total","samyang_sauce.xlsx","* 조회조건 -  [품목 : 2103909090, 국가 : US, $/원]","2020-06","2020-Q2","13665521","16466562150","4266566.371","290","518","16466562150","30","30","16466562150","false","1","16466562150","reported"
"samyang","삼양식품","sauce","total","samyang_sauce.xlsx","* 조회조건 -  [품목 : 2103909090, 국가 : US, $/원]","2020-07","2020-Q3","15806610","18803116511","5244881.958","293","549","18803116511","31","30","18196564365.48","false","0.9677","18196564365.48","reported"
"samyang","삼양식품","sauce","total","samyang_sauce.xlsx","* 조회조건 -  [품목 : 2103909090, 국가 : US, $/원]","2020-08","2020-Q3","13274742","15623807784","4620817.173","291","518","15623807784","31","30","15119813984.52","false","0.9677","15119813984.52","reported"
"samyang","삼양식품","sauce","total","samyang_sauce.xlsx","* 조회조건 -  [품목 : 2103909090, 국가 : US, $/원]","2020-09","2020-Q3","16044932","18792833983","5167740.995","319","571","18792833983","30","30","18792833983","false","1","18792833983","reported"
"samyang","삼양식품","sauce","total","samyang_sauce.xlsx","* 조회조건 -  [품목 : 2103909090, 국가 : US, $/원]","2020-10","2020-Q4","15393858","17582439648","4938939.553","314","568","17582439648","31","30","17015264175.48","false","0.9677","17015264175.48","reported"
"samyang","삼양식품","sauce","total","samyang_sauce.xlsx","* 조회조건 -  [품목 : 2103909090, 국가 : US, $/원]","2020-11","2020-Q4","15429869","17136328006","5122366.626","310","567","17136328006","30","30","17136328006","false","1","17136328006","reported"
"samyang","삼양식품","sauce","total","samyang_sauce.xlsx","* 조회조건 -  [품목 : 2103909090, 국가 : US, $/원]","2020-12","2020-Q4","17205363","18698120151","5303303.106","327","591","18698120151","31","30","18094954984.84","false","0.9677","18094954984.84","reported"
"samyang","삼양식품","sauce","total","samyang_sauce.xlsx","* 조회조건 -  [품목 : 2103909090, 국가 : US, $/원]","2021-01","2021-Q1","17025471","18456078608","5079534.6","295","565","18456078608","31","30","17860721233.55","false","0.9677","17860721233.55","reported"
"samyang","삼양식품","sauce","total","samyang_sauce.xlsx","* 조회조건 -  [품목 : 2103909090, 국가 : US, $/원]","2021-02","2021-Q1","14442183","15891827308","4123118.349","293","530","15891827308","28","30","17026957830","false","1.0714","17026957830","reported"
"samyang","삼양식품","sauce","total","samyang_sauce.xlsx","* 조회조건 -  [품목 : 2103909090, 국가 : US, $/원]","2021-03","2021-Q1","18872728","21064828521","5303433.186","336","635","21064828521","31","30","20385317923.55","false","0.9677","20385317923.55","reported"
"samyang","삼양식품","sauce","total","samyang_sauce.xlsx","* 조회조건 -  [품목 : 2103909090, 국가 : US, $/원]","2021-04","2021-Q2","18591376","20701540275","5128622.747","340","624","20701540275","30","30","20701540275","false","1","20701540275","reported"
"samyang","삼양식품","sauce","total","samyang_sauce.xlsx","* 조회조건 -  [품목 : 2103909090, 국가 : US, $/원]","2021-05","2021-Q2","17913746","19876125582","4799663.481","323","575","19876125582","31","30","19234960240.65","false","0.9677","19234960240.65","reported"
"samyang","삼양식품","sauce","total","samyang_sauce.xlsx","* 조회조건 -  [품목 : 2103909090, 국가 : US, $/원]","2021-06","2021-Q2","16495925","18273241191","4906810.659","311","604","18273241191","30","30","18273241191","false","1","18273241191","reported"
"samyang","삼양식품","sauce","total","samyang_sauce.xlsx","* 조회조건 -  [품목 : 2103909090, 국가 : US, $/원]","2021-07","2021-Q3","16908053","19079771960","5101406.134","335","647","19079771960","31","30","18464295445.16","false","0.9677","18464295445.16","reported"
"samyang","삼양식품","sauce","total","samyang_sauce.xlsx","* 조회조건 -  [품목 : 2103909090, 국가 : US, $/원]","2021-08","2021-Q3","17166544","19668040790","5151061.838","314","616","19668040790","31","30","19033587861.29","false","0.9677","19033587861.29","reported"
"samyang","삼양식품","sauce","total","samyang_sauce.xlsx","* 조회조건 -  [품목 : 2103909090, 국가 : US, $/원]","2021-09","2021-Q3","14594518","16881606445","4548181.102","304","591","16881606445","30","30","16881606445","false","1","16881606445","reported"
"samyang","삼양식품","sauce","total","samyang_sauce.xlsx","* 조회조건 -  [품목 : 2103909090, 국가 : US, $/원]","2021-10","2021-Q4","16194898","19017561750","4981252.17","327","643","19017561750","31","30","18404092016.13","false","0.9677","18404092016.13","reported"
"samyang","삼양식품","sauce","total","samyang_sauce.xlsx","* 조회조건 -  [품목 : 2103909090, 국가 : US, $/원]","2021-11","2021-Q4","15883620","18538575705","4958003.544","343","645","18538575705","30","30","18538575705","false","1","18538575705","reported"
"samyang","삼양식품","sauce","total","samyang_sauce.xlsx","* 조회조건 -  [품목 : 2103909090, 국가 : US, $/원]","2021-12","2021-Q4","17191687","20155145044","5107096.959","327","635","20155145044","31","30","19504979074.84","false","0.9677","19504979074.84","reported"
"samyang","삼양식품","sauce","total","samyang_sauce.xlsx","* 조회조건 -  [품목 : 2103909090, 국가 : US, $/원]","2022-01","2022-Q1","17240288","20347598829","5053602.336","307","551","20347598829","31","30","19691224673.23","false","0.9677","19691224673.23","reported"
"samyang","삼양식품","sauce","total","samyang_sauce.xlsx","* 조회조건 -  [품목 : 2103909090, 국가 : US, $/원]","2022-02","2022-Q1","14504721","17232212223","4523216.251","282","526","17232212223","28","30","18463084524.64","false","1.0714","18463084524.64","reported"
"samyang","삼양식품","sauce","total","samyang_sauce.xlsx","* 조회조건 -  [품목 : 2103909090, 국가 : US, $/원]","2022-03","2022-Q1","16883334","20341753728","4911048.122","287","589","20341753728","31","30","19685568123.87","false","0.9677","19685568123.87","reported"
"samyang","삼양식품","sauce","total","samyang_sauce.xlsx","* 조회조건 -  [품목 : 2103909090, 국가 : US, $/원]","2022-04","2022-Q2","18600716","22553137269","5099079.368","303","583","22553137269","30","30","22553137269","false","1","22553137269","reported"
"samyang","삼양식품","sauce","total","samyang_sauce.xlsx","* 조회조건 -  [품목 : 2103909090, 국가 : US, $/원]","2022-05","2022-Q2","18353249","23064918288","5237451.943","326","591","23064918288","31","30","22320888665.81","false","0.9677","22320888665.81","reported"
"samyang","삼양식품","sauce","total","samyang_sauce.xlsx","* 조회조건 -  [품목 : 2103909090, 국가 : US, $/원]","2022-06","2022-Q2","14379345","18125228371","4336280.178","278","502","18125228371","30","30","18125228371","false","1","18125228371","reported"
"samyang","삼양식품","sauce","total","samyang_sauce.xlsx","* 조회조건 -  [품목 : 2103909090, 국가 : US, $/원]","2022-07","2022-Q3","16460950","21237944859","4976666.221","302","527","21237944859","31","30","20552849863.55","false","0.9677","20552849863.55","reported"
"samyang","삼양식품","sauce","total","samyang_sauce.xlsx","* 조회조건 -  [품목 : 2103909090, 국가 : US, $/원]","2022-08","2022-Q3","15856601","20587387211","4935524.388","314","578","20587387211","31","30","19923277946.13","false","0.9677","19923277946.13","reported"
"samyang","삼양식품","sauce","total","samyang_sauce.xlsx","* 조회조건 -  [품목 : 2103909090, 국가 : US, $/원]","2022-09","2022-Q3","15621989","21341043742","4547296.596","308","541","21341043742","30","30","21341043742","false","1","21341043742","reported"
"samyang","삼양식품","sauce","total","samyang_sauce.xlsx","* 조회조건 -  [품목 : 2103909090, 국가 : US, $/원]","2022-10","2022-Q4","17309697","24683916887","4831754.901","321","553","24683916887","31","30","23887661503.55","false","0.9677","23887661503.55","reported"
"samyang","삼양식품","sauce","total","samyang_sauce.xlsx","* 조회조건 -  [품목 : 2103909090, 국가 : US, $/원]","2022-11","2022-Q4","16110678","22269134585","4417024.889","329","593","22269134585","30","30","22269134585","false","1","22269134585","reported"
"samyang","삼양식품","sauce","total","samyang_sauce.xlsx","* 조회조건 -  [품목 : 2103909090, 국가 : US, $/원]","2022-12","2022-Q4","15974831","20939950932","4604302.003","306","554","20939950932","31","30","20264468643.87","false","0.9677","20264468643.87","reported"
"samyang","삼양식품","sauce","total","samyang_sauce.xlsx","* 조회조건 -  [품목 : 2103909090, 국가 : US, $/원]","2023-01","2023-Q1","15472266","19455450750","3776548.146","269","502","19455450750","31","30","18827855564.52","false","0.9677","18827855564.52","reported"
"samyang","삼양식품","sauce","total","samyang_sauce.xlsx","* 조회조건 -  [품목 : 2103909090, 국가 : US, $/원]","2023-02","2023-Q1","16221761","20315836335","4559558.731","325","566","20315836335","28","30","21766967501.79","false","1.0714","21766967501.79","reported"
"samyang","삼양식품","sauce","total","samyang_sauce.xlsx","* 조회조건 -  [품목 : 2103909090, 국가 : US, $/원]","2023-03","2023-Q1","16377434","21402029774","4686595.083","319","598","21402029774","31","30","20711641716.77","false","0.9677","20711641716.77","reported"
"samyang","삼양식품","sauce","total","samyang_sauce.xlsx","* 조회조건 -  [품목 : 2103909090, 국가 : US, $/원]","2023-04","2023-Q2","15096850","19799825563","4208878.126","322","574","19799825563","30","30","19799825563","false","1","19799825563","reported"
"samyang","삼양식품","sauce","total","samyang_sauce.xlsx","* 조회조건 -  [품목 : 2103909090, 국가 : US, $/원]","2023-05","2023-Q2","15755635","20991612995","4478977.99","344","628","20991612995","31","30","20314464188.71","false","0.9677","20314464188.71","reported"
"samyang","삼양식품","sauce","total","samyang_sauce.xlsx","* 조회조건 -  [품목 : 2103909090, 국가 : US, $/원]","2023-06","2023-Q2","17266910","22465360000","4777197.284","326","586","22465360000","30","30","22465360000","false","1","22465360000","reported"
"samyang","삼양식품","sauce","total","samyang_sauce.xlsx","* 조회조건 -  [품목 : 2103909090, 국가 : US, $/원]","2023-07","2023-Q3","15772524","20355963538","4781836.134","320","569","20355963538","31","30","19699319552.9","false","0.9677","19699319552.9","reported"
"samyang","삼양식품","sauce","total","samyang_sauce.xlsx","* 조회조건 -  [품목 : 2103909090, 국가 : US, $/원]","2023-08","2023-Q3","17271201","22636491071","5007576.681","377","670","22636491071","31","30","21906281681.61","false","0.9677","21906281681.61","reported"
"samyang","삼양식품","sauce","total","samyang_sauce.xlsx","* 조회조건 -  [품목 : 2103909090, 국가 : US, $/원]","2023-09","2023-Q3","17758901","23575541573","5436092.521","350","618","23575541573","30","30","23575541573","false","1","23575541573","reported"
"samyang","삼양식품","sauce","total","samyang_sauce.xlsx","* 조회조건 -  [품목 : 2103909090, 국가 : US, $/원]","2023-10","2023-Q4","17916891","24157425005","5054138.398","324","604","24157425005","31","30","23378153230.65","false","0.9677","23378153230.65","reported"
"samyang","삼양식품","sauce","total","samyang_sauce.xlsx","* 조회조건 -  [품목 : 2103909090, 국가 : US, $/원]","2023-11","2023-Q4","18444875","24413035950","5154220.515","382","657","24413035950","30","30","24413035950","false","1","24413035950","reported"
"samyang","삼양식품","sauce","total","samyang_sauce.xlsx","* 조회조건 -  [품목 : 2103909090, 국가 : US, $/원]","2023-12","2023-Q4","17687279","23068469877","4725140.847","338","579","23068469877","31","30","22324325687.42","false","0.9677","22324325687.42","reported"
"samyang","삼양식품","sauce","total","samyang_sauce.xlsx","* 조회조건 -  [품목 : 2103909090, 국가 : US, $/원]","2024-01","2024-Q1","17937634","23576653592","4969346.56","332","581","23576653592","31","30","22816116379.35","false","0.9677","22816116379.35","reported"
"samyang","삼양식품","sauce","total","samyang_sauce.xlsx","* 조회조건 -  [품목 : 2103909090, 국가 : US, $/원]","2024-02","2024-Q1","14761008","19669898948","4161135.121","315","569","19669898948","29","30","20348171325.52","false","1.0345","20348171325.52","reported"
"samyang","삼양식품","sauce","total","samyang_sauce.xlsx","* 조회조건 -  [품목 : 2103909090, 국가 : US, $/원]","2024-03","2024-Q1","16142564","21435517734","4389269.148","363","615","21435517734","31","30","20744049420","false","0.9677","20744049420","reported"
"samyang","삼양식품","sauce","total","samyang_sauce.xlsx","* 조회조건 -  [품목 : 2103909090, 국가 : US, $/원]","2024-04","2024-Q2","20385641","27720740541","5299725.676","384","692","27720740541","30","30","27720740541","false","1","27720740541","reported"
"samyang","삼양식품","sauce","total","samyang_sauce.xlsx","* 조회조건 -  [품목 : 2103909090, 국가 : US, $/원]","2024-05","2024-Q2","18328106","25052900473","5097513.128","384","657","25052900473","31","30","24244742393.23","false","0.9677","24244742393.23","reported"
"samyang","삼양식품","sauce","total","samyang_sauce.xlsx","* 조회조건 -  [품목 : 2103909090, 국가 : US, $/원]","2024-06","2024-Q2","18526116","25472990609","5196259.904","346","617","25472990609","30","30","25472990609","false","1","25472990609","reported"
"samyang","삼양식품","sauce","total","samyang_sauce.xlsx","* 조회조건 -  [품목 : 2103909090, 국가 : US, $/원]","2024-07","2024-Q3","20011724","27689776424","5744437.745","384","674","27689776424","31","30","26796557829.68","false","0.9677","26796557829.68","reported"
"samyang","삼양식품","sauce","total","samyang_sauce.xlsx","* 조회조건 -  [품목 : 2103909090, 국가 : US, $/원]","2024-08","2024-Q3","17758942","24265012467","5078412.501","357","648","24265012467","31","30","23482270129.35","false","0.9677","23482270129.35","reported"
"samyang","삼양식품","sauce","total","samyang_sauce.xlsx","* 조회조건 -  [품목 : 2103909090, 국가 : US, $/원]","2024-09","2024-Q3","17409021","23235354154","4857406.273","369","640","23235354154","30","30","23235354154","false","1","23235354154","reported"
"samyang","삼양식품","sauce","total","samyang_sauce.xlsx","* 조회조건 -  [품목 : 2103909090, 국가 : US, $/원]","2024-10","2024-Q4","19869858","26749623199","5275723.232","385","713","26749623199","31","30","25886732128.06","false","0.9677","25886732128.06","reported"
"samyang","삼양식품","sauce","total","samyang_sauce.xlsx","* 조회조건 -  [품목 : 2103909090, 국가 : US, $/원]","2024-11","2024-Q4","19994289","27792428466","5238398.308","405","719","27792428466","30","30","27792428466","false","1","27792428466","reported"
"samyang","삼양식품","sauce","total","samyang_sauce.xlsx","* 조회조건 -  [품목 : 2103909090, 국가 : US, $/원]","2024-12","2024-Q4","18687048","26522137365","5491509.611","368","663","26522137365","31","30","25666584546.77","false","0.9677","25666584546.77","reported"
"samyang","삼양식품","sauce","total","samyang_sauce.xlsx","* 조회조건 -  [품목 : 2103909090, 국가 : US, $/원]","2025-01","2025-Q1","16582466","24252792095","4576568.802","335","574","24252792095","31","30","23470443962.9","false","0.9677","23470443962.9","reported"
"samyang","삼양식품","sauce","total","samyang_sauce.xlsx","* 조회조건 -  [품목 : 2103909090, 국가 : US, $/원]","2025-02","2025-Q1","19801890","28635319293","5325418.409","396","673","28635319293","28","30","30680699242.5","false","1.0714","30680699242.5","reported"
"samyang","삼양식품","sauce","total","samyang_sauce.xlsx","* 조회조건 -  [품목 : 2103909090, 국가 : US, $/원]","2025-03","2025-Q1","22165808","32130466236","5254875.475","368","649","32130466236","31","30","31093999583.23","false","0.9677","31093999583.23","reported"
"samyang","삼양식품","sauce","total","samyang_sauce.xlsx","* 조회조건 -  [품목 : 2103909090, 국가 : US, $/원]","2025-04","2025-Q2","22331805","32414975674","5908768.366","388","685","32414975674","30","30","32414975674","false","1","32414975674","reported"
"samyang","삼양식품","sauce","total","samyang_sauce.xlsx","* 조회조건 -  [품목 : 2103909090, 국가 : US, $/원]","2025-05","2025-Q2","22040020","31030344988","5592699.232","374","644","31030344988","31","30","30029366117.42","false","0.9677","30029366117.42","reported"
"samyang","삼양식품","sauce","total","samyang_sauce.xlsx","* 조회조건 -  [품목 : 2103909090, 국가 : US, $/원]","2025-06","2025-Q2","19498945","26696916581","5392693.203","405","667","26696916581","30","30","26696916581","false","1","26696916581","reported"
"samyang","삼양식품","sauce","total","samyang_sauce.xlsx","* 조회조건 -  [품목 : 2103909090, 국가 : US, $/원]","2025-07","2025-Q3","20611012","28255333262","5843898.345","404","683","28255333262","31","30","27343870898.71","false","0.9677","27343870898.71","reported"
"samyang","삼양식품","sauce","total","samyang_sauce.xlsx","* 조회조건 -  [품목 : 2103909090, 국가 : US, $/원]","2025-08","2025-Q3","17591636","24408631133","5183912.762","396","691","24408631133","31","30","23621255935.16","false","0.9677","23621255935.16","reported"
"samyang","삼양식품","sauce","total","samyang_sauce.xlsx","* 조회조건 -  [품목 : 2103909090, 국가 : US, $/원]","2025-09","2025-Q3","21991172","30569255817","6236309.947","425","737","30569255817","30","30","30569255817","false","1","30569255817","reported"
"samyang","삼양식품","sauce","total","samyang_sauce.xlsx","* 조회조건 -  [품목 : 2103909090, 국가 : US, $/원]","2025-10","2025-Q4","17009043","24087690655","4925405.67","392","635","24087690655","31","30","23310668375.81","false","0.9677","23310668375.81","reported"
"samyang","삼양식품","sauce","total","samyang_sauce.xlsx","* 조회조건 -  [품목 : 2103909090, 국가 : US, $/원]","2025-11","2025-Q4","18196337","26371508678","5349646.19","409","710","26371508678","30","30","26371508678","false","1","26371508678","reported"
"samyang","삼양식품","sauce","total","samyang_sauce.xlsx","* 조회조건 -  [품목 : 2103909090, 국가 : US, $/원]","2025-12","2025-Q4","20428889","30056195618","5742567.117","433","722","30056195618","31","30","29086640920.65","false","0.9677","29086640920.65","reported"
"samyang","삼양식품","sauce","total","samyang_sauce.xlsx","* 조회조건 -  [품목 : 2103909090, 국가 : US, $/원]","2026-01","2026-Q1","19612999","28584425619","5267571.502","402","662","28584425619","31","30","27662347373.23","false","0.9677","27662347373.23","reported"
"samyang","삼양식품","sauce","total","samyang_sauce.xlsx","* 조회조건 -  [품목 : 2103909090, 국가 : US, $/원]","2026-02","2026-Q1","17737363","25687379568","4730035.504","366","636","25687379568","28","30","27522192394.29","false","1.0714","27522192394.29","reported"
"samyang","삼양식품","sauce","total","samyang_sauce.xlsx","* 조회조건 -  [품목 : 2103909090, 국가 : US, $/원]","2026-03","2026-Q1","20566738","30240283323","5405857.825","424","731","30240283323","31","30","29264790312.58","false","0.9677","29264790312.58","reported"
"samyang","삼양식품","sauce","total","samyang_sauce.xlsx","* 조회조건 -  [품목 : 2103909090, 국가 : US, $/원]","2026-04","2026-Q2","23116420","34522588714","5839877.769","431","737","34522588714","30","30","34522588714","false","1","34522588714","reported"
"samyang","삼양식품","sauce","us","samyang_sauce_us.xlsx","* 조회조건 -  [품목 : 2103909090, 국가 : US, $/원]","2022-01","2022-Q1","4657121","5494314822","1114526.01",,,"5494314822","31","30","5317078860","false","0.9677","5317078860","reported"
"samyang","삼양식품","sauce","us","samyang_sauce_us.xlsx","* 조회조건 -  [품목 : 2103909090, 국가 : US, $/원]","2022-02","2022-Q1","3028931","3598204444","804839.41",,,"3598204444","28","30","3855219047.14","false","1.0714","3855219047.14","reported"
"samyang","삼양식품","sauce","us","samyang_sauce_us.xlsx","* 조회조건 -  [품목 : 2103909090, 국가 : US, $/원]","2022-03","2022-Q1","4648418","5603212510","1003088.45",,,"5603212510","31","30","5422463719.35","false","0.9677","5422463719.35","reported"
"samyang","삼양식품","sauce","us","samyang_sauce_us.xlsx","* 조회조건 -  [품목 : 2103909090, 국가 : US, $/원]","2022-04","2022-Q2","5352748","6491405316","1096421.13",,,"6491405316","30","30","6491405316","false","1","6491405316","reported"
"samyang","삼양식품","sauce","us","samyang_sauce_us.xlsx","* 조회조건 -  [품목 : 2103909090, 국가 : US, $/원]","2022-05","2022-Q2","3909692","4915279830","837903.81",,,"4915279830","31","30","4756722416.13","false","0.9677","4756722416.13","reported"
"samyang","삼양식품","sauce","us","samyang_sauce_us.xlsx","* 조회조건 -  [품목 : 2103909090, 국가 : US, $/원]","2022-06","2022-Q2","3203513","4044391603","692947.01",,,"4044391603","30","30","4044391603","false","1","4044391603","reported"
"samyang","삼양식품","sauce","us","samyang_sauce_us.xlsx","* 조회조건 -  [품목 : 2103909090, 국가 : US, $/원]","2022-07","2022-Q3","3102465","4003178197","623812.33",,,"4003178197","31","30","3874043416.45","false","0.9677","3874043416.45","reported"
"samyang","삼양식품","sauce","us","samyang_sauce_us.xlsx","* 조회조건 -  [품목 : 2103909090, 국가 : US, $/원]","2022-08","2022-Q3","2548782","3304172274","604794.06",,,"3304172274","31","30","3197586071.61","false","0.9677","3197586071.61","reported"
"samyang","삼양식품","sauce","us","samyang_sauce_us.xlsx","* 조회조건 -  [품목 : 2103909090, 국가 : US, $/원]","2022-09","2022-Q3","2573008","3519574774","614971.4",,,"3519574774","30","30","3519574774","false","1","3519574774","reported"
"samyang","삼양식품","sauce","us","samyang_sauce_us.xlsx","* 조회조건 -  [품목 : 2103909090, 국가 : US, $/원]","2022-10","2022-Q4","2865271","4084144964","752985.25",,,"4084144964","31","30","3952398352.26","false","0.9677","3952398352.26","reported"
"samyang","삼양식품","sauce","us","samyang_sauce_us.xlsx","* 조회조건 -  [품목 : 2103909090, 국가 : US, $/원]","2022-11","2022-Q4","2408936","3329824681","555258.73",,,"3329824681","30","30","3329824681","false","1","3329824681","reported"
"samyang","삼양식품","sauce","us","samyang_sauce_us.xlsx","* 조회조건 -  [품목 : 2103909090, 국가 : US, $/원]","2022-12","2022-Q4","3270767","4281942792","766306.44",,,"4281942792","31","30","4143815605.16","false","0.9677","4143815605.16","reported"
"samyang","삼양식품","sauce","us","samyang_sauce_us.xlsx","* 조회조건 -  [품목 : 2103909090, 국가 : US, $/원]","2023-01","2023-Q1","2053900","2584172230","502545.78",,,"2584172230","31","30","2500811835.48","false","0.9677","2500811835.48","reported"
"samyang","삼양식품","sauce","us","samyang_sauce_us.xlsx","* 조회조건 -  [품목 : 2103909090, 국가 : US, $/원]","2023-02","2023-Q1","2777721","3469947728","716867.19",,,"3469947728","28","30","3717801137.14","false","1.0714","3717801137.14","reported"
"samyang","삼양식품","sauce","us","samyang_sauce_us.xlsx","* 조회조건 -  [품목 : 2103909090, 국가 : US, $/원]","2023-03","2023-Q1","3088289","4035602165","744924.48",,,"4035602165","31","30","3905421450","false","0.9677","3905421450","reported"
"samyang","삼양식품","sauce","us","samyang_sauce_us.xlsx","* 조회조건 -  [품목 : 2103909090, 국가 : US, $/원]","2023-04","2023-Q2","3234940","4245556249","685649.5",,,"4245556249","30","30","4245556249","false","1","4245556249","reported"
"samyang","삼양식품","sauce","us","samyang_sauce_us.xlsx","* 조회조건 -  [품목 : 2103909090, 국가 : US, $/원]","2023-05","2023-Q2","2823656","3763392666","644336.88",,,"3763392666","31","30","3641992902.58","false","0.9677","3641992902.58","reported"
"samyang","삼양식품","sauce","us","samyang_sauce_us.xlsx","* 조회조건 -  [품목 : 2103909090, 국가 : US, $/원]","2023-06","2023-Q2","3075506","4001022218","686798.06",,,"4001022218","30","30","4001022218","false","1","4001022218","reported"
"samyang","삼양식품","sauce","us","samyang_sauce_us.xlsx","* 조회조건 -  [품목 : 2103909090, 국가 : US, $/원]","2023-07","2023-Q3","2376229","3069188380","622772.62",,,"3069188380","31","30","2970182303.23","false","0.9677","2970182303.23","reported"
"samyang","삼양식품","sauce","us","samyang_sauce_us.xlsx","* 조회조건 -  [품목 : 2103909090, 국가 : US, $/원]","2023-08","2023-Q3","3119540","4075678506","670527.74",,,"4075678506","31","30","3944205005.81","false","0.9677","3944205005.81","reported"
"samyang","삼양식품","sauce","us","samyang_sauce_us.xlsx","* 조회조건 -  [품목 : 2103909090, 국가 : US, $/원]","2023-09","2023-Q3","3092403","4106927202","737423.2",,,"4106927202","30","30","4106927202","false","1","4106927202","reported"
"samyang","삼양식품","sauce","us","samyang_sauce_us.xlsx","* 조회조건 -  [품목 : 2103909090, 국가 : US, $/원]","2023-10","2023-Q4","2434731","3285074605","570458.82",,,"3285074605","31","30","3179104456.45","false","0.9677","3179104456.45","reported"
"samyang","삼양식품","sauce","us","samyang_sauce_us.xlsx","* 조회조건 -  [품목 : 2103909090, 국가 : US, $/원]","2023-11","2023-Q4","3357090","4451022448","704791.65",,,"4451022448","30","30","4451022448","false","1","4451022448","reported"
"samyang","삼양식품","sauce","us","samyang_sauce_us.xlsx","* 조회조건 -  [품목 : 2103909090, 국가 : US, $/원]","2023-12","2023-Q4","3656820","4768366741","763320.29",,,"4768366741","31","30","4614548459.03","false","0.9677","4614548459.03","reported"
"samyang","삼양식품","sauce","us","samyang_sauce_us.xlsx","* 조회조건 -  [품목 : 2103909090, 국가 : US, $/원]","2024-01","2024-Q1","3042869","4001406798","641703.61",,,"4001406798","31","30","3872329159.35","false","0.9677","3872329159.35","reported"
"samyang","삼양식품","sauce","us","samyang_sauce_us.xlsx","* 조회조건 -  [품목 : 2103909090, 국가 : US, $/원]","2024-02","2024-Q1","2456702","3274116314","584486.12",,,"3274116314","29","30","3387016876.55","false","1.0345","3387016876.55","reported"
"samyang","삼양식품","sauce","us","samyang_sauce_us.xlsx","* 조회조건 -  [품목 : 2103909090, 국가 : US, $/원]","2024-03","2024-Q1","3459183","4594874146","692443.4",,,"4594874146","31","30","4446652399.35","false","0.9677","4446652399.35","reported"
"samyang","삼양식품","sauce","us","samyang_sauce_us.xlsx","* 조회조건 -  [품목 : 2103909090, 국가 : US, $/원]","2024-04","2024-Q2","4926643","6692998209","1021902.87",,,"6692998209","30","30","6692998209","false","1","6692998209","reported"
"samyang","삼양식품","sauce","us","samyang_sauce_us.xlsx","* 조회조건 -  [품목 : 2103909090, 국가 : US, $/원]","2024-05","2024-Q2","3841762","5247736162","827864.21",,,"5247736162","31","30","5078454350.32","false","0.9677","5078454350.32","reported"
"samyang","삼양식품","sauce","us","samyang_sauce_us.xlsx","* 조회조건 -  [품목 : 2103909090, 국가 : US, $/원]","2024-06","2024-Q2","3968867","5457242865","933082.54",,,"5457242865","30","30","5457242865","false","1","5457242865","reported"
"samyang","삼양식품","sauce","us","samyang_sauce_us.xlsx","* 조회조건 -  [품목 : 2103909090, 국가 : US, $/원]","2024-07","2024-Q3","4312485","5968076331","970541.07",,,"5968076331","31","30","5775557739.68","false","0.9677","5775557739.68","reported"
"samyang","삼양식품","sauce","us","samyang_sauce_us.xlsx","* 조회조건 -  [품목 : 2103909090, 국가 : US, $/원]","2024-08","2024-Q3","3232202","4421081206","864594.36",,,"4421081206","31","30","4278465683.23","false","0.9677","4278465683.23","reported"
"samyang","삼양식품","sauce","us","samyang_sauce_us.xlsx","* 조회조건 -  [품목 : 2103909090, 국가 : US, $/원]","2024-09","2024-Q3","2879469","3843464227","666803.39",,,"3843464227","30","30","3843464227","false","1","3843464227","reported"
"samyang","삼양식품","sauce","us","samyang_sauce_us.xlsx","* 조회조건 -  [품목 : 2103909090, 국가 : US, $/원]","2024-10","2024-Q4","3659088","4922075589","876082.47",,,"4922075589","31","30","4763298957.1","false","0.9677","4763298957.1","reported"
"samyang","삼양식품","sauce","us","samyang_sauce_us.xlsx","* 조회조건 -  [품목 : 2103909090, 국가 : US, $/원]","2024-11","2024-Q4","3707304","5148321941","899400.62",,,"5148321941","30","30","5148321941","false","1","5148321941","reported"
"samyang","삼양식품","sauce","us","samyang_sauce_us.xlsx","* 조회조건 -  [품목 : 2103909090, 국가 : US, $/원]","2024-12","2024-Q4","3196509","4520108049","803606.9",,,"4520108049","31","30","4374298111.94","false","0.9677","4374298111.94","reported"
"samyang","삼양식품","sauce","us","samyang_sauce_us.xlsx","* 조회조건 -  [품목 : 2103909090, 국가 : US, $/원]","2025-01","2025-Q1","3261018","4763897976","770094.1",,,"4763897976","31","30","4610223847.74","false","0.9677","4610223847.74","reported"
"samyang","삼양식품","sauce","us","samyang_sauce_us.xlsx","* 조회조건 -  [품목 : 2103909090, 국가 : US, $/원]","2025-02","2025-Q1","3954636","5718155971","938140.19",,,"5718155971","28","30","6126595683.21","false","1.0714","6126595683.21","reported"
"samyang","삼양식품","sauce","us","samyang_sauce_us.xlsx","* 조회조건 -  [품목 : 2103909090, 국가 : US, $/원]","2025-03","2025-Q1","3945121","5717784218","915087.93",,,"5717784218","31","30","5533339565.81","false","0.9677","5533339565.81","reported"
"samyang","삼양식품","sauce","us","samyang_sauce_us.xlsx","* 조회조건 -  [품목 : 2103909090, 국가 : US, $/원]","2025-04","2025-Q2","5205061","7560543449","1195585.39",,,"7560543449","30","30","7560543449","false","1","7560543449","reported"
"samyang","삼양식품","sauce","us","samyang_sauce_us.xlsx","* 조회조건 -  [품목 : 2103909090, 국가 : US, $/원]","2025-05","2025-Q2","4630020","6522491331","1053019.09",,,"6522491331","31","30","6312088384.84","false","0.9677","6312088384.84","reported"
"samyang","삼양식품","sauce","us","samyang_sauce_us.xlsx","* 조회조건 -  [품목 : 2103909090, 국가 : US, $/원]","2025-06","2025-Q2","4724574","6466219134","1025607.74",,,"6466219134","30","30","6466219134","false","1","6466219134","reported"
"samyang","삼양식품","sauce","us","samyang_sauce_us.xlsx","* 조회조건 -  [품목 : 2103909090, 국가 : US, $/원]","2025-07","2025-Q3","3442076","4720818580","844812.77",,,"4720818580","31","30","4568534109.68","false","0.9677","4568534109.68","reported"
"samyang","삼양식품","sauce","us","samyang_sauce_us.xlsx","* 조회조건 -  [품목 : 2103909090, 국가 : US, $/원]","2025-08","2025-Q3","2640715","3664094007","665788.72",,,"3664094007","31","30","3545897426.13","false","0.9677","3545897426.13","reported"
"samyang","삼양식품","sauce","us","samyang_sauce_us.xlsx","* 조회조건 -  [품목 : 2103909090, 국가 : US, $/원]","2025-09","2025-Q3","4475913","6219066496","1115192.25",,,"6219066496","30","30","6219066496","false","1","6219066496","reported"
"samyang","삼양식품","sauce","us","samyang_sauce_us.xlsx","* 조회조건 -  [품목 : 2103909090, 국가 : US, $/원]","2025-10","2025-Q4","3163300","4483574308","741473.08",,,"4483574308","31","30","4338942878.71","false","0.9677","4338942878.71","reported"
"samyang","삼양식품","sauce","us","samyang_sauce_us.xlsx","* 조회조건 -  [품목 : 2103909090, 국가 : US, $/원]","2025-11","2025-Q4","3378192","4898160811","920854.74",,,"4898160811","30","30","4898160811","false","1","4898160811","reported"
"samyang","삼양식품","sauce","us","samyang_sauce_us.xlsx","* 조회조건 -  [품목 : 2103909090, 국가 : US, $/원]","2025-12","2025-Q4","4637834","6824081908","1137896.91",,,"6824081908","31","30","6603950233.55","false","0.9677","6603950233.55","reported"
"samyang","삼양식품","sauce","us","samyang_sauce_us.xlsx","* 조회조건 -  [품목 : 2103909090, 국가 : US, $/원]","2026-01","2026-Q1","4484340","6534118429","1038365.8",,,"6534118429","31","30","6323340415.16","false","0.9677","6323340415.16","reported"
"samyang","삼양식품","sauce","us","samyang_sauce_us.xlsx","* 조회조건 -  [품목 : 2103909090, 국가 : US, $/원]","2026-02","2026-Q1","4214916","6102782403","860550.11",,,"6102782403","28","30","6538695431.79","false","1.0714","6538695431.79","reported"
"samyang","삼양식품","sauce","us","samyang_sauce_us.xlsx","* 조회조건 -  [품목 : 2103909090, 국가 : US, $/원]","2026-03","2026-Q1","4811198","7068915490","1050836.62",,,"7068915490","31","30","6840885958.06","false","0.9677","6840885958.06","reported"
"samyang","삼양식품","sauce","us","samyang_sauce_us.xlsx","* 조회조건 -  [품목 : 2103909090, 국가 : US, $/원]","2026-04","2026-Q2","6125554","9142414095","1275933.8",,,"9142414095","30","30","9142414095","false","1","9142414095","reported"
"samyang","삼양식품","sauce","us","samyang_sauce_us.xlsx","* 조회조건 -  [품목 : 2103909090, 국가 : US, $/원]","2026-05","2026-Q2","2535908","3729905664","528466.7609999999",,,"3729905664","31","30","3609586126.45","false","0.9677","3609586126.45","reported"
"tnl","티앤엘","patch","total","tnl_all.xlsx","* 조회조건 -  [품목 : 3005904000, 국가 : US, $/원]","1996-02","1996-Q1","36917","28643892","4091",,,"28643892","29","30","29631612.41","false","1.0345","29631612.41","reported"
"tnl","티앤엘","patch","total","tnl_all.xlsx","* 조회조건 -  [품목 : 3005904000, 국가 : US, $/원]","1996-05","1996-Q2","58196","45158146","6016",,,"45158146","31","30","43701431.61","false","0.9677","43701431.61","reported"
"tnl","티앤엘","patch","total","tnl_all.xlsx","* 조회조건 -  [품목 : 3005904000, 국가 : US, $/원]","1996-06","1996-Q2","41140","32487023","2973",,,"32487023","30","30","32487023","false","1","32487023","reported"
"tnl","티앤엘","patch","total","tnl_all.xlsx","* 조회조건 -  [품목 : 3005904000, 국가 : US, $/원]","1996-07","1996-Q3","17000","13776800","2200",,,"13776800","31","30","13332387.1","false","0.9677","13332387.1","reported"
"tnl","티앤엘","patch","total","tnl_all.xlsx","* 조회조건 -  [품목 : 3005904000, 국가 : US, $/원]","1996-08","1996-Q3","7266","5892217","450",,,"5892217","31","30","5702145.48","false","0.9677","5702145.48","reported"
"tnl","티앤엘","patch","total","tnl_all.xlsx","* 조회조건 -  [품목 : 3005904000, 국가 : US, $/원]","1996-09","1996-Q3","9600","7830720","1364",,,"7830720","30","30","7830720","false","1","7830720","reported"
"tnl","티앤엘","patch","total","tnl_all.xlsx","* 조회조건 -  [품목 : 3005904000, 국가 : US, $/원]","1996-11","1996-Q4","35280","29060841","3545",,,"29060841","30","30","29060841","false","1","29060841","reported"
"tnl","티앤엘","patch","total","tnl_all.xlsx","* 조회조건 -  [품목 : 3005904000, 국가 : US, $/원]","1996-12","1996-Q4","2625","2190168","186",,,"2190168","31","30","2119517.42","false","0.9677","2119517.42","reported"
"tnl","티앤엘","patch","total","tnl_all.xlsx","* 조회조건 -  [품목 : 3005904000, 국가 : US, $/원]","1997-02","1997-Q1","39600","34333991","3285",,,"34333991","28","30","36786418.93","false","1.0714","36786418.93","reported"
"tnl","티앤엘","patch","total","tnl_all.xlsx","* 조회조건 -  [품목 : 3005904000, 국가 : US, $/원]","1997-06","1997-Q2","17170","15198670","1818",,,"15198670","30","30","15198670","false","1","15198670","reported"
"tnl","티앤엘","patch","total","tnl_all.xlsx","* 조회조건 -  [품목 : 3005904000, 국가 : US, $/원]","1997-08","1997-Q3","45116","40176388","6727",,,"40176388","31","30","38880375.48","false","0.9677","38880375.48","reported"
"tnl","티앤엘","patch","total","tnl_all.xlsx","* 조회조건 -  [품목 : 3005904000, 국가 : US, $/원]","1997-09","1997-Q3","1200","1087884","135",,,"1087884","30","30","1087884","false","1","1087884","reported"
"tnl","티앤엘","patch","total","tnl_all.xlsx","* 조회조건 -  [품목 : 3005904000, 국가 : US, $/원]","1997-11","1997-Q4","2030","1920928","33",,,"1920928","30","30","1920928","false","1","1920928","reported"
"tnl","티앤엘","patch","total","tnl_all.xlsx","* 조회조건 -  [품목 : 3005904000, 국가 : US, $/원]","1998-01","1998-Q1","4800","7755936","320",,,"7755936","31","30","7505744.52","false","0.9677","7505744.52","reported"
"tnl","티앤엘","patch","total","tnl_all.xlsx","* 조회조건 -  [품목 : 3005904000, 국가 : US, $/원]","1998-02","1998-Q1","45120","68865753","6789",,,"68865753","28","30","73784735.36","false","1.0714","73784735.36","reported"
"tnl","티앤엘","patch","total","tnl_all.xlsx","* 조회조건 -  [품목 : 3005904000, 국가 : US, $/원]","1998-03","1998-Q1","34293","47239395","4436",,,"47239395","31","30","45715543.55","false","0.9677","45715543.55","reported"
"tnl","티앤엘","patch","total","tnl_all.xlsx","* 조회조건 -  [품목 : 3005904000, 국가 : US, $/원]","1998-04","1998-Q2","31006","42484303","974",,,"42484303","30","30","42484303","false","1","42484303","reported"
"tnl","티앤엘","patch","total","tnl_all.xlsx","* 조회조건 -  [품목 : 3005904000, 국가 : US, $/원]","1998-05","1998-Q2","1715","2383521","84",,,"2383521","31","30","2306633.23","false","0.9677","2306633.23","reported"
"tnl","티앤엘","patch","total","tnl_all.xlsx","* 조회조건 -  [품목 : 3005904000, 국가 : US, $/원]","1998-06","1998-Q2","25080","34508575","878",,,"34508575","30","30","34508575","false","1","34508575","reported"
"tnl","티앤엘","patch","total","tnl_all.xlsx","* 조회조건 -  [품목 : 3005904000, 국가 : US, $/원]","1998-08","1998-Q3","62420","82135357","7470",,,"82135357","31","30","79485829.35","false","0.9677","79485829.35","reported"
"tnl","티앤엘","patch","total","tnl_all.xlsx","* 조회조건 -  [품목 : 3005904000, 국가 : US, $/원]","1998-09","1998-Q3","8975","12004946","222",,,"12004946","30","30","12004946","false","1","12004946","reported"
"tnl","티앤엘","patch","total","tnl_all.xlsx","* 조회조건 -  [품목 : 3005904000, 국가 : US, $/원]","1998-10","1998-Q4","10253","13955588","349",,,"13955588","31","30","13505407.74","false","0.9677","13505407.74","reported"
"tnl","티앤엘","patch","total","tnl_all.xlsx","* 조회조건 -  [품목 : 3005904000, 국가 : US, $/원]","1998-11","1998-Q4","3800","4926814","131",,,"4926814","30","30","4926814","false","1","4926814","reported"
"tnl","티앤엘","patch","total","tnl_all.xlsx","* 조회조건 -  [품목 : 3005904000, 국가 : US, $/원]","1998-12","1998-Q4","1943","2315613","170",,,"2315613","31","30","2240915.81","false","0.9677","2240915.81","reported"
"tnl","티앤엘","patch","total","tnl_all.xlsx","* 조회조건 -  [품목 : 3005904000, 국가 : US, $/원]","1999-01","1999-Q1","43892","51054947","6619",,,"51054947","31","30","49408013.23","false","0.9677","49408013.23","reported"
"tnl","티앤엘","patch","total","tnl_all.xlsx","* 조회조건 -  [품목 : 3005904000, 국가 : US, $/원]","1999-02","1999-Q1","2850","3331450","100",,,"3331450","28","30","3569410.71","false","1.0714","3569410.71","reported"
"tnl","티앤엘","patch","total","tnl_all.xlsx","* 조회조건 -  [품목 : 3005904000, 국가 : US, $/원]","1999-03","1999-Q1","65726","79297566","7788",,,"79297566","31","30","76739580","false","0.9677","76739580","reported"
"tnl","티앤엘","patch","total","tnl_all.xlsx","* 조회조건 -  [품목 : 3005904000, 국가 : US, $/원]","1999-04","1999-Q2","2280","2750432","86",,,"2750432","30","30","2750432","false","1","2750432","reported"
"tnl","티앤엘","patch","total","tnl_all.xlsx","* 조회조건 -  [품목 : 3005904000, 국가 : US, $/원]","1999-07","1999-Q3","6080","7204070","180",,,"7204070","31","30","6971680.65","false","0.9677","6971680.65","reported"
"tnl","티앤엘","patch","total","tnl_all.xlsx","* 조회조건 -  [품목 : 3005904000, 국가 : US, $/원]","1999-08","1999-Q3","44913","53475533","7464",,,"53475533","31","30","51750515.81","false","0.9677","51750515.81","reported"
"tnl","티앤엘","patch","total","tnl_all.xlsx","* 조회조건 -  [품목 : 3005904000, 국가 : US, $/원]","1999-09","1999-Q3","34077","40062756","909",,,"40062756","30","30","40062756","false","1","40062756","reported"
"tnl","티앤엘","patch","total","tnl_all.xlsx","* 조회조건 -  [품목 : 3005904000, 국가 : US, $/원]","1999-10","1999-Q4","39080","46684819","941",,,"46684819","31","30","45178857.1","false","0.9677","45178857.1","reported"
"tnl","티앤엘","patch","total","tnl_all.xlsx","* 조회조건 -  [품목 : 3005904000, 국가 : US, $/원]","1999-11","1999-Q4","103162","120402256","1759",,,"120402256","30","30","120402256","false","1","120402256","reported"
"tnl","티앤엘","patch","total","tnl_all.xlsx","* 조회조건 -  [품목 : 3005904000, 국가 : US, $/원]","1999-12","1999-Q4","47432","54256443","5992",,,"54256443","31","30","52506235.16","false","0.9677","52506235.16","reported"
"tnl","티앤엘","patch","total","tnl_all.xlsx","* 조회조건 -  [품목 : 3005904000, 국가 : US, $/원]","2000-01","2000-Q1","17194","19267700","1513",,,"19267700","31","30","18646161.29","false","0.9677","18646161.29","reported"
"tnl","티앤엘","patch","total","tnl_all.xlsx","* 조회조건 -  [품목 : 3005904000, 국가 : US, $/원]","2000-02","2000-Q1","27000","30109050","655",,,"30109050","29","30","31147293.1","false","1.0345","31147293.1","reported"
"tnl","티앤엘","patch","total","tnl_all.xlsx","* 조회조건 -  [품목 : 3005904000, 국가 : US, $/원]","2000-03","2000-Q1","10260","11532650","396",,,"11532650","31","30","11160629.03","false","0.9677","11160629.03","reported"
"tnl","티앤엘","patch","total","tnl_all.xlsx","* 조회조건 -  [품목 : 3005904000, 국가 : US, $/원]","2000-04","2000-Q2","53232","58538165","6092",,,"58538165","30","30","58538165","false","1","58538165","reported"
"tnl","티앤엘","patch","total","tnl_all.xlsx","* 조회조건 -  [품목 : 3005904000, 국가 : US, $/원]","2000-05","2000-Q2","36840","40684543","3970",,,"40684543","31","30","39372138.39","false","0.9677","39372138.39","reported"
"tnl","티앤엘","patch","total","tnl_all.xlsx","* 조회조건 -  [품목 : 3005904000, 국가 : US, $/원]","2000-06","2000-Q2","1800","2018142","120",,,"2018142","30","30","2018142","false","1","2018142","reported"
"tnl","티앤엘","patch","total","tnl_all.xlsx","* 조회조건 -  [품목 : 3005904000, 국가 : US, $/원]","2000-07","2000-Q3","9966","11021830","255",,,"11021830","31","30","10666287.1","false","0.9677","10666287.1","reported"
"tnl","티앤엘","patch","total","tnl_all.xlsx","* 조회조건 -  [품목 : 3005904000, 국가 : US, $/원]","2000-08","2000-Q3","79508","87738231","3952",,,"87738231","31","30","84907965.48","false","0.9677","84907965.48","reported"
"tnl","티앤엘","patch","total","tnl_all.xlsx","* 조회조건 -  [품목 : 3005904000, 국가 : US, $/원]","2000-10","2000-Q4","40860","45388800","4900",,,"45388800","31","30","43924645.16","false","0.9677","43924645.16","reported"
"tnl","티앤엘","patch","total","tnl_all.xlsx","* 조회조건 -  [품목 : 3005904000, 국가 : US, $/원]","2000-12","2000-Q4","22409","26869480","1970",,,"26869480","31","30","26002722.58","false","0.9677","26002722.58","reported"
"tnl","티앤엘","patch","total","tnl_all.xlsx","* 조회조건 -  [품목 : 3005904000, 국가 : US, $/원]","2001-01","2001-Q1","6000","7572420","300",,,"7572420","31","30","7328148.39","false","0.9677","7328148.39","reported"
"tnl","티앤엘","patch","total","tnl_all.xlsx","* 조회조건 -  [품목 : 3005904000, 국가 : US, $/원]","2001-03","2001-Q1","7523","9674845","808",,,"9674845","31","30","9362753.23","false","0.9677","9362753.23","reported"
"tnl","티앤엘","patch","total","tnl_all.xlsx","* 조회조건 -  [품목 : 3005904000, 국가 : US, $/원]","2001-04","2001-Q2","144636","188184570","11730",,,"188184570","30","30","188184570","false","1","188184570","reported"
"tnl","티앤엘","patch","total","tnl_all.xlsx","* 조회조건 -  [품목 : 3005904000, 국가 : US, $/원]","2001-05","2001-Q2","2609","3394934","140",,,"3394934","31","30","3285420","false","0.9677","3285420","reported"
"tnl","티앤엘","patch","total","tnl_all.xlsx","* 조회조건 -  [품목 : 3005904000, 국가 : US, $/원]","2001-06","2001-Q2","25440","32492731","1670",,,"32492731","30","30","32492731","false","1","32492731","reported"
"tnl","티앤엘","patch","total","tnl_all.xlsx","* 조회조건 -  [품목 : 3005904000, 국가 : US, $/원]","2001-07","2001-Q3","41421","53438048","3220",,,"53438048","31","30","51714240","false","0.9677","51714240","reported"
"tnl","티앤엘","patch","total","tnl_all.xlsx","* 조회조건 -  [품목 : 3005904000, 국가 : US, $/원]","2001-08","2001-Q3","58946","74989660","4780",,,"74989660","31","30","72570638.71","false","0.9677","72570638.71","reported"
"tnl","티앤엘","patch","total","tnl_all.xlsx","* 조회조건 -  [품목 : 3005904000, 국가 : US, $/원]","2001-09","2001-Q3","12413","15803612","613",,,"15803612","30","30","15803612","false","1","15803612","reported"
"tnl","티앤엘","patch","total","tnl_all.xlsx","* 조회조건 -  [품목 : 3005904000, 국가 : US, $/원]","2001-10","2001-Q4","21392","27738506","975",,,"27738506","31","30","26843715.48","false","0.9677","26843715.48","reported"
"tnl","티앤엘","patch","total","tnl_all.xlsx","* 조회조건 -  [품목 : 3005904000, 국가 : US, $/원]","2001-11","2001-Q4","97355","124952711","10820",,,"124952711","30","30","124952711","false","1","124952711","reported"
"tnl","티앤엘","patch","total","tnl_all.xlsx","* 조회조건 -  [품목 : 3005904000, 국가 : US, $/원]","2001-12","2001-Q4","65550","84765090","7501",,,"84765090","31","30","82030732.26","false","0.9677","82030732.26","reported"
"tnl","티앤엘","patch","total","tnl_all.xlsx","* 조회조건 -  [품목 : 3005904000, 국가 : US, $/원]","2002-01","2002-Q1","25761","33589717","1900",,,"33589717","31","30","32506177.74","false","0.9677","32506177.74","reported"
"tnl","티앤엘","patch","total","tnl_all.xlsx","* 조회조건 -  [품목 : 3005904000, 국가 : US, $/원]","2002-02","2002-Q1","4800","6265296","240",,,"6265296","28","30","6712817.14","false","1.0714","6712817.14","reported"
"tnl","티앤엘","patch","total","tnl_all.xlsx","* 조회조건 -  [품목 : 3005904000, 국가 : US, $/원]","2002-03","2002-Q1","88787","116218993","8480",,,"116218993","31","30","112469993.23","false","0.9677","112469993.23","reported"
"tnl","티앤엘","patch","total","tnl_all.xlsx","* 조회조건 -  [품목 : 3005904000, 국가 : US, $/원]","2002-04","2002-Q2","65520","86134501","4510",,,"86134501","30","30","86134501","false","1","86134501","reported"
"tnl","티앤엘","patch","total","tnl_all.xlsx","* 조회조건 -  [품목 : 3005904000, 국가 : US, $/원]","2002-05","2002-Q2","118113","149381382","2977",,,"149381382","31","30","144562627.74","false","0.9677","144562627.74","reported"
"tnl","티앤엘","patch","total","tnl_all.xlsx","* 조회조건 -  [품목 : 3005904000, 국가 : US, $/원]","2002-06","2002-Q2","85972","104815232","3647",,,"104815232","30","30","104815232","false","1","104815232","reported"
"tnl","티앤엘","patch","total","tnl_all.xlsx","* 조회조건 -  [품목 : 3005904000, 국가 : US, $/원]","2002-07","2002-Q3","8836","10283945","2040",,,"10283945","31","30","9952204.84","false","0.9677","9952204.84","reported"
"tnl","티앤엘","patch","total","tnl_all.xlsx","* 조회조건 -  [품목 : 3005904000, 국가 : US, $/원]","2002-08","2002-Q3","34741","41178019","2543",,,"41178019","31","30","39849695.81","false","0.9677","39849695.81","reported"
"tnl","티앤엘","patch","total","tnl_all.xlsx","* 조회조건 -  [품목 : 3005904000, 국가 : US, $/원]","2002-09","2002-Q3","40160","47950713","4530",,,"47950713","30","30","47950713","false","1","47950713","reported"
"tnl","티앤엘","patch","total","tnl_all.xlsx","* 조회조건 -  [품목 : 3005904000, 국가 : US, $/원]","2002-10","2002-Q4","56650","69756870","3615",,,"69756870","31","30","67506648.39","false","0.9677","67506648.39","reported"
"tnl","티앤엘","patch","total","tnl_all.xlsx","* 조회조건 -  [품목 : 3005904000, 국가 : US, $/원]","2002-11","2002-Q4","119745","145074421","21659","5",,"145074421","30","30","145074421","false","1","145074421","reported"
"tnl","티앤엘","patch","total","tnl_all.xlsx","* 조회조건 -  [품목 : 3005904000, 국가 : US, $/원]","2002-12","2002-Q4","188974","226100657","52271.2",,,"226100657","31","30","218807087.42","false","0.9677","218807087.42","reported"
"tnl","티앤엘","patch","total","tnl_all.xlsx","* 조회조건 -  [품목 : 3005904000, 국가 : US, $/원]","2003-01","2003-Q1","222475","260446919","54128",,,"260446919","31","30","252045405.48","false","0.9677","252045405.48","reported"
"tnl","티앤엘","patch","total","tnl_all.xlsx","* 조회조건 -  [품목 : 3005904000, 국가 : US, $/원]","2003-02","2003-Q1","119297","141376801","12252",,,"141376801","28","30","151475143.93","false","1.0714","151475143.93","reported"
"tnl","티앤엘","patch","total","tnl_all.xlsx","* 조회조건 -  [품목 : 3005904000, 국가 : US, $/원]","2003-03","2003-Q1","73872","91373015","7428",,,"91373015","31","30","88425498.39","false","0.9677","88425498.39","reported"
"tnl","티앤엘","patch","total","tnl_all.xlsx","* 조회조건 -  [품목 : 3005904000, 국가 : US, $/원]","2003-04","2003-Q2","153456","186478659","30759",,,"186478659","30","30","186478659","false","1","186478659","reported"
"tnl","티앤엘","patch","total","tnl_all.xlsx","* 조회조건 -  [품목 : 3005904000, 국가 : US, $/원]","2003-05","2003-Q2","101104","120973470","13002",,,"120973470","31","30","117071100","false","0.9677","117071100","reported"
"tnl","티앤엘","patch","total","tnl_all.xlsx","* 조회조건 -  [품목 : 3005904000, 국가 : US, $/원]","2003-06","2003-Q2","25903","30619795","2764",,,"30619795","30","30","30619795","false","1","30619795","reported"
"tnl","티앤엘","patch","total","tnl_all.xlsx","* 조회조건 -  [품목 : 3005904000, 국가 : US, $/원]","2003-07","2003-Q3","146018","171273230","34843",,,"171273230","31","30","165748287.1","false","0.9677","165748287.1","reported"
"tnl","티앤엘","patch","total","tnl_all.xlsx","* 조회조건 -  [품목 : 3005904000, 국가 : US, $/원]","2003-08","2003-Q3","146908","171901073","27615.1","7",,"171901073","31","30","166355877.1","false","0.9677","166355877.1","reported"
"tnl","티앤엘","patch","total","tnl_all.xlsx","* 조회조건 -  [품목 : 3005904000, 국가 : US, $/원]","2003-09","2003-Q3","169579","197106728","22921.1","5",,"197106728","30","30","197106728","false","1","197106728","reported"
"tnl","티앤엘","patch","total","tnl_all.xlsx","* 조회조건 -  [품목 : 3005904000, 국가 : US, $/원]","2003-10","2003-Q4","113879","130770609","18649.8",,,"130770609","31","30","126552202.26","false","0.9677","126552202.26","reported"
"tnl","티앤엘","patch","total","tnl_all.xlsx","* 조회조건 -  [품목 : 3005904000, 국가 : US, $/원]","2003-11","2003-Q4","177182","207019617","29469","5",,"207019617","30","30","207019617","false","1","207019617","reported"
"tnl","티앤엘","patch","total","tnl_all.xlsx","* 조회조건 -  [품목 : 3005904000, 국가 : US, $/원]","2003-12","2003-Q4","311112","366736669","39282.7","5",,"366736669","31","30","354906453.87","false","0.9677","354906453.87","reported"
"tnl","티앤엘","patch","total","tnl_all.xlsx","* 조회조건 -  [품목 : 3005904000, 국가 : US, $/원]","2004-01","2004-Q1","84775","99821501","8888.9",,,"99821501","31","30","96601452.58","false","0.9677","96601452.58","reported"
"tnl","티앤엘","patch","total","tnl_all.xlsx","* 조회조건 -  [품목 : 3005904000, 국가 : US, $/원]","2004-02","2004-Q1","135623","156654026","21664.3","5",,"156654026","29","30","162055888.97","false","1.0345","162055888.97","reported"
"tnl","티앤엘","patch","total","tnl_all.xlsx","* 조회조건 -  [품목 : 3005904000, 국가 : US, $/원]","2004-03","2004-Q1","345526","400053739","65700","6",,"400053739","31","30","387148779.68","false","0.9677","387148779.68","reported"
"tnl","티앤엘","patch","total","tnl_all.xlsx","* 조회조건 -  [품목 : 3005904000, 국가 : US, $/원]","2004-04","2004-Q2","185634","210753969","27417.4","5",,"210753969","30","30","210753969","false","1","210753969","reported"
"tnl","티앤엘","patch","total","tnl_all.xlsx","* 조회조건 -  [품목 : 3005904000, 국가 : US, $/원]","2004-05","2004-Q2","269735","314555993","56673.8","5",,"314555993","31","30","304409025.48","false","0.9677","304409025.48","reported"
"tnl","티앤엘","patch","total","tnl_all.xlsx","* 조회조건 -  [품목 : 3005904000, 국가 : US, $/원]","2004-06","2004-Q2","205782","237539246","34507",,,"237539246","30","30","237539246","false","1","237539246","reported"
"tnl","티앤엘","patch","total","tnl_all.xlsx","* 조회조건 -  [품목 : 3005904000, 국가 : US, $/원]","2004-07","2004-Q3","217380","248278243","54501.4","6",,"248278243","31","30","240269267.42","false","0.9677","240269267.42","reported"
"tnl","티앤엘","patch","total","tnl_all.xlsx","* 조회조건 -  [품목 : 3005904000, 국가 : US, $/원]","2004-08","2004-Q3","89084","102510710","20248",,,"102510710","31","30","99203912.9","false","0.9677","99203912.9","reported"
"tnl","티앤엘","patch","total","tnl_all.xlsx","* 조회조건 -  [품목 : 3005904000, 국가 : US, $/원]","2004-09","2004-Q3","124419","141941920","24738",,,"141941920","30","30","141941920","false","1","141941920","reported"
"tnl","티앤엘","patch","total","tnl_all.xlsx","* 조회조건 -  [품목 : 3005904000, 국가 : US, $/원]","2004-10","2004-Q4","65944","74913303","8811",,,"74913303","31","30","72496744.84","false","0.9677","72496744.84","reported"
"tnl","티앤엘","patch","total","tnl_all.xlsx","* 조회조건 -  [품목 : 3005904000, 국가 : US, $/원]","2004-11","2004-Q4","207659","228631095","27540","6",,"228631095","30","30","228631095","false","1","228631095","reported"
"tnl","티앤엘","patch","total","tnl_all.xlsx","* 조회조건 -  [품목 : 3005904000, 국가 : US, $/원]","2004-12","2004-Q4","133345","138750005","25764","6",,"138750005","31","30","134274198.39","false","0.9677","134274198.39","reported"
"tnl","티앤엘","patch","total","tnl_all.xlsx","* 조회조건 -  [품목 : 3005904000, 국가 : US, $/원]","2005-01","2005-Q1","105606","108999220","21250",,,"108999220","31","30","105483116.13","false","0.9677","105483116.13","reported"
"tnl","티앤엘","patch","total","tnl_all.xlsx","* 조회조건 -  [품목 : 3005904000, 국가 : US, $/원]","2005-02","2005-Q1","95492","97576685","27094",,,"97576685","28","30","104546448.21","false","1.0714","104546448.21","reported"
"tnl","티앤엘","patch","total","tnl_all.xlsx","* 조회조건 -  [품목 : 3005904000, 국가 : US, $/원]","2005-03","2005-Q1","184148","184013684","23789",,,"184013684","31","30","178077758.71","false","0.9677","178077758.71","reported"
"tnl","티앤엘","patch","total","tnl_all.xlsx","* 조회조건 -  [품목 : 3005904000, 국가 : US, $/원]","2005-04","2005-Q2","175904","176608472","32816","5",,"176608472","30","30","176608472","false","1","176608472","reported"
"tnl","티앤엘","patch","total","tnl_all.xlsx","* 조회조건 -  [품목 : 3005904000, 국가 : US, $/원]","2005-05","2005-Q2","123153","122345858","19020",,,"122345858","31","30","118399217.42","false","0.9677","118399217.42","reported"
"tnl","티앤엘","patch","total","tnl_all.xlsx","* 조회조건 -  [품목 : 3005904000, 국가 : US, $/원]","2005-06","2005-Q2","174198","173623296","39440",,,"173623296","30","30","173623296","false","1","173623296","reported"
"tnl","티앤엘","patch","total","tnl_all.xlsx","* 조회조건 -  [품목 : 3005904000, 국가 : US, $/원]","2005-07","2005-Q3","324853","333742938","52520","6",,"333742938","31","30","322977036.77","false","0.9677","322977036.77","reported"
"tnl","티앤엘","patch","total","tnl_all.xlsx","* 조회조건 -  [품목 : 3005904000, 국가 : US, $/원]","2005-08","2005-Q3","92554","93444856","7111",,,"93444856","31","30","90430505.81","false","0.9677","90430505.81","reported"
"tnl","티앤엘","patch","total","tnl_all.xlsx","* 조회조건 -  [품목 : 3005904000, 국가 : US, $/원]","2005-09","2005-Q3","75789","77017432","3096.8",,,"77017432","30","30","77017432","false","1","77017432","reported"
"tnl","티앤엘","patch","total","tnl_all.xlsx","* 조회조건 -  [품목 : 3005904000, 국가 : US, $/원]","2005-10","2005-Q4","468827","483585756","12661.1",,,"483585756","31","30","467986215.48","false","0.9677","467986215.48","reported"
"tnl","티앤엘","patch","total","tnl_all.xlsx","* 조회조건 -  [품목 : 3005904000, 국가 : US, $/원]","2005-11","2005-Q4","162599","167514571","24633",,,"167514571","30","30","167514571","false","1","167514571","reported"
"tnl","티앤엘","patch","total","tnl_all.xlsx","* 조회조건 -  [품목 : 3005904000, 국가 : US, $/원]","2005-12","2005-Q4","160659","164629276","5889","5",,"164629276","31","30","159318654.19","false","0.9677","159318654.19","reported"
"tnl","티앤엘","patch","total","tnl_all.xlsx","* 조회조건 -  [품목 : 3005904000, 국가 : US, $/원]","2006-01","2006-Q1","100565","99313817","3260.3","5",,"99313817","31","30","96110145.48","false","0.9677","96110145.48","reported"
"tnl","티앤엘","patch","total","tnl_all.xlsx","* 조회조건 -  [품목 : 3005904000, 국가 : US, $/원]","2006-02","2006-Q1","57382","55194039","2768",,,"55194039","28","30","59136470.36","false","1.0714","59136470.36","reported"
"tnl","티앤엘","patch","total","tnl_all.xlsx","* 조회조건 -  [품목 : 3005904000, 국가 : US, $/원]","2006-03","2006-Q1","71778","68992442","5084.2",,,"68992442","31","30","66766879.35","false","0.9677","66766879.35","reported"
"tnl","티앤엘","patch","total","tnl_all.xlsx","* 조회조건 -  [품목 : 3005904000, 국가 : US, $/원]","2006-04","2006-Q2","42131","39843089","1990",,,"39843089","30","30","39843089","false","1","39843089","reported"
"tnl","티앤엘","patch","total","tnl_all.xlsx","* 조회조건 -  [품목 : 3005904000, 국가 : US, $/원]","2006-05","2006-Q2","113253","104977196","26199.7",,,"104977196","31","30","101590834.84","false","0.9677","101590834.84","reported"
"tnl","티앤엘","patch","total","tnl_all.xlsx","* 조회조건 -  [품목 : 3005904000, 국가 : US, $/원]","2006-06","2006-Q2","127235","119790186","17810",,,"119790186","30","30","119790186","false","1","119790186","reported"
"tnl","티앤엘","patch","total","tnl_all.xlsx","* 조회조건 -  [품목 : 3005904000, 국가 : US, $/원]","2006-07","2006-Q3","126966","119036095","17171",,,"119036095","31","30","115196220.97","false","0.9677","115196220.97","reported"
"tnl","티앤엘","patch","total","tnl_all.xlsx","* 조회조건 -  [품목 : 3005904000, 국가 : US, $/원]","2006-08","2006-Q3","69434","66192737","15787",,,"66192737","31","30","64057487.42","false","0.9677","64057487.42","reported"
"tnl","티앤엘","patch","total","tnl_all.xlsx","* 조회조건 -  [품목 : 3005904000, 국가 : US, $/원]","2006-09","2006-Q3","285737","271102252","17024.6","6",,"271102252","30","30","271102252","false","1","271102252","reported"
"tnl","티앤엘","patch","total","tnl_all.xlsx","* 조회조건 -  [품목 : 3005904000, 국가 : US, $/원]","2006-10","2006-Q4","104372","98255768","8111.2",,,"98255768","31","30","95086227.1","false","0.9677","95086227.1","reported"
"tnl","티앤엘","patch","total","tnl_all.xlsx","* 조회조건 -  [품목 : 3005904000, 국가 : US, $/원]","2006-11","2006-Q4","180762","169477275","13364.2",,,"169477275","30","30","169477275","false","1","169477275","reported"
"tnl","티앤엘","patch","total","tnl_all.xlsx","* 조회조건 -  [품목 : 3005904000, 국가 : US, $/원]","2006-12","2006-Q4","315619","289126829","28795.4","7",,"289126829","31","30","279800157.1","false","0.9677","279800157.1","reported"
"tnl","티앤엘","patch","total","tnl_all.xlsx","* 조회조건 -  [품목 : 3005904000, 국가 : US, $/원]","2007-01","2007-Q1","290856","268732846","26154","5",,"268732846","31","30","260064044.52","false","0.9677","260064044.52","reported"
"tnl","티앤엘","patch","total","tnl_all.xlsx","* 조회조건 -  [품목 : 3005904000, 국가 : US, $/원]","2007-02","2007-Q1","97945","90928170","4165",,,"90928170","28","30","97423039.29","false","1.0714","97423039.29","reported"
"tnl","티앤엘","patch","total","tnl_all.xlsx","* 조회조건 -  [품목 : 3005904000, 국가 : US, $/원]","2007-03","2007-Q1","87334","81643205","6113.4",,,"81643205","31","30","79009553.23","false","0.9677","79009553.23","reported"
"tnl","티앤엘","patch","total","tnl_all.xlsx","* 조회조건 -  [품목 : 3005904000, 국가 : US, $/원]","2007-04","2007-Q2","82977","76864534","9325.2",,,"76864534","30","30","76864534","false","1","76864534","reported"
"tnl","티앤엘","patch","total","tnl_all.xlsx","* 조회조건 -  [품목 : 3005904000, 국가 : US, $/원]","2007-05","2007-Q2","120300","110313632","5817",,,"110313632","31","30","106755127.74","false","0.9677","106755127.74","reported"
"tnl","티앤엘","patch","total","tnl_all.xlsx","* 조회조건 -  [품목 : 3005904000, 국가 : US, $/원]","2007-06","2007-Q2","100709","92520868","3219.2",,,"92520868","30","30","92520868","false","1","92520868","reported"
"tnl","티앤엘","patch","total","tnl_all.xlsx","* 조회조건 -  [품목 : 3005904000, 국가 : US, $/원]","2007-07","2007-Q3","217218","198061096","19223.4","6",,"198061096","31","30","191672028.39","false","0.9677","191672028.39","reported"
"tnl","티앤엘","patch","total","tnl_all.xlsx","* 조회조건 -  [품목 : 3005904000, 국가 : US, $/원]","2007-08","2007-Q3","205541","189491033","13737.5","6",,"189491033","31","30","183378419.03","false","0.9677","183378419.03","reported"
"tnl","티앤엘","patch","total","tnl_all.xlsx","* 조회조건 -  [품목 : 3005904000, 국가 : US, $/원]","2007-09","2007-Q3","271705","251679736","15502.4",,,"251679736","30","30","251679736","false","1","251679736","reported"
"tnl","티앤엘","patch","total","tnl_all.xlsx","* 조회조건 -  [품목 : 3005904000, 국가 : US, $/원]","2007-10","2007-Q4","263052","238952975","8377.5","5",,"238952975","31","30","231244814.52","false","0.9677","231244814.52","reported"
"tnl","티앤엘","patch","total","tnl_all.xlsx","* 조회조건 -  [품목 : 3005904000, 국가 : US, $/원]","2007-11","2007-Q4","301604","271106036","6994",,,"271106036","30","30","271106036","false","1","271106036","reported"
"tnl","티앤엘","patch","total","tnl_all.xlsx","* 조회조건 -  [품목 : 3005904000, 국가 : US, $/원]","2007-12","2007-Q4","87403","80612416","2398.5",,,"80612416","31","30","78012015.48","false","0.9677","78012015.48","reported"
"tnl","티앤엘","patch","total","tnl_all.xlsx","* 조회조건 -  [품목 : 3005904000, 국가 : US, $/원]","2008-01","2008-Q1","302919","282930992","28859.8","5",,"282930992","31","30","273804185.81","false","0.9677","273804185.81","reported"
"tnl","티앤엘","patch","total","tnl_all.xlsx","* 조회조건 -  [품목 : 3005904000, 국가 : US, $/원]","2008-02","2008-Q1","115540","108139933","7015.5",,,"108139933","29","30","111868896.21","false","1.0345","111868896.21","reported"
"tnl","티앤엘","patch","total","tnl_all.xlsx","* 조회조건 -  [품목 : 3005904000, 국가 : US, $/원]","2008-03","2008-Q1","32419","31454666","2252",,,"31454666","31","30","30439999.35","false","0.9677","30439999.35","reported"
"tnl","티앤엘","patch","total","tnl_all.xlsx","* 조회조건 -  [품목 : 3005904000, 국가 : US, $/원]","2008-04","2008-Q2","203062","198790208","8061.2",,,"198790208","30","30","198790208","false","1","198790208","reported"
"tnl","티앤엘","patch","total","tnl_all.xlsx","* 조회조건 -  [품목 : 3005904000, 국가 : US, $/원]","2008-05","2008-Q2","395678","399794974","31115.4","6","5","399794974","31","30","386898361.94","false","0.9677","386898361.94","reported"
"tnl","티앤엘","patch","total","tnl_all.xlsx","* 조회조건 -  [품목 : 3005904000, 국가 : US, $/원]","2008-06","2008-Q2","96544","98989992","2989",,,"98989992","30","30","98989992","false","1","98989992","reported"
"tnl","티앤엘","patch","total","tnl_all.xlsx","* 조회조건 -  [품목 : 3005904000, 국가 : US, $/원]","2008-07","2008-Q3","214297","215816307","7663.2",,,"215816307","31","30","208854490.65","false","0.9677","208854490.65","reported"
"tnl","티앤엘","patch","total","tnl_all.xlsx","* 조회조건 -  [품목 : 3005904000, 국가 : US, $/원]","2008-08","2008-Q3","50227","52001428","271.5",,,"52001428","31","30","50323962.58","false","0.9677","50323962.58","reported"
"tnl","티앤엘","patch","total","tnl_all.xlsx","* 조회조건 -  [품목 : 3005904000, 국가 : US, $/원]","2008-09","2008-Q3","532555","589014061","27855.5","6","9","589014061","30","30","589014061","false","1","589014061","reported"
"tnl","티앤엘","patch","total","tnl_all.xlsx","* 조회조건 -  [품목 : 3005904000, 국가 : US, $/원]","2008-10","2008-Q4","106446","132985919","4388",,"5","132985919","31","30","128696050.65","false","0.9677","128696050.65","reported"
"tnl","티앤엘","patch","total","tnl_all.xlsx","* 조회조건 -  [품목 : 3005904000, 국가 : US, $/원]","2008-11","2008-Q4","220984","312837430","2274",,"5","312837430","30","30","312837430","false","1","312837430","reported"
"tnl","티앤엘","patch","total","tnl_all.xlsx","* 조회조건 -  [품목 : 3005904000, 국가 : US, $/원]","2008-12","2008-Q4","617736","834763464","56179.5","8","10","834763464","31","30","807835610.32","false","0.9677","807835610.32","reported"
"tnl","티앤엘","patch","total","tnl_all.xlsx","* 조회조건 -  [품목 : 3005904000, 국가 : US, $/원]","2009-01","2009-Q1","407719","533518851","17996.5","5","7","533518851","31","30","516308565.48","false","0.9677","516308565.48","reported"
"tnl","티앤엘","patch","total","tnl_all.xlsx","* 조회조건 -  [품목 : 3005904000, 국가 : US, $/원]","2009-02","2009-Q1","452866","621489594","50605","6","8","621489594","28","30","665881707.86","false","1.0714","665881707.86","reported"
"tnl","티앤엘","patch","total","tnl_all.xlsx","* 조회조건 -  [품목 : 3005904000, 국가 : US, $/원]","2009-03","2009-Q1","404613","606645124","31825",,"7","606645124","31","30","587075926.45","false","0.9677","587075926.45","reported"
"tnl","티앤엘","patch","total","tnl_all.xlsx","* 조회조건 -  [품목 : 3005904000, 국가 : US, $/원]","2009-04","2009-Q2","431413","573793370","36047",,"10","573793370","30","30","573793370","false","1","573793370","reported"
"tnl","티앤엘","patch","total","tnl_all.xlsx","* 조회조건 -  [품목 : 3005904000, 국가 : US, $/원]","2009-05","2009-Q2","720879","915309216","31614.9","6","8","915309216","31","30","885783112.26","false","0.9677","885783112.26","reported"
"tnl","티앤엘","patch","total","tnl_all.xlsx","* 조회조건 -  [품목 : 3005904000, 국가 : US, $/원]","2009-06","2009-Q2","454359","565904806","10328","5","11","565904806","30","30","565904806","false","1","565904806","reported"
"tnl","티앤엘","patch","total","tnl_all.xlsx","* 조회조건 -  [품목 : 3005904000, 국가 : US, $/원]","2009-07","2009-Q3","673310","852844142","35182","6","9","852844142","31","30","825333040.65","false","0.9677","825333040.65","reported"
"tnl","티앤엘","patch","total","tnl_all.xlsx","* 조회조건 -  [품목 : 3005904000, 국가 : US, $/원]","2009-08","2009-Q3","191532","234627250","8415","5","9","234627250","31","30","227058629.03","false","0.9677","227058629.03","reported"
"tnl","티앤엘","patch","total","tnl_all.xlsx","* 조회조건 -  [품목 : 3005904000, 국가 : US, $/원]","2009-09","2009-Q3","142628","173966521","3817",,"7","173966521","30","30","173966521","false","1","173966521","reported"
"tnl","티앤엘","patch","total","tnl_all.xlsx","* 조회조건 -  [품목 : 3005904000, 국가 : US, $/원]","2009-10","2009-Q4","660281","768842885","52040.7","8","8","768842885","31","30","744041501.61","false","0.9677","744041501.61","reported"
"tnl","티앤엘","patch","total","tnl_all.xlsx","* 조회조건 -  [품목 : 3005904000, 국가 : US, $/원]","2009-11","2009-Q4","691561","794869974","37093","6","7","794869974","30","30","794869974","false","1","794869974","reported"
"tnl","티앤엘","patch","total","tnl_all.xlsx","* 조회조건 -  [품목 : 3005904000, 국가 : US, $/원]","2009-12","2009-Q4","212379","245257851","23635","5","7","245257851","31","30","237346307.42","false","0.9677","237346307.42","reported"
"tnl","티앤엘","patch","total","tnl_all.xlsx","* 조회조건 -  [품목 : 3005904000, 국가 : US, $/원]","2010-01","2010-Q1","436820","492034365","26438",,"7","492034365","31","30","476162288.71","false","0.9677","476162288.71","reported"
"tnl","티앤엘","patch","total","tnl_all.xlsx","* 조회조건 -  [품목 : 3005904000, 국가 : US, $/원]","2010-02","2010-Q1","393265","448970905","14606","5","9","448970905","28","30","481040255.36","false","1.0714","481040255.36","reported"
"tnl","티앤엘","patch","total","tnl_all.xlsx","* 조회조건 -  [품목 : 3005904000, 국가 : US, $/원]","2010-03","2010-Q1","371530","420605596","16006.1","6","7","420605596","31","30","407037673.55","false","0.9677","407037673.55","reported"
"tnl","티앤엘","patch","total","tnl_all.xlsx","* 조회조건 -  [품목 : 3005904000, 국가 : US, $/원]","2010-04","2010-Q2","644768","717690368","20616.8","8","18","717690368","30","30","717690368","false","1","717690368","reported"
"tnl","티앤엘","patch","total","tnl_all.xlsx","* 조회조건 -  [품목 : 3005904000, 국가 : US, $/원]","2010-05","2010-Q2","945403","1072129206","29310.6","5","12","1072129206","31","30","1037544392.9","false","0.9677","1037544392.9","reported"
"tnl","티앤엘","patch","total","tnl_all.xlsx","* 조회조건 -  [품목 : 3005904000, 국가 : US, $/원]","2010-06","2010-Q2","322326","385833113","5509.6",,,"385833113","30","30","385833113","false","1","385833113","reported"
"tnl","티앤엘","patch","total","tnl_all.xlsx","* 조회조건 -  [품목 : 3005904000, 국가 : US, $/원]","2010-07","2010-Q3","567796","679737321","18487.1","6","10","679737321","31","30","657810310.65","false","0.9677","657810310.65","reported"
"tnl","티앤엘","patch","total","tnl_all.xlsx","* 조회조건 -  [품목 : 3005904000, 국가 : US, $/원]","2010-08","2010-Q3","504955","588034182","20765.5",,"7","588034182","31","30","569065337.42","false","0.9677","569065337.42","reported"
"tnl","티앤엘","patch","total","tnl_all.xlsx","* 조회조건 -  [품목 : 3005904000, 국가 : US, $/원]","2010-09","2010-Q3","1032994","1206875182","19677",,"10","1206875182","30","30","1206875182","false","1","1206875182","reported"
"tnl","티앤엘","patch","total","tnl_all.xlsx","* 조회조건 -  [품목 : 3005904000, 국가 : US, $/원]","2010-10","2010-Q4","1527456","1725226286","76649.3","9","13","1725226286","31","30","1669573825.16","false","0.9677","1669573825.16","reported"
"tnl","티앤엘","patch","total","tnl_all.xlsx","* 조회조건 -  [품목 : 3005904000, 국가 : US, $/원]","2010-11","2010-Q4","113919","126726997","2673.4",,"7","126726997","30","30","126726997","false","1","126726997","reported"
"tnl","티앤엘","patch","total","tnl_all.xlsx","* 조회조건 -  [품목 : 3005904000, 국가 : US, $/원]","2010-12","2010-Q4","1238693","1411072134","41578.9","8","11","1411072134","31","30","1365553678.06","false","0.9677","1365553678.06","reported"
"tnl","티앤엘","patch","total","tnl_all.xlsx","* 조회조건 -  [품목 : 3005904000, 국가 : US, $/원]","2011-01","2011-Q1","490590","549718906","20606.5","9","11","549718906","31","30","531986038.06","false","0.9677","531986038.06","reported"
"tnl","티앤엘","patch","total","tnl_all.xlsx","* 조회조건 -  [품목 : 3005904000, 국가 : US, $/원]","2011-02","2011-Q1","302187","334617567","24441.2","6","11","334617567","28","30","358518821.79","false","1.0714","358518821.79","reported"
"tnl","티앤엘","patch","total","tnl_all.xlsx","* 조회조건 -  [품목 : 3005904000, 국가 : US, $/원]","2011-03","2011-Q1","998909","1110606653","43361.5","7","14","1110606653","31","30","1074780631.94","false","0.9677","1074780631.94","reported"
"tnl","티앤엘","patch","total","tnl_all.xlsx","* 조회조건 -  [품목 : 3005904000, 국가 : US, $/원]","2011-04","2011-Q2","902800","974792197","33166.1","6","10","974792197","30","30","974792197","false","1","974792197","reported"
"tnl","티앤엘","patch","total","tnl_all.xlsx","* 조회조건 -  [품목 : 3005904000, 국가 : US, $/원]","2011-05","2011-Q2","821084","879827521","38366.6","8","13","879827521","31","30","851445988.06","false","0.9677","851445988.06","reported"
"tnl","티앤엘","patch","total","tnl_all.xlsx","* 조회조건 -  [품목 : 3005904000, 국가 : US, $/원]","2011-06","2011-Q2","3628858","3888718636","31007.1","7","9","3888718636","30","30","3888718636","false","1","3888718636","reported"
"tnl","티앤엘","patch","total","tnl_all.xlsx","* 조회조건 -  [품목 : 3005904000, 국가 : US, $/원]","2011-07","2011-Q3","443130","468158309","19062.5","6","9","468158309","31","30","453056428.06","false","0.9677","453056428.06","reported"
"tnl","티앤엘","patch","total","tnl_all.xlsx","* 조회조건 -  [품목 : 3005904000, 국가 : US, $/원]","2011-08","2011-Q3","389078","412789222","30610.4","6","6","412789222","31","30","399473440.65","false","0.9677","399473440.65","reported"
"tnl","티앤엘","patch","total","tnl_all.xlsx","* 조회조건 -  [품목 : 3005904000, 국가 : US, $/원]","2011-09","2011-Q3","819449","891584672","47075.5",,"12","891584672","30","30","891584672","false","1","891584672","reported"
"tnl","티앤엘","patch","total","tnl_all.xlsx","* 조회조건 -  [품목 : 3005904000, 국가 : US, $/원]","2011-10","2011-Q4","317461","371030769","19795.6","6","10","371030769","31","30","359062034.52","false","0.9677","359062034.52","reported"
"tnl","티앤엘","patch","total","tnl_all.xlsx","* 조회조건 -  [품목 : 3005904000, 국가 : US, $/원]","2011-11","2011-Q4","1822812","2056102269","64876","8","15","2056102269","30","30","2056102269","false","1","2056102269","reported"
"tnl","티앤엘","patch","total","tnl_all.xlsx","* 조회조건 -  [품목 : 3005904000, 국가 : US, $/원]","2011-12","2011-Q4","1089663","1243400052","56151","8","12","1243400052","31","30","1203290372.9","false","0.9677","1203290372.9","reported"
"tnl","티앤엘","patch","total","tnl_all.xlsx","* 조회조건 -  [품목 : 3005904000, 국가 : US, $/원]","2012-01","2012-Q1","366893","419883733","17522.1","6","9","419883733","31","30","406339096.45","false","0.9677","406339096.45","reported"
"tnl","티앤엘","patch","total","tnl_all.xlsx","* 조회조건 -  [품목 : 3005904000, 국가 : US, $/원]","2012-02","2012-Q1","849617","946119996","44443.4","9","14","946119996","29","30","978744823.45","false","1.0345","978744823.45","reported"
"tnl","티앤엘","patch","total","tnl_all.xlsx","* 조회조건 -  [품목 : 3005904000, 국가 : US, $/원]","2012-03","2012-Q1","737045","818120875","31334","6","12","818120875","31","30","791729879.03","false","0.9677","791729879.03","reported"
"tnl","티앤엘","patch","total","tnl_all.xlsx","* 조회조건 -  [품목 : 3005904000, 국가 : US, $/원]","2012-04","2012-Q2","1329067","1496409323","25032.8","11","18","1496409323","30","30","1496409323","false","1","1496409323","reported"
"tnl","티앤엘","patch","total","tnl_all.xlsx","* 조회조건 -  [품목 : 3005904000, 국가 : US, $/원]","2012-05","2012-Q2","1721900","1941339156","51244","9","10","1941339156","31","30","1878715312.26","false","0.9677","1878715312.26","reported"
"tnl","티앤엘","patch","total","tnl_all.xlsx","* 조회조건 -  [품목 : 3005904000, 국가 : US, $/원]","2012-06","2012-Q2","378328","439898165","16974.1","8","12","439898165","30","30","439898165","false","1","439898165","reported"
"tnl","티앤엘","patch","total","tnl_all.xlsx","* 조회조건 -  [품목 : 3005904000, 국가 : US, $/원]","2012-07","2012-Q3","1442620","1647975148","36634.5","11","15","1647975148","31","30","1594814659.35","false","0.9677","1594814659.35","reported"
"tnl","티앤엘","patch","total","tnl_all.xlsx","* 조회조건 -  [품목 : 3005904000, 국가 : US, $/원]","2012-08","2012-Q3","381462","426988732","21424","7","10","426988732","31","30","413214901.94","false","0.9677","413214901.94","reported"
"tnl","티앤엘","patch","total","tnl_all.xlsx","* 조회조건 -  [품목 : 3005904000, 국가 : US, $/원]","2012-09","2012-Q3","1685004","1885040198","71873.2","8","14","1885040198","30","30","1885040198","false","1","1885040198","reported"
"tnl","티앤엘","patch","total","tnl_all.xlsx","* 조회조건 -  [품목 : 3005904000, 국가 : US, $/원]","2012-10","2012-Q4","900828","986431199","39334.2","8","14","986431199","31","30","954610837.74","false","0.9677","954610837.74","reported"
"tnl","티앤엘","patch","total","tnl_all.xlsx","* 조회조건 -  [품목 : 3005904000, 국가 : US, $/원]","2012-11","2012-Q4","3323763","3574429404","42121","6","11","3574429404","30","30","3574429404","false","1","3574429404","reported"
"tnl","티앤엘","patch","total","tnl_all.xlsx","* 조회조건 -  [품목 : 3005904000, 국가 : US, $/원]","2012-12","2012-Q4","4374392","4657202306","63844","8","13","4657202306","31","30","4506969973.55","false","0.9677","4506969973.55","reported"
"tnl","티앤엘","patch","total","tnl_all.xlsx","* 조회조건 -  [품목 : 3005904000, 국가 : US, $/원]","2013-01","2013-Q1","1092534","1149756803","45365.3","10","17","1149756803","31","30","1112667873.87","false","0.9677","1112667873.87","reported"
"tnl","티앤엘","patch","total","tnl_all.xlsx","* 조회조건 -  [품목 : 3005904000, 국가 : US, $/원]","2013-02","2013-Q1","1992726","2145931257","85951.3","11","19","2145931257","28","30","2299212061.07","false","1.0714","2299212061.07","reported"
"tnl","티앤엘","patch","total","tnl_all.xlsx","* 조회조건 -  [품목 : 3005904000, 국가 : US, $/원]","2013-03","2013-Q1","1218752","1324042505","55368.4","6","10","1324042505","31","30","1281331456.45","false","0.9677","1281331456.45","reported"
"tnl","티앤엘","patch","total","tnl_all.xlsx","* 조회조건 -  [품목 : 3005904000, 국가 : US, $/원]","2013-04","2013-Q2","1203242","1342802208","46093.4","11","14","1342802208","30","30","1342802208","false","1","1342802208","reported"
"tnl","티앤엘","patch","total","tnl_all.xlsx","* 조회조건 -  [품목 : 3005904000, 국가 : US, $/원]","2013-05","2013-Q2","1167504","1284229497","66326.6","10","16","1284229497","31","30","1242802739.03","false","0.9677","1242802739.03","reported"
"tnl","티앤엘","patch","total","tnl_all.xlsx","* 조회조건 -  [품목 : 3005904000, 국가 : US, $/원]","2013-06","2013-Q2","1728985","1935957756","60114.8","12","14","1935957756","30","30","1935957756","false","1","1935957756","reported"
"tnl","티앤엘","patch","total","tnl_all.xlsx","* 조회조건 -  [품목 : 3005904000, 국가 : US, $/원]","2013-07","2013-Q3","342785","385370049","14347.3","6","8","385370049","31","30","372938757.1","false","0.9677","372938757.1","reported"
"tnl","티앤엘","patch","total","tnl_all.xlsx","* 조회조건 -  [품목 : 3005904000, 국가 : US, $/원]","2013-08","2013-Q3","594923","657886354","44074.6","9","13","657886354","31","30","636664213.55","false","0.9677","636664213.55","reported"
"tnl","티앤엘","patch","total","tnl_all.xlsx","* 조회조건 -  [품목 : 3005904000, 국가 : US, $/원]","2013-09","2013-Q3","677549","738609007","32815.1","9","16","738609007","30","30","738609007","false","1","738609007","reported"
"tnl","티앤엘","patch","total","tnl_all.xlsx","* 조회조건 -  [품목 : 3005904000, 국가 : US, $/원]","2013-10","2013-Q4","5747653","6083785455","54418.3","10","16","6083785455","31","30","5887534311.29","false","0.9677","5887534311.29","reported"
"tnl","티앤엘","patch","total","tnl_all.xlsx","* 조회조건 -  [품목 : 3005904000, 국가 : US, $/원]","2013-11","2013-Q4","1527307","1611065326","53405","11","21","1611065326","30","30","1611065326","false","1","1611065326","reported"
"tnl","티앤엘","patch","total","tnl_all.xlsx","* 조회조건 -  [품목 : 3005904000, 국가 : US, $/원]","2013-12","2013-Q4","2532015","2643032828","45363.7","8","11","2643032828","31","30","2557773704.52","false","0.9677","2557773704.52","reported"
"tnl","티앤엘","patch","total","tnl_all.xlsx","* 조회조건 -  [품목 : 3005904000, 국가 : US, $/원]","2014-01","2014-Q1","1241315","1308032608","52444.7","9","17","1308032608","31","30","1265838007.74","false","0.9677","1265838007.74","reported"
"tnl","티앤엘","patch","total","tnl_all.xlsx","* 조회조건 -  [품목 : 3005904000, 국가 : US, $/원]","2014-02","2014-Q1","647770","686604105","29937.4","9","14","686604105","28","30","735647255.36","false","1.0714","735647255.36","reported"
"tnl","티앤엘","patch","total","tnl_all.xlsx","* 조회조건 -  [품목 : 3005904000, 국가 : US, $/원]","2014-03","2014-Q1","1413704","1498065643","72321.9","9","18","1498065643","31","30","1449740944.84","false","0.9677","1449740944.84","reported"
"tnl","티앤엘","patch","total","tnl_all.xlsx","* 조회조건 -  [품목 : 3005904000, 국가 : US, $/원]","2014-04","2014-Q2","567941","596247830","38220.1","8","11","596247830","30","30","596247830","false","1","596247830","reported"
"tnl","티앤엘","patch","total","tnl_all.xlsx","* 조회조건 -  [품목 : 3005904000, 국가 : US, $/원]","2014-05","2014-Q2","1111628","1128630788","46994.1","8","13","1128630788","31","30","1092223343.23","false","0.9677","1092223343.23","reported"
"tnl","티앤엘","patch","total","tnl_all.xlsx","* 조회조건 -  [품목 : 3005904000, 국가 : US, $/원]","2014-06","2014-Q2","977705","988078581","70662.2","13","18","988078581","30","30","988078581","false","1","988078581","reported"
"tnl","티앤엘","patch","total","tnl_all.xlsx","* 조회조건 -  [품목 : 3005904000, 국가 : US, $/원]","2014-07","2014-Q3","1799791","1814433182","68407.6","13","18","1814433182","31","30","1755903079.35","false","0.9677","1755903079.35","reported"
"tnl","티앤엘","patch","total","tnl_all.xlsx","* 조회조건 -  [품목 : 3005904000, 국가 : US, $/원]","2014-08","2014-Q3","966747","984055509","55355.5","10","20","984055509","31","30","952311782.9","false","0.9677","952311782.9","reported"
"tnl","티앤엘","patch","total","tnl_all.xlsx","* 조회조건 -  [품목 : 3005904000, 국가 : US, $/원]","2014-09","2014-Q3","1011179","1030991411","39944.8","7","14","1030991411","30","30","1030991411","false","1","1030991411","reported"
"tnl","티앤엘","patch","total","tnl_all.xlsx","* 조회조건 -  [품목 : 3005904000, 국가 : US, $/원]","2014-10","2014-Q4","1512855","1586491750","78205.6","12","20","1586491750","31","30","1535314596.77","false","0.9677","1535314596.77","reported"
"tnl","티앤엘","patch","total","tnl_all.xlsx","* 조회조건 -  [품목 : 3005904000, 국가 : US, $/원]","2014-11","2014-Q4","4376608","4603867601","69661.4","10","18","4603867601","30","30","4603867601","false","1","4603867601","reported"
"tnl","티앤엘","patch","total","tnl_all.xlsx","* 조회조건 -  [품목 : 3005904000, 국가 : US, $/원]","2014-12","2014-Q4","5660678","6214322665","100317.8","14","28","6214322665","31","30","6013860643.55","false","0.9677","6013860643.55","reported"
"tnl","티앤엘","patch","total","tnl_all.xlsx","* 조회조건 -  [품목 : 3005904000, 국가 : US, $/원]","2015-01","2015-Q1","1559117","1677220883","131133.5","14","18","1677220883","31","30","1623116983.55","false","0.9677","1623116983.55","reported"
"tnl","티앤엘","patch","total","tnl_all.xlsx","* 조회조건 -  [품목 : 3005904000, 국가 : US, $/원]","2015-02","2015-Q1","937925","1017795341","47853.6","10","15","1017795341","28","30","1090495008.21","false","1.0714","1090495008.21","reported"
"tnl","티앤엘","patch","total","tnl_all.xlsx","* 조회조건 -  [품목 : 3005904000, 국가 : US, $/원]","2015-03","2015-Q1","1610569","1788169343","58195.2","12","27","1788169343","31","30","1730486460.97","false","0.9677","1730486460.97","reported"
"tnl","티앤엘","patch","total","tnl_all.xlsx","* 조회조건 -  [품목 : 3005904000, 국가 : US, $/원]","2015-04","2015-Q2","1599597","1730066453","61927.3","13","21","1730066453","30","30","1730066453","false","1","1730066453","reported"
"tnl","티앤엘","patch","total","tnl_all.xlsx","* 조회조건 -  [품목 : 3005904000, 국가 : US, $/원]","2015-05","2015-Q2","1312248","1413683063","50097.3","10","18","1413683063","31","30","1368080383.55","false","0.9677","1368080383.55","reported"
"tnl","티앤엘","patch","total","tnl_all.xlsx","* 조회조건 -  [품목 : 3005904000, 국가 : US, $/원]","2015-06","2015-Q2","1470514","1618836771","58019.1","10","19","1618836771","30","30","1618836771","false","1","1618836771","reported"
"tnl","티앤엘","patch","total","tnl_all.xlsx","* 조회조건 -  [품목 : 3005904000, 국가 : US, $/원]","2015-07","2015-Q3","1564546","1765043415","46565.2","9","17","1765043415","31","30","1708106530.65","false","0.9677","1708106530.65","reported"
"tnl","티앤엘","patch","total","tnl_all.xlsx","* 조회조건 -  [품목 : 3005904000, 국가 : US, $/원]","2015-08","2015-Q3","1478874","1726116064","35066.7","12","15","1726116064","31","30","1670434900.65","false","0.9677","1670434900.65","reported"
"tnl","티앤엘","patch","total","tnl_all.xlsx","* 조회조건 -  [품목 : 3005904000, 국가 : US, $/원]","2015-09","2015-Q3","5599686","6544952503","91445.6","8","16","6544952503","30","30","6544952503","false","1","6544952503","reported"
"tnl","티앤엘","patch","total","tnl_all.xlsx","* 조회조건 -  [품목 : 3005904000, 국가 : US, $/원]","2015-10","2015-Q4","1910184","2190020306","77814.2","13","22","2190020306","31","30","2119374489.68","false","0.9677","2119374489.68","reported"
"tnl","티앤엘","patch","total","tnl_all.xlsx","* 조회조건 -  [품목 : 3005904000, 국가 : US, $/원]","2015-11","2015-Q4","2962021","3376922085","120860.5","10","21","3376922085","30","30","3376922085","false","1","3376922085","reported"
"tnl","티앤엘","patch","total","tnl_all.xlsx","* 조회조건 -  [품목 : 3005904000, 국가 : US, $/원]","2015-12","2015-Q4","2814124","3280955834","61400.6","15","20","3280955834","31","30","3175118549.03","false","0.9677","3175118549.03","reported"
"tnl","티앤엘","patch","total","tnl_all.xlsx","* 조회조건 -  [품목 : 3005904000, 국가 : US, $/원]","2016-01","2016-Q1","1907904","2270206457","67962.4","6","17","2270206457","31","30","2196973990.65","false","0.9677","2196973990.65","reported"
"tnl","티앤엘","patch","total","tnl_all.xlsx","* 조회조건 -  [품목 : 3005904000, 국가 : US, $/원]","2016-02","2016-Q1","1161761","1384695680","33236.1","12","18","1384695680","29","30","1432443806.9","false","1.0345","1432443806.9","reported"
"tnl","티앤엘","patch","total","tnl_all.xlsx","* 조회조건 -  [품목 : 3005904000, 국가 : US, $/원]","2016-03","2016-Q1","2769264","3332473999","127210.1","11","24","3332473999","31","30","3224974837.74","false","0.9677","3224974837.74","reported"
"tnl","티앤엘","patch","total","tnl_all.xlsx","* 조회조건 -  [품목 : 3005904000, 국가 : US, $/원]","2016-04","2016-Q2","1543635","1753913145","79662.6","10","21","1753913145","30","30","1753913145","false","1","1753913145","reported"
"tnl","티앤엘","patch","total","tnl_all.xlsx","* 조회조건 -  [품목 : 3005904000, 국가 : US, $/원]","2016-05","2016-Q2","2133404","2449814837","88249.3","9","17","2449814837","31","30","2370788551.94","false","0.9677","2370788551.94","reported"
"tnl","티앤엘","patch","total","tnl_all.xlsx","* 조회조건 -  [품목 : 3005904000, 국가 : US, $/원]","2016-06","2016-Q2","2333622","2703743873","183043.86","11","20","2703743873","30","30","2703743873","false","1","2703743873","reported"
"tnl","티앤엘","patch","total","tnl_all.xlsx","* 조회조건 -  [품목 : 3005904000, 국가 : US, $/원]","2016-07","2016-Q3","996996","1144316622","58403.95","10","22","1144316622","31","30","1107403182.58","false","0.9677","1107403182.58","reported"
"tnl","티앤엘","patch","total","tnl_all.xlsx","* 조회조건 -  [품목 : 3005904000, 국가 : US, $/원]","2016-08","2016-Q3","1707325","1880733220","87255.35","13","24","1880733220","31","30","1820064406.45","false","0.9677","1820064406.45","reported"
"tnl","티앤엘","patch","total","tnl_all.xlsx","* 조회조건 -  [품목 : 3005904000, 국가 : US, $/원]","2016-09","2016-Q3","575733","633450192","29765.72","11","26","633450192","30","30","633450192","false","1","633450192","reported"
"tnl","티앤엘","patch","total","tnl_all.xlsx","* 조회조건 -  [품목 : 3005904000, 국가 : US, $/원]","2016-10","2016-Q4","1689580","1874799245","78408.33","14","27","1874799245","31","30","1814321850","false","0.9677","1814321850","reported"
"tnl","티앤엘","patch","total","tnl_all.xlsx","* 조회조건 -  [품목 : 3005904000, 국가 : US, $/원]","2016-11","2016-Q4","1259521","1446320213","53586.44","11","22","1446320213","30","30","1446320213","false","1","1446320213","reported"
"tnl","티앤엘","patch","total","tnl_all.xlsx","* 조회조건 -  [품목 : 3005904000, 국가 : US, $/원]","2016-12","2016-Q4","1069403","1249007359","56716.05","13","27","1249007359","31","30","1208716799.03","false","0.9677","1208716799.03","reported"
"tnl","티앤엘","patch","total","tnl_all.xlsx","* 조회조건 -  [품목 : 3005904000, 국가 : US, $/원]","2017-01","2017-Q1","1244611","1467066030","52066.68","8","18","1467066030","31","30","1419741319.35","false","0.9677","1419741319.35","reported"
"tnl","티앤엘","patch","total","tnl_all.xlsx","* 조회조건 -  [품목 : 3005904000, 국가 : US, $/원]","2017-02","2017-Q1","2817539","3205679893","76049.96","12","21","3205679893","28","30","3434657028.21","false","1.0714","3434657028.21","reported"
"tnl","티앤엘","patch","total","tnl_all.xlsx","* 조회조건 -  [품목 : 3005904000, 국가 : US, $/원]","2017-03","2017-Q1","3074742","3452416951","123220.46","17","31","3452416951","31","30","3341048662.26","false","0.9677","3341048662.26","reported"
"tnl","티앤엘","patch","total","tnl_all.xlsx","* 조회조건 -  [품목 : 3005904000, 국가 : US, $/원]","2017-04","2017-Q2","2424453","2719153708","93280.726","14","33","2719153708","30","30","2719153708","false","1","2719153708","reported"
"tnl","티앤엘","patch","total","tnl_all.xlsx","* 조회조건 -  [품목 : 3005904000, 국가 : US, $/원]","2017-05","2017-Q2","790084","880873975","46211","10","19","880873975","31","30","852458685.48","false","0.9677","852458685.48","reported"
"tnl","티앤엘","patch","total","tnl_all.xlsx","* 조회조건 -  [품목 : 3005904000, 국가 : US, $/원]","2017-06","2017-Q2","2377903","2657190687","73078.16","12","21","2657190687","30","30","2657190687","false","1","2657190687","reported"
"tnl","티앤엘","patch","total","tnl_all.xlsx","* 조회조건 -  [품목 : 3005904000, 국가 : US, $/원]","2017-07","2017-Q3","2478046","2790721971","73938.41","8","24","2790721971","31","30","2700698681.61","false","0.9677","2700698681.61","reported"
"tnl","티앤엘","patch","total","tnl_all.xlsx","* 조회조건 -  [품목 : 3005904000, 국가 : US, $/원]","2017-08","2017-Q3","2486544","2779410120","54732.07","12","28","2779410120","31","30","2689751729.03","false","0.9677","2689751729.03","reported"
"tnl","티앤엘","patch","total","tnl_all.xlsx","* 조회조건 -  [품목 : 3005904000, 국가 : US, $/원]","2017-09","2017-Q3","1644674","1840103997","44025.65","16","35","1840103997","30","30","1840103997","false","1","1840103997","reported"
"tnl","티앤엘","patch","total","tnl_all.xlsx","* 조회조건 -  [품목 : 3005904000, 국가 : US, $/원]","2017-10","2017-Q4","2471097","2782724925","72632.79","14","28","2782724925","31","30","2692959604.84","false","0.9677","2692959604.84","reported"
"tnl","티앤엘","patch","total","tnl_all.xlsx","* 조회조건 -  [품목 : 3005904000, 국가 : US, $/원]","2017-11","2017-Q4","2192940","2421066966","56890.33","15","26","2421066966","30","30","2421066966","false","1","2421066966","reported"
"tnl","티앤엘","patch","total","tnl_all.xlsx","* 조회조건 -  [품목 : 3005904000, 국가 : US, $/원]","2017-12","2017-Q4","2782580","2999042047","123045.522","11","36","2999042047","31","30","2902298755.16","false","0.9677","2902298755.16","reported"
"tnl","티앤엘","patch","total","tnl_all.xlsx","* 조회조건 -  [품목 : 3005904000, 국가 : US, $/원]","2018-01","2018-Q1","782434","828577444","25855.5","12","20","828577444","31","30","801849139.35","false","0.9677","801849139.35","reported"
"tnl","티앤엘","patch","total","tnl_all.xlsx","* 조회조건 -  [품목 : 3005904000, 국가 : US, $/원]","2018-02","2018-Q1","1578069","1694805888","40415.41","13","23","1694805888","28","30","1815863451.43","false","1.0714","1815863451.43","reported"
"tnl","티앤엘","patch","total","tnl_all.xlsx","* 조회조건 -  [품목 : 3005904000, 국가 : US, $/원]","2018-03","2018-Q1","2288519","2425887156","84938.41","11","29","2425887156","31","30","2347632731.61","false","0.9677","2347632731.61","reported"
"tnl","티앤엘","patch","total","tnl_all.xlsx","* 조회조건 -  [품목 : 3005904000, 국가 : US, $/원]","2018-04","2018-Q2","1545318","1634535478","71789.18","11","27","1634535478","30","30","1634535478","false","1","1634535478","reported"
"tnl","티앤엘","patch","total","tnl_all.xlsx","* 조회조건 -  [품목 : 3005904000, 국가 : US, $/원]","2018-05","2018-Q2","3260518","3475680600","98864.72","13","31","3475680600","31","30","3363561870.97","false","0.9677","3363561870.97","reported"
"tnl","티앤엘","patch","total","tnl_all.xlsx","* 조회조건 -  [품목 : 3005904000, 국가 : US, $/원]","2018-06","2018-Q2","2262216","2442358120","92424.05","9","26","2442358120","30","30","2442358120","false","1","2442358120","reported"
"tnl","티앤엘","patch","total","tnl_all.xlsx","* 조회조건 -  [품목 : 3005904000, 국가 : US, $/원]","2018-07","2018-Q3","1665526","1849923427","63551.04","10","29","1849923427","31","30","1790248477.74","false","0.9677","1790248477.74","reported"
"tnl","티앤엘","patch","total","tnl_all.xlsx","* 조회조건 -  [품목 : 3005904000, 국가 : US, $/원]","2018-08","2018-Q3","3261568","3631367436","91770.53","14","32","3631367436","31","30","3514226550.97","false","0.9677","3514226550.97","reported"
"tnl","티앤엘","patch","total","tnl_all.xlsx","* 조회조건 -  [품목 : 3005904000, 국가 : US, $/원]","2018-09","2018-Q3","1232112","1367108346","62693.8","10","28","1367108346","30","30","1367108346","false","1","1367108346","reported"
"tnl","티앤엘","patch","total","tnl_all.xlsx","* 조회조건 -  [품목 : 3005904000, 국가 : US, $/원]","2018-10","2018-Q4","3080488","3447828761","99969.42","16","39","3447828761","31","30","3336608478.39","false","0.9677","3336608478.39","reported"
"tnl","티앤엘","patch","total","tnl_all.xlsx","* 조회조건 -  [품목 : 3005904000, 국가 : US, $/원]","2018-11","2018-Q4","2688047","3010281524","186441.242","17","44","3010281524","30","30","3010281524","false","1","3010281524","reported"
"tnl","티앤엘","patch","total","tnl_all.xlsx","* 조회조건 -  [품목 : 3005904000, 국가 : US, $/원]","2018-12","2018-Q4","4826046","5366798689","122358.304","15","42","5366798689","31","30","5193676150.65","false","0.9677","5193676150.65","reported"
"tnl","티앤엘","patch","total","tnl_all.xlsx","* 조회조건 -  [품목 : 3005904000, 국가 : US, $/원]","2019-01","2019-Q1","829753","921687473","43859.425","15","25","921687473","31","30","891955619.03","false","0.9677","891955619.03","reported"
"tnl","티앤엘","patch","total","tnl_all.xlsx","* 조회조건 -  [품목 : 3005904000, 국가 : US, $/원]","2019-02","2019-Q1","1729692","1920431421","32781.29","11","18","1920431421","28","30","2057605093.93","false","1.0714","2057605093.93","reported"
"tnl","티앤엘","patch","total","tnl_all.xlsx","* 조회조건 -  [품목 : 3005904000, 국가 : US, $/원]","2019-03","2019-Q1","2766597","3092297923","85191.89","15","39","3092297923","31","30","2992546377.1","false","0.9677","2992546377.1","reported"
"tnl","티앤엘","patch","total","tnl_all.xlsx","* 조회조건 -  [품목 : 3005904000, 국가 : US, $/원]","2019-04","2019-Q2","1779785","2006883299","81669.3","15","41","2006883299","30","30","2006883299","false","1","2006883299","reported"
"tnl","티앤엘","patch","total","tnl_all.xlsx","* 조회조건 -  [품목 : 3005904000, 국가 : US, $/원]","2019-05","2019-Q2","3517609","4102985582","83172.2","11","30","4102985582","31","30","3970631208.39","false","0.9677","3970631208.39","reported"
"tnl","티앤엘","patch","total","tnl_all.xlsx","* 조회조건 -  [품목 : 3005904000, 국가 : US, $/원]","2019-06","2019-Q2","2635687","3083564043","75903.37","15","35","3083564043","30","30","3083564043","false","1","3083564043","reported"
"tnl","티앤엘","patch","total","tnl_all.xlsx","* 조회조건 -  [품목 : 3005904000, 국가 : US, $/원]","2019-07","2019-Q3","1720635","1992444668","73176.65","13","34","1992444668","31","30","1928172259.35","false","0.9677","1928172259.35","reported"
"tnl","티앤엘","patch","total","tnl_all.xlsx","* 조회조건 -  [품목 : 3005904000, 국가 : US, $/원]","2019-08","2019-Q3","2269427","2719528414","42924.06","14","22","2719528414","31","30","2631801690.97","false","0.9677","2631801690.97","reported"
"tnl","티앤엘","patch","total","tnl_all.xlsx","* 조회조건 -  [품목 : 3005904000, 국가 : US, $/원]","2019-09","2019-Q3","1980968","2357318834","78483.9","17","35","2357318834","30","30","2357318834","false","1","2357318834","reported"
"tnl","티앤엘","patch","total","tnl_all.xlsx","* 조회조건 -  [품목 : 3005904000, 국가 : US, $/원]","2019-10","2019-Q4","3268845","3851804159","95192.74","14","36","3851804159","31","30","3727552411.94","false","0.9677","3727552411.94","reported"
"tnl","티앤엘","patch","total","tnl_all.xlsx","* 조회조건 -  [품목 : 3005904000, 국가 : US, $/원]","2019-11","2019-Q4","2101485","2425232566","101863.96","13","34","2425232566","30","30","2425232566","false","1","2425232566","reported"
"tnl","티앤엘","patch","total","tnl_all.xlsx","* 조회조건 -  [품목 : 3005904000, 국가 : US, $/원]","2019-12","2019-Q4","2951130","3458831514","86042.86","18","38","3458831514","31","30","3347256303.87","false","0.9677","3347256303.87","reported"
"tnl","티앤엘","patch","total","tnl_all.xlsx","* 조회조건 -  [품목 : 3005904000, 국가 : US, $/원]","2020-01","2020-Q1","1096495","1262514487","27212.96","12","31","1262514487","31","30","1221788213.23","false","0.9677","1221788213.23","reported"
"tnl","티앤엘","patch","total","tnl_all.xlsx","* 조회조건 -  [품목 : 3005904000, 국가 : US, $/원]","2020-02","2020-Q1","2392480","2807357649","90096.4","12","31","2807357649","29","30","2904163085.17","false","1.0345","2904163085.17","reported"
"tnl","티앤엘","patch","total","tnl_all.xlsx","* 조회조건 -  [품목 : 3005904000, 국가 : US, $/원]","2020-03","2020-Q1","2605442","3149688710","99490.6","16","36","3149688710","31","30","3048085848.39","false","0.9677","3048085848.39","reported"
"tnl","티앤엘","patch","total","tnl_all.xlsx","* 조회조건 -  [품목 : 3005904000, 국가 : US, $/원]","2020-04","2020-Q2","2042868","2474587329","88630.92","14","29","2474587329","30","30","2474587329","false","1","2474587329","reported"
"tnl","티앤엘","patch","total","tnl_all.xlsx","* 조회조건 -  [품목 : 3005904000, 국가 : US, $/원]","2020-05","2020-Q2","3228477","3920459412","119080.22","16","31","3920459412","31","30","3793992979.35","false","0.9677","3793992979.35","reported"
"tnl","티앤엘","patch","total","tnl_all.xlsx","* 조회조건 -  [품목 : 3005904000, 국가 : US, $/원]","2020-06","2020-Q2","2295478","2756985998","70408.63","21","38","2756985998","30","30","2756985998","false","1","2756985998","reported"
"tnl","티앤엘","patch","total","tnl_all.xlsx","* 조회조건 -  [품목 : 3005904000, 국가 : US, $/원]","2020-07","2020-Q3","3240343","3865257129","70695","16","37","3865257129","31","30","3740571415.16","false","0.9677","3740571415.16","reported"
"tnl","티앤엘","patch","total","tnl_all.xlsx","* 조회조건 -  [품목 : 3005904000, 국가 : US, $/원]","2020-08","2020-Q3","2031463","2386127412","35566.89","12","21","2386127412","31","30","2309155560","false","0.9677","2309155560","reported"
"tnl","티앤엘","patch","total","tnl_all.xlsx","* 조회조건 -  [품목 : 3005904000, 국가 : US, $/원]","2020-09","2020-Q3","918381","1078279280","9058.23","9","26","1078279280","30","30","1078279280","false","1","1078279280","reported"
"tnl","티앤엘","patch","total","tnl_all.xlsx","* 조회조건 -  [품목 : 3005904000, 국가 : US, $/원]","2020-10","2020-Q4","3484327","3968317465","76046.51","11","20","3968317465","31","30","3840307224.19","false","0.9677","3840307224.19","reported"
"tnl","티앤엘","patch","total","tnl_all.xlsx","* 조회조건 -  [품목 : 3005904000, 국가 : US, $/원]","2020-11","2020-Q4","3755298","4168350714","103845.96","13","30","4168350714","30","30","4168350714","false","1","4168350714","reported"
"tnl","티앤엘","patch","total","tnl_all.xlsx","* 조회조건 -  [품목 : 3005904000, 국가 : US, $/원]","2020-12","2020-Q4","4782192","5170311787","185869.24","16","29","5170311787","31","30","5003527535.81","false","0.9677","5003527535.81","reported"
"tnl","티앤엘","patch","total","tnl_all.xlsx","* 조회조건 -  [품목 : 3005904000, 국가 : US, $/원]","2021-01","2021-Q1","2432076","2633585469","44900.12","11","24","2633585469","31","30","2548631099.03","false","0.9677","2548631099.03","reported"
"tnl","티앤엘","patch","total","tnl_all.xlsx","* 조회조건 -  [품목 : 3005904000, 국가 : US, $/원]","2021-02","2021-Q1","2905021","3189292864","60848.82","12","27","3189292864","28","30","3417099497.14","false","1.0714","3417099497.14","reported"
"tnl","티앤엘","patch","total","tnl_all.xlsx","* 조회조건 -  [품목 : 3005904000, 국가 : US, $/원]","2021-03","2021-Q1","4145093","4617435195","75368.66","13","41","4617435195","31","30","4468485672.58","false","0.9677","4468485672.58","reported"
"tnl","티앤엘","patch","total","tnl_all.xlsx","* 조회조건 -  [품목 : 3005904000, 국가 : US, $/원]","2021-04","2021-Q2","5874125","6533334313","93987.515","16","33","6533334313","30","30","6533334313","false","1","6533334313","reported"
"tnl","티앤엘","patch","total","tnl_all.xlsx","* 조회조건 -  [품목 : 3005904000, 국가 : US, $/원]","2021-05","2021-Q2","2896468","3220694235","37678.96","10","26","3220694235","31","30","3116800872.58","false","0.9677","3116800872.58","reported"
"tnl","티앤엘","patch","total","tnl_all.xlsx","* 조회조건 -  [품목 : 3005904000, 국가 : US, $/원]","2021-06","2021-Q2","5248425","5810756568","60196.44","16","27","5810756568","30","30","5810756568","false","1","5810756568","reported"
"tnl","티앤엘","patch","total","tnl_all.xlsx","* 조회조건 -  [품목 : 3005904000, 국가 : US, $/원]","2021-07","2021-Q3","6065868","6863188205","126191.26","18","46","6863188205","31","30","6641795037.1","false","0.9677","6641795037.1","reported"
"tnl","티앤엘","patch","total","tnl_all.xlsx","* 조회조건 -  [품목 : 3005904000, 국가 : US, $/원]","2021-08","2021-Q3","4117133","4713839648","51799.75","12","20","4713839648","31","30","4561780304.52","false","0.9677","4561780304.52","reported"
"tnl","티앤엘","patch","total","tnl_all.xlsx","* 조회조건 -  [품목 : 3005904000, 국가 : US, $/원]","2021-09","2021-Q3","4902988","5674725522","55791.455","15","25","5674725522","30","30","5674725522","false","1","5674725522","reported"
"tnl","티앤엘","patch","total","tnl_all.xlsx","* 조회조건 -  [품목 : 3005904000, 국가 : US, $/원]","2021-10","2021-Q4","4835351","5680030210","84817.56","15","34","5680030210","31","30","5496803429.03","false","0.9677","5496803429.03","reported"
"tnl","티앤엘","patch","total","tnl_all.xlsx","* 조회조건 -  [품목 : 3005904000, 국가 : US, $/원]","2021-11","2021-Q4","4700087","5493445524","83754.15","12","32","5493445524","30","30","5493445524","false","1","5493445524","reported"
"tnl","티앤엘","patch","total","tnl_all.xlsx","* 조회조건 -  [품목 : 3005904000, 국가 : US, $/원]","2021-12","2021-Q4","4395797","5148616044","67741.35","12","31","5148616044","31","30","4982531655.48","false","0.9677","4982531655.48","reported"
"tnl","티앤엘","patch","total","tnl_all.xlsx","* 조회조건 -  [품목 : 3005904000, 국가 : US, $/원]","2022-01","2022-Q1","2507021","2956481186","44818.08","15","28","2956481186","31","30","2861110825.16","false","0.9677","2861110825.16","reported"
"tnl","티앤엘","patch","total","tnl_all.xlsx","* 조회조건 -  [품목 : 3005904000, 국가 : US, $/원]","2022-02","2022-Q1","1997512","2371728907","67958.83","14","27","2371728907","28","30","2541138114.64","false","1.0714","2541138114.64","reported"
"tnl","티앤엘","patch","total","tnl_all.xlsx","* 조회조건 -  [품목 : 3005904000, 국가 : US, $/원]","2022-03","2022-Q1","5034650","6064862535","83627.16","15","39","6064862535","31","30","5869221808.06","false","0.9677","5869221808.06","reported"
"tnl","티앤엘","patch","total","tnl_all.xlsx","* 조회조건 -  [품목 : 3005904000, 국가 : US, $/원]","2022-04","2022-Q2","3615265","4391336706","87833.4","13","27","4391336706","30","30","4391336706","false","1","4391336706","reported"
"tnl","티앤엘","patch","total","tnl_all.xlsx","* 조회조건 -  [품목 : 3005904000, 국가 : US, $/원]","2022-05","2022-Q2","5138729","6462490440","92698.486","19","42","6462490440","31","30","6254023006.45","false","0.9677","6254023006.45","reported"
"tnl","티앤엘","patch","total","tnl_all.xlsx","* 조회조건 -  [품목 : 3005904000, 국가 : US, $/원]","2022-06","2022-Q2","5640399","7077999716","102047.989","16","43","7077999716","30","30","7077999716","false","1","7077999716","reported"
"tnl","티앤엘","patch","total","tnl_all.xlsx","* 조회조건 -  [품목 : 3005904000, 국가 : US, $/원]","2022-07","2022-Q3","3988779","5148159924","97391.795","13","40","5148159924","31","30","4982090249.03","false","0.9677","4982090249.03","reported"
"tnl","티앤엘","patch","total","tnl_all.xlsx","* 조회조건 -  [품목 : 3005904000, 국가 : US, $/원]","2022-08","2022-Q3","3482584","4509128819","31183.6","17","29","4509128819","31","30","4363673050.65","false","0.9677","4363673050.65","reported"
"tnl","티앤엘","patch","total","tnl_all.xlsx","* 조회조건 -  [품목 : 3005904000, 국가 : US, $/원]","2022-09","2022-Q3","6217361","8464855956","136519.15","17","34","8464855956","30","30","8464855956","false","1","8464855956","reported"
"tnl","티앤엘","patch","total","tnl_all.xlsx","* 조회조건 -  [품목 : 3005904000, 국가 : US, $/원]","2022-10","2022-Q4","3567811","5087813199","104242.51","18","40","5087813199","31","30","4923690192.58","false","0.9677","4923690192.58","reported"
"tnl","티앤엘","patch","total","tnl_all.xlsx","* 조회조건 -  [품목 : 3005904000, 국가 : US, $/원]","2022-11","2022-Q4","4635882","6400811803","73175.69","11","33","6400811803","30","30","6400811803","false","1","6400811803","reported"
"tnl","티앤엘","patch","total","tnl_all.xlsx","* 조회조건 -  [품목 : 3005904000, 국가 : US, $/원]","2022-12","2022-Q4","5902996","7745477109","83089.6","14","34","7745477109","31","30","7495623008.71","false","0.9677","7495623008.71","reported"
"tnl","티앤엘","patch","total","tnl_all.xlsx","* 조회조건 -  [품목 : 3005904000, 국가 : US, $/원]","2023-01","2023-Q1","3474396","4353511445","63329.239","13","24","4353511445","31","30","4213075591.94","false","0.9677","4213075591.94","reported"
"tnl","티앤엘","patch","total","tnl_all.xlsx","* 조회조건 -  [품목 : 3005904000, 국가 : US, $/원]","2023-02","2023-Q1","6109530","7655305054","92808.86","10","27","7655305054","28","30","8202112557.86","false","1.0714","8202112557.86","reported"
"tnl","티앤엘","patch","total","tnl_all.xlsx","* 조회조건 -  [품목 : 3005904000, 국가 : US, $/원]","2023-03","2023-Q1","8311601","10880439804","141773.861","18","44","10880439804","31","30","10529457874.84","false","0.9677","10529457874.84","reported"
"tnl","티앤엘","patch","total","tnl_all.xlsx","* 조회조건 -  [품목 : 3005904000, 국가 : US, $/원]","2023-04","2023-Q2","6842734","8974159791","87295.5","16","35","8974159791","30","30","8974159791","false","1","8974159791","reported"
"tnl","티앤엘","patch","total","tnl_all.xlsx","* 조회조건 -  [품목 : 3005904000, 국가 : US, $/원]","2023-05","2023-Q2","8299010","11051755486","159674.066","20","41","11051755486","31","30","10695247244.52","false","0.9677","10695247244.52","reported"
"tnl","티앤엘","patch","total","tnl_all.xlsx","* 조회조건 -  [품목 : 3005904000, 국가 : US, $/원]","2023-06","2023-Q2","8194016","10629161295","128622.856","17","32","10629161295","30","30","10629161295","false","1","10629161295","reported"
"tnl","티앤엘","patch","total","tnl_all.xlsx","* 조회조건 -  [품목 : 3005904000, 국가 : US, $/원]","2023-07","2023-Q3","8051464","10385672823","116988.49","15","37","10385672823","31","30","10050651119.03","false","0.9677","10050651119.03","reported"
"tnl","티앤엘","patch","total","tnl_all.xlsx","* 조회조건 -  [품목 : 3005904000, 국가 : US, $/원]","2023-08","2023-Q3","5785939","7610399908","82988.922","22","43","7610399908","31","30","7364903136.77","false","0.9677","7364903136.77","reported"
"tnl","티앤엘","patch","total","tnl_all.xlsx","* 조회조건 -  [품목 : 3005904000, 국가 : US, $/원]","2023-09","2023-Q3","4602265","6105217382","101362.29","21","46","6105217382","30","30","6105217382","false","1","6105217382","reported"
"tnl","티앤엘","patch","total","tnl_all.xlsx","* 조회조건 -  [품목 : 3005904000, 국가 : US, $/원]","2023-10","2023-Q4","4094997","5517089747","63060.475","16","67","5517089747","31","30","5339119110","false","0.9677","5339119110","reported"
"tnl","티앤엘","patch","total","tnl_all.xlsx","* 조회조건 -  [품목 : 3005904000, 국가 : US, $/원]","2023-11","2023-Q4","5367046","7117212207","64104.302","18","80","7117212207","30","30","7117212207","false","1","7117212207","reported"
"tnl","티앤엘","patch","total","tnl_all.xlsx","* 조회조건 -  [품목 : 3005904000, 국가 : US, $/원]","2023-12","2023-Q4","2502327","3260937383","115249.826","20","67","3260937383","31","30","3155745854.52","false","0.9677","3155745854.52","reported"
"tnl","티앤엘","patch","total","tnl_all.xlsx","* 조회조건 -  [품목 : 3005904000, 국가 : US, $/원]","2024-01","2024-Q1","4087981","5367522013","42406.311","12","46","5367522013","31","30","5194376141.61","false","0.9677","5194376141.61","reported"
"tnl","티앤엘","patch","total","tnl_all.xlsx","* 조회조건 -  [품목 : 3005904000, 국가 : US, $/원]","2024-02","2024-Q1","5863029","7817609859","70118.251","15","46","7817609859","29","30","8087182612.76","false","1.0345","8087182612.76","reported"
"tnl","티앤엘","patch","total","tnl_all.xlsx","* 조회조건 -  [품목 : 3005904000, 국가 : US, $/원]","2024-03","2024-Q1","8353346","11085289213","112321.342","17","54","11085289213","31","30","10727699238.39","false","0.9677","10727699238.39","reported"
"tnl","티앤엘","patch","total","tnl_all.xlsx","* 조회조건 -  [품목 : 3005904000, 국가 : US, $/원]","2024-04","2024-Q2","10998081","15009808640","126157.46","19","67","15009808640","30","30","15009808640","false","1","15009808640","reported"
"tnl","티앤엘","patch","total","tnl_all.xlsx","* 조회조건 -  [품목 : 3005904000, 국가 : US, $/원]","2024-05","2024-Q2","10060293","13772589059","139569.66","20","70","13772589059","31","30","13328311992.58","false","0.9677","13328311992.58","reported"
"tnl","티앤엘","patch","total","tnl_all.xlsx","* 조회조건 -  [품목 : 3005904000, 국가 : US, $/원]","2024-06","2024-Q2","11893168","16363856037","160757.647","19","67","16363856037","30","30","16363856037","false","1","16363856037","reported"
"tnl","티앤엘","patch","total","tnl_all.xlsx","* 조회조건 -  [품목 : 3005904000, 국가 : US, $/원]","2024-07","2024-Q3","12523172","17332147587","145780.598","17","69","17332147587","31","30","16773046051.94","false","0.9677","16773046051.94","reported"
"tnl","티앤엘","patch","total","tnl_all.xlsx","* 조회조건 -  [품목 : 3005904000, 국가 : US, $/원]","2024-08","2024-Q3","9823118","13422953765","128250.096","16","60","13422953765","31","30","12989955256.45","false","0.9677","12989955256.45","reported"
"tnl","티앤엘","patch","total","tnl_all.xlsx","* 조회조건 -  [품목 : 3005904000, 국가 : US, $/원]","2024-09","2024-Q3","10685774","14263080685","129392.803","19","65","14263080685","30","30","14263080685","false","1","14263080685","reported"
"tnl","티앤엘","patch","total","tnl_all.xlsx","* 조회조건 -  [품목 : 3005904000, 국가 : US, $/원]","2024-10","2024-Q4","10055012","13525751893","146752.985","21","61","13525751893","31","30","13089437315.81","false","0.9677","13089437315.81","reported"
"tnl","티앤엘","patch","total","tnl_all.xlsx","* 조회조건 -  [품목 : 3005904000, 국가 : US, $/원]","2024-11","2024-Q4","6885595","9571480275","75892.108","21","65","9571480275","30","30","9571480275","false","1","9571480275","reported"
"tnl","티앤엘","patch","total","tnl_all.xlsx","* 조회조건 -  [품목 : 3005904000, 국가 : US, $/원]","2024-12","2024-Q4","7956110","11324818912","188774.971","19","65","11324818912","31","30","10959502172.9","false","0.9677","10959502172.9","reported"
"tnl","티앤엘","patch","total","tnl_all.xlsx","* 조회조건 -  [품목 : 3005904000, 국가 : US, $/원]","2025-01","2025-Q1","14398118","21092267117","103069.612","16","56","21092267117","31","30","20411871403.55","false","0.9677","20411871403.55","reported"
"tnl","티앤엘","patch","total","tnl_all.xlsx","* 조회조건 -  [품목 : 3005904000, 국가 : US, $/원]","2025-02","2025-Q1","8916298","12909371544","104649.146","18","51","12909371544","28","30","13831469511.43","false","1.0714","13831469511.43","reported"
"tnl","티앤엘","patch","total","tnl_all.xlsx","* 조회조건 -  [품목 : 3005904000, 국가 : US, $/원]","2025-03","2025-Q1","7050774","10212906204","81088.01","17","37","10212906204","31","30","9883457616.77","false","0.9677","9883457616.77","reported"
"tnl","티앤엘","patch","total","tnl_all.xlsx","* 조회조건 -  [품목 : 3005904000, 국가 : US, $/원]","2025-04","2025-Q2","10744325","15548493449","130504.952","22","44","15548493449","30","30","15548493449","false","1","15548493449","reported"
"tnl","티앤엘","patch","total","tnl_all.xlsx","* 조회조건 -  [품목 : 3005904000, 국가 : US, $/원]","2025-05","2025-Q2","5147695","7234448537","48725.299","16","34","7234448537","31","30","7001079229.35","false","0.9677","7001079229.35","reported"
"tnl","티앤엘","patch","total","tnl_all.xlsx","* 조회조건 -  [품목 : 3005904000, 국가 : US, $/원]","2025-06","2025-Q2","6672605","9125366596","124073.184","20","40","9125366596","30","30","9125366596","false","1","9125366596","reported"
"tnl","티앤엘","patch","total","tnl_all.xlsx","* 조회조건 -  [품목 : 3005904000, 국가 : US, $/원]","2025-07","2025-Q3","12332871","16917447694","100477.102","16","37","16917447694","31","30","16371723574.84","false","0.9677","16371723574.84","reported"
"tnl","티앤엘","patch","total","tnl_all.xlsx","* 조회조건 -  [품목 : 3005904000, 국가 : US, $/원]","2025-08","2025-Q3","4437510","6155843389","37379.341","13","31","6155843389","31","30","5957267795.81","false","0.9677","5957267795.81","reported"
"tnl","티앤엘","patch","total","tnl_all.xlsx","* 조회조건 -  [품목 : 3005904000, 국가 : US, $/원]","2025-09","2025-Q3","7566361","10519910478","138501.612","21","45","10519910478","30","30","10519910478","false","1","10519910478","reported"
"tnl","티앤엘","patch","total","tnl_all.xlsx","* 조회조건 -  [품목 : 3005904000, 국가 : US, $/원]","2025-10","2025-Q4","7966531","11287364198","75838.508","20","37","11287364198","31","30","10923255675.48","false","0.9677","10923255675.48","reported"
"tnl","티앤엘","patch","total","tnl_all.xlsx","* 조회조건 -  [품목 : 3005904000, 국가 : US, $/원]","2025-11","2025-Q4","5419747","7860056905","94652.683","16","36","7860056905","30","30","7860056905","false","1","7860056905","reported"
"tnl","티앤엘","patch","total","tnl_all.xlsx","* 조회조건 -  [품목 : 3005904000, 국가 : US, $/원]","2025-12","2025-Q4","5725698","8422845331","91115.044","21","49","8422845331","31","30","8151140642.9","false","0.9677","8151140642.9","reported"
"tnl","티앤엘","patch","total","tnl_all.xlsx","* 조회조건 -  [품목 : 3005904000, 국가 : US, $/원]","2026-01","2026-Q1","7565098","11029752488","49720.281","20","33","11029752488","31","30","10673954020.65","false","0.9677","10673954020.65","reported"
"tnl","티앤엘","patch","total","tnl_all.xlsx","* 조회조건 -  [품목 : 3005904000, 국가 : US, $/원]","2026-02","2026-Q1","6753578","9797380594","84860.82","11","29","9797380594","28","30","10497193493.57","false","1.0714","10497193493.57","reported"
"tnl","티앤엘","patch","total","tnl_all.xlsx","* 조회조건 -  [품목 : 3005904000, 국가 : US, $/원]","2026-03","2026-Q1","9912623","14565639378","105958.299","19","45","14565639378","31","30","14095780043.23","false","0.9677","14095780043.23","reported"
"tnl","티앤엘","patch","total","tnl_all.xlsx","* 조회조건 -  [품목 : 3005904000, 국가 : US, $/원]","2026-04","2026-Q2","13190131","19705362537","136621.73","17","43","19705362537","30","30","19705362537","false","1","19705362537","reported"
"tnl","티앤엘","patch","us","tnl_us.xlsx","* 조회조건 -  [품목 : 3005904000, 국가 : US, $/원]","2022-01","2022-Q1","1948040","2297141438","16511.03",,,"2297141438","31","30","2223040101.29","false","0.9677","2223040101.29","reported"
"tnl","티앤엘","patch","us","tnl_us.xlsx","* 조회조건 -  [품목 : 3005904000, 국가 : US, $/원]","2022-02","2022-Q1","1155702","1372193790","10819.61",,,"1372193790","28","30","1470207632.14","false","1.0714","1470207632.14","reported"
"tnl","티앤엘","patch","us","tnl_us.xlsx","* 조회조건 -  [품목 : 3005904000, 국가 : US, $/원]","2022-03","2022-Q1","2149436","2592339698","15434.75",,,"2592339698","31","30","2508715836.77","false","0.9677","2508715836.77","reported"
"tnl","티앤엘","patch","us","tnl_us.xlsx","* 조회조건 -  [품목 : 3005904000, 국가 : US, $/원]","2022-04","2022-Q2","2171005","2639009286","16064.81",,,"2639009286","30","30","2639009286","false","1","2639009286","reported"
"tnl","티앤엘","patch","us","tnl_us.xlsx","* 조회조건 -  [품목 : 3005904000, 국가 : US, $/원]","2022-05","2022-Q2","2447432","3079769232","26376.01",,,"3079769232","31","30","2980421837.42","false","0.9677","2980421837.42","reported"
"tnl","티앤엘","patch","us","tnl_us.xlsx","* 조회조건 -  [품목 : 3005904000, 국가 : US, $/원]","2022-06","2022-Q2","3966565","4960136911","38625.06",,,"4960136911","30","30","4960136911","false","1","4960136911","reported"
"tnl","티앤엘","patch","us","tnl_us.xlsx","* 조회조건 -  [품목 : 3005904000, 국가 : US, $/원]","2022-07","2022-Q3","1857890","2388356667","14313.44",,,"2388356667","31","30","2311312903.55","false","0.9677","2311312903.55","reported"
"tnl","티앤엘","patch","us","tnl_us.xlsx","* 조회조건 -  [품목 : 3005904000, 국가 : US, $/원]","2022-08","2022-Q3","1924347","2493905117","14064.37",,,"2493905117","31","30","2413456564.84","false","0.9677","2413456564.84","reported"
"tnl","티앤엘","patch","us","tnl_us.xlsx","* 조회조건 -  [품목 : 3005904000, 국가 : US, $/원]","2022-09","2022-Q3","2735415","3707671197","20621.42",,,"3707671197","30","30","3707671197","false","1","3707671197","reported"
"tnl","티앤엘","patch","us","tnl_us.xlsx","* 조회조건 -  [품목 : 3005904000, 국가 : US, $/원]","2022-10","2022-Q4","1321755","1882975382","9737.4",,,"1882975382","31","30","1822234240.65","false","0.9677","1822234240.65","reported"
"tnl","티앤엘","patch","us","tnl_us.xlsx","* 조회조건 -  [품목 : 3005904000, 국가 : US, $/원]","2022-11","2022-Q4","2496279","3428395516","17687.32",,,"3428395516","30","30","3428395516","false","1","3428395516","reported"
"tnl","티앤엘","patch","us","tnl_us.xlsx","* 조회조건 -  [품목 : 3005904000, 국가 : US, $/원]","2022-12","2022-Q4","3875897","5072331766","24505.35",,,"5072331766","31","30","4908708160.65","false","0.9677","4908708160.65","reported"
"tnl","티앤엘","patch","us","tnl_us.xlsx","* 조회조건 -  [품목 : 3005904000, 국가 : US, $/원]","2023-01","2023-Q1","2051693","2575143208","10708.96",,,"2575143208","31","30","2492074072.26","false","0.9677","2492074072.26","reported"
"tnl","티앤엘","patch","us","tnl_us.xlsx","* 조회조건 -  [품목 : 3005904000, 국가 : US, $/원]","2023-02","2023-Q1","4696884","5876643801","38104.03",,,"5876643801","28","30","6296404072.5","false","1.0714","6296404072.5","reported"
"tnl","티앤엘","patch","us","tnl_us.xlsx","* 조회조건 -  [품목 : 3005904000, 국가 : US, $/원]","2023-03","2023-Q1","4659739","6099699447","40157.71",,,"6099699447","31","30","5902934948.71","false","0.9677","5902934948.71","reported"
"tnl","티앤엘","patch","us","tnl_us.xlsx","* 조회조건 -  [품목 : 3005904000, 국가 : US, $/원]","2023-04","2023-Q2","5273680","6910837033","35387.65",,,"6910837033","30","30","6910837033","false","1","6910837033","reported"
"tnl","티앤엘","patch","us","tnl_us.xlsx","* 조회조건 -  [품목 : 3005904000, 국가 : US, $/원]","2023-05","2023-Q2","5003157","6658836522","39298.8",,,"6658836522","31","30","6444035343.87","false","0.9677","6444035343.87","reported"
"tnl","티앤엘","patch","us","tnl_us.xlsx","* 조회조건 -  [품목 : 3005904000, 국가 : US, $/원]","2023-06","2023-Q2","6650848","8613798912","54297.29",,,"8613798912","30","30","8613798912","false","1","8613798912","reported"
"tnl","티앤엘","patch","us","tnl_us.xlsx","* 조회조건 -  [품목 : 3005904000, 국가 : US, $/원]","2023-07","2023-Q3","4675930","6029570122","28036.89",,,"6029570122","31","30","5835067860","false","0.9677","5835067860","reported"
"tnl","티앤엘","patch","us","tnl_us.xlsx","* 조회조건 -  [품목 : 3005904000, 국가 : US, $/원]","2023-08","2023-Q3","2768596","3651566863","16986.2",,,"3651566863","31","30","3533774383.55","false","0.9677","3533774383.55","reported"
"tnl","티앤엘","patch","us","tnl_us.xlsx","* 조회조건 -  [품목 : 3005904000, 국가 : US, $/원]","2023-09","2023-Q3","1906738","2528834948","15070.3",,,"2528834948","30","30","2528834948","false","1","2528834948","reported"
"tnl","티앤엘","patch","us","tnl_us.xlsx","* 조회조건 -  [품목 : 3005904000, 국가 : US, $/원]","2023-10","2023-Q4","1469878","1981873033","9855.76",,,"1981873033","31","30","1917941644.84","false","0.9677","1917941644.84","reported"
"tnl","티앤엘","patch","us","tnl_us.xlsx","* 조회조건 -  [품목 : 3005904000, 국가 : US, $/원]","2023-11","2023-Q4","2138200","2837387676","14376.28",,,"2837387676","30","30","2837387676","false","1","2837387676","reported"
"tnl","티앤엘","patch","us","tnl_us.xlsx","* 조회조건 -  [품목 : 3005904000, 국가 : US, $/원]","2023-12","2023-Q4","770359","1006933369","7397.08",,,"1006933369","31","30","974451647.42","false","0.9677","974451647.42","reported"
"tnl","티앤엘","patch","us","tnl_us.xlsx","* 조회조건 -  [품목 : 3005904000, 국가 : US, $/원]","2024-01","2024-Q1","1398039","1835431191","7123.45",,,"1835431191","31","30","1776223733.23","false","0.9677","1776223733.23","reported"
"tnl","티앤엘","patch","us","tnl_us.xlsx","* 조회조건 -  [품목 : 3005904000, 국가 : US, $/원]","2024-02","2024-Q1","3101682","4135486889","18527.35",,,"4135486889","29","30","4278089885.17","false","1.0345","4278089885.17","reported"
"tnl","티앤엘","patch","us","tnl_us.xlsx","* 조회조건 -  [품목 : 3005904000, 국가 : US, $/원]","2024-03","2024-Q1","5328556","7070925734","35805.56",,,"7070925734","31","30","6842831355.48","false","0.9677","6842831355.48","reported"
"tnl","티앤엘","patch","us","tnl_us.xlsx","* 조회조건 -  [품목 : 3005904000, 국가 : US, $/원]","2024-04","2024-Q2","6740015","9219167631","41311.43",,,"9219167631","30","30","9219167631","false","1","9219167631","reported"
"tnl","티앤엘","patch","us","tnl_us.xlsx","* 조회조건 -  [품목 : 3005904000, 국가 : US, $/원]","2024-05","2024-Q2","7300404","10003019606","54312.84",,,"10003019606","31","30","9680341554.19","false","0.9677","9680341554.19","reported"
"tnl","티앤엘","patch","us","tnl_us.xlsx","* 조회조건 -  [품목 : 3005904000, 국가 : US, $/원]","2024-06","2024-Q2","9182471","12628763447","62106.18",,,"12628763447","30","30","12628763447","false","1","12628763447","reported"
"tnl","티앤엘","patch","us","tnl_us.xlsx","* 조회조건 -  [품목 : 3005904000, 국가 : US, $/원]","2024-07","2024-Q3","9275712","12837821226","62248.11",,,"12837821226","31","30","12423697960.65","false","0.9677","12423697960.65","reported"
"tnl","티앤엘","patch","us","tnl_us.xlsx","* 조회조건 -  [품목 : 3005904000, 국가 : US, $/원]","2024-08","2024-Q3","6774712","9248891605","37273.1",,,"9248891605","31","30","8950540262.9","false","0.9677","8950540262.9","reported"
"tnl","티앤엘","patch","us","tnl_us.xlsx","* 조회조건 -  [품목 : 3005904000, 국가 : US, $/원]","2024-09","2024-Q3","6183918","8255832631","33080.26",,,"8255832631","30","30","8255832631","false","1","8255832631","reported"
"tnl","티앤엘","patch","us","tnl_us.xlsx","* 조회조건 -  [품목 : 3005904000, 국가 : US, $/원]","2024-10","2024-Q4","6345769","8523087837","40506.14",,,"8523087837","31","30","8248149519.68","false","0.9677","8248149519.68","reported"
"tnl","티앤엘","patch","us","tnl_us.xlsx","* 조회조건 -  [품목 : 3005904000, 국가 : US, $/원]","2024-11","2024-Q4","3847759","5346782051","27726.24",,,"5346782051","30","30","5346782051","false","1","5346782051","reported"
"tnl","티앤엘","patch","us","tnl_us.xlsx","* 조회조건 -  [품목 : 3005904000, 국가 : US, $/원]","2024-12","2024-Q4","2192527","3089211985","10957.29",,,"3089211985","31","30","2989559985.48","false","0.9677","2989559985.48","reported"
"tnl","티앤엘","patch","us","tnl_us.xlsx","* 조회조건 -  [품목 : 3005904000, 국가 : US, $/원]","2025-01","2025-Q1","11729800","17188208270","71599.64",,,"17188208270","31","30","16633749938.71","false","0.9677","16633749938.71","reported"
"tnl","티앤엘","patch","us","tnl_us.xlsx","* 조회조건 -  [품목 : 3005904000, 국가 : US, $/원]","2025-02","2025-Q1","4658162","6743553900","28315.9",,,"6743553900","28","30","7225236321.43","false","1.0714","7225236321.43","reported"
"tnl","티앤엘","patch","us","tnl_us.xlsx","* 조회조건 -  [품목 : 3005904000, 국가 : US, $/원]","2025-03","2025-Q1","2827388","4096745783","16356.62",,,"4096745783","31","30","3964592693.23","false","0.9677","3964592693.23","reported"
"tnl","티앤엘","patch","us","tnl_us.xlsx","* 조회조건 -  [품목 : 3005904000, 국가 : US, $/원]","2025-04","2025-Q2","4860565","7048383734","33626.61",,,"7048383734","30","30","7048383734","false","1","7048383734","reported"
"tnl","티앤엘","patch","us","tnl_us.xlsx","* 조회조건 -  [품목 : 3005904000, 국가 : US, $/원]","2025-05","2025-Q2","1895291","2665584567","13123.93",,,"2665584567","31","30","2579597968.06","false","0.9677","2579597968.06","reported"
"tnl","티앤엘","patch","us","tnl_us.xlsx","* 조회조건 -  [품목 : 3005904000, 국가 : US, $/원]","2025-06","2025-Q2","2906293","3973613291","19513.92",,,"3973613291","30","30","3973613291","false","1","3973613291","reported"
"tnl","티앤엘","patch","us","tnl_us.xlsx","* 조회조건 -  [품목 : 3005904000, 국가 : US, $/원]","2025-07","2025-Q3","6043059","8296421976","34067.03",,,"8296421976","31","30","8028795460.65","false","0.9677","8028795460.65","reported"
"tnl","티앤엘","patch","us","tnl_us.xlsx","* 조회조건 -  [품목 : 3005904000, 국가 : US, $/원]","2025-08","2025-Q3","2038427","2826656225","11899.79",,,"2826656225","31","30","2735473766.13","false","0.9677","2735473766.13","reported"
"tnl","티앤엘","patch","us","tnl_us.xlsx","* 조회조건 -  [품목 : 3005904000, 국가 : US, $/원]","2025-09","2025-Q3","2951562","4103367912","16120.34",,,"4103367912","30","30","4103367912","false","1","4103367912","reported"
"tnl","티앤엘","patch","us","tnl_us.xlsx","* 조회조건 -  [품목 : 3005904000, 국가 : US, $/원]","2025-10","2025-Q4","5062368","7169993245","33298.58",,,"7169993245","31","30","6938703140.32","false","0.9677","6938703140.32","reported"
"tnl","티앤엘","patch","us","tnl_us.xlsx","* 조회조건 -  [품목 : 3005904000, 국가 : US, $/원]","2025-11","2025-Q4","3957672","5744279635","29952.37",,,"5744279635","30","30","5744279635","false","1","5744279635","reported"
"tnl","티앤엘","patch","us","tnl_us.xlsx","* 조회조건 -  [품목 : 3005904000, 국가 : US, $/원]","2025-12","2025-Q4","2245612","3307065889","16253.83",,,"3307065889","31","30","3200386344.19","false","0.9677","3200386344.19","reported"
"tnl","티앤엘","patch","us","tnl_us.xlsx","* 조회조건 -  [품목 : 3005904000, 국가 : US, $/원]","2026-01","2026-Q1","3274892","4778510639","18132.8",,,"4778510639","31","30","4624365134.52","false","0.9677","4624365134.52","reported"
"tnl","티앤엘","patch","us","tnl_us.xlsx","* 조회조건 -  [품목 : 3005904000, 국가 : US, $/원]","2026-02","2026-Q1","4224052","6132736364","30498.78",,,"6132736364","28","30","6570788961.43","false","1.0714","6570788961.43","reported"
"tnl","티앤엘","patch","us","tnl_us.xlsx","* 조회조건 -  [품목 : 3005904000, 국가 : US, $/원]","2026-03","2026-Q1","6117756","8998742884","36935.73",,,"8998742884","31","30","8708460855.48","false","0.9677","8708460855.48","reported"
"tnl","티앤엘","patch","us","tnl_us.xlsx","* 조회조건 -  [품목 : 3005904000, 국가 : US, $/원]","2026-04","2026-Q2","8843090","13225225171","51258.69",,,"13225225171","30","30","13225225171","false","1","13225225171","reported"
"tnl","티앤엘","patch","us","tnl_us.xlsx","* 조회조건 -  [품목 : 3005904000, 국가 : US, $/원]","2026-05","2026-Q2","5833261","8617304331","33556.18",,,"8617304331","31","30","8339326771.94","false","0.9677","8339326771.94","reported"