modelKey,company,productFamily,asin,month,actualSales,predictedSales,actualRevenue,predictedRevenue,priceUsedForRevenue
global:all:all:simple_power_law,tnl,Mighty Patch core,B074PVTPBW,2024-05,7782,12363.516597276788,93148.55,126849.68028805984,10.26
global:all:all:simple_power_law,tnl,Mighty Patch core,B074PVTPBW,2024-06,7542,12551.156037917039,85499.17,142079.0863492209,11.32
global:all:all:simple_power_law,tnl,Mighty Patch core,B074PVTPBW,2024-07,9405,12389.12116852482,95504.69,128846.86015265813,10.4
global:all:all:simple_power_law,tnl,Mighty Patch core,B074PVTPBW,2024-08,9065,15795.081415785828,108503.42,189067.12454695636,11.97
global:all:all:simple_power_law,tnl,Mighty Patch core,B074PVTPBW,2024-09,9063,15795.081415785828,108489.7,189067.12454695636,11.97
global:all:all:simple_power_law,tnl,Mighty Patch core,B074PVTPBW,2024-10,9362,10910.546042755079,118239.93,137800.19651999665,12.63
global:all:all:simple_power_law,tnl,Mighty Patch core,B074PVTPBW,2024-11,9099,12802.665834210453,117127.77,164770.3092862885,12.87
global:all:all:simple_power_law,tnl,Mighty Patch core,B074PVTPBW,2024-12,10675,12814.999577630768,138316.34,165954.24453031842,12.95
global:all:all:simple_power_law,tnl,Mighty Patch core,B074PVTPBW,2025-01,10112,15996.55095575888,131354.04,207795.19691530784,12.99
global:all:all:simple_power_law,tnl,Mighty Patch core,B074PVTPBW,2025-02,9583,15907.26031434128,120027.14,199317.97173869621,12.53
global:all:all:simple_power_law,tnl,Mighty Patch core,B074PVTPBW,2025-03,8991,12821.144379591778,116794.77,166546.6654908972,12.99
global:all:all:simple_power_law,tnl,Mighty Patch core,B074PVTPBW,2025-04,9694,15996.55095575888,125923.76,207795.19691530784,12.99
global:all:all:simple_power_law,tnl,Mighty Patch core,B074PVTPBW,2025-05,9822,15996.55095575888,127584.85,207795.19691530784,12.99
global:all:all:simple_power_law,tnl,Mighty Patch core,B074PVTPBW,2025-06,11196,15996.55095575888,145434.74,207795.19691530784,12.99
global:all:all:simple_power_law,tnl,Mighty Patch core,B074PVTPBW,2025-07,12253,12821.144379591778,159171.5,166546.6654908972,12.99
global:all:all:simple_power_law,tnl,Mighty Patch core,B074PVTPBW,2025-08,10594,15996.55095575888,137618.16,207795.19691530784,12.99
global:all:all:simple_power_law,tnl,Mighty Patch core,B074PVTPBW,2025-09,10799,15996.55095575888,140281.61,207795.19691530784,12.99
global:all:all:simple_power_law,tnl,Mighty Patch core,B074PVTPBW,2025-10,9055,10864.497842003524,111758.15,133524.6784782233,12.29
global:all:all:simple_power_law,tnl,Mighty Patch core,B074PVTPBW,2025-11,9741,10823.045214418104,116191.64,129768.31212087306,11.99
global:all:all:simple_power_law,tnl,Mighty Patch core,B074PVTPBW,2025-12,9186,8773.444402735991,118429.63,113177.4327952943,12.9
global:all:all:simple_power_law,tnl,Mighty Patch core,B074PVTPBW,2026-01,7604,8729.573824956675,93723.4,109032.37707370886,12.49
global:all:all:simple_power_law,tnl,Mighty Patch core,B074PVTPBW,2026-02,7222,8782.930054965422,93815.64,114090.26141400084,12.99
global:all:all:simple_power_law,tnl,Mighty Patch core,B074PVTPBW,2026-03,8347,9373.52103616649,87415.68,97390.88356576984,10.39
global:all:all:simple_power_law,tnl,Mighty Patch core,B074PVTPBW,2026-04,9602,10888.996887107609,120251.15,135785.7911822319,12.47
global:all:all:simple_power_law,tnl,Mighty Patch core,B074PVTPBW,2026-05,9756,9701.820622934212,126726.65,126026.64989191543,12.99
global:all:all:simple_power_law,tnl,Mighty Patch core,B07B4KQVK6,2024-05,1975,2139.597302318414,42396.9,39411.38230870519,18.42
global:all:all:simple_power_law,tnl,Mighty Patch core,B07B4KQVK6,2024-06,2288,2467.593373374258,43311.6,46785.57035917594,18.96
global:all:all:simple_power_law,tnl,Mighty Patch core,B07B4KQVK6,2024-07,3574,2716.270885523854,62225.41,45334.56107939313,16.69
global:all:all:simple_power_law,tnl,Mighty Patch core,B07B4KQVK6,2024-08,2648,2758.6083486605585,45531.48,47861.85484926069,17.35
global:all:all:simple_power_law,tnl,Mighty Patch core,B07B4KQVK6,2024-09,2803,2843.83768752562,37398.27,38306.4936509701,13.47
global:all:all:simple_power_law,tnl,Mighty Patch core,B07B4KQVK6,2024-10,7900,5061.7128768759885,142968.26,89541.70079193624,17.69
global:all:all:simple_power_law,tnl,Mighty Patch core,B07B4KQVK6,2024-11,9270,13704.708539716514,183629.46,271764.37034257845,19.83
global:all:all:simple_power_law,tnl,Mighty Patch core,B07B4KQVK6,2024-12,10870,17336.570907534246,235463.51,374816.6630208904,21.62
global:all:all:simple_power_law,tnl,Mighty Patch core,B07B4KQVK6,2025-01,10168,17381.19516131422,223397.34,381864.85769407335,21.97
global:all:all:simple_power_law,tnl,Mighty Patch core,B07B4KQVK6,2025-02,9522,17280.95295581959,201797.59,366183.3931338171,21.19
global:all:all:simple_power_law,tnl,Mighty Patch core,B07B4KQVK6,2025-03,8944,13782.901593252533,183172.39,283238.62774133956,20.55
global:all:all:simple_power_law,tnl,Mighty Patch core,B07B4KQVK6,2025-04,9461,17381.19516131422,207861.1,381864.85769407335,21.97
global:all:all:simple_power_law,tnl,Mighty Patch core,B07B4KQVK6,2025-05,9500,17381.19516131422,208720.67,381864.85769407335,21.97
global:all:all:simple_power_law,tnl,Mighty Patch core,B07B4KQVK6,2025-06,11260,17381.19516131422,247377.07,381864.85769407335,21.97
global:all:all:simple_power_law,tnl,Mighty Patch core,B07B4KQVK6,2025-07,12256,13857.906841188427,261199.91,294619.099443666,21.26
global:all:all:simple_power_law,tnl,Mighty Patch core,B07B4KQVK6,2025-08,10659,17172.355556550323,216511.47,349800.88268693007,20.37
global:all:all:simple_power_law,tnl,Mighty Patch core,B07B4KQVK6,2025-09,10799,17381.19516131422,237258.42,381864.85769407335,21.97
global:all:all:simple_power_law,tnl,Mighty Patch core,B07B4KQVK6,2025-10,9051,11687.908325469783,177388.65,228615.48684618896,19.56
global:all:all:simple_power_law,tnl,Mighty Patch core,B07B4KQVK6,2025-11,9741,11690.761943748374,190588.21,229022.02647803063,19.59
global:all:all:simple_power_law,tnl,Mighty Patch core,B07B4KQVK6,2025-12,9186,9382.177326806797,181998.82,185298.00220443425,19.75
global:all:all:simple_power_law,tnl,Mighty Patch core,B07B4KQVK6,2026-01,7604,9379.146730882796,148675.46,184862.9820656999,19.71
global:all:all:simple_power_law,tnl,Mighty Patch core,B07B4KQVK6,2026-02,7222,9543.210043211571,158670.48,209664.3246493582,21.97
global:all:all:simple_power_law,tnl,Mighty Patch core,B07B4KQVK6,2026-03,8360,10497.376781432526,178237.17,224643.86312265604,21.4
global:all:all:simple_power_law,tnl,Mighty Patch core,B07B4KQVK6,2026-04,9622,11842.625516819178,204545.83,251537.36597723933,21.24
global:all:all:simple_power_law,tnl,Mighty Patch core,B07B4KQVK6,2026-05,9732,10541.633816231297,213818.45,231599.69494260158,21.97
global:all:all:simple_power_law,tnl,Mighty Patch core,B07KJS13PK,2024-05,862,855.9151259922984,15389.37,13104.060578942088,15.31
global:all:all:simple_power_law,tnl,Mighty Patch core,B07KJS13PK,2024-06,903,895.1374843898732,14757.58,14662.351994306122,16.38
global:all:all:simple_power_law,tnl,Mighty Patch core,B07KJS13PK,2024-07,1056,741.9249385957326,16066.05,11025.004587532585,14.86
global:all:all:simple_power_law,tnl,Mighty Patch core,B07KJS13PK,2024-08,933,918.9492597905992,16638.39,16394.054794664287,17.84
global:all:all:simple_power_law,tnl,Mighty Patch core,B07KJS13PK,2024-09,992,943.6261270526975,17060.39,16277.550691659031,17.25
global:all:all:simple_power_law,tnl,Mighty Patch core,B07KJS13PK,2024-10,1502,1116.208128249339,26802.01,19913.15300796821,17.84
global:all:all:simple_power_law,tnl,Mighty Patch core,B07KJS13PK,2024-11,1020,676.6954586570454,15151.43,10969.233384830706,16.21
global:all:all:simple_power_law,tnl,Mighty Patch core,B07KJS13PK,2024-12,661,293.97364793964056,8655.98,3148.4577694335508,10.71
global:all:all:simple_power_law,tnl,Mighty Patch core,B07KJS13PK,2025-01,1032,893.9018582620694,18409.15,15947.209151395318,17.84
global:all:all:simple_power_law,tnl,Mighty Patch core,B07KJS13PK,2025-02,1379,1087.3303645797155,22835.2,18017.064141085884,16.57
global:all:all:simple_power_law,tnl,Mighty Patch core,B07KJS13PK,2025-03,1171,942.2551779242376,20883.16,16809.8323741684,17.84
global:all:all:simple_power_law,tnl,Mighty Patch core,B07KJS13PK,2025-04,1253,964.9052471994579,21698.2,16644.61551419065,17.25
global:all:all:simple_power_law,tnl,Mighty Patch core,B07KJS13PK,2025-05,1320,1033.4256739437992,23540.74,18436.314023157378,17.84
global:all:all:simple_power_law,tnl,Mighty Patch core,B07KJS13PK,2025-06,1356,1009.476710981626,24185.09,18009.064523912206,17.84
global:all:all:simple_power_law,tnl,Mighty Patch core,B07KJS13PK,2025-07,1575,1004.2008060686449,26545.34,17332.50591274481,17.26
global:all:all:simple_power_law,tnl,Mighty Patch core,B07KJS13PK,2025-08,1381,1090.422301466681,23145.05,18188.243988464237,16.68
global:all:all:simple_power_law,tnl,Mighty Patch core,B07KJS13PK,2025-09,1659,1300.5836154243732,27619.86,21641.71136066157,16.64
global:all:all:simple_power_law,tnl,Mighty Patch core,B07KJS13PK,2025-10,1945,1381.1217894884246,32662.3,23354.76946024926,16.91
global:all:all:simple_power_law,tnl,Mighty Patch core,B07KJS13PK,2025-11,1961,1361.0667964835227,33258.79,23260.631551903403,17.09
global:all:all:simple_power_law,tnl,Mighty Patch core,B07KJS13PK,2025-12,1910,1195.7645407702432,27840.17,17434.247004430148,14.58
global:all:all:simple_power_law,tnl,Mighty Patch core,B07KJS13PK,2026-01,1966,1374.1172170813431,27430.59,19141.45283394311,13.93
global:all:all:simple_power_law,tnl,Mighty Patch core,B07KJS13PK,2026-02,1849,993.4392182677747,17890.37,9189.312768976915,9.25
global:all:all:simple_power_law,tnl,Mighty Patch core,B07KJS13PK,2026-03,2247,1263.7871488221658,29280.4,16429.232934688156,13
global:all:all:simple_power_law,tnl,Mighty Patch core,B07KJS13PK,2026-04,2420,1268.0432400438142,34820.44,18247.142224230487,14.39
global:all:all:simple_power_law,tnl,Mighty Patch core,B07KJS13PK,2026-05,2335,1198.6191567807577,33599.45,17248.129666075103,14.39
global:all:all:simple_power_law,tnl,Mighty Patch core,B07KJXFJHF,2024-05,647,643.1055358981938,9661.25,8257.475080932809,12.84
global:all:all:simple_power_law,tnl,Mighty Patch core,B07KJXFJHF,2024-06,629,653.1210499617687,11209.42,11638.617110318717,17.82
global:all:all:simple_power_law,tnl,Mighty Patch core,B07KJXFJHF,2024-07,841,641.9262450239576,12446.28,8884.259231131573,13.84
global:all:all:simple_power_law,tnl,Mighty Patch core,B07KJXFJHF,2024-08,689,700.7941782710657,12318.13,12537.207849269365,17.89
global:all:all:simple_power_law,tnl,Mighty Patch core,B07KJXFJHF,2024-09,686,679.6090790919714,12272.54,12158.206424955368,17.89
global:all:all:simple_power_law,tnl,Mighty Patch core,B07KJXFJHF,2024-10,828,676.0650096514883,13984.79,11702.68531706726,17.31
global:all:all:simple_power_law,tnl,Mighty Patch core,B07KJXFJHF,2024-11,625,517.8970435513614,10138.04,8711.0282725339,16.82
global:all:all:simple_power_law,tnl,Mighty Patch core,B07KJXFJHF,2024-12,722,545.2187771997237,12626.13,9552.232976539159,17.52
global:all:all:simple_power_law,tnl,Mighty Patch core,B07KJXFJHF,2025-01,676,610.5800424157105,11375.15,10221.109910038993,16.74
global:all:all:simple_power_law,tnl,Mighty Patch core,B07KJXFJHF,2025-02,694,587.9229284539044,11977.36,10141.670515829852,17.25
global:all:all:simple_power_law,tnl,Mighty Patch core,B07KJXFJHF,2025-03,640,563.1671653296874,11443.25,10075.060587748107,17.89
global:all:all:simple_power_law,tnl,Mighty Patch core,B07KJXFJHF,2025-04,622,543.4041354204494,11128.77,9721.49998267184,17.89
global:all:all:simple_power_law,tnl,Mighty Patch core,B07KJXFJHF,2025-05,624,539.5736913600713,11170.86,9652.973338431675,17.89
global:all:all:simple_power_law,tnl,Mighty Patch core,B07KJXFJHF,2025-06,695,560.079287399693,12064.06,9711.774843510677,17.34
global:all:all:simple_power_law,tnl,Mighty Patch core,B07KJXFJHF,2025-07,762,559.3781943714367,13693.22,10057.619934798433,17.98
global:all:all:simple_power_law,tnl,Mighty Patch core,B07KJXFJHF,2025-08,681,593.8681592793367,12238.72,10671.810822249681,17.97
global:all:all:simple_power_law,tnl,Mighty Patch core,B07KJXFJHF,2025-09,747,628.4471245161355,13428.98,11293.194827554955,17.97
global:all:all:simple_power_law,tnl,Mighty Patch core,B07KJXFJHF,2025-10,708,540.1734624221402,12385.06,9517.856407878111,17.62
global:all:all:simple_power_law,tnl,Mighty Patch core,B07KJXFJHF,2025-11,675,532.2885551282253,10444.64,8356.930315513137,15.7
global:all:all:simple_power_law,tnl,Mighty Patch core,B07KJXFJHF,2025-12,634,475.8538745792547,9265.65,6942.708030111326,14.59
global:all:all:simple_power_law,tnl,Mighty Patch core,B07KJXFJHF,2026-01,644,513.0837039017014,10125.73,8086.199173490813,15.76
global:all:all:simple_power_law,tnl,Mighty Patch core,B07KJXFJHF,2026-02,652,438.7614653361741,11307.62,7603.736194275897,17.33
global:all:all:simple_power_law,tnl,Mighty Patch core,B07KJXFJHF,2026-03,745,457.55884591171827,12721.18,7897.465680436258,17.26
global:all:all:simple_power_law,tnl,Mighty Patch core,B07KJXFJHF,2026-04,861,475.7586449512517,15349.42,8492.291812379844,17.85
global:all:all:simple_power_law,tnl,Mighty Patch core,B07KJXFJHF,2026-05,713,379.26590745350506,11183.33,5681.403293653506,14.98
global:all:all:simple_power_law,tnl,Mighty Patch face/body extensions,B085P3TYPS,2024-05,247,316.1457469427213,3360.22,3695.743781760412,11.69
global:all:all:simple_power_law,tnl,Mighty Patch face/body extensions,B085P3TYPS,2024-06,271,338.8981585317076,3684.97,4581.903103348687,13.52
global:all:all:simple_power_law,tnl,Mighty Patch face/body extensions,B085P3TYPS,2024-07,346,309.53563075137123,4120.37,3367.747662574919,10.88
global:all:all:simple_power_law,tnl,Mighty Patch face/body extensions,B085P3TYPS,2024-08,251,317.62466276169914,3513.75,4443.569032036171,13.99
global:all:all:simple_power_law,tnl,Mighty Patch face/body extensions,B085P3TYPS,2024-09,236,307.2238491190091,3301.17,4298.061649174938,13.99
global:all:all:simple_power_law,tnl,Mighty Patch face/body extensions,B085P3TYPS,2024-10,295,315.81501655379714,3942.47,4276.135324138413,13.54
global:all:all:simple_power_law,tnl,Mighty Patch face/body extensions,B085P3TYPS,2024-11,521,441.49532549623603,6760.15,5765.928950980843,13.06
global:all:all:simple_power_law,tnl,Mighty Patch face/body extensions,B085P3TYPS,2024-12,207,198.95049964509062,2818.43,2747.5064000987013,13.81
global:all:all:simple_power_law,tnl,Mighty Patch face/body extensions,B085P3TYPS,2025-01,218,273.69134353604227,3045.76,3828.9418960692315,13.99
global:all:all:simple_power_law,tnl,Mighty Patch face/body extensions,B085P3TYPS,2025-02,217,261.0048053016621,2811.49,3390.4524208685907,12.99
global:all:all:simple_power_law,tnl,Mighty Patch face/body extensions,B085P3TYPS,2025-03,174,232.33585169187162,2438.77,3250.3785651692842,13.99
global:all:all:simple_power_law,tnl,Mighty Patch face/body extensions,B085P3TYPS,2025-04,317,304.61658379693114,4429.7,4261.586007319067,13.99
global:all:all:simple_power_law,tnl,Mighty Patch face/body extensions,B085P3TYPS,2025-05,304,319.8522361884318,4251.15,4474.732784276161,13.99
global:all:all:simple_power_law,tnl,Mighty Patch face/body extensions,B085P3TYPS,2025-06,288,301.52532025146996,4035.65,4218.339230318064,13.99
global:all:all:simple_power_law,tnl,Mighty Patch face/body extensions,B085P3TYPS,2025-07,354,317.36459334657434,4948.68,4433.583369051644,13.97
global:all:all:simple_power_law,tnl,Mighty Patch face/body extensions,B085P3TYPS,2025-08,475,434.3828263114376,6242.34,5677.383539890489,13.07
global:all:all:simple_power_law,tnl,Mighty Patch face/body extensions,B085P3TYPS,2025-09,529,461.6953500653776,6946.82,6020.507364852524,13.04
global:all:all:simple_power_law,tnl,Mighty Patch face/body extensions,B085P3TYPS,2025-10,535,427.7228864829447,7290.79,5859.803544816342,13.7
global:all:all:simple_power_law,tnl,Mighty Patch face/body extensions,B085P3TYPS,2025-11,506,426.32370699235395,6475.79,5508.102294341213,12.92
global:all:all:simple_power_law,tnl,Mighty Patch face/body extensions,B085P3TYPS,2025-12,453,373.8441468204767,6285.42,5181.479874931807,13.86
global:all:all:simple_power_law,tnl,Mighty Patch face/body extensions,B085P3TYPS,2026-01,466,389.4037294054508,5405.57,4528.765372985393,11.63
global:all:all:simple_power_law,tnl,Mighty Patch face/body extensions,B085P3TYPS,2026-02,521,367.4795039315369,7052.36,4949.948917957802,13.47
global:all:all:simple_power_law,tnl,Mighty Patch face/body extensions,B085P3TYPS,2026-03,601,383.4434931182608,7960.36,5149.6461125782425,13.43
global:all:all:simple_power_law,tnl,Mighty Patch face/body extensions,B085P3TYPS,2026-04,492,314.25081060091935,6797.46,4361.8012511407605,13.88
global:all:all:simple_power_law,tnl,Mighty Patch face/body extensions,B085P3TYPS,2026-05,491,309.590799205123,6854.61,4324.983464895568,13.97
global:all:all:simple_power_law,tnl,Mighty Patch face/body extensions,B09NNF2DXX,2024-05,685,661.1348831056875,11339.51,9381.503991269707,14.19
global:all:all:simple_power_law,tnl,Mighty Patch face/body extensions,B09NNF2DXX,2024-06,668,652.122692242747,10667.47,10407.878168194244,15.96
global:all:all:simple_power_law,tnl,Mighty Patch face/body extensions,B09NNF2DXX,2024-07,1177,709.2731232290294,17110,9326.941570461737,13.15
global:all:all:simple_power_law,tnl,Mighty Patch face/body extensions,B09NNF2DXX,2024-08,853,771.7578024874573,14192.89,12857.484989441038,16.66
global:all:all:simple_power_law,tnl,Mighty Patch face/body extensions,B09NNF2DXX,2024-09,784,722.8944175668189,12975.2,11963.902610730853,16.55
global:all:all:simple_power_law,tnl,Mighty Patch face/body extensions,B09NNF2DXX,2024-10,1133,774.3491592135778,17452.24,12405.073530601516,16.02
global:all:all:simple_power_law,tnl,Mighty Patch face/body extensions,B09NNF2DXX,2024-11,1144,817.9626739845313,17341.75,12727.499207199307,15.56
global:all:all:simple_power_law,tnl,Mighty Patch face/body extensions,B09NNF2DXX,2024-12,1053,684.8882829921458,16965.57,11115.736832962528,16.23
global:all:all:simple_power_law,tnl,Mighty Patch face/body extensions,B09NNF2DXX,2025-01,896,723.848020786952,14361.66,11596.045293006971,16.02
global:all:all:simple_power_law,tnl,Mighty Patch face/body extensions,B09NNF2DXX,2025-02,888,666.1360413419197,13111.74,9845.490691033574,14.78
global:all:all:simple_power_law,tnl,Mighty Patch face/body extensions,B09NNF2DXX,2025-03,738,583.0123370028465,11799.08,9339.857638785601,16.02
global:all:all:simple_power_law,tnl,Mighty Patch face/body extensions,B09NNF2DXX,2025-04,677,542.5402912802632,11209.87,8979.041820688357,16.55
global:all:all:simple_power_law,tnl,Mighty Patch face/body extensions,B09NNF2DXX,2025-05,670,534.9526919503322,11085.3,8853.467051777998,16.55
global:all:all:simple_power_law,tnl,Mighty Patch face/body extensions,B09NNF2DXX,2025-06,656,504.3195536408461,10962.96,8427.17974133854,16.71
global:all:all:simple_power_law,tnl,Mighty Patch face/body extensions,B09NNF2DXX,2025-07,805,531.0658202087596,13194.64,8661.68352760487,16.31
global:all:all:simple_power_law,tnl,Mighty Patch face/body extensions,B09NNF2DXX,2025-08,643,531.4701382706878,10840.53,8955.27182986109,16.85
global:all:all:simple_power_law,tnl,Mighty Patch face/body extensions,B09NNF2DXX,2025-09,622,506.34098187325725,10165.61,8248.29459471536,16.29
global:all:all:simple_power_law,tnl,Mighty Patch face/body extensions,B09NNF2DXX,2025-10,627,463.66400842033516,9901.49,7409.350854556956,15.98
global:all:all:simple_power_law,tnl,Mighty Patch face/body extensions,B09NNF2DXX,2025-11,591,458.6109051744587,9068.12,7122.227357359344,15.53
global:all:all:simple_power_law,tnl,Mighty Patch face/body extensions,B09NNF2DXX,2025-12,425,327.7360207709115,7095.07,5483.0236274973495,16.73
global:all:all:simple_power_law,tnl,Mighty Patch face/body extensions,B09NNF2DXX,2026-01,487,389.5267040061974,7895.69,6310.332604900398,16.2
global:all:all:simple_power_law,tnl,Mighty Patch face/body extensions,B09NNF2DXX,2026-02,674,422.5322388602847,11047.35,6925.303394920066,16.39
global:all:all:simple_power_law,tnl,Mighty Patch face/body extensions,B09NNF2DXX,2026-03,664,396.7801083122089,10514.4,6360.3851362447085,16.03
global:all:all:simple_power_law,tnl,Mighty Patch face/body extensions,B09NNF2DXX,2026-04,691,378.83564845787055,11290.06,6171.232713378711,16.29
global:all:all:simple_power_law,tnl,Mighty Patch face/body extensions,B09NNF2DXX,2026-05,556,320.50001456674096,8977.54,5176.075235252866,16.15
global:all:all:simple_power_law,tnl,Mighty Patch face/body extensions,B0B16VD9RQ,2024-05,170,248.47557813318267,3144.47,3933.368401848282,15.83
global:all:all:simple_power_law,tnl,Mighty Patch face/body extensions,B0B16VD9RQ,2024-06,182,261.3938001456957,3276.42,4692.018712615238,17.95
global:all:all:simple_power_law,tnl,Mighty Patch face/body extensions,B0B16VD9RQ,2024-07,200,223.30458873924883,2129.07,2713.1507531818734,12.15
global:all:all:simple_power_law,tnl,Mighty Patch face/body extensions,B0B16VD9RQ,2024-08,196,268.7956410016454,3907.85,5357.0971251627925,19.93
global:all:all:simple_power_law,tnl,Mighty Patch face/body extensions,B0B16VD9RQ,2024-09,218,293.04660641143346,4363.82,5858.001662164555,19.99
global:all:all:simple_power_law,tnl,Mighty Patch face/body extensions,B0B16VD9RQ,2024-10,261,293.52718641509176,4683.38,5486.023114098065,18.69
global:all:all:simple_power_law,tnl,Mighty Patch face/body extensions,B0B16VD9RQ,2024-11,219,251.12427791140132,3954.96,4663.377840814723,18.57
global:all:all:simple_power_law,tnl,Mighty Patch face/body extensions,B0B16VD9RQ,2024-12,270,271.3665832904341,5300.61,5343.208024988648,19.69
global:all:all:simple_power_law,tnl,Mighty Patch face/body extensions,B0B16VD9RQ,2025-01,228,283.8784605372788,4560.6,5671.89164153483,19.98
global:all:all:simple_power_law,tnl,Mighty Patch face/body extensions,B0B16VD9RQ,2025-02,240,280.49050977007585,4605.39,5405.052123269362,19.27
global:all:all:simple_power_law,tnl,Mighty Patch face/body extensions,B0B16VD9RQ,2025-03,206,257.64475942242603,4114.59,5147.742293260072,19.98
global:all:all:simple_power_law,tnl,Mighty Patch face/body extensions,B0B16VD9RQ,2025-04,206,249.94467397937623,4120.54,4993.894586107937,19.98
global:all:all:simple_power_law,tnl,Mighty Patch face/body extensions,B0B16VD9RQ,2025-05,206,252.09817265118377,3988.91,4875.578659073894,19.34
global:all:all:simple_power_law,tnl,Mighty Patch face/body extensions,B0B16VD9RQ,2025-06,211,251.84110700633138,4221.11,5031.7853179865015,19.98
global:all:all:simple_power_law,tnl,Mighty Patch face/body extensions,B0B16VD9RQ,2025-07,231,249.66478399699216,4385.93,4828.516922501828,19.34
global:all:all:simple_power_law,tnl,Mighty Patch face/body extensions,B0B16VD9RQ,2025-08,240,281.569181250139,4666.52,5442.732273565187,19.33
global:all:all:simple_power_law,tnl,Mighty Patch face/body extensions,B0B16VD9RQ,2025-09,223,259.9259423841581,3910.13,4499.318062669776,17.31
global:all:all:simple_power_law,tnl,Mighty Patch face/body extensions,B0B16VD9RQ,2025-10,202,231.24729387710127,3661.31,4231.825477950953,18.3
global:all:all:simple_power_law,tnl,Mighty Patch face/body extensions,B0B16VD9RQ,2025-11,213,240.67930209827767,3633.43,4125.24323796448,17.14
global:all:all:simple_power_law,tnl,Mighty Patch face/body extensions,B0B16VD9RQ,2025-12,194,219.21401968349738,3836.11,4342.629729930083,19.81
global:all:all:simple_power_law,tnl,Mighty Patch face/body extensions,B0B16VD9RQ,2026-01,174,211.31611453147872,3211.09,3919.9139245589304,18.55
global:all:all:simple_power_law,tnl,Mighty Patch face/body extensions,B0B16VD9RQ,2026-02,159,187.574776429302,3165.96,3745.8682852931606,19.97
global:all:all:simple_power_law,tnl,Mighty Patch face/body extensions,B0B16VD9RQ,2026-03,169,187.13621639481232,3250.6,3617.343062911722,19.33
global:all:all:simple_power_law,tnl,Mighty Patch face/body extensions,B0B16VD9RQ,2026-04,155,167.49378113010212,2992.17,3232.6299758109712,19.3
global:all:all:simple_power_law,tnl,Mighty Patch face/body extensions,B0B16VD9RQ,2026-05,182,178.45653642246384,3481.44,3415.658107125958,19.14
global:all:all:simple_power_law,tnl,Mighty Patch face/body extensions,B0BMM44HBF,2024-05,150,105.85205407032635,2695.5,1632.2386737644322,15.42
global:all:all:simple_power_law,tnl,Mighty Patch face/body extensions,B0BMM44HBF,2024-06,165,257.29267043655494,2872.8,4471.746612187325,17.38
global:all:all:simple_power_law,tnl,Mighty Patch face/body extensions,B0BMM44HBF,2024-07,234,244.3543931480658,3757.12,3486.937190222899,14.27
global:all:all:simple_power_law,tnl,Mighty Patch face/body extensions,B0BMM44HBF,2024-08,212,296.60152999260094,3806.54,5332.895509266965,17.98
global:all:all:simple_power_law,tnl,Mighty Patch face/body extensions,B0BMM44HBF,2024-09,213,299.90870495195327,3831.54,5392.35851503612,17.98
global:all:all:simple_power_law,tnl,Mighty Patch face/body extensions,B0BMM44HBF,2024-10,249,278.61980640709527,3983.44,4686.385143767343,16.82
global:all:all:simple_power_law,tnl,Mighty Patch face/body extensions,B0BMM44HBF,2024-11,286,317.0312272001321,5148.27,5700.2214650583755,17.98
global:all:all:simple_power_law,tnl,Mighty Patch face/body extensions,B0BMM44HBF,2024-12,205,232.36238089004706,3687.06,4177.8756084030465,17.98
global:all:all:simple_power_law,tnl,Mighty Patch face/body extensions,B0BMM44HBF,2025-01,170,241.20623563064225,2969.02,4196.988499973175,17.4
global:all:all:simple_power_law,tnl,Mighty Patch face/body extensions,B0BMM44HBF,2025-02,172,233.24376508649746,2856.25,3895.1708769445077,16.7
global:all:all:simple_power_law,tnl,Mighty Patch face/body extensions,B0BMM44HBF,2025-03,157,222.690405368423,2743.4,3874.81305341056,17.4
global:all:all:simple_power_law,tnl,Mighty Patch face/body extensions,B0BMM44HBF,2025-04,153,217.99184238921313,2751.54,3919.4933261580522,17.98
global:all:all:simple_power_law,tnl,Mighty Patch face/body extensions,B0BMM44HBF,2025-05,142,208.28192526101037,2558.38,3744.9090161929666,17.98
global:all:all:simple_power_law,tnl,Mighty Patch face/body extensions,B0BMM44HBF,2025-06,155,215.48080179537308,2782.7,3874.344816280808,17.98
global:all:all:simple_power_law,tnl,Mighty Patch face/body extensions,B0BMM44HBF,2025-07,186,224.17194389030993,3337.32,4030.611551147773,17.98
global:all:all:simple_power_law,tnl,Mighty Patch face/body extensions,B0BMM44HBF,2025-08,163,227.59043340027708,2745.14,3828.0710897926606,16.82
global:all:all:simple_power_law,tnl,Mighty Patch face/body extensions,B0BMM44HBF,2025-09,147,212.5876198002465,2471.02,3565.0943840501336,16.77
global:all:all:simple_power_law,tnl,Mighty Patch face/body extensions,B0BMM44HBF,2025-10,158,205.42331931260122,2665.91,3500.4133610867248,17.04
global:all:all:simple_power_law,tnl,Mighty Patch face/body extensions,B0BMM44HBF,2025-11,163,210.23560471773703,2491.54,3243.9353807946823,15.43
global:all:all:simple_power_law,tnl,Mighty Patch face/body extensions,B0BMM44HBF,2025-12,135,185.01885322584792,2399.5,3298.8861530168683,17.83
global:all:all:simple_power_law,tnl,Mighty Patch face/body extensions,B0BMM44HBF,2026-01,140,198.2047823036092,2411.23,3424.978638206367,17.28
global:all:all:simple_power_law,tnl,Mighty Patch face/body extensions,B0BMM44HBF,2026-02,142,178.91164936413924,2391.29,2986.0354278874843,16.69
global:all:all:simple_power_law,tnl,Mighty Patch face/body extensions,B0BMM44HBF,2026-03,146,178.3102583077874,2617.24,3204.2353417909394,17.97
global:all:all:simple_power_law,tnl,Mighty Patch face/body extensions,B0BMM44HBF,2026-04,155,173.67521237919894,2787.75,3120.9435664542048,17.97
global:all:all:simple_power_law,tnl,Mighty Patch face/body extensions,B0BMM44HBF,2026-05,169,175.88687228455083,3031.69,3160.687094953378,17.97
global:all:all:simple_power_law,tnl,Mighty Patch face/body extensions,B0BPDBYRTZ,2024-05,1007,895.5384789544246,11796.95,8991.206328702423,10.04
global:all:all:simple_power_law,tnl,Mighty Patch face/body extensions,B0BPDBYRTZ,2024-06,1021,894.2374368774285,11176.45,9765.07281070152,10.92
global:all:all:simple_power_law,tnl,Mighty Patch face/body extensions,B0BPDBYRTZ,2024-07,1257,763.4138106679834,12211.5,6458.48083825114,8.46
global:all:all:simple_power_law,tnl,Mighty Patch face/body extensions,B0BPDBYRTZ,2024-08,1088,959.4306389291042,12906.74,11378.847377699176,11.86
global:all:all:simple_power_law,tnl,Mighty Patch face/body extensions,B0BPDBYRTZ,2024-09,1098,942.2458096597569,13027.42,11175.035302564716,11.86
global:all:all:simple_power_law,tnl,Mighty Patch face/body extensions,B0BPDBYRTZ,2024-10,1119,733.6369879386461,11455.99,7578.470085406215,10.33
global:all:all:simple_power_law,tnl,Mighty Patch face/body extensions,B0BPDBYRTZ,2024-11,1406,987.9875736206279,15900.78,11282.81809074757,11.42
global:all:all:simple_power_law,tnl,Mighty Patch face/body extensions,B0BPDBYRTZ,2024-12,1473,905.6866596092192,17225.89,10596.533917427863,11.7
global:all:all:simple_power_law,tnl,Mighty Patch face/body extensions,B0BPDBYRTZ,2025-01,1178,913.1148896001355,13967.64,10829.542590657606,11.86
global:all:all:simple_power_law,tnl,Mighty Patch face/body extensions,B0BPDBYRTZ,2025-02,1211,872.6845888956492,13818.17,9983.511696966227,11.44
global:all:all:simple_power_law,tnl,Mighty Patch face/body extensions,B0BPDBYRTZ,2025-03,1072,784.3204116633775,11888.31,8698.113365346857,11.09
global:all:all:simple_power_law,tnl,Mighty Patch face/body extensions,B0BPDBYRTZ,2025-04,1079,782.3992654032257,12797.73,9279.255287682257,11.86
global:all:all:simple_power_law,tnl,Mighty Patch face/body extensions,B0BPDBYRTZ,2025-05,1087,778.8225265539177,12887.61,9236.835164929464,11.86
global:all:all:simple_power_law,tnl,Mighty Patch face/body extensions,B0BPDBYRTZ,2025-06,1006,674.3998835332293,12363.09,8349.070558141379,12.38
global:all:all:simple_power_law,tnl,Mighty Patch face/body extensions,B0BPDBYRTZ,2025-07,1155,727.2175300425951,14980.77,9432.011364652459,12.97
global:all:all:simple_power_law,tnl,Mighty Patch face/body extensions,B0BPDBYRTZ,2025-08,1063,793.3782572258201,12898.04,9623.678260149198,12.13
global:all:all:simple_power_law,tnl,Mighty Patch face/body extensions,B0BPDBYRTZ,2025-09,1142,844.1244245293276,14805.26,10948.29378614538,12.97
global:all:all:simple_power_law,tnl,Mighty Patch face/body extensions,B0BPDBYRTZ,2025-10,1133,741.470907733318,12927.74,8437.938930005159,11.38
global:all:all:simple_power_law,tnl,Mighty Patch face/body extensions,B0BPDBYRTZ,2025-11,1096,724.5517424841196,11292.54,7441.146395311908,10.27
global:all:all:simple_power_law,tnl,Mighty Patch face/body extensions,B0BPDBYRTZ,2025-12,898,601.7261651308393,11549.24,7744.215745233901,12.87
global:all:all:simple_power_law,tnl,Mighty Patch face/body extensions,B0BPDBYRTZ,2026-01,1058,714.8797484504058,11228.98,7584.874131058806,10.61
global:all:all:simple_power_law,tnl,Mighty Patch face/body extensions,B0BPDBYRTZ,2026-02,1357,725.5924596925271,14368.35,7676.7682235469365,10.58
global:all:all:simple_power_law,tnl,Mighty Patch face/body extensions,B0BPDBYRTZ,2026-03,1477,746.8376370981614,15974.37,8080.783233402107,10.82
global:all:all:simple_power_law,tnl,Mighty Patch face/body extensions,B0BPDBYRTZ,2026-04,1213,545.754512361689,12538.34,5588.526206583695,10.24
global:all:all:simple_power_law,tnl,Mighty Patch face/body extensions,B0BPDBYRTZ,2026-05,1201,537.7908162874298,11373.07,5082.123213916211,9.45
global:all:all:simple_power_law,tnl,Adjacent patch,B0BS49YW8Z,2024-05,171,196.1812883732883,1050.9,1035.8372026109623,5.28
global:all:all:simple_power_law,tnl,Adjacent patch,B0BS49YW8Z,2024-06,162,197.655918866992,1245.27,1527.8802528418482,7.73
global:all:all:simple_power_law,tnl,Adjacent patch,B0BS49YW8Z,2024-07,235,210.7555556374777,2354.46,1791.4222229185605,8.5
global:all:all:simple_power_law,tnl,Adjacent patch,B0BS49YW8Z,2024-08,222,262.14956347468643,2885.75,3402.70133390143,12.98
global:all:all:simple_power_law,tnl,Adjacent patch,B0BS49YW8Z,2024-09,226,261.31085868972315,2933.48,3391.8149457926065,12.98
global:all:all:simple_power_law,tnl,Adjacent patch,B0BS49YW8Z,2024-10,258,255.29685041591503,3175.49,3206.528441223893,12.56
global:all:all:simple_power_law,tnl,Adjacent patch,B0BS49YW8Z,2024-11,204,211.559761213333,2649.65,2746.0457005490625,12.98
global:all:all:simple_power_law,tnl,Adjacent patch,B0BS49YW8Z,2024-12,226,210.5440311457108,2928.46,2732.8615242713263,12.98
global:all:all:simple_power_law,tnl,Adjacent patch,B0BS49YW8Z,2025-01,264,269.90352213544537,3431.74,3503.347717318081,12.98
global:all:all:simple_power_law,tnl,Adjacent patch,B0BS49YW8Z,2025-02,313,289.02532321399474,3928.3,3618.597046639214,12.52
global:all:all:simple_power_law,tnl,Adjacent patch,B0BS49YW8Z,2025-03,277,269.1946948342536,3599.23,3494.147138948612,12.98
global:all:all:simple_power_law,tnl,Adjacent patch,B0BS49YW8Z,2025-04,254,252.55866128440476,3294.76,3278.211423471574,12.98
global:all:all:simple_power_law,tnl,Adjacent patch,B0BS49YW8Z,2025-05,244,244.77871608269106,3163.77,3177.22773475333,12.98
global:all:all:simple_power_law,tnl,Adjacent patch,B0BS49YW8Z,2025-06,203,208.0880788893751,2631.17,2700.9832639840893,12.98
global:all:all:simple_power_law,tnl,Adjacent patch,B0BS49YW8Z,2025-07,242,223.1343936373019,3135.39,2894.053085475806,12.97
global:all:all:simple_power_law,tnl,Adjacent patch,B0BS49YW8Z,2025-08,283,273.2320352972164,3668.42,3543.819497804897,12.97
global:all:all:simple_power_law,tnl,Adjacent patch,B0BS49YW8Z,2025-09,259,254.18653512610084,3359.23,3296.799360585528,12.97
global:all:all:simple_power_law,tnl,Adjacent patch,B0BS49YW8Z,2025-10,243,225.03966202610474,2985.73,2767.9878429210885,12.3
global:all:all:simple_power_law,tnl,Adjacent patch,B0BS49YW8Z,2025-11,231,217.77671776965062,2569.97,2430.388170309301,11.16
global:all:all:simple_power_law,tnl,Adjacent patch,B0BS49YW8Z,2025-12,213,196.0621300827892,2249.76,2064.5342297717702,10.53
global:all:all:simple_power_law,tnl,Adjacent patch,B0BS49YW8Z,2026-01,252,220.37956624841826,2281.23,2012.0654398480588,9.13
global:all:all:simple_power_law,tnl,Adjacent patch,B0BS49YW8Z,2026-02,292,217.87923794971866,2990.11,2220.189434707633,10.19
global:all:all:simple_power_law,tnl,Adjacent patch,B0BS49YW8Z,2026-03,318,222.5557021837202,3461.67,2425.8571538025503,10.9
global:all:all:simple_power_law,tnl,Adjacent patch,B0BS49YW8Z,2026-04,323,209.314938860388,3538.92,2296.1848792984565,10.97
global:all:all:simple_power_law,tnl,Adjacent patch,B0BS49YW8Z,2026-05,358,217.81759289299418,3922.69,2389.458994036146,10.97
global:all:all:simple_power_law,tnl,Mighty Patch face/body extensions,B0BWL2J93X,2024-05,1017,1007.1915366301557,23772.43,20194.190309434623,20.05
global:all:all:simple_power_law,tnl,Mighty Patch face/body extensions,B0BWL2J93X,2024-06,1021,998.7756645497898,22724.23,22242.734049523817,22.27
global:all:all:simple_power_law,tnl,Mighty Patch face/body extensions,B0BWL2J93X,2024-07,1263,871.6110015912386,25656.1,15863.320228960541,18.2
global:all:all:simple_power_law,tnl,Mighty Patch face/body extensions,B0BWL2J93X,2024-08,1095,1077.8299349967017,26267.5,25857.14014057087,23.99
global:all:all:simple_power_law,tnl,Mighty Patch face/body extensions,B0BWL2J93X,2024-09,1102,1044.97981820738,24748.08,23397.09812966324,22.39
global:all:all:simple_power_law,tnl,Mighty Patch face/body extensions,B0BWL2J93X,2024-10,1116,843.0491777458858,26771.29,20224.7497741238,23.99
global:all:all:simple_power_law,tnl,Mighty Patch face/body extensions,B0BWL2J93X,2024-11,1402,1108.7574626872276,33643.58,26599.09152986659,23.99
global:all:all:simple_power_law,tnl,Mighty Patch face/body extensions,B0BWL2J93X,2024-12,1466,1009.9140481734421,35179.4,24227.838015680874,23.99
global:all:all:simple_power_law,tnl,Mighty Patch face/body extensions,B0BWL2J93X,2025-01,1160,1005.4085008735617,27819.11,24119.749935956745,23.99
global:all:all:simple_power_law,tnl,Mighty Patch face/body extensions,B0BWL2J93X,2025-02,1242,989.5986117631957,27434.87,21909.713264437152,22.14
global:all:all:simple_power_law,tnl,Mighty Patch face/body extensions,B0BWL2J93X,2025-03,1099,903.6581057464978,26097.92,21452.843430421857,23.74
global:all:all:simple_power_law,tnl,Mighty Patch face/body extensions,B0BWL2J93X,2025-04,1076,870.0894130858164,25535.54,20655.92266665728,23.74
global:all:all:simple_power_law,tnl,Mighty Patch face/body extensions,B0BWL2J93X,2025-05,1086,868.1068984556658,25770.92,20608.857769337505,23.74
global:all:all:simple_power_law,tnl,Mighty Patch face/body extensions,B0BWL2J93X,2025-06,1006,747.6013869660168,23887.98,17748.056926573237,23.74
global:all:all:simple_power_law,tnl,Mighty Patch face/body extensions,B0BWL2J93X,2025-07,1156,796.8852479079007,26670.74,18304.45414444448,22.97
global:all:all:simple_power_law,tnl,Mighty Patch face/body extensions,B0BWL2J93X,2025-08,1057,872.4944993910206,24271.47,20041.198651011742,22.97
global:all:all:simple_power_law,tnl,Mighty Patch face/body extensions,B0BWL2J93X,2025-09,1147,927.5305764866736,26267.52,21286.826730369157,22.95
global:all:all:simple_power_law,tnl,Mighty Patch face/body extensions,B0BWL2J93X,2025-10,1136,833.6212028571096,26314.21,19406.701602513513,23.28
global:all:all:simple_power_law,tnl,Mighty Patch face/body extensions,B0BWL2J93X,2025-11,1096,806.9024819338123,22236.53,16476.94868108845,20.42
global:all:all:simple_power_law,tnl,Mighty Patch face/body extensions,B0BWL2J93X,2025-12,898,635.3367959487456,16326.93,11550.422950348195,18.18
global:all:all:simple_power_law,tnl,Mighty Patch face/body extensions,B0BWL2J93X,2026-01,1058,776.3469096362512,19035.16,13966.480904356158,17.99
global:all:all:simple_power_law,tnl,Mighty Patch face/body extensions,B0BWL2J93X,2026-02,1357,788.3212604496989,24411.79,14181.899475490081,17.99
global:all:all:simple_power_law,tnl,Mighty Patch face/body extensions,B0BWL2J93X,2026-03,1476,807.7401599029549,26552.73,14531.245476654158,17.99
global:all:all:simple_power_law,tnl,Mighty Patch face/body extensions,B0BWL2J93X,2026-04,1205,584.7394595337225,20007.88,9817.775525571202,16.79
global:all:all:simple_power_law,tnl,Mighty Patch face/body extensions,B0BWL2J93X,2026-05,1208,601.5482295187758,21738.67,10821.852649042776,17.99
global:all:all:simple_power_law,tnl,Low-confidence Hero product,B0CGMC8WS9,2024-05,67,137.20889018224784,952.33,1675.3205491252463,12.21
global:all:all:simple_power_law,tnl,Low-confidence Hero product,B0CGMC8WS9,2024-06,70,142.81334737952622,1000.83,2069.365403529335,14.49
global:all:all:simple_power_law,tnl,Low-confidence Hero product,B0CGMC8WS9,2024-07,91,134.0469360216717,1093.28,1465.1330107168717,10.93
global:all:all:simple_power_law,tnl,Low-confidence Hero product,B0CGMC8WS9,2024-08,58,128.62483039043337,868.94,1928.0862075525963,14.99
global:all:all:simple_power_law,tnl,Low-confidence Hero product,B0CGMC8WS9,2024-09,56,125.66355646999376,839.94,1883.6967114852066,14.99
global:all:all:simple_power_law,tnl,Low-confidence Hero product,B0CGMC8WS9,2024-10,103,160.98763368979095,1475.79,2335.9305648388668,14.51
global:all:all:simple_power_law,tnl,Low-confidence Hero product,B0CGMC8WS9,2024-11,176,203.88820152453133,2620.63,3042.011966746007,14.92
global:all:all:simple_power_law,tnl,Low-confidence Hero product,B0CGMC8WS9,2024-12,252,244.25670477369667,3751.68,3634.5397670326065,14.88
global:all:all:simple_power_law,tnl,Low-confidence Hero product,B0CGMC8WS9,2025-01,204,253.20301538187394,3029.28,3767.6608688822844,14.88
global:all:all:simple_power_law,tnl,Low-confidence Hero product,B0CGMC8WS9,2025-02,225,256.5687937779968,3227.37,3681.762190714254,14.35
global:all:all:simple_power_law,tnl,Low-confidence Hero product,B0CGMC8WS9,2025-03,204,248.45831622622777,3036.96,3697.0597454462695,14.88
global:all:all:simple_power_law,tnl,Low-confidence Hero product,B0CGMC8WS9,2025-04,180,228.79288526439575,2680.38,3404.438132734209,14.88
global:all:all:simple_power_law,tnl,Low-confidence Hero product,B0CGMC8WS9,2025-05,196,239.26216096641846,2916.48,3560.220955180307,14.88
global:all:all:simple_power_law,tnl,Low-confidence Hero product,B0CGMC8WS9,2025-06,188,228.55790909031126,2792.48,3400.9416872638317,14.88
global:all:all:simple_power_law,tnl,Low-confidence Hero product,B0CGMC8WS9,2025-07,243,245.92186697666548,3618.24,3659.3173806127825,14.88
global:all:all:simple_power_law,tnl,Low-confidence Hero product,B0CGMC8WS9,2025-08,215,253.14607429971593,2882.4,3402.283238588182,13.44
global:all:all:simple_power_law,tnl,Low-confidence Hero product,B0CGMC8WS9,2025-09,214,251.80960234476595,3096.53,3621.0220817177346,14.38
global:all:all:simple_power_law,tnl,Low-confidence Hero product,B0CGMC8WS9,2025-10,236,243.68524659114127,3291.59,3438.3988294010032,14.11
global:all:all:simple_power_law,tnl,Low-confidence Hero product,B0CGMC8WS9,2025-11,292,274.301511728483,3784.98,3639.9810606369692,13.27
global:all:all:simple_power_law,tnl,Low-confidence Hero product,B0CGMC8WS9,2025-12,240,233.78690690278847,3528.72,3450.6947458851578,14.76
global:all:all:simple_power_law,tnl,Low-confidence Hero product,B0CGMC8WS9,2026-01,265,267.97584154445093,3938.4,3987.48052218143,14.88
global:all:all:simple_power_law,tnl,Low-confidence Hero product,B0CGMC8WS9,2026-02,314,260.5060615306951,4338.58,3600.193770354206,13.82
global:all:all:simple_power_law,tnl,Low-confidence Hero product,B0CGMC8WS9,2026-03,363,268.9103003374275,5137.56,3845.417294825213,14.3
global:all:all:simple_power_law,tnl,Low-confidence Hero product,B0CGMC8WS9,2026-04,378,253.33140471662765,5230.99,3518.7732115139584,13.89
global:all:all:simple_power_law,tnl,Low-confidence Hero product,B0CGMC8WS9,2026-05,510,294.10632678752927,6855.96,4011.6102973818993,13.64
global:all:all:simple_power_law,tnl,Mighty Patch face/body extensions,B0CMDGP48L,2024-05,79,164.43016076747313,1418.21,2535.5130790344356,15.42
global:all:all:simple_power_law,tnl,Mighty Patch face/body extensions,B0CMDGP48L,2024-06,80,167.94157532552947,1398.42,2920.5039949109578,17.39
global:all:all:simple_power_law,tnl,Mighty Patch face/body extensions,B0CMDGP48L,2024-07,117,175.6284575700707,1878.94,2609.8388794912507,14.86
global:all:all:simple_power_law,tnl,Mighty Patch face/body extensions,B0CMDGP48L,2024-08,98,153.8842398514372,450.33,714.0228729106685,4.64
global:all:all:simple_power_law,tnl,Mighty Patch face/body extensions,B0CMDGP48L,2024-09,99,187.67034311998015,1789.41,3376.1894727284425,17.99
global:all:all:simple_power_law,tnl,Mighty Patch face/body extensions,B0CMDGP48L,2024-10,130,197.84574832258983,2042.74,3214.993410242085,16.25
global:all:all:simple_power_law,tnl,Mighty Patch face/body extensions,B0CMDGP48L,2024-11,172,229.9639932133382,3087.08,4137.052237907954,17.99
global:all:all:simple_power_law,tnl,Mighty Patch face/body extensions,B0CMDGP48L,2024-12,149,193.3183186775914,2676.45,3477.796553009869,17.99
global:all:all:simple_power_law,tnl,Mighty Patch face/body extensions,B0CMDGP48L,2025-01,120,203.80506805378275,2151.84,3666.4531742875515,17.99
global:all:all:simple_power_law,tnl,Mighty Patch face/body extensions,B0CMDGP48L,2025-02,118,190.7832438978572,2036.08,3310.089281627823,17.35
global:all:all:simple_power_law,tnl,Mighty Patch face/body extensions,B0CMDGP48L,2025-03,106,178.24790926156027,1784.49,2999.912312872059,16.83
global:all:all:simple_power_law,tnl,Mighty Patch face/body extensions,B0CMDGP48L,2025-04,101,173.02590475594408,1810.99,3112.736026559434,17.99
global:all:all:simple_power_law,tnl,Mighty Patch face/body extensions,B0CMDGP48L,2025-05,101,175.8227041199025,1810.03,3163.0504471170457,17.99
global:all:all:simple_power_law,tnl,Mighty Patch face/body extensions,B0CMDGP48L,2025-06,105,179.28846991323783,1893.15,3225.3995737391483,17.99
global:all:all:simple_power_law,tnl,Mighty Patch face/body extensions,B0CMDGP48L,2025-07,128,187.92304866124024,2311.42,3380.7356454157116,17.99
global:all:all:simple_power_law,tnl,Mighty Patch face/body extensions,B0CMDGP48L,2025-08,132,204.62183924136679,2383.38,3681.146887952188,17.99
global:all:all:simple_power_law,tnl,Mighty Patch face/body extensions,B0CMDGP48L,2025-09,132,201.99279194915084,2371.68,3633.8503271652235,17.99
global:all:all:simple_power_law,tnl,Mighty Patch face/body extensions,B0CMDGP48L,2025-10,125,182.77082580883484,2178.9,3224.0773672678465,17.64
global:all:all:simple_power_law,tnl,Mighty Patch face/body extensions,B0CMDGP48L,2025-11,124,185.796443644544,1967.74,2980.174956058486,16.04
global:all:all:simple_power_law,tnl,Mighty Patch face/body extensions,B0CMDGP48L,2025-12,105,162.93484744432953,1871.83,2906.7576784068387,17.84
global:all:all:simple_power_law,tnl,Mighty Patch face/body extensions,B0CMDGP48L,2026-01,104,169.41902617934153,1734.29,2829.2977371950033,16.7
global:all:all:simple_power_law,tnl,Mighty Patch face/body extensions,B0CMDGP48L,2026-02,119,158.66073964421088,1660.87,2226.0101772082785,14.03
global:all:all:simple_power_law,tnl,Mighty Patch face/body extensions,B0CMDGP48L,2026-03,115,153.8531959974825,1666.31,2232.409873923471,14.51
global:all:all:simple_power_law,tnl,Mighty Patch face/body extensions,B0CMDGP48L,2026-04,139,160.04661502618066,2078.11,2399.098759242448,14.99
global:all:all:simple_power_law,tnl,Mighty Patch face/body extensions,B0CMDGP48L,2026-05,148,160.77140938990917,2217.27,2409.9634267547385,14.99
global:all:all:simple_power_law,tnl,Mighty Patch core,B0D38DMBPQ,2024-06,191,90.39107750925756,2675.59,169.03131494231164,1.87
global:all:all:simple_power_law,tnl,Mighty Patch core,B0D38DMBPQ,2024-07,334,308.03315251631756,4675.82,4309.383803703283,13.99
global:all:all:simple_power_law,tnl,Mighty Patch core,B0D38DMBPQ,2024-08,408,396.0675762023505,5444.95,5342.951602969708,13.49
global:all:all:simple_power_law,tnl,Mighty Patch core,B0D38DMBPQ,2024-09,560,565.8547125159805,7833,7916.3074280985675,13.99
global:all:all:simple_power_law,tnl,Mighty Patch core,B0D38DMBPQ,2024-10,676,552.9358438614862,8952.7,7486.751325884523,13.54
global:all:all:simple_power_law,tnl,Mighty Patch core,B0D38DMBPQ,2024-11,864,575.7281851157904,11604.64,7519.010097612223,13.06
global:all:all:simple_power_law,tnl,Mighty Patch core,B0D38DMBPQ,2024-12,566,423.23639222326915,7514.28,5637.508744413945,13.32
global:all:all:simple_power_law,tnl,Mighty Patch core,B0D38DMBPQ,2025-01,509,485.0507270824084,7112.98,6776.158657341246,13.97
global:all:all:simple_power_law,tnl,Mighty Patch core,B0D38DMBPQ,2025-02,459,426.59251461377875,6181.73,5746.2011718476,13.47
global:all:all:simple_power_law,tnl,Mighty Patch core,B0D38DMBPQ,2025-03,388,384.5111586706195,5420.36,5371.620886628555,13.97
global:all:all:simple_power_law,tnl,Mighty Patch core,B0D38DMBPQ,2025-04,379,374.9101011526117,5296.96,5237.494113101985,13.97
global:all:all:simple_power_law,tnl,Mighty Patch core,B0D38DMBPQ,2025-05,344,348.8206157878077,4801.17,4873.024002555674,13.97
global:all:all:simple_power_law,tnl,Mighty Patch core,B0D38DMBPQ,2025-06,378,362.10528989199577,5108.36,4888.4214135419425,13.5
global:all:all:simple_power_law,tnl,Mighty Patch core,B0D38DMBPQ,2025-07,375,338.11395709785637,4913.38,4419.1494192689825,13.07
global:all:all:simple_power_law,tnl,Mighty Patch core,B0D38DMBPQ,2025-08,436,412.1426146160271,5708.77,5386.703973031475,13.07
global:all:all:simple_power_law,tnl,Mighty Patch core,B0D38DMBPQ,2025-09,516,456.7760842483266,6704.67,5956.360138598178,13.04
global:all:all:simple_power_law,tnl,Mighty Patch core,B0D38DMBPQ,2025-10,591,427.1929814373875,7477.7,5591.956127015403,13.09
global:all:all:simple_power_law,tnl,Mighty Patch core,B0D38DMBPQ,2025-11,509,422.78133864878885,5801.22,4836.618514142144,11.44
global:all:all:simple_power_law,tnl,Mighty Patch core,B0D38DMBPQ,2025-12,646,481.47047058258704,8570.19,6379.483735219278,13.25
global:all:all:simple_power_law,tnl,Mighty Patch core,B0D38DMBPQ,2026-01,469,403.33437888285016,5935.9,5086.04651771274,12.61
global:all:all:simple_power_law,tnl,Mighty Patch core,B0D38DMBPQ,2026-02,553,383.36170622823215,7032.1,4887.86175440996,12.75
global:all:all:simple_power_law,tnl,Mighty Patch core,B0D38DMBPQ,2026-03,541,363.16736920775475,6866.18,4626.752283706795,12.74
global:all:all:simple_power_law,tnl,Mighty Patch core,B0D38DMBPQ,2026-04,540,333.52198944821885,7134.83,4409.160700505453,13.22
global:all:all:simple_power_law,tnl,Mighty Patch core,B0D38DMBPQ,2026-05,529,327.8480555710262,6988.42,4334.1512946489665,13.22
global:all:all:simple_power_law,tnl,Mighty Patch face/body extensions,B0DLLDXQ18,2025-01,48,49.26889835486423,726.04,547.8701497060902,11.12
global:all:all:simple_power_law,tnl,Mighty Patch face/body extensions,B0DLLDXQ18,2025-02,74,137.3149619080902,1113.54,2058.351279002272,14.99
global:all:all:simple_power_law,tnl,Mighty Patch face/body extensions,B0DLLDXQ18,2025-03,64,128.31276004356332,956.46,1923.4082730530142,14.99
global:all:all:simple_power_law,tnl,Mighty Patch face/body extensions,B0DLLDXQ18,2025-04,63,129.8261106733169,937.37,1946.0933989930202,14.99
global:all:all:simple_power_law,tnl,Mighty Patch face/body extensions,B0DLLDXQ18,2025-05,66,133.11978419876533,992.24,1995.4655651394924,14.99
global:all:all:simple_power_law,tnl,Mighty Patch face/body extensions,B0DLLDXQ18,2025-06,62,127.34852781628624,931.38,1908.9544319661306,14.99
global:all:all:simple_power_law,tnl,Mighty Patch face/body extensions,B0DLLDXQ18,2025-07,71,129.27204109935266,1067.67,1937.7878960792964,14.99
global:all:all:simple_power_law,tnl,Mighty Patch face/body extensions,B0DLLDXQ18,2025-08,63,129.19992718354493,874.62,1810.0909798414643,14.01
global:all:all:simple_power_law,tnl,Mighty Patch face/body extensions,B0DLLDXQ18,2025-09,65,130.98101776064055,885.23,1764.3143092358284,13.47
global:all:all:simple_power_law,tnl,Mighty Patch face/body extensions,B0DLLDXQ18,2025-10,52,111.90917520910081,735.19,1599.1821137380505,14.29
global:all:all:simple_power_law,tnl,Mighty Patch face/body extensions,B0DLLDXQ18,2025-11,38,84.73340027605099,464.58,871.0593548378041,10.28
global:all:all:simple_power_law,tnl,Mighty Patch face/body extensions,B0DLLDXQ18,2025-12,29,69.68013428558531,414.33,875.1824866269516,12.56
global:all:all:simple_power_law,tnl,Mighty Patch face/body extensions,B0DLLDXQ18,2026-01,67,126.49339077989298,964.6,1820.23989332266,14.39
global:all:all:simple_power_law,tnl,Mighty Patch face/body extensions,B0DLLDXQ18,2026-02,56,109.36758738847985,838.85,1637.2327832055435,14.97
global:all:all:simple_power_law,tnl,Mighty Patch face/body extensions,B0DLLDXQ18,2026-03,71,114.05167787456853,789.06,1267.1141411864562,11.11
global:all:all:simple_power_law,tnl,Mighty Patch face/body extensions,B0DLLDXQ18,2026-04,71,113.1390585567132,1002.49,1580.5526480372835,13.97
global:all:all:simple_power_law,tnl,Mighty Patch face/body extensions,B0DLLDXQ18,2026-05,95,126.53189693072292,1419.03,1894.1824970529221,14.97
global:all:all:simple_power_law,tnl,Mighty Patch core,B0DNR8RF83,2025-04,9571,16531.936642722634,169659.31,265006.94438284385,16.03
global:all:all:simple_power_law,tnl,Mighty Patch core,B0DNR8RF83,2025-05,9444,14023.825063356919,216265.38,321145.5939508734,22.9
global:all:all:simple_power_law,tnl,Mighty Patch core,B0DNR8RF83,2025-06,11260,17497.075747279927,257848.66,400683.0346127103,22.9
global:all:all:simple_power_law,tnl,Mighty Patch core,B0DNR8RF83,2025-07,12315,14023.825063356919,282024.58,321145.5939508734,22.9
global:all:all:simple_power_law,tnl,Mighty Patch core,B0DNR8RF83,2025-08,10426,17310.812599573135,223467.8,370797.6058828566,21.42
global:all:all:simple_power_law,tnl,Mighty Patch core,B0DNR8RF83,2025-09,10732,17497.075747279927,245761.27,400683.0346127103,22.9
global:all:all:simple_power_law,tnl,Mighty Patch core,B0DNR8RF83,2025-10,9090,11690.761943748374,178875.43,229022.02647803063,19.59
global:all:all:simple_power_law,tnl,Mighty Patch core,B0DNR8RF83,2025-11,9741,11750.829571323899,196284.59,237719.28222788248,20.23
global:all:all:simple_power_law,tnl,Mighty Patch core,B0DNR8RF83,2025-12,9186,9013.335104197768,145976.89,138174.4271473518,15.33
global:all:all:simple_power_law,tnl,Mighty Patch core,B0DNR8RF83,2026-01,7623,6867.8841674180085,22504.79,15246.70285166798,2.22
global:all:all:simple_power_law,tnl,Mighty Patch core,B0DNR8RF83,2026-02,7238,6242.153541946511,6185.45,5118.565904396139,0.82
global:all:all:simple_power_law,tnl,Mighty Patch core,B0DNR8RF83,2026-03,8357,8280.109787621226,39291.23,36680.88635916203,4.43
global:all:all:simple_power_law,tnl,Mighty Patch core,B0DNR8RF83,2026-04,9606,11972.748320705537,218425.69,272260.2968128439,22.74
global:all:all:simple_power_law,tnl,Mighty Patch core,B0DNR8RF83,2026-05,9732,10611.917607945119,222869.48,243012.91322194322,22.9
global:all:all:simple_power_law,tnl,Mighty Patch core,B0DVHVB9DY,2025-02,2,8.819913568610458,0,5.997541226655112,0.68
global:all:all:simple_power_law,tnl,Mighty Patch core,B0DVHVB9DY,2025-03,70,125.50137509761662,1326.85,2306.7152742941935,18.38
global:all:all:simple_power_law,tnl,Mighty Patch core,B0DVHVB9DY,2025-04,296,296.04583013383524,5615.98,5621.910314241531,18.99
global:all:all:simple_power_law,tnl,Mighty Patch core,B0DVHVB9DY,2025-05,299,330.86841992452173,5678.62,6283.1912943666675,18.99
global:all:all:simple_power_law,tnl,Mighty Patch core,B0DVHVB9DY,2025-06,289,316.63225136150476,5482.41,6012.846453354975,18.99
global:all:all:simple_power_law,tnl,Mighty Patch core,B0DVHVB9DY,2025-07,355,332.02017490594284,6560.13,6102.530814771229,18.38
global:all:all:simple_power_law,tnl,Mighty Patch core,B0DVHVB9DY,2025-08,475,458.19425545591685,8724.99,8421.61041527975,18.38
global:all:all:simple_power_law,tnl,Mighty Patch core,B0DVHVB9DY,2025-09,534,491.41350789873394,9792.51,9022.352005020755,18.36
global:all:all:simple_power_law,tnl,Mighty Patch core,B0DVHVB9DY,2025-10,536,449.8810533621455,9937.52,8376.78521360315,18.62
global:all:all:simple_power_law,tnl,Mighty Patch core,B0DVHVB9DY,2025-11,506,434.3662722100601,7123.97,6324.372923378475,14.56
global:all:all:simple_power_law,tnl,Mighty Patch core,B0DVHVB9DY,2025-12,453,382.11808917001383,7305.64,6087.141160478321,15.93
global:all:all:simple_power_law,tnl,Mighty Patch core,B0DVHVB9DY,2026-01,465,417.90876399116223,8566.94,7681.163082157562,18.38
global:all:all:simple_power_law,tnl,Mighty Patch core,B0DVHVB9DY,2026-02,521,388.0649094514674,9900.57,7369.352630483365,18.99
global:all:all:simple_power_law,tnl,Mighty Patch core,B0DVHVB9DY,2026-03,597,401.00462383520954,10674.98,7270.213830132348,18.13
global:all:all:simple_power_law,tnl,Mighty Patch core,B0DVHVB9DY,2026-04,495,331.7131800806814,9402.58,6299.233289732139,18.99
global:all:all:simple_power_law,tnl,Mighty Patch core,B0DVHVB9DY,2026-05,489,324.3834303419003,9290.86,6160.041342192686,18.99
global:all:all:simple_power_law,tnl,Mighty Patch core,B0DVJ7BLQ7,2025-03,89,64.63347398063553,2654.77,1438.0947960691406,22.25
global:all:all:simple_power_law,tnl,Mighty Patch core,B0DVJ7BLQ7,2025-04,948,487.0976443940353,28425.52,14608.058355377118,29.99
global:all:all:simple_power_law,tnl,Mighty Patch core,B0DVJ7BLQ7,2025-05,1316,1119.7326154569214,39480.38,33580.78113755307,29.99
global:all:all:simple_power_law,tnl,Mighty Patch core,B0DVJ7BLQ7,2025-06,1356,1097.2745557143353,40659.44,32907.26392587291,29.99
global:all:all:simple_power_law,tnl,Mighty Patch core,B0DVJ7BLQ7,2025-07,1577,1100.6467390290877,47280.69,33008.39570348234,29.99
global:all:all:simple_power_law,tnl,Mighty Patch core,B0DVJ7BLQ7,2025-08,1384,1195.8115627738964,40186.58,34690.493436070734,29.01
global:all:all:simple_power_law,tnl,Mighty Patch core,B0DVJ7BLQ7,2025-09,1657,1429.1934389970183,49658.29,42832.92736674064,29.97
global:all:all:simple_power_law,tnl,Mighty Patch core,B0DVJ7BLQ7,2025-10,1956,1500.3123834609783,52533.75,40403.412486604146,26.93
global:all:all:simple_power_law,tnl,Mighty Patch core,B0DVJ7BLQ7,2025-11,1962,1458.482437259392,51204.18,38401.842573039794,26.33
global:all:all:simple_power_law,tnl,Mighty Patch core,B0DVJ7BLQ7,2025-12,1910,1332.4882954777909,54853.67,38282.388729076934,28.73
global:all:all:simple_power_law,tnl,Mighty Patch core,B0DVJ7BLQ7,2026-01,1970,1536.2934239664096,54264.36,42340.246764514246,27.56
global:all:all:simple_power_law,tnl,Mighty Patch core,B0DVJ7BLQ7,2026-02,1840,1187.1865466623672,55152.29,35579.980803471146,29.97
global:all:all:simple_power_law,tnl,Mighty Patch core,B0DVJ7BLQ7,2026-03,2272,1444.816419530315,63082.46,40223.68911972397,27.84
global:all:all:simple_power_law,tnl,Mighty Patch core,B0DVJ7BLQ7,2026-04,2422,1427.6430467277562,72123.53,42500.9335010853,29.77
global:all:all:simple_power_law,tnl,Mighty Patch core,B0DVJ7BLQ7,2026-05,2335,1347.6117795438172,69966.21,40387.9250329282,29.97
company:tnl:all:log_linear,tnl,Mighty Patch core,B074PVTPBW,2024-05,7782,12363.516597276788,93148.55,126849.68028805984,10.26
company:tnl:all:log_linear,tnl,Mighty Patch core,B074PVTPBW,2024-06,7542,12551.156037917039,85499.17,142079.0863492209,11.32
company:tnl:all:log_linear,tnl,Mighty Patch core,B074PVTPBW,2024-07,9405,12389.12116852482,95504.69,128846.86015265813,10.4
company:tnl:all:log_linear,tnl,Mighty Patch core,B074PVTPBW,2024-08,9065,15795.081415785828,108503.42,189067.12454695636,11.97
company:tnl:all:log_linear,tnl,Mighty Patch core,B074PVTPBW,2024-09,9063,15795.081415785828,108489.7,189067.12454695636,11.97
company:tnl:all:log_linear,tnl,Mighty Patch core,B074PVTPBW,2024-10,9362,10910.546042755079,118239.93,137800.19651999665,12.63
company:tnl:all:log_linear,tnl,Mighty Patch core,B074PVTPBW,2024-11,9099,12802.665834210453,117127.77,164770.3092862885,12.87
company:tnl:all:log_linear,tnl,Mighty Patch core,B074PVTPBW,2024-12,10675,12814.999577630768,138316.34,165954.24453031842,12.95
company:tnl:all:log_linear,tnl,Mighty Patch core,B074PVTPBW,2025-01,10112,15996.55095575888,131354.04,207795.19691530784,12.99
company:tnl:all:log_linear,tnl,Mighty Patch core,B074PVTPBW,2025-02,9583,15907.26031434128,120027.14,199317.97173869621,12.53
company:tnl:all:log_linear,tnl,Mighty Patch core,B074PVTPBW,2025-03,8991,12821.144379591778,116794.77,166546.6654908972,12.99
company:tnl:all:log_linear,tnl,Mighty Patch core,B074PVTPBW,2025-04,9694,15996.55095575888,125923.76,207795.19691530784,12.99
company:tnl:all:log_linear,tnl,Mighty Patch core,B074PVTPBW,2025-05,9822,15996.55095575888,127584.85,207795.19691530784,12.99
company:tnl:all:log_linear,tnl,Mighty Patch core,B074PVTPBW,2025-06,11196,15996.55095575888,145434.74,207795.19691530784,12.99
company:tnl:all:log_linear,tnl,Mighty Patch core,B074PVTPBW,2025-07,12253,12821.144379591778,159171.5,166546.6654908972,12.99
company:tnl:all:log_linear,tnl,Mighty Patch core,B074PVTPBW,2025-08,10594,15996.55095575888,137618.16,207795.19691530784,12.99
company:tnl:all:log_linear,tnl,Mighty Patch core,B074PVTPBW,2025-09,10799,15996.55095575888,140281.61,207795.19691530784,12.99
company:tnl:all:log_linear,tnl,Mighty Patch core,B074PVTPBW,2025-10,9055,10864.497842003524,111758.15,133524.6784782233,12.29
company:tnl:all:log_linear,tnl,Mighty Patch core,B074PVTPBW,2025-11,9741,10823.045214418104,116191.64,129768.31212087306,11.99
company:tnl:all:log_linear,tnl,Mighty Patch core,B074PVTPBW,2025-12,9186,8773.444402735991,118429.63,113177.4327952943,12.9
company:tnl:all:log_linear,tnl,Mighty Patch core,B074PVTPBW,2026-01,7604,8729.573824956675,93723.4,109032.37707370886,12.49
company:tnl:all:log_linear,tnl,Mighty Patch core,B074PVTPBW,2026-02,7222,8782.930054965422,93815.64,114090.26141400084,12.99
company:tnl:all:log_linear,tnl,Mighty Patch core,B074PVTPBW,2026-03,8347,9373.52103616649,87415.68,97390.88356576984,10.39
company:tnl:all:log_linear,tnl,Mighty Patch core,B074PVTPBW,2026-04,9602,10888.996887107609,120251.15,135785.7911822319,12.47
company:tnl:all:log_linear,tnl,Mighty Patch core,B074PVTPBW,2026-05,9756,9701.820622934212,126726.65,126026.64989191543,12.99
company:tnl:all:log_linear,tnl,Mighty Patch core,B07B4KQVK6,2024-05,1975,2139.597302318414,42396.9,39411.38230870519,18.42
company:tnl:all:log_linear,tnl,Mighty Patch core,B07B4KQVK6,2024-06,2288,2467.593373374258,43311.6,46785.57035917594,18.96
company:tnl:all:log_linear,tnl,Mighty Patch core,B07B4KQVK6,2024-07,3574,2716.270885523854,62225.41,45334.56107939313,16.69
company:tnl:all:log_linear,tnl,Mighty Patch core,B07B4KQVK6,2024-08,2648,2758.6083486605585,45531.48,47861.85484926069,17.35
company:tnl:all:log_linear,tnl,Mighty Patch core,B07B4KQVK6,2024-09,2803,2843.83768752562,37398.27,38306.4936509701,13.47
company:tnl:all:log_linear,tnl,Mighty Patch core,B07B4KQVK6,2024-10,7900,5061.7128768759885,142968.26,89541.70079193624,17.69
company:tnl:all:log_linear,tnl,Mighty Patch core,B07B4KQVK6,2024-11,9270,13704.708539716514,183629.46,271764.37034257845,19.83
company:tnl:all:log_linear,tnl,Mighty Patch core,B07B4KQVK6,2024-12,10870,17336.570907534246,235463.51,374816.6630208904,21.62
company:tnl:all:log_linear,tnl,Mighty Patch core,B07B4KQVK6,2025-01,10168,17381.19516131422,223397.34,381864.85769407335,21.97
company:tnl:all:log_linear,tnl,Mighty Patch core,B07B4KQVK6,2025-02,9522,17280.95295581959,201797.59,366183.3931338171,21.19
company:tnl:all:log_linear,tnl,Mighty Patch core,B07B4KQVK6,2025-03,8944,13782.901593252533,183172.39,283238.62774133956,20.55
company:tnl:all:log_linear,tnl,Mighty Patch core,B07B4KQVK6,2025-04,9461,17381.19516131422,207861.1,381864.85769407335,21.97
company:tnl:all:log_linear,tnl,Mighty Patch core,B07B4KQVK6,2025-05,9500,17381.19516131422,208720.67,381864.85769407335,21.97
company:tnl:all:log_linear,tnl,Mighty Patch core,B07B4KQVK6,2025-06,11260,17381.19516131422,247377.07,381864.85769407335,21.97
company:tnl:all:log_linear,tnl,Mighty Patch core,B07B4KQVK6,2025-07,12256,13857.906841188427,261199.91,294619.099443666,21.26
company:tnl:all:log_linear,tnl,Mighty Patch core,B07B4KQVK6,2025-08,10659,17172.355556550323,216511.47,349800.88268693007,20.37
company:tnl:all:log_linear,tnl,Mighty Patch core,B07B4KQVK6,2025-09,10799,17381.19516131422,237258.42,381864.85769407335,21.97
company:tnl:all:log_linear,tnl,Mighty Patch core,B07B4KQVK6,2025-10,9051,11687.908325469783,177388.65,228615.48684618896,19.56
company:tnl:all:log_linear,tnl,Mighty Patch core,B07B4KQVK6,2025-11,9741,11690.761943748374,190588.21,229022.02647803063,19.59
company:tnl:all:log_linear,tnl,Mighty Patch core,B07B4KQVK6,2025-12,9186,9382.177326806797,181998.82,185298.00220443425,19.75
company:tnl:all:log_linear,tnl,Mighty Patch core,B07B4KQVK6,2026-01,7604,9379.146730882796,148675.46,184862.9820656999,19.71
company:tnl:all:log_linear,tnl,Mighty Patch core,B07B4KQVK6,2026-02,7222,9543.210043211571,158670.48,209664.3246493582,21.97
company:tnl:all:log_linear,tnl,Mighty Patch core,B07B4KQVK6,2026-03,8360,10497.376781432526,178237.17,224643.86312265604,21.4
company:tnl:all:log_linear,tnl,Mighty Patch core,B07B4KQVK6,2026-04,9622,11842.625516819178,204545.83,251537.36597723933,21.24
company:tnl:all:log_linear,tnl,Mighty Patch core,B07B4KQVK6,2026-05,9732,10541.633816231297,213818.45,231599.69494260158,21.97
company:tnl:all:log_linear,tnl,Mighty Patch core,B07KJS13PK,2024-05,862,855.9151259922984,15389.37,13104.060578942088,15.31
company:tnl:all:log_linear,tnl,Mighty Patch core,B07KJS13PK,2024-06,903,895.1374843898732,14757.58,14662.351994306122,16.38
company:tnl:all:log_linear,tnl,Mighty Patch core,B07KJS13PK,2024-07,1056,741.9249385957326,16066.05,11025.004587532585,14.86
company:tnl:all:log_linear,tnl,Mighty Patch core,B07KJS13PK,2024-08,933,918.9492597905992,16638.39,16394.054794664287,17.84
company:tnl:all:log_linear,tnl,Mighty Patch core,B07KJS13PK,2024-09,992,943.6261270526975,17060.39,16277.550691659031,17.25
company:tnl:all:log_linear,tnl,Mighty Patch core,B07KJS13PK,2024-10,1502,1116.208128249339,26802.01,19913.15300796821,17.84
company:tnl:all:log_linear,tnl,Mighty Patch core,B07KJS13PK,2024-11,1020,676.6954586570454,15151.43,10969.233384830706,16.21
company:tnl:all:log_linear,tnl,Mighty Patch core,B07KJS13PK,2024-12,661,293.97364793964056,8655.98,3148.4577694335508,10.71
company:tnl:all:log_linear,tnl,Mighty Patch core,B07KJS13PK,2025-01,1032,893.9018582620694,18409.15,15947.209151395318,17.84
company:tnl:all:log_linear,tnl,Mighty Patch core,B07KJS13PK,2025-02,1379,1087.3303645797155,22835.2,18017.064141085884,16.57
company:tnl:all:log_linear,tnl,Mighty Patch core,B07KJS13PK,2025-03,1171,942.2551779242376,20883.16,16809.8323741684,17.84
company:tnl:all:log_linear,tnl,Mighty Patch core,B07KJS13PK,2025-04,1253,964.9052471994579,21698.2,16644.61551419065,17.25
company:tnl:all:log_linear,tnl,Mighty Patch core,B07KJS13PK,2025-05,1320,1033.4256739437992,23540.74,18436.314023157378,17.84
company:tnl:all:log_linear,tnl,Mighty Patch core,B07KJS13PK,2025-06,1356,1009.476710981626,24185.09,18009.064523912206,17.84
company:tnl:all:log_linear,tnl,Mighty Patch core,B07KJS13PK,2025-07,1575,1004.2008060686449,26545.34,17332.50591274481,17.26
company:tnl:all:log_linear,tnl,Mighty Patch core,B07KJS13PK,2025-08,1381,1090.422301466681,23145.05,18188.243988464237,16.68
company:tnl:all:log_linear,tnl,Mighty Patch core,B07KJS13PK,2025-09,1659,1300.5836154243732,27619.86,21641.71136066157,16.64
company:tnl:all:log_linear,tnl,Mighty Patch core,B07KJS13PK,2025-10,1945,1381.1217894884246,32662.3,23354.76946024926,16.91
company:tnl:all:log_linear,tnl,Mighty Patch core,B07KJS13PK,2025-11,1961,1361.0667964835227,33258.79,23260.631551903403,17.09
company:tnl:all:log_linear,tnl,Mighty Patch core,B07KJS13PK,2025-12,1910,1195.7645407702432,27840.17,17434.247004430148,14.58
company:tnl:all:log_linear,tnl,Mighty Patch core,B07KJS13PK,2026-01,1966,1374.1172170813431,27430.59,19141.45283394311,13.93
company:tnl:all:log_linear,tnl,Mighty Patch core,B07KJS13PK,2026-02,1849,993.4392182677747,17890.37,9189.312768976915,9.25
company:tnl:all:log_linear,tnl,Mighty Patch core,B07KJS13PK,2026-03,2247,1263.7871488221658,29280.4,16429.232934688156,13
company:tnl:all:log_linear,tnl,Mighty Patch core,B07KJS13PK,2026-04,2420,1268.0432400438142,34820.44,18247.142224230487,14.39
company:tnl:all:log_linear,tnl,Mighty Patch core,B07KJS13PK,2026-05,2335,1198.6191567807577,33599.45,17248.129666075103,14.39
company:tnl:all:log_linear,tnl,Mighty Patch core,B07KJXFJHF,2024-05,647,643.1055358981938,9661.25,8257.475080932809,12.84
company:tnl:all:log_linear,tnl,Mighty Patch core,B07KJXFJHF,2024-06,629,653.1210499617687,11209.42,11638.617110318717,17.82
company:tnl:all:log_linear,tnl,Mighty Patch core,B07KJXFJHF,2024-07,841,641.9262450239576,12446.28,8884.259231131573,13.84
company:tnl:all:log_linear,tnl,Mighty Patch core,B07KJXFJHF,2024-08,689,700.7941782710657,12318.13,12537.207849269365,17.89
company:tnl:all:log_linear,tnl,Mighty Patch core,B07KJXFJHF,2024-09,686,679.6090790919714,12272.54,12158.206424955368,17.89
company:tnl:all:log_linear,tnl,Mighty Patch core,B07KJXFJHF,2024-10,828,676.0650096514883,13984.79,11702.68531706726,17.31
company:tnl:all:log_linear,tnl,Mighty Patch core,B07KJXFJHF,2024-11,625,517.8970435513614,10138.04,8711.0282725339,16.82
company:tnl:all:log_linear,tnl,Mighty Patch core,B07KJXFJHF,2024-12,722,545.2187771997237,12626.13,9552.232976539159,17.52
company:tnl:all:log_linear,tnl,Mighty Patch core,B07KJXFJHF,2025-01,676,610.5800424157105,11375.15,10221.109910038993,16.74
company:tnl:all:log_linear,tnl,Mighty Patch core,B07KJXFJHF,2025-02,694,587.9229284539044,11977.36,10141.670515829852,17.25
company:tnl:all:log_linear,tnl,Mighty Patch core,B07KJXFJHF,2025-03,640,563.1671653296874,11443.25,10075.060587748107,17.89
company:tnl:all:log_linear,tnl,Mighty Patch core,B07KJXFJHF,2025-04,622,543.4041354204494,11128.77,9721.49998267184,17.89
company:tnl:all:log_linear,tnl,Mighty Patch core,B07KJXFJHF,2025-05,624,539.5736913600713,11170.86,9652.973338431675,17.89
company:tnl:all:log_linear,tnl,Mighty Patch core,B07KJXFJHF,2025-06,695,560.079287399693,12064.06,9711.774843510677,17.34
company:tnl:all:log_linear,tnl,Mighty Patch core,B07KJXFJHF,2025-07,762,559.3781943714367,13693.22,10057.619934798433,17.98
company:tnl:all:log_linear,tnl,Mighty Patch core,B07KJXFJHF,2025-08,681,593.8681592793367,12238.72,10671.810822249681,17.97
company:tnl:all:log_linear,tnl,Mighty Patch core,B07KJXFJHF,2025-09,747,628.4471245161355,13428.98,11293.194827554955,17.97
company:tnl:all:log_linear,tnl,Mighty Patch core,B07KJXFJHF,2025-10,708,540.1734624221402,12385.06,9517.856407878111,17.62
company:tnl:all:log_linear,tnl,Mighty Patch core,B07KJXFJHF,2025-11,675,532.2885551282253,10444.64,8356.930315513137,15.7
company:tnl:all:log_linear,tnl,Mighty Patch core,B07KJXFJHF,2025-12,634,475.8538745792547,9265.65,6942.708030111326,14.59
company:tnl:all:log_linear,tnl,Mighty Patch core,B07KJXFJHF,2026-01,644,513.0837039017014,10125.73,8086.199173490813,15.76
company:tnl:all:log_linear,tnl,Mighty Patch core,B07KJXFJHF,2026-02,652,438.7614653361741,11307.62,7603.736194275897,17.33
company:tnl:all:log_linear,tnl,Mighty Patch core,B07KJXFJHF,2026-03,745,457.55884591171827,12721.18,7897.465680436258,17.26
company:tnl:all:log_linear,tnl,Mighty Patch core,B07KJXFJHF,2026-04,861,475.7586449512517,15349.42,8492.291812379844,17.85
company:tnl:all:log_linear,tnl,Mighty Patch core,B07KJXFJHF,2026-05,713,379.26590745350506,11183.33,5681.403293653506,14.98
company:tnl:all:log_linear,tnl,Mighty Patch face/body extensions,B085P3TYPS,2024-05,247,316.1457469427213,3360.22,3695.743781760412,11.69
company:tnl:all:log_linear,tnl,Mighty Patch face/body extensions,B085P3TYPS,2024-06,271,338.8981585317076,3684.97,4581.903103348687,13.52
company:tnl:all:log_linear,tnl,Mighty Patch face/body extensions,B085P3TYPS,2024-07,346,309.53563075137123,4120.37,3367.747662574919,10.88
company:tnl:all:log_linear,tnl,Mighty Patch face/body extensions,B085P3TYPS,2024-08,251,317.62466276169914,3513.75,4443.569032036171,13.99
company:tnl:all:log_linear,tnl,Mighty Patch face/body extensions,B085P3TYPS,2024-09,236,307.2238491190091,3301.17,4298.061649174938,13.99
company:tnl:all:log_linear,tnl,Mighty Patch face/body extensions,B085P3TYPS,2024-10,295,315.81501655379714,3942.47,4276.135324138413,13.54
company:tnl:all:log_linear,tnl,Mighty Patch face/body extensions,B085P3TYPS,2024-11,521,441.49532549623603,6760.15,5765.928950980843,13.06
company:tnl:all:log_linear,tnl,Mighty Patch face/body extensions,B085P3TYPS,2024-12,207,198.95049964509062,2818.43,2747.5064000987013,13.81
company:tnl:all:log_linear,tnl,Mighty Patch face/body extensions,B085P3TYPS,2025-01,218,273.69134353604227,3045.76,3828.9418960692315,13.99
company:tnl:all:log_linear,tnl,Mighty Patch face/body extensions,B085P3TYPS,2025-02,217,261.0048053016621,2811.49,3390.4524208685907,12.99
company:tnl:all:log_linear,tnl,Mighty Patch face/body extensions,B085P3TYPS,2025-03,174,232.33585169187162,2438.77,3250.3785651692842,13.99
company:tnl:all:log_linear,tnl,Mighty Patch face/body extensions,B085P3TYPS,2025-04,317,304.61658379693114,4429.7,4261.586007319067,13.99
company:tnl:all:log_linear,tnl,Mighty Patch face/body extensions,B085P3TYPS,2025-05,304,319.8522361884318,4251.15,4474.732784276161,13.99
company:tnl:all:log_linear,tnl,Mighty Patch face/body extensions,B085P3TYPS,2025-06,288,301.52532025146996,4035.65,4218.339230318064,13.99
company:tnl:all:log_linear,tnl,Mighty Patch face/body extensions,B085P3TYPS,2025-07,354,317.36459334657434,4948.68,4433.583369051644,13.97
company:tnl:all:log_linear,tnl,Mighty Patch face/body extensions,B085P3TYPS,2025-08,475,434.3828263114376,6242.34,5677.383539890489,13.07
company:tnl:all:log_linear,tnl,Mighty Patch face/body extensions,B085P3TYPS,2025-09,529,461.6953500653776,6946.82,6020.507364852524,13.04
company:tnl:all:log_linear,tnl,Mighty Patch face/body extensions,B085P3TYPS,2025-10,535,427.7228864829447,7290.79,5859.803544816342,13.7
company:tnl:all:log_linear,tnl,Mighty Patch face/body extensions,B085P3TYPS,2025-11,506,426.32370699235395,6475.79,5508.102294341213,12.92
company:tnl:all:log_linear,tnl,Mighty Patch face/body extensions,B085P3TYPS,2025-12,453,373.8441468204767,6285.42,5181.479874931807,13.86
company:tnl:all:log_linear,tnl,Mighty Patch face/body extensions,B085P3TYPS,2026-01,466,389.4037294054508,5405.57,4528.765372985393,11.63
company:tnl:all:log_linear,tnl,Mighty Patch face/body extensions,B085P3TYPS,2026-02,521,367.4795039315369,7052.36,4949.948917957802,13.47
company:tnl:all:log_linear,tnl,Mighty Patch face/body extensions,B085P3TYPS,2026-03,601,383.4434931182608,7960.36,5149.6461125782425,13.43
company:tnl:all:log_linear,tnl,Mighty Patch face/body extensions,B085P3TYPS,2026-04,492,314.25081060091935,6797.46,4361.8012511407605,13.88
company:tnl:all:log_linear,tnl,Mighty Patch face/body extensions,B085P3TYPS,2026-05,491,309.590799205123,6854.61,4324.983464895568,13.97
company:tnl:all:log_linear,tnl,Mighty Patch face/body extensions,B09NNF2DXX,2024-05,685,661.1348831056875,11339.51,9381.503991269707,14.19
company:tnl:all:log_linear,tnl,Mighty Patch face/body extensions,B09NNF2DXX,2024-06,668,652.122692242747,10667.47,10407.878168194244,15.96
company:tnl:all:log_linear,tnl,Mighty Patch face/body extensions,B09NNF2DXX,2024-07,1177,709.2731232290294,17110,9326.941570461737,13.15
company:tnl:all:log_linear,tnl,Mighty Patch face/body extensions,B09NNF2DXX,2024-08,853,771.7578024874573,14192.89,12857.484989441038,16.66
company:tnl:all:log_linear,tnl,Mighty Patch face/body extensions,B09NNF2DXX,2024-09,784,722.8944175668189,12975.2,11963.902610730853,16.55
company:tnl:all:log_linear,tnl,Mighty Patch face/body extensions,B09NNF2DXX,2024-10,1133,774.3491592135778,17452.24,12405.073530601516,16.02
company:tnl:all:log_linear,tnl,Mighty Patch face/body extensions,B09NNF2DXX,2024-11,1144,817.9626739845313,17341.75,12727.499207199307,15.56
company:tnl:all:log_linear,tnl,Mighty Patch face/body extensions,B09NNF2DXX,2024-12,1053,684.8882829921458,16965.57,11115.736832962528,16.23
company:tnl:all:log_linear,tnl,Mighty Patch face/body extensions,B09NNF2DXX,2025-01,896,723.848020786952,14361.66,11596.045293006971,16.02
company:tnl:all:log_linear,tnl,Mighty Patch face/body extensions,B09NNF2DXX,2025-02,888,666.1360413419197,13111.74,9845.490691033574,14.78
company:tnl:all:log_linear,tnl,Mighty Patch face/body extensions,B09NNF2DXX,2025-03,738,583.0123370028465,11799.08,9339.857638785601,16.02
company:tnl:all:log_linear,tnl,Mighty Patch face/body extensions,B09NNF2DXX,2025-04,677,542.5402912802632,11209.87,8979.041820688357,16.55
company:tnl:all:log_linear,tnl,Mighty Patch face/body extensions,B09NNF2DXX,2025-05,670,534.9526919503322,11085.3,8853.467051777998,16.55
company:tnl:all:log_linear,tnl,Mighty Patch face/body extensions,B09NNF2DXX,2025-06,656,504.3195536408461,10962.96,8427.17974133854,16.71
company:tnl:all:log_linear,tnl,Mighty Patch face/body extensions,B09NNF2DXX,2025-07,805,531.0658202087596,13194.64,8661.68352760487,16.31
company:tnl:all:log_linear,tnl,Mighty Patch face/body extensions,B09NNF2DXX,2025-08,643,531.4701382706878,10840.53,8955.27182986109,16.85
company:tnl:all:log_linear,tnl,Mighty Patch face/body extensions,B09NNF2DXX,2025-09,622,506.34098187325725,10165.61,8248.29459471536,16.29
company:tnl:all:log_linear,tnl,Mighty Patch face/body extensions,B09NNF2DXX,2025-10,627,463.66400842033516,9901.49,7409.350854556956,15.98
company:tnl:all:log_linear,tnl,Mighty Patch face/body extensions,B09NNF2DXX,2025-11,591,458.6109051744587,9068.12,7122.227357359344,15.53
company:tnl:all:log_linear,tnl,Mighty Patch face/body extensions,B09NNF2DXX,2025-12,425,327.7360207709115,7095.07,5483.0236274973495,16.73
company:tnl:all:log_linear,tnl,Mighty Patch face/body extensions,B09NNF2DXX,2026-01,487,389.5267040061974,7895.69,6310.332604900398,16.2
company:tnl:all:log_linear,tnl,Mighty Patch face/body extensions,B09NNF2DXX,2026-02,674,422.5322388602847,11047.35,6925.303394920066,16.39
company:tnl:all:log_linear,tnl,Mighty Patch face/body extensions,B09NNF2DXX,2026-03,664,396.7801083122089,10514.4,6360.3851362447085,16.03
company:tnl:all:log_linear,tnl,Mighty Patch face/body extensions,B09NNF2DXX,2026-04,691,378.83564845787055,11290.06,6171.232713378711,16.29
company:tnl:all:log_linear,tnl,Mighty Patch face/body extensions,B09NNF2DXX,2026-05,556,320.50001456674096,8977.54,5176.075235252866,16.15
company:tnl:all:log_linear,tnl,Mighty Patch face/body extensions,B0B16VD9RQ,2024-05,170,248.47557813318267,3144.47,3933.368401848282,15.83
company:tnl:all:log_linear,tnl,Mighty Patch face/body extensions,B0B16VD9RQ,2024-06,182,261.3938001456957,3276.42,4692.018712615238,17.95
company:tnl:all:log_linear,tnl,Mighty Patch face/body extensions,B0B16VD9RQ,2024-07,200,223.30458873924883,2129.07,2713.1507531818734,12.15
company:tnl:all:log_linear,tnl,Mighty Patch face/body extensions,B0B16VD9RQ,2024-08,196,268.7956410016454,3907.85,5357.0971251627925,19.93
company:tnl:all:log_linear,tnl,Mighty Patch face/body extensions,B0B16VD9RQ,2024-09,218,293.04660641143346,4363.82,5858.001662164555,19.99
company:tnl:all:log_linear,tnl,Mighty Patch face/body extensions,B0B16VD9RQ,2024-10,261,293.52718641509176,4683.38,5486.023114098065,18.69
company:tnl:all:log_linear,tnl,Mighty Patch face/body extensions,B0B16VD9RQ,2024-11,219,251.12427791140132,3954.96,4663.377840814723,18.57
company:tnl:all:log_linear,tnl,Mighty Patch face/body extensions,B0B16VD9RQ,2024-12,270,271.3665832904341,5300.61,5343.208024988648,19.69
company:tnl:all:log_linear,tnl,Mighty Patch face/body extensions,B0B16VD9RQ,2025-01,228,283.8784605372788,4560.6,5671.89164153483,19.98
company:tnl:all:log_linear,tnl,Mighty Patch face/body extensions,B0B16VD9RQ,2025-02,240,280.49050977007585,4605.39,5405.052123269362,19.27
company:tnl:all:log_linear,tnl,Mighty Patch face/body extensions,B0B16VD9RQ,2025-03,206,257.64475942242603,4114.59,5147.742293260072,19.98
company:tnl:all:log_linear,tnl,Mighty Patch face/body extensions,B0B16VD9RQ,2025-04,206,249.94467397937623,4120.54,4993.894586107937,19.98
company:tnl:all:log_linear,tnl,Mighty Patch face/body extensions,B0B16VD9RQ,2025-05,206,252.09817265118377,3988.91,4875.578659073894,19.34
company:tnl:all:log_linear,tnl,Mighty Patch face/body extensions,B0B16VD9RQ,2025-06,211,251.84110700633138,4221.11,5031.7853179865015,19.98
company:tnl:all:log_linear,tnl,Mighty Patch face/body extensions,B0B16VD9RQ,2025-07,231,249.66478399699216,4385.93,4828.516922501828,19.34
company:tnl:all:log_linear,tnl,Mighty Patch face/body extensions,B0B16VD9RQ,2025-08,240,281.569181250139,4666.52,5442.732273565187,19.33
company:tnl:all:log_linear,tnl,Mighty Patch face/body extensions,B0B16VD9RQ,2025-09,223,259.9259423841581,3910.13,4499.318062669776,17.31
company:tnl:all:log_linear,tnl,Mighty Patch face/body extensions,B0B16VD9RQ,2025-10,202,231.24729387710127,3661.31,4231.825477950953,18.3
company:tnl:all:log_linear,tnl,Mighty Patch face/body extensions,B0B16VD9RQ,2025-11,213,240.67930209827767,3633.43,4125.24323796448,17.14
company:tnl:all:log_linear,tnl,Mighty Patch face/body extensions,B0B16VD9RQ,2025-12,194,219.21401968349738,3836.11,4342.629729930083,19.81
company:tnl:all:log_linear,tnl,Mighty Patch face/body extensions,B0B16VD9RQ,2026-01,174,211.31611453147872,3211.09,3919.9139245589304,18.55
company:tnl:all:log_linear,tnl,Mighty Patch face/body extensions,B0B16VD9RQ,2026-02,159,187.574776429302,3165.96,3745.8682852931606,19.97
company:tnl:all:log_linear,tnl,Mighty Patch face/body extensions,B0B16VD9RQ,2026-03,169,187.13621639481232,3250.6,3617.343062911722,19.33
company:tnl:all:log_linear,tnl,Mighty Patch face/body extensions,B0B16VD9RQ,2026-04,155,167.49378113010212,2992.17,3232.6299758109712,19.3
company:tnl:all:log_linear,tnl,Mighty Patch face/body extensions,B0B16VD9RQ,2026-05,182,178.45653642246384,3481.44,3415.658107125958,19.14
company:tnl:all:log_linear,tnl,Mighty Patch face/body extensions,B0BMM44HBF,2024-05,150,105.85205407032635,2695.5,1632.2386737644322,15.42
company:tnl:all:log_linear,tnl,Mighty Patch face/body extensions,B0BMM44HBF,2024-06,165,257.29267043655494,2872.8,4471.746612187325,17.38
company:tnl:all:log_linear,tnl,Mighty Patch face/body extensions,B0BMM44HBF,2024-07,234,244.3543931480658,3757.12,3486.937190222899,14.27
company:tnl:all:log_linear,tnl,Mighty Patch face/body extensions,B0BMM44HBF,2024-08,212,296.60152999260094,3806.54,5332.895509266965,17.98
company:tnl:all:log_linear,tnl,Mighty Patch face/body extensions,B0BMM44HBF,2024-09,213,299.90870495195327,3831.54,5392.35851503612,17.98
company:tnl:all:log_linear,tnl,Mighty Patch face/body extensions,B0BMM44HBF,2024-10,249,278.61980640709527,3983.44,4686.385143767343,16.82
company:tnl:all:log_linear,tnl,Mighty Patch face/body extensions,B0BMM44HBF,2024-11,286,317.0312272001321,5148.27,5700.2214650583755,17.98
company:tnl:all:log_linear,tnl,Mighty Patch face/body extensions,B0BMM44HBF,2024-12,205,232.36238089004706,3687.06,4177.8756084030465,17.98
company:tnl:all:log_linear,tnl,Mighty Patch face/body extensions,B0BMM44HBF,2025-01,170,241.20623563064225,2969.02,4196.988499973175,17.4
company:tnl:all:log_linear,tnl,Mighty Patch face/body extensions,B0BMM44HBF,2025-02,172,233.24376508649746,2856.25,3895.1708769445077,16.7
company:tnl:all:log_linear,tnl,Mighty Patch face/body extensions,B0BMM44HBF,2025-03,157,222.690405368423,2743.4,3874.81305341056,17.4
company:tnl:all:log_linear,tnl,Mighty Patch face/body extensions,B0BMM44HBF,2025-04,153,217.99184238921313,2751.54,3919.4933261580522,17.98
company:tnl:all:log_linear,tnl,Mighty Patch face/body extensions,B0BMM44HBF,2025-05,142,208.28192526101037,2558.38,3744.9090161929666,17.98
company:tnl:all:log_linear,tnl,Mighty Patch face/body extensions,B0BMM44HBF,2025-06,155,215.48080179537308,2782.7,3874.344816280808,17.98
company:tnl:all:log_linear,tnl,Mighty Patch face/body extensions,B0BMM44HBF,2025-07,186,224.17194389030993,3337.32,4030.611551147773,17.98
company:tnl:all:log_linear,tnl,Mighty Patch face/body extensions,B0BMM44HBF,2025-08,163,227.59043340027708,2745.14,3828.0710897926606,16.82
company:tnl:all:log_linear,tnl,Mighty Patch face/body extensions,B0BMM44HBF,2025-09,147,212.5876198002465,2471.02,3565.0943840501336,16.77
company:tnl:all:log_linear,tnl,Mighty Patch face/body extensions,B0BMM44HBF,2025-10,158,205.42331931260122,2665.91,3500.4133610867248,17.04
company:tnl:all:log_linear,tnl,Mighty Patch face/body extensions,B0BMM44HBF,2025-11,163,210.23560471773703,2491.54,3243.9353807946823,15.43
company:tnl:all:log_linear,tnl,Mighty Patch face/body extensions,B0BMM44HBF,2025-12,135,185.01885322584792,2399.5,3298.8861530168683,17.83
company:tnl:all:log_linear,tnl,Mighty Patch face/body extensions,B0BMM44HBF,2026-01,140,198.2047823036092,2411.23,3424.978638206367,17.28
company:tnl:all:log_linear,tnl,Mighty Patch face/body extensions,B0BMM44HBF,2026-02,142,178.91164936413924,2391.29,2986.0354278874843,16.69
company:tnl:all:log_linear,tnl,Mighty Patch face/body extensions,B0BMM44HBF,2026-03,146,178.3102583077874,2617.24,3204.2353417909394,17.97
company:tnl:all:log_linear,tnl,Mighty Patch face/body extensions,B0BMM44HBF,2026-04,155,173.67521237919894,2787.75,3120.9435664542048,17.97
company:tnl:all:log_linear,tnl,Mighty Patch face/body extensions,B0BMM44HBF,2026-05,169,175.88687228455083,3031.69,3160.687094953378,17.97
company:tnl:all:log_linear,tnl,Mighty Patch face/body extensions,B0BPDBYRTZ,2024-05,1007,895.5384789544246,11796.95,8991.206328702423,10.04
company:tnl:all:log_linear,tnl,Mighty Patch face/body extensions,B0BPDBYRTZ,2024-06,1021,894.2374368774285,11176.45,9765.07281070152,10.92
company:tnl:all:log_linear,tnl,Mighty Patch face/body extensions,B0BPDBYRTZ,2024-07,1257,763.4138106679834,12211.5,6458.48083825114,8.46
company:tnl:all:log_linear,tnl,Mighty Patch face/body extensions,B0BPDBYRTZ,2024-08,1088,959.4306389291042,12906.74,11378.847377699176,11.86
company:tnl:all:log_linear,tnl,Mighty Patch face/body extensions,B0BPDBYRTZ,2024-09,1098,942.2458096597569,13027.42,11175.035302564716,11.86
company:tnl:all:log_linear,tnl,Mighty Patch face/body extensions,B0BPDBYRTZ,2024-10,1119,733.6369879386461,11455.99,7578.470085406215,10.33
company:tnl:all:log_linear,tnl,Mighty Patch face/body extensions,B0BPDBYRTZ,2024-11,1406,987.9875736206279,15900.78,11282.81809074757,11.42
company:tnl:all:log_linear,tnl,Mighty Patch face/body extensions,B0BPDBYRTZ,2024-12,1473,905.6866596092192,17225.89,10596.533917427863,11.7
company:tnl:all:log_linear,tnl,Mighty Patch face/body extensions,B0BPDBYRTZ,2025-01,1178,913.1148896001355,13967.64,10829.542590657606,11.86
company:tnl:all:log_linear,tnl,Mighty Patch face/body extensions,B0BPDBYRTZ,2025-02,1211,872.6845888956492,13818.17,9983.511696966227,11.44
company:tnl:all:log_linear,tnl,Mighty Patch face/body extensions,B0BPDBYRTZ,2025-03,1072,784.3204116633775,11888.31,8698.113365346857,11.09
company:tnl:all:log_linear,tnl,Mighty Patch face/body extensions,B0BPDBYRTZ,2025-04,1079,782.3992654032257,12797.73,9279.255287682257,11.86
company:tnl:all:log_linear,tnl,Mighty Patch face/body extensions,B0BPDBYRTZ,2025-05,1087,778.8225265539177,12887.61,9236.835164929464,11.86
company:tnl:all:log_linear,tnl,Mighty Patch face/body extensions,B0BPDBYRTZ,2025-06,1006,674.3998835332293,12363.09,8349.070558141379,12.38
company:tnl:all:log_linear,tnl,Mighty Patch face/body extensions,B0BPDBYRTZ,2025-07,1155,727.2175300425951,14980.77,9432.011364652459,12.97
company:tnl:all:log_linear,tnl,Mighty Patch face/body extensions,B0BPDBYRTZ,2025-08,1063,793.3782572258201,12898.04,9623.678260149198,12.13
company:tnl:all:log_linear,tnl,Mighty Patch face/body extensions,B0BPDBYRTZ,2025-09,1142,844.1244245293276,14805.26,10948.29378614538,12.97
company:tnl:all:log_linear,tnl,Mighty Patch face/body extensions,B0BPDBYRTZ,2025-10,1133,741.470907733318,12927.74,8437.938930005159,11.38
company:tnl:all:log_linear,tnl,Mighty Patch face/body extensions,B0BPDBYRTZ,2025-11,1096,724.5517424841196,11292.54,7441.146395311908,10.27
company:tnl:all:log_linear,tnl,Mighty Patch face/body extensions,B0BPDBYRTZ,2025-12,898,601.7261651308393,11549.24,7744.215745233901,12.87
company:tnl:all:log_linear,tnl,Mighty Patch face/body extensions,B0BPDBYRTZ,2026-01,1058,714.8797484504058,11228.98,7584.874131058806,10.61
company:tnl:all:log_linear,tnl,Mighty Patch face/body extensions,B0BPDBYRTZ,2026-02,1357,725.5924596925271,14368.35,7676.7682235469365,10.58
company:tnl:all:log_linear,tnl,Mighty Patch face/body extensions,B0BPDBYRTZ,2026-03,1477,746.8376370981614,15974.37,8080.783233402107,10.82
company:tnl:all:log_linear,tnl,Mighty Patch face/body extensions,B0BPDBYRTZ,2026-04,1213,545.754512361689,12538.34,5588.526206583695,10.24
company:tnl:all:log_linear,tnl,Mighty Patch face/body extensions,B0BPDBYRTZ,2026-05,1201,537.7908162874298,11373.07,5082.123213916211,9.45
company:tnl:all:log_linear,tnl,Adjacent patch,B0BS49YW8Z,2024-05,171,196.1812883732883,1050.9,1035.8372026109623,5.28
company:tnl:all:log_linear,tnl,Adjacent patch,B0BS49YW8Z,2024-06,162,197.655918866992,1245.27,1527.8802528418482,7.73
company:tnl:all:log_linear,tnl,Adjacent patch,B0BS49YW8Z,2024-07,235,210.7555556374777,2354.46,1791.4222229185605,8.5
company:tnl:all:log_linear,tnl,Adjacent patch,B0BS49YW8Z,2024-08,222,262.14956347468643,2885.75,3402.70133390143,12.98
company:tnl:all:log_linear,tnl,Adjacent patch,B0BS49YW8Z,2024-09,226,261.31085868972315,2933.48,3391.8149457926065,12.98
company:tnl:all:log_linear,tnl,Adjacent patch,B0BS49YW8Z,2024-10,258,255.29685041591503,3175.49,3206.528441223893,12.56
company:tnl:all:log_linear,tnl,Adjacent patch,B0BS49YW8Z,2024-11,204,211.559761213333,2649.65,2746.0457005490625,12.98
company:tnl:all:log_linear,tnl,Adjacent patch,B0BS49YW8Z,2024-12,226,210.5440311457108,2928.46,2732.8615242713263,12.98
company:tnl:all:log_linear,tnl,Adjacent patch,B0BS49YW8Z,2025-01,264,269.90352213544537,3431.74,3503.347717318081,12.98
company:tnl:all:log_linear,tnl,Adjacent patch,B0BS49YW8Z,2025-02,313,289.02532321399474,3928.3,3618.597046639214,12.52
company:tnl:all:log_linear,tnl,Adjacent patch,B0BS49YW8Z,2025-03,277,269.1946948342536,3599.23,3494.147138948612,12.98
company:tnl:all:log_linear,tnl,Adjacent patch,B0BS49YW8Z,2025-04,254,252.55866128440476,3294.76,3278.211423471574,12.98
company:tnl:all:log_linear,tnl,Adjacent patch,B0BS49YW8Z,2025-05,244,244.77871608269106,3163.77,3177.22773475333,12.98
company:tnl:all:log_linear,tnl,Adjacent patch,B0BS49YW8Z,2025-06,203,208.0880788893751,2631.17,2700.9832639840893,12.98
company:tnl:all:log_linear,tnl,Adjacent patch,B0BS49YW8Z,2025-07,242,223.1343936373019,3135.39,2894.053085475806,12.97
company:tnl:all:log_linear,tnl,Adjacent patch,B0BS49YW8Z,2025-08,283,273.2320352972164,3668.42,3543.819497804897,12.97
company:tnl:all:log_linear,tnl,Adjacent patch,B0BS49YW8Z,2025-09,259,254.18653512610084,3359.23,3296.799360585528,12.97
company:tnl:all:log_linear,tnl,Adjacent patch,B0BS49YW8Z,2025-10,243,225.03966202610474,2985.73,2767.9878429210885,12.3
company:tnl:all:log_linear,tnl,Adjacent patch,B0BS49YW8Z,2025-11,231,217.77671776965062,2569.97,2430.388170309301,11.16
company:tnl:all:log_linear,tnl,Adjacent patch,B0BS49YW8Z,2025-12,213,196.0621300827892,2249.76,2064.5342297717702,10.53
company:tnl:all:log_linear,tnl,Adjacent patch,B0BS49YW8Z,2026-01,252,220.37956624841826,2281.23,2012.0654398480588,9.13
company:tnl:all:log_linear,tnl,Adjacent patch,B0BS49YW8Z,2026-02,292,217.87923794971866,2990.11,2220.189434707633,10.19
company:tnl:all:log_linear,tnl,Adjacent patch,B0BS49YW8Z,2026-03,318,222.5557021837202,3461.67,2425.8571538025503,10.9
company:tnl:all:log_linear,tnl,Adjacent patch,B0BS49YW8Z,2026-04,323,209.314938860388,3538.92,2296.1848792984565,10.97
company:tnl:all:log_linear,tnl,Adjacent patch,B0BS49YW8Z,2026-05,358,217.81759289299418,3922.69,2389.458994036146,10.97
company:tnl:all:log_linear,tnl,Mighty Patch face/body extensions,B0BWL2J93X,2024-05,1017,1007.1915366301557,23772.43,20194.190309434623,20.05
company:tnl:all:log_linear,tnl,Mighty Patch face/body extensions,B0BWL2J93X,2024-06,1021,998.7756645497898,22724.23,22242.734049523817,22.27
company:tnl:all:log_linear,tnl,Mighty Patch face/body extensions,B0BWL2J93X,2024-07,1263,871.6110015912386,25656.1,15863.320228960541,18.2
company:tnl:all:log_linear,tnl,Mighty Patch face/body extensions,B0BWL2J93X,2024-08,1095,1077.8299349967017,26267.5,25857.14014057087,23.99
company:tnl:all:log_linear,tnl,Mighty Patch face/body extensions,B0BWL2J93X,2024-09,1102,1044.97981820738,24748.08,23397.09812966324,22.39
company:tnl:all:log_linear,tnl,Mighty Patch face/body extensions,B0BWL2J93X,2024-10,1116,843.0491777458858,26771.29,20224.7497741238,23.99
company:tnl:all:log_linear,tnl,Mighty Patch face/body extensions,B0BWL2J93X,2024-11,1402,1108.7574626872276,33643.58,26599.09152986659,23.99
company:tnl:all:log_linear,tnl,Mighty Patch face/body extensions,B0BWL2J93X,2024-12,1466,1009.9140481734421,35179.4,24227.838015680874,23.99
company:tnl:all:log_linear,tnl,Mighty Patch face/body extensions,B0BWL2J93X,2025-01,1160,1005.4085008735617,27819.11,24119.749935956745,23.99
company:tnl:all:log_linear,tnl,Mighty Patch face/body extensions,B0BWL2J93X,2025-02,1242,989.5986117631957,27434.87,21909.713264437152,22.14
company:tnl:all:log_linear,tnl,Mighty Patch face/body extensions,B0BWL2J93X,2025-03,1099,903.6581057464978,26097.92,21452.843430421857,23.74
company:tnl:all:log_linear,tnl,Mighty Patch face/body extensions,B0BWL2J93X,2025-04,1076,870.0894130858164,25535.54,20655.92266665728,23.74
company:tnl:all:log_linear,tnl,Mighty Patch face/body extensions,B0BWL2J93X,2025-05,1086,868.1068984556658,25770.92,20608.857769337505,23.74
company:tnl:all:log_linear,tnl,Mighty Patch face/body extensions,B0BWL2J93X,2025-06,1006,747.6013869660168,23887.98,17748.056926573237,23.74
company:tnl:all:log_linear,tnl,Mighty Patch face/body extensions,B0BWL2J93X,2025-07,1156,796.8852479079007,26670.74,18304.45414444448,22.97
company:tnl:all:log_linear,tnl,Mighty Patch face/body extensions,B0BWL2J93X,2025-08,1057,872.4944993910206,24271.47,20041.198651011742,22.97
company:tnl:all:log_linear,tnl,Mighty Patch face/body extensions,B0BWL2J93X,2025-09,1147,927.5305764866736,26267.52,21286.826730369157,22.95
company:tnl:all:log_linear,tnl,Mighty Patch face/body extensions,B0BWL2J93X,2025-10,1136,833.6212028571096,26314.21,19406.701602513513,23.28
company:tnl:all:log_linear,tnl,Mighty Patch face/body extensions,B0BWL2J93X,2025-11,1096,806.9024819338123,22236.53,16476.94868108845,20.42
company:tnl:all:log_linear,tnl,Mighty Patch face/body extensions,B0BWL2J93X,2025-12,898,635.3367959487456,16326.93,11550.422950348195,18.18
company:tnl:all:log_linear,tnl,Mighty Patch face/body extensions,B0BWL2J93X,2026-01,1058,776.3469096362512,19035.16,13966.480904356158,17.99
company:tnl:all:log_linear,tnl,Mighty Patch face/body extensions,B0BWL2J93X,2026-02,1357,788.3212604496989,24411.79,14181.899475490081,17.99
company:tnl:all:log_linear,tnl,Mighty Patch face/body extensions,B0BWL2J93X,2026-03,1476,807.7401599029549,26552.73,14531.245476654158,17.99
company:tnl:all:log_linear,tnl,Mighty Patch face/body extensions,B0BWL2J93X,2026-04,1205,584.7394595337225,20007.88,9817.775525571202,16.79
company:tnl:all:log_linear,tnl,Mighty Patch face/body extensions,B0BWL2J93X,2026-05,1208,601.5482295187758,21738.67,10821.852649042776,17.99
company:tnl:all:log_linear,tnl,Low-confidence Hero product,B0CGMC8WS9,2024-05,67,137.20889018224784,952.33,1675.3205491252463,12.21
company:tnl:all:log_linear,tnl,Low-confidence Hero product,B0CGMC8WS9,2024-06,70,142.81334737952622,1000.83,2069.365403529335,14.49
company:tnl:all:log_linear,tnl,Low-confidence Hero product,B0CGMC8WS9,2024-07,91,134.0469360216717,1093.28,1465.1330107168717,10.93
company:tnl:all:log_linear,tnl,Low-confidence Hero product,B0CGMC8WS9,2024-08,58,128.62483039043337,868.94,1928.0862075525963,14.99
company:tnl:all:log_linear,tnl,Low-confidence Hero product,B0CGMC8WS9,2024-09,56,125.66355646999376,839.94,1883.6967114852066,14.99
company:tnl:all:log_linear,tnl,Low-confidence Hero product,B0CGMC8WS9,2024-10,103,160.98763368979095,1475.79,2335.9305648388668,14.51
company:tnl:all:log_linear,tnl,Low-confidence Hero product,B0CGMC8WS9,2024-11,176,203.88820152453133,2620.63,3042.011966746007,14.92
company:tnl:all:log_linear,tnl,Low-confidence Hero product,B0CGMC8WS9,2024-12,252,244.25670477369667,3751.68,3634.5397670326065,14.88
company:tnl:all:log_linear,tnl,Low-confidence Hero product,B0CGMC8WS9,2025-01,204,253.20301538187394,3029.28,3767.6608688822844,14.88
company:tnl:all:log_linear,tnl,Low-confidence Hero product,B0CGMC8WS9,2025-02,225,256.5687937779968,3227.37,3681.762190714254,14.35
company:tnl:all:log_linear,tnl,Low-confidence Hero product,B0CGMC8WS9,2025-03,204,248.45831622622777,3036.96,3697.0597454462695,14.88
company:tnl:all:log_linear,tnl,Low-confidence Hero product,B0CGMC8WS9,2025-04,180,228.79288526439575,2680.38,3404.438132734209,14.88
company:tnl:all:log_linear,tnl,Low-confidence Hero product,B0CGMC8WS9,2025-05,196,239.26216096641846,2916.48,3560.220955180307,14.88
company:tnl:all:log_linear,tnl,Low-confidence Hero product,B0CGMC8WS9,2025-06,188,228.55790909031126,2792.48,3400.9416872638317,14.88
company:tnl:all:log_linear,tnl,Low-confidence Hero product,B0CGMC8WS9,2025-07,243,245.92186697666548,3618.24,3659.3173806127825,14.88
company:tnl:all:log_linear,tnl,Low-confidence Hero product,B0CGMC8WS9,2025-08,215,253.14607429971593,2882.4,3402.283238588182,13.44
company:tnl:all:log_linear,tnl,Low-confidence Hero product,B0CGMC8WS9,2025-09,214,251.80960234476595,3096.53,3621.0220817177346,14.38
company:tnl:all:log_linear,tnl,Low-confidence Hero product,B0CGMC8WS9,2025-10,236,243.68524659114127,3291.59,3438.3988294010032,14.11
company:tnl:all:log_linear,tnl,Low-confidence Hero product,B0CGMC8WS9,2025-11,292,274.301511728483,3784.98,3639.9810606369692,13.27
company:tnl:all:log_linear,tnl,Low-confidence Hero product,B0CGMC8WS9,2025-12,240,233.78690690278847,3528.72,3450.6947458851578,14.76
company:tnl:all:log_linear,tnl,Low-confidence Hero product,B0CGMC8WS9,2026-01,265,267.97584154445093,3938.4,3987.48052218143,14.88
company:tnl:all:log_linear,tnl,Low-confidence Hero product,B0CGMC8WS9,2026-02,314,260.5060615306951,4338.58,3600.193770354206,13.82
company:tnl:all:log_linear,tnl,Low-confidence Hero product,B0CGMC8WS9,2026-03,363,268.9103003374275,5137.56,3845.417294825213,14.3
company:tnl:all:log_linear,tnl,Low-confidence Hero product,B0CGMC8WS9,2026-04,378,253.33140471662765,5230.99,3518.7732115139584,13.89
company:tnl:all:log_linear,tnl,Low-confidence Hero product,B0CGMC8WS9,2026-05,510,294.10632678752927,6855.96,4011.6102973818993,13.64
company:tnl:all:log_linear,tnl,Mighty Patch face/body extensions,B0CMDGP48L,2024-05,79,164.43016076747313,1418.21,2535.5130790344356,15.42
company:tnl:all:log_linear,tnl,Mighty Patch face/body extensions,B0CMDGP48L,2024-06,80,167.94157532552947,1398.42,2920.5039949109578,17.39
company:tnl:all:log_linear,tnl,Mighty Patch face/body extensions,B0CMDGP48L,2024-07,117,175.6284575700707,1878.94,2609.8388794912507,14.86
company:tnl:all:log_linear,tnl,Mighty Patch face/body extensions,B0CMDGP48L,2024-08,98,153.8842398514372,450.33,714.0228729106685,4.64
company:tnl:all:log_linear,tnl,Mighty Patch face/body extensions,B0CMDGP48L,2024-09,99,187.67034311998015,1789.41,3376.1894727284425,17.99
company:tnl:all:log_linear,tnl,Mighty Patch face/body extensions,B0CMDGP48L,2024-10,130,197.84574832258983,2042.74,3214.993410242085,16.25
company:tnl:all:log_linear,tnl,Mighty Patch face/body extensions,B0CMDGP48L,2024-11,172,229.9639932133382,3087.08,4137.052237907954,17.99
company:tnl:all:log_linear,tnl,Mighty Patch face/body extensions,B0CMDGP48L,2024-12,149,193.3183186775914,2676.45,3477.796553009869,17.99
company:tnl:all:log_linear,tnl,Mighty Patch face/body extensions,B0CMDGP48L,2025-01,120,203.80506805378275,2151.84,3666.4531742875515,17.99
company:tnl:all:log_linear,tnl,Mighty Patch face/body extensions,B0CMDGP48L,2025-02,118,190.7832438978572,2036.08,3310.089281627823,17.35
company:tnl:all:log_linear,tnl,Mighty Patch face/body extensions,B0CMDGP48L,2025-03,106,178.24790926156027,1784.49,2999.912312872059,16.83
company:tnl:all:log_linear,tnl,Mighty Patch face/body extensions,B0CMDGP48L,2025-04,101,173.02590475594408,1810.99,3112.736026559434,17.99
company:tnl:all:log_linear,tnl,Mighty Patch face/body extensions,B0CMDGP48L,2025-05,101,175.8227041199025,1810.03,3163.0504471170457,17.99
company:tnl:all:log_linear,tnl,Mighty Patch face/body extensions,B0CMDGP48L,2025-06,105,179.28846991323783,1893.15,3225.3995737391483,17.99
company:tnl:all:log_linear,tnl,Mighty Patch face/body extensions,B0CMDGP48L,2025-07,128,187.92304866124024,2311.42,3380.7356454157116,17.99
company:tnl:all:log_linear,tnl,Mighty Patch face/body extensions,B0CMDGP48L,2025-08,132,204.62183924136679,2383.38,3681.146887952188,17.99
company:tnl:all:log_linear,tnl,Mighty Patch face/body extensions,B0CMDGP48L,2025-09,132,201.99279194915084,2371.68,3633.8503271652235,17.99
company:tnl:all:log_linear,tnl,Mighty Patch face/body extensions,B0CMDGP48L,2025-10,125,182.77082580883484,2178.9,3224.0773672678465,17.64
company:tnl:all:log_linear,tnl,Mighty Patch face/body extensions,B0CMDGP48L,2025-11,124,185.796443644544,1967.74,2980.174956058486,16.04
company:tnl:all:log_linear,tnl,Mighty Patch face/body extensions,B0CMDGP48L,2025-12,105,162.93484744432953,1871.83,2906.7576784068387,17.84
company:tnl:all:log_linear,tnl,Mighty Patch face/body extensions,B0CMDGP48L,2026-01,104,169.41902617934153,1734.29,2829.2977371950033,16.7
company:tnl:all:log_linear,tnl,Mighty Patch face/body extensions,B0CMDGP48L,2026-02,119,158.66073964421088,1660.87,2226.0101772082785,14.03
company:tnl:all:log_linear,tnl,Mighty Patch face/body extensions,B0CMDGP48L,2026-03,115,153.8531959974825,1666.31,2232.409873923471,14.51
company:tnl:all:log_linear,tnl,Mighty Patch face/body extensions,B0CMDGP48L,2026-04,139,160.04661502618066,2078.11,2399.098759242448,14.99
company:tnl:all:log_linear,tnl,Mighty Patch face/body extensions,B0CMDGP48L,2026-05,148,160.77140938990917,2217.27,2409.9634267547385,14.99
company:tnl:all:log_linear,tnl,Mighty Patch core,B0D38DMBPQ,2024-06,191,90.39107750925756,2675.59,169.03131494231164,1.87
company:tnl:all:log_linear,tnl,Mighty Patch core,B0D38DMBPQ,2024-07,334,308.03315251631756,4675.82,4309.383803703283,13.99
company:tnl:all:log_linear,tnl,Mighty Patch core,B0D38DMBPQ,2024-08,408,396.0675762023505,5444.95,5342.951602969708,13.49
company:tnl:all:log_linear,tnl,Mighty Patch core,B0D38DMBPQ,2024-09,560,565.8547125159805,7833,7916.3074280985675,13.99
company:tnl:all:log_linear,tnl,Mighty Patch core,B0D38DMBPQ,2024-10,676,552.9358438614862,8952.7,7486.751325884523,13.54
company:tnl:all:log_linear,tnl,Mighty Patch core,B0D38DMBPQ,2024-11,864,575.7281851157904,11604.64,7519.010097612223,13.06
company:tnl:all:log_linear,tnl,Mighty Patch core,B0D38DMBPQ,2024-12,566,423.23639222326915,7514.28,5637.508744413945,13.32
company:tnl:all:log_linear,tnl,Mighty Patch core,B0D38DMBPQ,2025-01,509,485.0507270824084,7112.98,6776.158657341246,13.97
company:tnl:all:log_linear,tnl,Mighty Patch core,B0D38DMBPQ,2025-02,459,426.59251461377875,6181.73,5746.2011718476,13.47
company:tnl:all:log_linear,tnl,Mighty Patch core,B0D38DMBPQ,2025-03,388,384.5111586706195,5420.36,5371.620886628555,13.97
company:tnl:all:log_linear,tnl,Mighty Patch core,B0D38DMBPQ,2025-04,379,374.9101011526117,5296.96,5237.494113101985,13.97
company:tnl:all:log_linear,tnl,Mighty Patch core,B0D38DMBPQ,2025-05,344,348.8206157878077,4801.17,4873.024002555674,13.97
company:tnl:all:log_linear,tnl,Mighty Patch core,B0D38DMBPQ,2025-06,378,362.10528989199577,5108.36,4888.4214135419425,13.5
company:tnl:all:log_linear,tnl,Mighty Patch core,B0D38DMBPQ,2025-07,375,338.11395709785637,4913.38,4419.1494192689825,13.07
company:tnl:all:log_linear,tnl,Mighty Patch core,B0D38DMBPQ,2025-08,436,412.1426146160271,5708.77,5386.703973031475,13.07
company:tnl:all:log_linear,tnl,Mighty Patch core,B0D38DMBPQ,2025-09,516,456.7760842483266,6704.67,5956.360138598178,13.04
company:tnl:all:log_linear,tnl,Mighty Patch core,B0D38DMBPQ,2025-10,591,427.1929814373875,7477.7,5591.956127015403,13.09
company:tnl:all:log_linear,tnl,Mighty Patch core,B0D38DMBPQ,2025-11,509,422.78133864878885,5801.22,4836.618514142144,11.44
company:tnl:all:log_linear,tnl,Mighty Patch core,B0D38DMBPQ,2025-12,646,481.47047058258704,8570.19,6379.483735219278,13.25
company:tnl:all:log_linear,tnl,Mighty Patch core,B0D38DMBPQ,2026-01,469,403.33437888285016,5935.9,5086.04651771274,12.61
company:tnl:all:log_linear,tnl,Mighty Patch core,B0D38DMBPQ,2026-02,553,383.36170622823215,7032.1,4887.86175440996,12.75
company:tnl:all:log_linear,tnl,Mighty Patch core,B0D38DMBPQ,2026-03,541,363.16736920775475,6866.18,4626.752283706795,12.74
company:tnl:all:log_linear,tnl,Mighty Patch core,B0D38DMBPQ,2026-04,540,333.52198944821885,7134.83,4409.160700505453,13.22
company:tnl:all:log_linear,tnl,Mighty Patch core,B0D38DMBPQ,2026-05,529,327.8480555710262,6988.42,4334.1512946489665,13.22
company:tnl:all:log_linear,tnl,Mighty Patch face/body extensions,B0DLLDXQ18,2025-01,48,49.26889835486423,726.04,547.8701497060902,11.12
company:tnl:all:log_linear,tnl,Mighty Patch face/body extensions,B0DLLDXQ18,2025-02,74,137.3149619080902,1113.54,2058.351279002272,14.99
company:tnl:all:log_linear,tnl,Mighty Patch face/body extensions,B0DLLDXQ18,2025-03,64,128.31276004356332,956.46,1923.4082730530142,14.99
company:tnl:all:log_linear,tnl,Mighty Patch face/body extensions,B0DLLDXQ18,2025-04,63,129.8261106733169,937.37,1946.0933989930202,14.99
company:tnl:all:log_linear,tnl,Mighty Patch face/body extensions,B0DLLDXQ18,2025-05,66,133.11978419876533,992.24,1995.4655651394924,14.99
company:tnl:all:log_linear,tnl,Mighty Patch face/body extensions,B0DLLDXQ18,2025-06,62,127.34852781628624,931.38,1908.9544319661306,14.99
company:tnl:all:log_linear,tnl,Mighty Patch face/body extensions,B0DLLDXQ18,2025-07,71,129.27204109935266,1067.67,1937.7878960792964,14.99
company:tnl:all:log_linear,tnl,Mighty Patch face/body extensions,B0DLLDXQ18,2025-08,63,129.19992718354493,874.62,1810.0909798414643,14.01
company:tnl:all:log_linear,tnl,Mighty Patch face/body extensions,B0DLLDXQ18,2025-09,65,130.98101776064055,885.23,1764.3143092358284,13.47
company:tnl:all:log_linear,tnl,Mighty Patch face/body extensions,B0DLLDXQ18,2025-10,52,111.90917520910081,735.19,1599.1821137380505,14.29
company:tnl:all:log_linear,tnl,Mighty Patch face/body extensions,B0DLLDXQ18,2025-11,38,84.73340027605099,464.58,871.0593548378041,10.28
company:tnl:all:log_linear,tnl,Mighty Patch face/body extensions,B0DLLDXQ18,2025-12,29,69.68013428558531,414.33,875.1824866269516,12.56
company:tnl:all:log_linear,tnl,Mighty Patch face/body extensions,B0DLLDXQ18,2026-01,67,126.49339077989298,964.6,1820.23989332266,14.39
company:tnl:all:log_linear,tnl,Mighty Patch face/body extensions,B0DLLDXQ18,2026-02,56,109.36758738847985,838.85,1637.2327832055435,14.97
company:tnl:all:log_linear,tnl,Mighty Patch face/body extensions,B0DLLDXQ18,2026-03,71,114.05167787456853,789.06,1267.1141411864562,11.11
company:tnl:all:log_linear,tnl,Mighty Patch face/body extensions,B0DLLDXQ18,2026-04,71,113.1390585567132,1002.49,1580.5526480372835,13.97
company:tnl:all:log_linear,tnl,Mighty Patch face/body extensions,B0DLLDXQ18,2026-05,95,126.53189693072292,1419.03,1894.1824970529221,14.97
company:tnl:all:log_linear,tnl,Mighty Patch core,B0DNR8RF83,2025-04,9571,16531.936642722634,169659.31,265006.94438284385,16.03
company:tnl:all:log_linear,tnl,Mighty Patch core,B0DNR8RF83,2025-05,9444,14023.825063356919,216265.38,321145.5939508734,22.9
company:tnl:all:log_linear,tnl,Mighty Patch core,B0DNR8RF83,2025-06,11260,17497.075747279927,257848.66,400683.0346127103,22.9
company:tnl:all:log_linear,tnl,Mighty Patch core,B0DNR8RF83,2025-07,12315,14023.825063356919,282024.58,321145.5939508734,22.9
company:tnl:all:log_linear,tnl,Mighty Patch core,B0DNR8RF83,2025-08,10426,17310.812599573135,223467.8,370797.6058828566,21.42
company:tnl:all:log_linear,tnl,Mighty Patch core,B0DNR8RF83,2025-09,10732,17497.075747279927,245761.27,400683.0346127103,22.9
company:tnl:all:log_linear,tnl,Mighty Patch core,B0DNR8RF83,2025-10,9090,11690.761943748374,178875.43,229022.02647803063,19.59
company:tnl:all:log_linear,tnl,Mighty Patch core,B0DNR8RF83,2025-11,9741,11750.829571323899,196284.59,237719.28222788248,20.23
company:tnl:all:log_linear,tnl,Mighty Patch core,B0DNR8RF83,2025-12,9186,9013.335104197768,145976.89,138174.4271473518,15.33
company:tnl:all:log_linear,tnl,Mighty Patch core,B0DNR8RF83,2026-01,7623,6867.8841674180085,22504.79,15246.70285166798,2.22
company:tnl:all:log_linear,tnl,Mighty Patch core,B0DNR8RF83,2026-02,7238,6242.153541946511,6185.45,5118.565904396139,0.82
company:tnl:all:log_linear,tnl,Mighty Patch core,B0DNR8RF83,2026-03,8357,8280.109787621226,39291.23,36680.88635916203,4.43
company:tnl:all:log_linear,tnl,Mighty Patch core,B0DNR8RF83,2026-04,9606,11972.748320705537,218425.69,272260.2968128439,22.74
company:tnl:all:log_linear,tnl,Mighty Patch core,B0DNR8RF83,2026-05,9732,10611.917607945119,222869.48,243012.91322194322,22.9
company:tnl:all:log_linear,tnl,Mighty Patch core,B0DVHVB9DY,2025-02,2,8.819913568610458,0,5.997541226655112,0.68
company:tnl:all:log_linear,tnl,Mighty Patch core,B0DVHVB9DY,2025-03,70,125.50137509761662,1326.85,2306.7152742941935,18.38
company:tnl:all:log_linear,tnl,Mighty Patch core,B0DVHVB9DY,2025-04,296,296.04583013383524,5615.98,5621.910314241531,18.99
company:tnl:all:log_linear,tnl,Mighty Patch core,B0DVHVB9DY,2025-05,299,330.86841992452173,5678.62,6283.1912943666675,18.99
company:tnl:all:log_linear,tnl,Mighty Patch core,B0DVHVB9DY,2025-06,289,316.63225136150476,5482.41,6012.846453354975,18.99
company:tnl:all:log_linear,tnl,Mighty Patch core,B0DVHVB9DY,2025-07,355,332.02017490594284,6560.13,6102.530814771229,18.38
company:tnl:all:log_linear,tnl,Mighty Patch core,B0DVHVB9DY,2025-08,475,458.19425545591685,8724.99,8421.61041527975,18.38
company:tnl:all:log_linear,tnl,Mighty Patch core,B0DVHVB9DY,2025-09,534,491.41350789873394,9792.51,9022.352005020755,18.36
company:tnl:all:log_linear,tnl,Mighty Patch core,B0DVHVB9DY,2025-10,536,449.8810533621455,9937.52,8376.78521360315,18.62
company:tnl:all:log_linear,tnl,Mighty Patch core,B0DVHVB9DY,2025-11,506,434.3662722100601,7123.97,6324.372923378475,14.56
company:tnl:all:log_linear,tnl,Mighty Patch core,B0DVHVB9DY,2025-12,453,382.11808917001383,7305.64,6087.141160478321,15.93
company:tnl:all:log_linear,tnl,Mighty Patch core,B0DVHVB9DY,2026-01,465,417.90876399116223,8566.94,7681.163082157562,18.38
company:tnl:all:log_linear,tnl,Mighty Patch core,B0DVHVB9DY,2026-02,521,388.0649094514674,9900.57,7369.352630483365,18.99
company:tnl:all:log_linear,tnl,Mighty Patch core,B0DVHVB9DY,2026-03,597,401.00462383520954,10674.98,7270.213830132348,18.13
company:tnl:all:log_linear,tnl,Mighty Patch core,B0DVHVB9DY,2026-04,495,331.7131800806814,9402.58,6299.233289732139,18.99
company:tnl:all:log_linear,tnl,Mighty Patch core,B0DVHVB9DY,2026-05,489,324.3834303419003,9290.86,6160.041342192686,18.99
company:tnl:all:log_linear,tnl,Mighty Patch core,B0DVJ7BLQ7,2025-03,89,64.63347398063553,2654.77,1438.0947960691406,22.25
company:tnl:all:log_linear,tnl,Mighty Patch core,B0DVJ7BLQ7,2025-04,948,487.0976443940353,28425.52,14608.058355377118,29.99
company:tnl:all:log_linear,tnl,Mighty Patch core,B0DVJ7BLQ7,2025-05,1316,1119.7326154569214,39480.38,33580.78113755307,29.99
company:tnl:all:log_linear,tnl,Mighty Patch core,B0DVJ7BLQ7,2025-06,1356,1097.2745557143353,40659.44,32907.26392587291,29.99
company:tnl:all:log_linear,tnl,Mighty Patch core,B0DVJ7BLQ7,2025-07,1577,1100.6467390290877,47280.69,33008.39570348234,29.99
company:tnl:all:log_linear,tnl,Mighty Patch core,B0DVJ7BLQ7,2025-08,1384,1195.8115627738964,40186.58,34690.493436070734,29.01
company:tnl:all:log_linear,tnl,Mighty Patch core,B0DVJ7BLQ7,2025-09,1657,1429.1934389970183,49658.29,42832.92736674064,29.97
company:tnl:all:log_linear,tnl,Mighty Patch core,B0DVJ7BLQ7,2025-10,1956,1500.3123834609783,52533.75,40403.412486604146,26.93
company:tnl:all:log_linear,tnl,Mighty Patch core,B0DVJ7BLQ7,2025-11,1962,1458.482437259392,51204.18,38401.842573039794,26.33
company:tnl:all:log_linear,tnl,Mighty Patch core,B0DVJ7BLQ7,2025-12,1910,1332.4882954777909,54853.67,38282.388729076934,28.73
company:tnl:all:log_linear,tnl,Mighty Patch core,B0DVJ7BLQ7,2026-01,1970,1536.2934239664096,54264.36,42340.246764514246,27.56
company:tnl:all:log_linear,tnl,Mighty Patch core,B0DVJ7BLQ7,2026-02,1840,1187.1865466623672,55152.29,35579.980803471146,29.97
company:tnl:all:log_linear,tnl,Mighty Patch core,B0DVJ7BLQ7,2026-03,2272,1444.816419530315,63082.46,40223.68911972397,27.84
company:tnl:all:log_linear,tnl,Mighty Patch core,B0DVJ7BLQ7,2026-04,2422,1427.6430467277562,72123.53,42500.9335010853,29.77
company:tnl:all:log_linear,tnl,Mighty Patch core,B0DVJ7BLQ7,2026-05,2335,1347.6117795438172,69966.21,40387.9250329282,29.97
family:tnl:Adjacent patch:family_adjusted,tnl,Adjacent patch,B0BS49YW8Z,2024-05,171,197.32635542256986,1050.9,1041.883156631169,5.28
family:tnl:Adjacent patch:family_adjusted,tnl,Adjacent patch,B0BS49YW8Z,2024-06,162,212.947724681855,1245.27,1646.0859117907391,7.73
family:tnl:Adjacent patch:family_adjusted,tnl,Adjacent patch,B0BS49YW8Z,2024-07,235,223.51891635604483,2354.46,1899.910789026381,8.5
family:tnl:Adjacent patch:family_adjusted,tnl,Adjacent patch,B0BS49YW8Z,2024-08,222,269.35906631131627,2885.75,3496.2806807208854,12.98
family:tnl:Adjacent patch:family_adjusted,tnl,Adjacent patch,B0BS49YW8Z,2024-09,226,268.9584932722874,2933.48,3491.0812426742905,12.98
family:tnl:Adjacent patch:family_adjusted,tnl,Adjacent patch,B0BS49YW8Z,2024-10,258,264.28231757194385,3175.49,3319.385908703615,12.56
family:tnl:Adjacent patch:family_adjusted,tnl,Adjacent patch,B0BS49YW8Z,2024-11,204,243.83527199929657,2649.65,3164.9818305508697,12.98
family:tnl:Adjacent patch:family_adjusted,tnl,Adjacent patch,B0BS49YW8Z,2024-12,226,243.29115641233514,2928.46,3157.9192102321103,12.98
family:tnl:Adjacent patch:family_adjusted,tnl,Adjacent patch,B0BS49YW8Z,2025-01,264,273.03050277633724,3431.74,3543.9359260368574,12.98
family:tnl:Adjacent patch:family_adjusted,tnl,Adjacent patch,B0BS49YW8Z,2025-02,313,279.7795129315986,3928.3,3502.8395019036147,12.52
family:tnl:Adjacent patch:family_adjusted,tnl,Adjacent patch,B0BS49YW8Z,2025-03,277,272.697235633835,3599.23,3539.6101185271787,12.98
family:tnl:Adjacent patch:family_adjusted,tnl,Adjacent patch,B0BS49YW8Z,2025-04,254,264.7367584531703,3294.76,3436.2831247221507,12.98
family:tnl:Adjacent patch:family_adjusted,tnl,Adjacent patch,B0BS49YW8Z,2025-05,244,260.9179918868328,3163.77,3386.71553469109,12.98
family:tnl:Adjacent patch:family_adjusted,tnl,Adjacent patch,B0BS49YW8Z,2025-06,203,241.96972038211362,2631.17,3140.766970559835,12.98
family:tnl:Adjacent patch:family_adjusted,tnl,Adjacent patch,B0BS49YW8Z,2025-07,242,249.90043647860284,3135.39,3241.208661127479,12.97
family:tnl:Adjacent patch:family_adjusted,tnl,Adjacent patch,B0BS49YW8Z,2025-08,283,274.5459343869084,3668.42,3560.8607689982023,12.97
family:tnl:Adjacent patch:family_adjusted,tnl,Adjacent patch,B0BS49YW8Z,2025-09,259,265.4859329001922,3359.23,3443.3525497154933,12.97
family:tnl:Adjacent patch:family_adjusted,tnl,Adjacent patch,B0BS49YW8Z,2025-10,243,248.18401000547036,2985.73,3052.6633230672855,12.3
family:tnl:Adjacent patch:family_adjusted,tnl,Adjacent patch,B0BS49YW8Z,2025-11,231,230.95413166266744,2569.97,2577.4481093553686,11.16
family:tnl:Adjacent patch:family_adjusted,tnl,Adjacent patch,B0BS49YW8Z,2025-12,213,225.58011150997035,2249.76,2375.3585741999877,10.53
family:tnl:Adjacent patch:family_adjusted,tnl,Adjacent patch,B0BS49YW8Z,2026-01,252,231.4578237018249,2281.23,2113.2099303976615,9.13
family:tnl:Adjacent patch:family_adjusted,tnl,Adjacent patch,B0BS49YW8Z,2026-02,292,235.34534117083666,2990.11,2398.1690265308252,10.19
family:tnl:Adjacent patch:family_adjusted,tnl,Adjacent patch,B0BS49YW8Z,2026-03,318,240.9247406168254,3461.67,2626.079672723397,10.9
family:tnl:Adjacent patch:family_adjusted,tnl,Adjacent patch,B0BS49YW8Z,2026-04,323,234.46368883964976,3538.92,2572.066666570958,10.97
family:tnl:Adjacent patch:family_adjusted,tnl,Adjacent patch,B0BS49YW8Z,2026-05,358,238.83831073457625,3922.69,2620.0562687583015,10.97
family:tnl:Low-confidence Hero product:family_adjusted,tnl,Low-confidence Hero product,B0CGMC8WS9,2024-05,67,79.60620516149699,952.33,971.9917650218783,12.21
family:tnl:Low-confidence Hero product:family_adjusted,tnl,Low-confidence Hero product,B0CGMC8WS9,2024-06,70,74.53973703741265,1000.83,1080.0807896721094,14.49
family:tnl:Low-confidence Hero product:family_adjusted,tnl,Low-confidence Hero product,B0CGMC8WS9,2024-07,91,83.51598896883048,1093.28,912.8297594293172,10.93
family:tnl:Low-confidence Hero product:family_adjusted,tnl,Low-confidence Hero product,B0CGMC8WS9,2024-08,58,55.21874795938892,868.94,827.72903191124,14.99
family:tnl:Low-confidence Hero product:family_adjusted,tnl,Low-confidence Hero product,B0CGMC8WS9,2024-09,56,52.03043828018382,839.94,779.9362698199556,14.99
family:tnl:Low-confidence Hero product:family_adjusted,tnl,Low-confidence Hero product,B0CGMC8WS9,2024-10,103,100.89737486206297,1475.79,1464.0209092485338,14.51
family:tnl:Low-confidence Hero product:family_adjusted,tnl,Low-confidence Hero product,B0CGMC8WS9,2024-11,176,178.5454608321488,2620.63,2663.89827561566,14.92
family:tnl:Low-confidence Hero product:family_adjusted,tnl,Low-confidence Hero product,B0CGMC8WS9,2024-12,252,246.36333762334132,3751.68,3665.886463835319,14.88
family:tnl:Low-confidence Hero product:family_adjusted,tnl,Low-confidence Hero product,B0CGMC8WS9,2025-01,204,269.7978044045556,3029.28,4014.5913295397877,14.88
family:tnl:Low-confidence Hero product:family_adjusted,tnl,Low-confidence Hero product,B0CGMC8WS9,2025-02,225,288.9918871562591,3227.37,4147.0335806923185,14.35
family:tnl:Low-confidence Hero product:family_adjusted,tnl,Low-confidence Hero product,B0CGMC8WS9,2025-03,204,224.2576952386495,3036.96,3336.9545051511045,14.88
family:tnl:Low-confidence Hero product:family_adjusted,tnl,Low-confidence Hero product,B0CGMC8WS9,2025-04,180,182.0567669948533,2680.38,2709.004692883417,14.88
family:tnl:Low-confidence Hero product:family_adjusted,tnl,Low-confidence Hero product,B0CGMC8WS9,2025-05,196,203.86510129516185,2916.48,3033.5127072720084,14.88
family:tnl:Low-confidence Hero product:family_adjusted,tnl,Low-confidence Hero product,B0CGMC8WS9,2025-06,188,181.58423557694218,2792.48,2701.9734253848997,14.88
family:tnl:Low-confidence Hero product:family_adjusted,tnl,Low-confidence Hero product,B0CGMC8WS9,2025-07,243,218.5161696769816,3618.24,3251.5206047934867,14.88
family:tnl:Low-confidence Hero product:family_adjusted,tnl,Low-confidence Hero product,B0CGMC8WS9,2025-08,215,259.6011704307707,2882.4,3489.039730589558,13.44
family:tnl:Low-confidence Hero product:family_adjusted,tnl,Low-confidence Hero product,B0CGMC8WS9,2025-09,214,239.85161945809344,3096.53,3449.066287807384,14.38
family:tnl:Low-confidence Hero product:family_adjusted,tnl,Low-confidence Hero product,B0CGMC8WS9,2025-10,236,224.8908101783369,3291.59,3173.209331616333,14.11
family:tnl:Low-confidence Hero product:family_adjusted,tnl,Low-confidence Hero product,B0CGMC8WS9,2025-11,292,321.8835150700466,3784.98,4271.394244979519,13.27
family:tnl:Low-confidence Hero product:family_adjusted,tnl,Low-confidence Hero product,B0CGMC8WS9,2025-12,240,193.80322087922332,3528.72,2860.5355401773363,14.76
family:tnl:Low-confidence Hero product:family_adjusted,tnl,Low-confidence Hero product,B0CGMC8WS9,2026-01,265,271.4774085558109,3938.4,4039.583839310466,14.88
family:tnl:Low-confidence Hero product:family_adjusted,tnl,Low-confidence Hero product,B0CGMC8WS9,2026-02,314,271.63686990008506,4338.58,3754.0215420191757,13.82
family:tnl:Low-confidence Hero product:family_adjusted,tnl,Low-confidence Hero product,B0CGMC8WS9,2026-03,363,326.4980793810028,5137.56,4668.92253514834,14.3
family:tnl:Low-confidence Hero product:family_adjusted,tnl,Low-confidence Hero product,B0CGMC8WS9,2026-04,378,288.88744062396705,5230.99,4012.6465502669025,13.89
family:tnl:Low-confidence Hero product:family_adjusted,tnl,Low-confidence Hero product,B0CGMC8WS9,2026-05,510,428.5510593348319,6855.96,5845.436449327108,13.64
family:tnl:Mighty Patch core:family_adjusted,tnl,Mighty Patch core,B074PVTPBW,2024-05,7782,9567.193864452962,93148.55,98159.40904928738,10.26
family:tnl:Mighty Patch core:family_adjusted,tnl,Mighty Patch core,B074PVTPBW,2024-06,7542,9733.567540924081,85499.17,110183.9845632606,11.32
family:tnl:Mighty Patch core:family_adjusted,tnl,Mighty Patch core,B074PVTPBW,2024-07,9405,9589.875215492833,95504.69,99734.70224112547,10.4
family:tnl:Mighty Patch core:family_adjusted,tnl,Mighty Patch core,B074PVTPBW,2024-08,9065,11872.057781389087,108503.42,142108.53164322738,11.97
family:tnl:Mighty Patch core:family_adjusted,tnl,Mighty Patch core,B074PVTPBW,2024-09,9063,11872.057781389087,108489.7,142108.53164322738,11.97
family:tnl:Mighty Patch core:family_adjusted,tnl,Mighty Patch core,B074PVTPBW,2024-10,9362,8679.980306262089,118239.93,109628.15126809018,12.63
family:tnl:Mighty Patch core:family_adjusted,tnl,Mighty Patch core,B074PVTPBW,2024-11,9099,9957.136645731267,117127.77,128148.34863056139,12.87
family:tnl:Mighty Patch core:family_adjusted,tnl,Mighty Patch core,B074PVTPBW,2024-12,10675,9968.116650262757,138316.34,129087.11062090269,12.95
family:tnl:Mighty Patch core:family_adjusted,tnl,Mighty Patch core,B074PVTPBW,2025-01,10112,12045.539992862414,131354.04,156471.56450728275,12.99
family:tnl:Mighty Patch core:family_adjusted,tnl,Mighty Patch core,B074PVTPBW,2025-02,9583,11968.614038599102,120027.14,149966.73390364673,12.53
family:tnl:Mighty Patch core:family_adjusted,tnl,Mighty Patch core,B074PVTPBW,2025-03,8991,9973.587575296368,116794.77,129556.90260309982,12.99
family:tnl:Mighty Patch core:family_adjusted,tnl,Mighty Patch core,B074PVTPBW,2025-04,9694,12045.539992862414,125923.76,156471.56450728275,12.99
family:tnl:Mighty Patch core:family_adjusted,tnl,Mighty Patch core,B074PVTPBW,2025-05,9822,12045.539992862414,127584.85,156471.56450728275,12.99
family:tnl:Mighty Patch core:family_adjusted,tnl,Mighty Patch core,B074PVTPBW,2025-06,11196,12045.539992862414,145434.74,156471.56450728275,12.99
family:tnl:Mighty Patch core:family_adjusted,tnl,Mighty Patch core,B074PVTPBW,2025-07,12253,9973.587575296368,159171.5,129556.90260309982,12.99
family:tnl:Mighty Patch core:family_adjusted,tnl,Mighty Patch core,B074PVTPBW,2025-08,10594,12045.539992862414,137618.16,156471.56450728275,12.99
family:tnl:Mighty Patch core:family_adjusted,tnl,Mighty Patch core,B074PVTPBW,2025-09,10799,12045.539992862414,140281.61,156471.56450728275,12.99
family:tnl:Mighty Patch core:family_adjusted,tnl,Mighty Patch core,B074PVTPBW,2025-10,9055,8638.062732405728,111758.15,106161.79098126639,12.29
family:tnl:Mighty Patch core:family_adjusted,tnl,Mighty Patch core,B074PVTPBW,2025-11,9741,8600.350451444274,116191.64,103118.20191281685,11.99
family:tnl:Mighty Patch core:family_adjusted,tnl,Mighty Patch core,B074PVTPBW,2025-12,9186,7213.956512194804,118429.63,93060.03900731298,12.9
family:tnl:Mighty Patch core:family_adjusted,tnl,Mighty Patch core,B074PVTPBW,2026-01,7604,7172.683716152129,93723.4,89586.81961474009,12.49
family:tnl:Mighty Patch core:family_adjusted,tnl,Mighty Patch core,B074PVTPBW,2026-02,7222,7222.884402435685,93815.64,93825.26838763955,12.99
family:tnl:Mighty Patch core:family_adjusted,tnl,Mighty Patch core,B074PVTPBW,2026-03,8347,7558.94311095829,87415.68,78537.41892285664,10.39
family:tnl:Mighty Patch core:family_adjusted,tnl,Mighty Patch core,B074PVTPBW,2026-04,9602,8660.360968462226,120251.15,107994.70127672396,12.47
family:tnl:Mighty Patch core:family_adjusted,tnl,Mighty Patch core,B074PVTPBW,2026-05,9756,7862.724011084763,126726.65,102136.78490399108,12.99
family:tnl:Mighty Patch core:family_adjusted,tnl,Mighty Patch core,B07B4KQVK6,2024-05,1975,2260.7175693257745,42396.9,41642.41762698077,18.42
family:tnl:Mighty Patch core:family_adjusted,tnl,Mighty Patch core,B07B4KQVK6,2024-06,2288,2556.602238682049,43311.6,48473.17844541166,18.96
family:tnl:Mighty Patch core:family_adjusted,tnl,Mighty Patch core,B07B4KQVK6,2024-07,3574,2758.496560264367,62225.41,46039.307590812285,16.69
family:tnl:Mighty Patch core:family_adjusted,tnl,Mighty Patch core,B07B4KQVK6,2024-08,2648,2800.133477730208,45531.48,48582.31583861911,17.35
family:tnl:Mighty Patch core:family_adjusted,tnl,Mighty Patch core,B07B4KQVK6,2024-09,2803,2840.62372792298,37398.27,38263.20161512254,13.47
family:tnl:Mighty Patch core:family_adjusted,tnl,Mighty Patch core,B07B4KQVK6,2024-10,7900,4578.1232731887985,142968.26,80987.00070270985,17.69
family:tnl:Mighty Patch core:family_adjusted,tnl,Mighty Patch core,B07B4KQVK6,2024-11,9270,10764.125249584404,183629.46,213452.6036992587,19.83
family:tnl:Mighty Patch core:family_adjusted,tnl,Mighty Patch core,B07B4KQVK6,2024-12,10870,13207.29584946441,235463.51,285541.73626542056,21.62
family:tnl:Mighty Patch core:family_adjusted,tnl,Mighty Patch core,B07B4KQVK6,2025-01,10168,13246.213253068061,223397.34,291019.3051699053,21.97
family:tnl:Mighty Patch core:family_adjusted,tnl,Mighty Patch core,B07B4KQVK6,2025-02,9522,13158.810964856375,201797.59,278835.2043453066,21.19
family:tnl:Mighty Patch core:family_adjusted,tnl,Mighty Patch core,B07B4KQVK6,2025-03,8944,10834.44837216301,183172.39,222647.91404794986,20.55
family:tnl:Mighty Patch core:family_adjusted,tnl,Mighty Patch core,B07B4KQVK6,2025-04,9461,13246.213253068061,207861.1,291019.3051699053,21.97
family:tnl:Mighty Patch core:family_adjusted,tnl,Mighty Patch core,B07B4KQVK6,2025-05,9500,13246.213253068061,208720.67,291019.3051699053,21.97
family:tnl:Mighty Patch core:family_adjusted,tnl,Mighty Patch core,B07B4KQVK6,2025-06,11260,13246.213253068061,247377.07,291019.3051699053,21.97
family:tnl:Mighty Patch core:family_adjusted,tnl,Mighty Patch core,B07B4KQVK6,2025-07,12256,10901.958745111693,261199.91,231775.6429210746,21.26
family:tnl:Mighty Patch core:family_adjusted,tnl,Mighty Patch core,B07B4KQVK6,2025-08,10659,13064.20636512875,216511.47,266117.8836576727,20.37
family:tnl:Mighty Patch core:family_adjusted,tnl,Mighty Patch core,B07B4KQVK6,2025-09,10799,13246.213253068061,237258.42,291019.3051699053,21.97
family:tnl:Mighty Patch core:family_adjusted,tnl,Mighty Patch core,B07B4KQVK6,2025-10,9051,9391.40056661701,177388.65,183695.7950830287,19.56
family:tnl:Mighty Patch core:family_adjusted,tnl,Mighty Patch core,B07B4KQVK6,2025-11,9741,9394.025025822883,190588.21,184028.95025587027,19.59
family:tnl:Mighty Patch core:family_adjusted,tnl,Mighty Patch core,B07B4KQVK6,2025-12,9186,7789.6682699732455,181998.82,153845.9483319716,19.75
family:tnl:Mighty Patch core:family_adjusted,tnl,Mighty Patch core,B07B4KQVK6,2026-01,7604,7786.788377205973,148675.46,153477.59891472972,19.71
family:tnl:Mighty Patch core:family_adjusted,tnl,Mighty Patch core,B07B4KQVK6,2026-02,7222,7942.8857341010635,158670.48,174505.19957820035,21.97
family:tnl:Mighty Patch core:family_adjusted,tnl,Mighty Patch core,B07B4KQVK6,2026-03,8360,8604.961806234136,178237.17,184146.1826534105,21.4
family:tnl:Mighty Patch core:family_adjusted,tnl,Mighty Patch core,B07B4KQVK6,2026-04,9622,9533.826332110171,204545.83,202498.47129402,21.24
family:tnl:Mighty Patch core:family_adjusted,tnl,Mighty Patch core,B07B4KQVK6,2026-05,9732,8646.497870744104,213818.45,189963.55822024797,21.97
family:tnl:Mighty Patch core:family_adjusted,tnl,Mighty Patch core,B07KJS13PK,2024-05,862,1012.2559746197853,15389.37,15497.638971428914,15.31
family:tnl:Mighty Patch core:family_adjusted,tnl,Mighty Patch core,B07KJS13PK,2024-06,903,1054.9557855444887,14757.58,17280.175767218723,16.38
family:tnl:Mighty Patch core:family_adjusted,tnl,Mighty Patch core,B07KJS13PK,2024-07,1056,894.8722302393344,16066.05,13297.801341356508,14.86
family:tnl:Mighty Patch core:family_adjusted,tnl,Mighty Patch core,B07KJS13PK,2024-08,933,1083.1030776715825,16638.39,19322.55890566103,17.84
family:tnl:Mighty Patch core:family_adjusted,tnl,Mighty Patch core,B07KJS13PK,2024-09,992,1106.1394386592801,17060.39,19080.90531687258,17.25
family:tnl:Mighty Patch core:family_adjusted,tnl,Mighty Patch core,B07KJS13PK,2024-10,1502,1278.4948224023226,26802.01,22808.347631657434,17.84
family:tnl:Mighty Patch core:family_adjusted,tnl,Mighty Patch core,B07KJS13PK,2024-11,1020,830.6374956212302,15151.43,13464.633804020143,16.21
family:tnl:Mighty Patch core:family_adjusted,tnl,Mighty Patch core,B07KJS13PK,2024-12,661,400.4431433051093,8655.98,4288.7460647977205,10.71
family:tnl:Mighty Patch core:family_adjusted,tnl,Mighty Patch core,B07KJS13PK,2025-01,1032,1057.8742664074687,18409.15,18872.47691270924,17.84
family:tnl:Mighty Patch core:family_adjusted,tnl,Mighty Patch core,B07KJS13PK,2025-02,1379,1245.9749112246946,22835.2,20645.80427899319,16.57
family:tnl:Mighty Patch core:family_adjusted,tnl,Mighty Patch core,B07KJS13PK,2025-03,1171,1106.487210330202,20883.16,19739.731832290803,17.84
family:tnl:Mighty Patch core:family_adjusted,tnl,Mighty Patch core,B07KJS13PK,2025-04,1253,1127.3783640631086,21698.2,19447.276780088625,17.25
family:tnl:Mighty Patch core:family_adjusted,tnl,Mighty Patch core,B07KJS13PK,2025-05,1320,1197.1704013896485,23540.74,21357.51996079133,17.84
family:tnl:Mighty Patch core:family_adjusted,tnl,Mighty Patch core,B07KJS13PK,2025-06,1356,1173.4675261591403,24185.09,20934.660666679065,17.84
family:tnl:Mighty Patch core:family_adjusted,tnl,Mighty Patch core,B07KJS13PK,2025-07,1575,1166.4516625387525,26545.34,20132.95569541887,17.26
family:tnl:Mighty Patch core:family_adjusted,tnl,Mighty Patch core,B07KJS13PK,2025-08,1381,1249.37699522045,23145.05,20839.608280277105,16.68
family:tnl:Mighty Patch core:family_adjusted,tnl,Mighty Patch core,B07KJS13PK,2025-09,1659,1451.8805563039136,27619.86,24159.292456897125,16.64
family:tnl:Mighty Patch core:family_adjusted,tnl,Mighty Patch core,B07KJS13PK,2025-10,1945,1529.3588453012399,32662.3,25861.458074043967,16.91
family:tnl:Mighty Patch core:family_adjusted,tnl,Mighty Patch core,B07KJS13PK,2025-11,1961,1511.1346795930338,33258.79,25825.291674244945,17.09
family:tnl:Mighty Patch core:family_adjusted,tnl,Mighty Patch core,B07KJS13PK,2025-12,1910,1343.2941582035578,27840.17,19585.228826607872,14.58
family:tnl:Mighty Patch core:family_adjusted,tnl,Mighty Patch core,B07KJS13PK,2026-01,1966,1509.2660230695203,27430.59,21024.07570135842,13.93
family:tnl:Mighty Patch core:family_adjusted,tnl,Mighty Patch core,B07KJS13PK,2026-02,1849,1123.6347525508104,17890.37,10393.621461094996,9.25
family:tnl:Mighty Patch core:family_adjusted,tnl,Mighty Patch core,B07KJS13PK,2026-03,2247,1400.8681855274106,29280.4,18211.286411856338,13
family:tnl:Mighty Patch core:family_adjusted,tnl,Mighty Patch core,B07KJS13PK,2026-04,2420,1411.401675768365,34820.44,20310.070114306774,14.39
family:tnl:Mighty Patch core:family_adjusted,tnl,Mighty Patch core,B07KJS13PK,2026-05,2335,1345.2223735423422,33599.45,19357.749955274307,14.39
family:tnl:Mighty Patch core:family_adjusted,tnl,Mighty Patch core,B07KJXFJHF,2024-05,647,776.3450185324436,9661.25,9968.270037956576,12.84
family:tnl:Mighty Patch core:family_adjusted,tnl,Mighty Patch core,B07KJXFJHF,2024-06,629,798.5487729543507,11209.42,14230.13913404653,17.82
family:tnl:Mighty Patch core:family_adjusted,tnl,Mighty Patch core,B07KJXFJHF,2024-07,841,777.7780774658726,12446.28,10764.448592127676,13.84
family:tnl:Mighty Patch core:family_adjusted,tnl,Mighty Patch core,B07KJXFJHF,2024-08,689,848.1497020077941,12318.13,15173.398168919437,17.89
family:tnl:Mighty Patch core:family_adjusted,tnl,Mighty Patch core,B07KJXFJHF,2024-09,686,826.2353408910122,12272.54,14781.35024854021,17.89
family:tnl:Mighty Patch core:family_adjusted,tnl,Mighty Patch core,B07KJXFJHF,2024-10,828,821.3069689150647,13984.79,14216.823631919768,17.31
family:tnl:Mighty Patch core:family_adjusted,tnl,Mighty Patch core,B07KJXFJHF,2024-11,625,653.47838502799,10138.04,10991.506436170792,16.82
family:tnl:Mighty Patch core:family_adjusted,tnl,Mighty Patch core,B07KJXFJHF,2024-12,722,684.0488548252893,12626.13,11984.535936539067,17.52
family:tnl:Mighty Patch core:family_adjusted,tnl,Mighty Patch core,B07KJXFJHF,2025-01,676,751.8015073839697,11375.15,12585.157233607652,16.74
family:tnl:Mighty Patch core:family_adjusted,tnl,Mighty Patch core,B07KJXFJHF,2025-02,694,728.955593886639,11977.36,12574.483994544524,17.25
family:tnl:Mighty Patch core:family_adjusted,tnl,Mighty Patch core,B07KJXFJHF,2025-03,640,703.8845792516194,11443.25,12592.495122811471,17.89
family:tnl:Mighty Patch core:family_adjusted,tnl,Mighty Patch core,B07KJXFJHF,2025-04,622,682.766922786314,11128.77,12214.700248647157,17.89
family:tnl:Mighty Patch core:family_adjusted,tnl,Mighty Patch core,B07KJXFJHF,2025-05,624,678.66099829059,11170.86,12141.245259418656,17.89
family:tnl:Mighty Patch core:family_adjusted,tnl,Mighty Patch core,B07KJXFJHF,2025-06,695,699.5812051516784,12064.06,12130.738097330104,17.34
family:tnl:Mighty Patch core:family_adjusted,tnl,Mighty Patch core,B07KJXFJHF,2025-07,762,700.0070480462068,13693.22,12586.126723870799,17.98
family:tnl:Mighty Patch core:family_adjusted,tnl,Mighty Patch core,B07KJXFJHF,2025-08,681,736.6284417427878,12238.72,13237.213098117896,17.97
family:tnl:Mighty Patch core:family_adjusted,tnl,Mighty Patch core,B07KJXFJHF,2025-09,747,773.0500947588394,13428.98,13891.710202816343,17.97
family:tnl:Mighty Patch core:family_adjusted,tnl,Mighty Patch core,B07KJXFJHF,2025-10,708,678.8263288342466,12385.06,11960.919914059426,17.62
family:tnl:Mighty Patch core:family_adjusted,tnl,Mighty Patch core,B07KJXFJHF,2025-11,675,666.8115365007557,10444.64,10468.941123061864,15.7
family:tnl:Mighty Patch core:family_adjusted,tnl,Mighty Patch core,B07KJXFJHF,2025-12,634,604.0061187801698,9265.65,8812.449273002678,14.59
family:tnl:Mighty Patch core:family_adjusted,tnl,Mighty Patch core,B07KJXFJHF,2026-01,644,646.3556751406754,10125.73,10186.565440217044,15.76
family:tnl:Mighty Patch core:family_adjusted,tnl,Mighty Patch core,B07KJXFJHF,2026-02,652,568.1061621580118,11307.62,9845.279790198343,17.33
family:tnl:Mighty Patch core:family_adjusted,tnl,Mighty Patch core,B07KJXFJHF,2026-03,745,588.6821367173474,12721.18,10160.653679741416,17.26
family:tnl:Mighty Patch core:family_adjusted,tnl,Mighty Patch core,B07KJXFJHF,2026-04,861,609.5352749576879,15349.42,10880.20465799473,17.85
family:tnl:Mighty Patch core:family_adjusted,tnl,Mighty Patch core,B07KJXFJHF,2026-05,713,498.38465131679203,11183.33,7465.802076725545,14.98
family:tnl:Mighty Patch core:family_adjusted,tnl,Mighty Patch core,B0D38DMBPQ,2024-06,191,72.10015250789282,2675.59,134.82728518975958,1.87
family:tnl:Mighty Patch core:family_adjusted,tnl,Mighty Patch core,B0D38DMBPQ,2024-07,334,404.97745996003016,4675.82,5665.634664840822,13.99
family:tnl:Mighty Patch core:family_adjusted,tnl,Mighty Patch core,B0D38DMBPQ,2024-08,408,514.6764248551859,5444.95,6942.984971296458,13.49
family:tnl:Mighty Patch core:family_adjusted,tnl,Mighty Patch core,B0D38DMBPQ,2024-09,560,708.3251358016886,7833,9909.468649865623,13.99
family:tnl:Mighty Patch core:family_adjusted,tnl,Mighty Patch core,B0D38DMBPQ,2024-10,676,684.1570785247886,8952.7,9263.486843225637,13.54
family:tnl:Mighty Patch core:family_adjusted,tnl,Mighty Patch core,B0D38DMBPQ,2024-11,864,716.6037509393674,11604.64,9358.844987268138,13.06
family:tnl:Mighty Patch core:family_adjusted,tnl,Mighty Patch core,B0D38DMBPQ,2024-12,566,551.7312062686533,7514.28,7349.059667498462,13.32
family:tnl:Mighty Patch core:family_adjusted,tnl,Mighty Patch core,B0D38DMBPQ,2025-01,509,621.0780951431335,7112.98,8676.460989149575,13.97
family:tnl:Mighty Patch core:family_adjusted,tnl,Mighty Patch core,B0D38DMBPQ,2025-02,459,555.7420027960866,6181.73,7485.844777663287,13.47
family:tnl:Mighty Patch core:family_adjusted,tnl,Mighty Patch core,B0D38DMBPQ,2025-03,388,509.4989250457572,5420.36,7117.6999828892285,13.97
family:tnl:Mighty Patch core:family_adjusted,tnl,Mighty Patch core,B0D38DMBPQ,2025-04,379,498.63394660064415,5296.96,6965.916234010999,13.97
family:tnl:Mighty Patch core:family_adjusted,tnl,Mighty Patch core,B0D38DMBPQ,2025-05,344,468.8999023754303,4801.17,6550.531636184762,13.97
family:tnl:Mighty Patch core:family_adjusted,tnl,Mighty Patch core,B0D38DMBPQ,2025-06,378,489.91406793930656,5108.36,6613.839917180639,13.5
family:tnl:Mighty Patch core:family_adjusted,tnl,Mighty Patch core,B0D38DMBPQ,2025-07,375,461.4282636151945,4913.38,6030.867405450593,13.07
family:tnl:Mighty Patch core:family_adjusted,tnl,Mighty Patch core,B0D38DMBPQ,2025-08,436,538.9137281465438,5708.77,7043.602426875328,13.07
family:tnl:Mighty Patch core:family_adjusted,tnl,Mighty Patch core,B0D38DMBPQ,2025-09,516,588.227505640363,6704.67,7670.486673550333,13.04
family:tnl:Mighty Patch core:family_adjusted,tnl,Mighty Patch core,B0D38DMBPQ,2025-10,591,555.6852917106862,7477.7,7273.920468492883,13.09
family:tnl:Mighty Patch core:family_adjusted,tnl,Mighty Patch core,B0D38DMBPQ,2025-11,509,547.445047367153,5801.22,6262.7713418802305,11.44
family:tnl:Mighty Patch core:family_adjusted,tnl,Mighty Patch core,B0D38DMBPQ,2025-12,646,615.6819044165111,8570.19,8157.785233518772,13.25
family:tnl:Mighty Patch core:family_adjusted,tnl,Mighty Patch core,B0D38DMBPQ,2026-01,469,535.4198786276417,5935.9,6751.644669494561,12.61
family:tnl:Mighty Patch core:family_adjusted,tnl,Mighty Patch core,B0D38DMBPQ,2026-02,553,512.9907197214453,7032.1,6540.631676448428,12.75
family:tnl:Mighty Patch core:family_adjusted,tnl,Mighty Patch core,B0D38DMBPQ,2026-03,541,489.84714792222917,6866.18,6240.6526645292,12.74
family:tnl:Mighty Patch core:family_adjusted,tnl,Mighty Patch core,B0D38DMBPQ,2026-04,540,450.18009125166236,7134.83,5951.380806346977,13.22
family:tnl:Mighty Patch core:family_adjusted,tnl,Mighty Patch core,B0D38DMBPQ,2026-05,529,449.69345475941003,6988.42,5944.947471919401,13.22
family:tnl:Mighty Patch core:family_adjusted,tnl,Mighty Patch core,B0DNR8RF83,2025-04,9571,12508.079198761177,169659.31,200504.50955614168,16.03
family:tnl:Mighty Patch core:family_adjusted,tnl,Mighty Patch core,B0DNR8RF83,2025-05,9444,11051.48499797174,216265.38,253079.00645355284,22.9
family:tnl:Mighty Patch core:family_adjusted,tnl,Mighty Patch core,B0DNR8RF83,2025-06,11260,13347.34162751059,257848.66,305654.1232699925,22.9
family:tnl:Mighty Patch core:family_adjusted,tnl,Mighty Patch core,B0DNR8RF83,2025-07,12315,11051.48499797174,282024.58,253079.00645355284,22.9
family:tnl:Mighty Patch core:family_adjusted,tnl,Mighty Patch core,B0DNR8RF83,2025-08,10426,13184.838275097656,223467.8,282419.2358525918,21.42
family:tnl:Mighty Patch core:family_adjusted,tnl,Mighty Patch core,B0DNR8RF83,2025-09,10732,13347.34162751059,245761.27,305654.1232699925,22.9
family:tnl:Mighty Patch core:family_adjusted,tnl,Mighty Patch core,B0DNR8RF83,2025-10,9090,9394.025025822883,178875.43,184028.95025587027,19.59
family:tnl:Mighty Patch core:family_adjusted,tnl,Mighty Patch core,B0DNR8RF83,2025-11,9741,9449.290395927484,196284.59,191159.14470961303,20.23
family:tnl:Mighty Patch core:family_adjusted,tnl,Mighty Patch core,B0DNR8RF83,2025-12,9186,7440.166531205069,145976.89,114057.75292337372,15.33
family:tnl:Mighty Patch core:family_adjusted,tnl,Mighty Patch core,B0DNR8RF83,2026-01,7623,5450.676847670314,22504.79,12100.502601828097,2.22
family:tnl:Mighty Patch core:family_adjusted,tnl,Mighty Patch core,B0DNR8RF83,2026-02,7238,4886.106503609075,6185.45,4006.607332959441,0.82
family:tnl:Mighty Patch core:family_adjusted,tnl,Mighty Patch core,B0DNR8RF83,2026-03,8357,6558.528168312635,39291.23,29054.27978562497,4.43
family:tnl:Mighty Patch core:family_adjusted,tnl,Mighty Patch core,B0DNR8RF83,2026-04,9606,9653.820131969103,218425.69,219527.8698009774,22.74
family:tnl:Mighty Patch core:family_adjusted,tnl,Mighty Patch core,B0DNR8RF83,2026-05,9732,8712.512313627874,222869.48,199516.5319820783,22.9
family:tnl:Mighty Patch core:family_adjusted,tnl,Mighty Patch core,B0DVHVB9DY,2025-02,2,9.621401769268752,0,6.542553203102752,0.68
family:tnl:Mighty Patch core:family_adjusted,tnl,Mighty Patch core,B0DVHVB9DY,2025-03,70,196.14963073724394,1326.85,3605.2302129505433,18.38
family:tnl:Mighty Patch core:family_adjusted,tnl,Mighty Patch core,B0DVHVB9DY,2025-04,296,413.527528294138,5615.98,7852.88776230568,18.99
family:tnl:Mighty Patch core:family_adjusted,tnl,Mighty Patch core,B0DVHVB9DY,2025-05,299,454.6370120763172,5678.62,8633.556859329263,18.99
family:tnl:Mighty Patch core:family_adjusted,tnl,Mighty Patch core,B0DVHVB9DY,2025-06,289,437.9112368446689,5482.41,8315.934387680261,18.99
family:tnl:Mighty Patch core:family_adjusted,tnl,Mighty Patch core,B0DVHVB9DY,2025-07,355,455.29480612031455,6560.13,8368.31853649138,18.38
family:tnl:Mighty Patch core:family_adjusted,tnl,Mighty Patch core,B0DVHVB9DY,2025-08,475,599.1521844668573,8724.99,11012.417150500836,18.38
family:tnl:Mighty Patch core:family_adjusted,tnl,Mighty Patch core,B0DVHVB9DY,2025-09,534,635.9627703035327,9792.51,11676.27646277286,18.36
family:tnl:Mighty Patch core:family_adjusted,tnl,Mighty Patch core,B0DVHVB9DY,2025-10,536,590.2268819330789,9937.52,10990.024541593928,18.62
family:tnl:Mighty Patch core:family_adjusted,tnl,Mighty Patch core,B0DVHVB9DY,2025-11,506,566.3720328396644,7123.97,8246.376798145513,14.56
family:tnl:Mighty Patch core:family_adjusted,tnl,Mighty Patch core,B0DVHVB9DY,2025-12,453,509.85322400039865,7305.64,8121.96185832635,15.93
family:tnl:Mighty Patch core:family_adjusted,tnl,Mighty Patch core,B0DVHVB9DY,2026-01,465,553.9402590190995,8566.94,10181.421960771047,18.38
family:tnl:Mighty Patch core:family_adjusted,tnl,Mighty Patch core,B0DVHVB9DY,2026-02,521,520.8239559837195,9900.57,9890.446924130832,18.99
family:tnl:Mighty Patch core:family_adjusted,tnl,Mighty Patch core,B0DVHVB9DY,2026-03,597,534.4416794800134,10674.98,9689.427648972642,18.13
family:tnl:Mighty Patch core:family_adjusted,tnl,Mighty Patch core,B0DVHVB9DY,2026-04,495,455.62614653394087,9402.58,8652.340522679537,18.99
family:tnl:Mighty Patch core:family_adjusted,tnl,Mighty Patch core,B0DVHVB9DY,2026-05,489,447.03129132176656,9290.86,8489.124222200346,18.99
family:tnl:Mighty Patch core:family_adjusted,tnl,Mighty Patch core,B0DVJ7BLQ7,2025-03,89,60.04067250378936,2654.77,1335.9049632093133,22.25
family:tnl:Mighty Patch core:family_adjusted,tnl,Mighty Patch core,B0DVJ7BLQ7,2025-04,948,654.6827175736494,28425.52,19633.934700033744,29.99
family:tnl:Mighty Patch core:family_adjusted,tnl,Mighty Patch core,B0DVJ7BLQ7,2025-05,1316,1313.482534531127,39480.38,39391.34121058849,29.99
family:tnl:Mighty Patch core:family_adjusted,tnl,Mighty Patch core,B0DVJ7BLQ7,2025-06,1356,1290.9806350104702,40659.44,38716.509243964,29.99
family:tnl:Mighty Patch core:family_adjusted,tnl,Mighty Patch core,B0DVJ7BLQ7,2025-07,1577,1294.3636846821587,47280.69,38817.96690361794,29.99
family:tnl:Mighty Patch core:family_adjusted,tnl,Mighty Patch core,B0DVJ7BLQ7,2025-08,1384,1387.048049672647,40186.58,40238.26392100349,29.01
family:tnl:Mighty Patch core:family_adjusted,tnl,Mighty Patch core,B0DVJ7BLQ7,2025-09,1657,1617.332943764782,49658.29,48471.468324630514,29.97
family:tnl:Mighty Patch core:family_adjusted,tnl,Mighty Patch core,B0DVJ7BLQ7,2025-10,1956,1677.2472677170306,52533.75,45168.26891961963,26.93
family:tnl:Mighty Patch core:family_adjusted,tnl,Mighty Patch core,B0DVJ7BLQ7,2025-11,1962,1635.542991017312,51204.18,43063.84695348582,26.33
family:tnl:Mighty Patch core:family_adjusted,tnl,Mighty Patch core,B0DVJ7BLQ7,2025-12,1910,1520.478067749842,54853.67,43683.33488645296,28.73
family:tnl:Mighty Patch core:family_adjusted,tnl,Mighty Patch core,B0DVJ7BLQ7,2026-01,1970,1713.3618414472257,54264.36,47220.25235028554,27.56
family:tnl:Mighty Patch core:family_adjusted,tnl,Mighty Patch core,B0DVJ7BLQ7,2026-02,1840,1380.6325610708873,55152.29,41377.55785529449,29.97
family:tnl:Mighty Patch core:family_adjusted,tnl,Mighty Patch core,B0DVJ7BLQ7,2026-03,2272,1626.7295116508806,63082.46,45288.149604360515,27.84
family:tnl:Mighty Patch core:family_adjusted,tnl,Mighty Patch core,B0DVJ7BLQ7,2026-04,2422,1615.325172276482,72123.53,48088.230378670865,29.77
family:tnl:Mighty Patch core:family_adjusted,tnl,Mighty Patch core,B0DVJ7BLQ7,2026-05,2335,1538.2517076426232,69966.21,46101.40367804941,29.97
family:tnl:Mighty Patch face/body extensions:family_adjusted,tnl,Mighty Patch face/body extensions,B085P3TYPS,2024-05,247,305.9819224667109,3360.22,3576.9286736358504,11.69
family:tnl:Mighty Patch face/body extensions:family_adjusted,tnl,Mighty Patch face/body extensions,B085P3TYPS,2024-06,271,326.67144903800437,3684.97,4416.597990993819,13.52
family:tnl:Mighty Patch face/body extensions:family_adjusted,tnl,Mighty Patch face/body extensions,B085P3TYPS,2024-07,346,301.9433188525572,4120.37,3285.1433091158224,10.88
family:tnl:Mighty Patch face/body extensions:family_adjusted,tnl,Mighty Patch face/body extensions,B085P3TYPS,2024-08,251,294.8007761204419,3513.75,4124.262857924982,13.99
family:tnl:Mighty Patch face/body extensions:family_adjusted,tnl,Mighty Patch face/body extensions,B085P3TYPS,2024-09,236,280.871589910731,3301.17,3929.393542851127,13.99
family:tnl:Mighty Patch face/body extensions:family_adjusted,tnl,Mighty Patch face/body extensions,B085P3TYPS,2024-10,295,294.7263665467865,3942.47,3990.5950030434888,13.54
family:tnl:Mighty Patch face/body extensions:family_adjusted,tnl,Mighty Patch face/body extensions,B085P3TYPS,2024-11,521,483.865448338016,6760.15,6319.282755294489,13.06
family:tnl:Mighty Patch face/body extensions:family_adjusted,tnl,Mighty Patch face/body extensions,B085P3TYPS,2024-12,207,149.75661423267343,2818.43,2068.13884255322,13.81
family:tnl:Mighty Patch face/body extensions:family_adjusted,tnl,Mighty Patch face/body extensions,B085P3TYPS,2025-01,218,237.4243621746917,3045.76,3321.566826823937,13.99
family:tnl:Mighty Patch face/body extensions:family_adjusted,tnl,Mighty Patch face/body extensions,B085P3TYPS,2025-02,217,225.6731614255391,2811.49,2931.494366917753,12.99
family:tnl:Mighty Patch face/body extensions:family_adjusted,tnl,Mighty Patch face/body extensions,B085P3TYPS,2025-03,174,187.08663930293,2438.77,2617.3420838479906,13.99
family:tnl:Mighty Patch face/body extensions:family_adjusted,tnl,Mighty Patch face/body extensions,B085P3TYPS,2025-04,317,277.41284006760026,4429.7,3881.0056325457276,13.99
family:tnl:Mighty Patch face/body extensions:family_adjusted,tnl,Mighty Patch face/body extensions,B085P3TYPS,2025-05,304,297.81116504632473,4251.15,4166.3781989980835,13.99
family:tnl:Mighty Patch face/body extensions:family_adjusted,tnl,Mighty Patch face/body extensions,B085P3TYPS,2025-06,288,273.329333008761,4035.65,3823.877368792567,13.99
family:tnl:Mighty Patch face/body extensions:family_adjusted,tnl,Mighty Patch face/body extensions,B085P3TYPS,2025-07,354,294.55382876595087,4948.68,4114.916987860333,13.97
family:tnl:Mighty Patch face/body extensions:family_adjusted,tnl,Mighty Patch face/body extensions,B085P3TYPS,2025-08,475,472.49108848944627,6242.34,6175.458526557063,13.07
family:tnl:Mighty Patch face/body extensions:family_adjusted,tnl,Mighty Patch face/body extensions,B085P3TYPS,2025-09,529,516.559412319435,6946.82,6735.934736645431,13.04
family:tnl:Mighty Patch face/body extensions:family_adjusted,tnl,Mighty Patch face/body extensions,B085P3TYPS,2025-10,535,456.6908994491902,7290.79,6256.665322453906,13.7
family:tnl:Mighty Patch face/body extensions:family_adjusted,tnl,Mighty Patch face/body extensions,B085P3TYPS,2025-11,506,461.10889516774057,6475.79,5957.526925567208,12.92
family:tnl:Mighty Patch face/body extensions:family_adjusted,tnl,Mighty Patch face/body extensions,B085P3TYPS,2025-12,453,374.459887294499,6285.42,5190.014037901757,13.86
family:tnl:Mighty Patch face/body extensions:family_adjusted,tnl,Mighty Patch face/body extensions,B085P3TYPS,2026-01,466,414.74891233084577,5405.57,4823.529850407736,11.63
family:tnl:Mighty Patch face/body extensions:family_adjusted,tnl,Mighty Patch face/body extensions,B085P3TYPS,2026-02,521,367.8040869892167,7052.36,4954.32105174475,13.47
family:tnl:Mighty Patch face/body extensions:family_adjusted,tnl,Mighty Patch face/body extensions,B085P3TYPS,2026-03,601,391.53886477138525,7960.36,5258.366953879704,13.43
family:tnl:Mighty Patch face/body extensions:family_adjusted,tnl,Mighty Patch face/body extensions,B085P3TYPS,2026-04,492,290.82490573693957,6797.46,4036.6496916287215,13.88
family:tnl:Mighty Patch face/body extensions:family_adjusted,tnl,Mighty Patch face/body extensions,B085P3TYPS,2026-05,491,284.12328221979834,6854.61,3969.202252610583,13.97
family:tnl:Mighty Patch face/body extensions:family_adjusted,tnl,Mighty Patch face/body extensions,B09NNF2DXX,2024-05,685,901.8343825517871,11339.51,12797.02988840986,14.19
family:tnl:Mighty Patch face/body extensions:family_adjusted,tnl,Mighty Patch face/body extensions,B09NNF2DXX,2024-06,668,858.710654259101,10667.47,13705.022041975253,15.96
family:tnl:Mighty Patch face/body extensions:family_adjusted,tnl,Mighty Patch face/body extensions,B09NNF2DXX,2024-07,1177,1017.6318399263614,17110,13381.858695031653,13.15
family:tnl:Mighty Patch face/body extensions:family_adjusted,tnl,Mighty Patch face/body extensions,B09NNF2DXX,2024-08,853,1085.1637400764307,14192.89,18078.827909673335,16.66
family:tnl:Mighty Patch face/body extensions:family_adjusted,tnl,Mighty Patch face/body extensions,B09NNF2DXX,2024-09,784,988.4178198877263,12975.2,16358.31491914187,16.55
family:tnl:Mighty Patch face/body extensions:family_adjusted,tnl,Mighty Patch face/body extensions,B09NNF2DXX,2024-10,1133,1101.1230278616686,17452.24,17639.99090634393,16.02
family:tnl:Mighty Patch face/body extensions:family_adjusted,tnl,Mighty Patch face/body extensions,B09NNF2DXX,2024-11,1144,1223.7546112311052,17341.75,19041.621750755996,15.56
family:tnl:Mighty Patch face/body extensions:family_adjusted,tnl,Mighty Patch face/body extensions,B09NNF2DXX,2024-12,1053,935.6687351310459,16965.57,15185.903571176876,16.23
family:tnl:Mighty Patch face/body extensions:family_adjusted,tnl,Mighty Patch face/body extensions,B09NNF2DXX,2025-01,896,1017.2646147668742,14361.66,16296.579128565323,16.02
family:tnl:Mighty Patch face/body extensions:family_adjusted,tnl,Mighty Patch face/body extensions,B09NNF2DXX,2025-02,888,919.7516868963372,13111.74,13593.929932327863,14.78
family:tnl:Mighty Patch face/body extensions:family_adjusted,tnl,Mighty Patch face/body extensions,B09NNF2DXX,2025-03,738,742.8680854277309,11799.08,11900.746728552249,16.02
family:tnl:Mighty Patch face/body extensions:family_adjusted,tnl,Mighty Patch face/body extensions,B09NNF2DXX,2025-04,677,663.7480354556903,11209.87,10985.029986791676,16.55
family:tnl:Mighty Patch face/body extensions:family_adjusted,tnl,Mighty Patch face/body extensions,B09NNF2DXX,2025-05,670,650.3038838904267,11085.3,10762.529278386563,16.55
family:tnl:Mighty Patch face/body extensions:family_adjusted,tnl,Mighty Patch face/body extensions,B09NNF2DXX,2025-06,656,595.4807441932795,10962.96,9950.483235469701,16.71
family:tnl:Mighty Patch face/body extensions:family_adjusted,tnl,Mighty Patch face/body extensions,B09NNF2DXX,2025-07,805,645.7912526456206,13194.64,10532.85533065007,16.31
family:tnl:Mighty Patch face/body extensions:family_adjusted,tnl,Mighty Patch face/body extensions,B09NNF2DXX,2025-08,643,641.2887835890317,10840.53,10805.716003475185,16.85
family:tnl:Mighty Patch face/body extensions:family_adjusted,tnl,Mighty Patch face/body extensions,B09NNF2DXX,2025-09,622,602.755827002805,10165.61,9818.892421875693,16.29
family:tnl:Mighty Patch face/body extensions:family_adjusted,tnl,Mighty Patch face/body extensions,B09NNF2DXX,2025-10,627,532.9094337723673,9901.49,8515.89275168243,15.98
family:tnl:Mighty Patch face/body extensions:family_adjusted,tnl,Mighty Patch face/body extensions,B09NNF2DXX,2025-11,591,528.2217292069643,9068.12,8203.283454584154,15.53
family:tnl:Mighty Patch face/body extensions:family_adjusted,tnl,Mighty Patch face/body extensions,B09NNF2DXX,2025-12,425,318.22073614427904,7095.07,5323.832915693789,16.73
family:tnl:Mighty Patch face/body extensions:family_adjusted,tnl,Mighty Patch face/body extensions,B09NNF2DXX,2026-01,487,412.3148193978087,7895.69,6679.500074244501,16.2
family:tnl:Mighty Patch face/body extensions:family_adjusted,tnl,Mighty Patch face/body extensions,B09NNF2DXX,2026-02,674,462.6988305275988,11047.35,7583.633832347344,16.39
family:tnl:Mighty Patch face/body extensions:family_adjusted,tnl,Mighty Patch face/body extensions,B09NNF2DXX,2026-03,664,424.6307390805257,10514.4,6806.830747460827,16.03
family:tnl:Mighty Patch face/body extensions:family_adjusted,tnl,Mighty Patch face/body extensions,B09NNF2DXX,2026-04,691,395.4271603193998,11290.06,6441.508441603022,16.29
family:tnl:Mighty Patch face/body extensions:family_adjusted,tnl,Mighty Patch face/body extensions,B09NNF2DXX,2026-05,556,310.77838180912437,8977.54,5019.070866217358,16.15
family:tnl:Mighty Patch face/body extensions:family_adjusted,tnl,Mighty Patch face/body extensions,B0B16VD9RQ,2024-05,170,211.6970235731692,3144.47,3351.163883163268,15.83
family:tnl:Mighty Patch face/body extensions:family_adjusted,tnl,Mighty Patch face/body extensions,B0B16VD9RQ,2024-06,182,220.84989096436954,3276.42,3964.255542810433,17.95
family:tnl:Mighty Patch face/body extensions:family_adjusted,tnl,Mighty Patch face/body extensions,B0B16VD9RQ,2024-07,200,193.4681225272468,2129.07,2350.6376887060487,12.15
family:tnl:Mighty Patch face/body extensions:family_adjusted,tnl,Mighty Patch face/body extensions,B0B16VD9RQ,2024-08,196,224.03621789974926,3907.85,4465.041822742002,19.93
family:tnl:Mighty Patch face/body extensions:family_adjusted,tnl,Mighty Patch face/body extensions,B0B16VD9RQ,2024-09,218,253.83246605872537,4363.82,5074.110996513919,19.99
family:tnl:Mighty Patch face/body extensions:family_adjusted,tnl,Mighty Patch face/body extensions,B0B16VD9RQ,2024-10,261,258.7751711332075,4683.38,4836.507948479649,18.69
family:tnl:Mighty Patch face/body extensions:family_adjusted,tnl,Mighty Patch face/body extensions,B0B16VD9RQ,2024-11,219,206.5759393899742,3954.96,3836.115194471821,18.57
family:tnl:Mighty Patch face/body extensions:family_adjusted,tnl,Mighty Patch face/body extensions,B0B16VD9RQ,2024-12,270,227.85363063429895,5300.61,4486.437987189347,19.69
family:tnl:Mighty Patch face/body extensions:family_adjusted,tnl,Mighty Patch face/body extensions,B0B16VD9RQ,2025-01,228,242.39717845971632,4560.6,4843.095625625132,19.98
family:tnl:Mighty Patch face/body extensions:family_adjusted,tnl,Mighty Patch face/body extensions,B0B16VD9RQ,2025-02,240,240.38001361350507,4605.39,4632.122862332242,19.27
family:tnl:Mighty Patch face/body extensions:family_adjusted,tnl,Mighty Patch face/body extensions,B0B16VD9RQ,2025-03,206,210.51296103151884,4114.59,4206.048961409747,19.98
family:tnl:Mighty Patch face/body extensions:family_adjusted,tnl,Mighty Patch face/body extensions,B0B16VD9RQ,2025-04,206,201.42313789630953,4120.54,4024.4342951682643,19.98
family:tnl:Mighty Patch face/body extensions:family_adjusted,tnl,Mighty Patch face/body extensions,B0B16VD9RQ,2025-05,206,205.6316623765565,3988.91,3976.9163503626028,19.34
family:tnl:Mighty Patch face/body extensions:family_adjusted,tnl,Mighty Patch face/body extensions,B0B16VD9RQ,2025-06,211,203.65026919666462,4221.11,4068.9323785493593,19.98
family:tnl:Mighty Patch face/body extensions:family_adjusted,tnl,Mighty Patch face/body extensions,B0B16VD9RQ,2025-07,231,202.75059223038465,4385.93,3921.1964537356394,19.34
family:tnl:Mighty Patch face/body extensions:family_adjusted,tnl,Mighty Patch face/body extensions,B0B16VD9RQ,2025-08,240,241.5366736127252,4666.52,4668.903900933978,19.33
family:tnl:Mighty Patch face/body extensions:family_adjusted,tnl,Mighty Patch face/body extensions,B0B16VD9RQ,2025-09,223,221.04836170313254,3910.13,3826.347141081224,17.31
family:tnl:Mighty Patch face/body extensions:family_adjusted,tnl,Mighty Patch face/body extensions,B0B16VD9RQ,2025-10,202,183.89790215555522,3661.31,3365.3316094466604,18.3
family:tnl:Mighty Patch face/body extensions:family_adjusted,tnl,Mighty Patch face/body extensions,B0B16VD9RQ,2025-11,213,198.13544979693432,3633.43,3396.0416095194546,17.14
family:tnl:Mighty Patch face/body extensions:family_adjusted,tnl,Mighty Patch face/body extensions,B0B16VD9RQ,2025-12,194,166.77804786316403,3836.11,3303.8731281692794,19.81
family:tnl:Mighty Patch face/body extensions:family_adjusted,tnl,Mighty Patch face/body extensions,B0B16VD9RQ,2026-01,174,160.7426567155241,3211.09,2981.776282072972,18.55
family:tnl:Mighty Patch face/body extensions:family_adjusted,tnl,Mighty Patch face/body extensions,B0B16VD9RQ,2026-02,159,132.6461590057062,3165.96,2648.943795343953,19.97
family:tnl:Mighty Patch face/body extensions:family_adjusted,tnl,Mighty Patch face/body extensions,B0B16VD9RQ,2026-03,169,133.28628457983504,3250.6,2576.423880928211,19.33
family:tnl:Mighty Patch face/body extensions:family_adjusted,tnl,Mighty Patch face/body extensions,B0B16VD9RQ,2026-04,155,113.44572721832664,2992.17,2189.5025353137044,19.3
family:tnl:Mighty Patch face/body extensions:family_adjusted,tnl,Mighty Patch face/body extensions,B0B16VD9RQ,2026-05,182,124.68743377820849,3481.44,2386.5174825149106,19.14
family:tnl:Mighty Patch face/body extensions:family_adjusted,tnl,Mighty Patch face/body extensions,B0BMM44HBF,2024-05,150,141.45069724575495,2695.5,2181.1697515295414,15.42
family:tnl:Mighty Patch face/body extensions:family_adjusted,tnl,Mighty Patch face/body extensions,B0BMM44HBF,2024-06,165,205.62361645587004,2872.8,3573.738454003021,17.38
family:tnl:Mighty Patch face/body extensions:family_adjusted,tnl,Mighty Patch face/body extensions,B0BMM44HBF,2024-07,234,200.34616485990801,3757.12,2858.9397725508875,14.27
family:tnl:Mighty Patch face/body extensions:family_adjusted,tnl,Mighty Patch face/body extensions,B0BMM44HBF,2024-08,212,255.48764007630373,3806.54,4593.667768571941,17.98
family:tnl:Mighty Patch face/body extensions:family_adjusted,tnl,Mighty Patch face/body extensions,B0BMM44HBF,2024-09,213,254.79922800757265,3831.54,4581.290119576156,17.98
family:tnl:Mighty Patch face/body extensions:family_adjusted,tnl,Mighty Patch face/body extensions,B0BMM44HBF,2024-10,249,237.1987990878248,3983.44,3989.683800657213,16.82
family:tnl:Mighty Patch face/body extensions:family_adjusted,tnl,Mighty Patch face/body extensions,B0BMM44HBF,2024-11,286,281.4714265160479,5148.27,5060.856248758542,17.98
family:tnl:Mighty Patch face/body extensions:family_adjusted,tnl,Mighty Patch face/body extensions,B0BMM44HBF,2024-12,205,179.12816493289216,3687.06,3220.7244054934013,17.98
family:tnl:Mighty Patch face/body extensions:family_adjusted,tnl,Mighty Patch face/body extensions,B0BMM44HBF,2025-01,170,190.69459538597192,2969.02,3318.085959715911,17.4
family:tnl:Mighty Patch face/body extensions:family_adjusted,tnl,Mighty Patch face/body extensions,B0BMM44HBF,2025-02,172,183.47876384002947,2856.25,3064.095356128492,16.7
family:tnl:Mighty Patch face/body extensions:family_adjusted,tnl,Mighty Patch face/body extensions,B0BMM44HBF,2025-03,157,169.77038328298892,2743.4,2954.004669124007,17.4
family:tnl:Mighty Patch face/body extensions:family_adjusted,tnl,Mighty Patch face/body extensions,B0BMM44HBF,2025-04,153,163.23423200944782,2751.54,2934.951491529872,17.98
family:tnl:Mighty Patch face/body extensions:family_adjusted,tnl,Mighty Patch face/body extensions,B0BMM44HBF,2025-05,142,152.7578494291822,2558.38,2746.5861327366956,17.98
family:tnl:Mighty Patch face/body extensions:family_adjusted,tnl,Mighty Patch face/body extensions,B0BMM44HBF,2025-06,155,160.50437123738965,2782.7,2885.8685948482657,17.98
family:tnl:Mighty Patch face/body extensions:family_adjusted,tnl,Mighty Patch face/body extensions,B0BMM44HBF,2025-07,186,170.0133104013336,3337.32,3056.8393210159784,17.98
family:tnl:Mighty Patch face/body extensions:family_adjusted,tnl,Mighty Patch face/body extensions,B0BMM44HBF,2025-08,163,176.72687933367325,2745.14,2972.546110392384,16.82
family:tnl:Mighty Patch face/body extensions:family_adjusted,tnl,Mighty Patch face/body extensions,B0BMM44HBF,2025-09,147,160.14821420693866,2471.02,2685.685552250361,16.77
family:tnl:Mighty Patch face/body extensions:family_adjusted,tnl,Mighty Patch face/body extensions,B0BMM44HBF,2025-10,158,151.74444632013783,2665.91,2585.7253652951485,17.04
family:tnl:Mighty Patch face/body extensions:family_adjusted,tnl,Mighty Patch face/body extensions,B0BMM44HBF,2025-11,163,160.88361850409518,2491.54,2482.4342335181886,15.43
family:tnl:Mighty Patch face/body extensions:family_adjusted,tnl,Mighty Patch face/body extensions,B0BMM44HBF,2025-12,135,126.4162047091645,2399.5,2254.000929964403,17.83
family:tnl:Mighty Patch face/body extensions:family_adjusted,tnl,Mighty Patch face/body extensions,B0BMM44HBF,2026-01,140,140.85445887768736,2411.23,2433.9650494064376,17.28
family:tnl:Mighty Patch face/body extensions:family_adjusted,tnl,Mighty Patch face/body extensions,B0BMM44HBF,2026-02,142,124.73007675988183,2391.29,2081.744981122428,16.69
family:tnl:Mighty Patch face/body extensions:family_adjusted,tnl,Mighty Patch face/body extensions,B0BMM44HBF,2026-03,146,121.8389515578189,2617.24,2189.4459594940054,17.97
family:tnl:Mighty Patch face/body extensions:family_adjusted,tnl,Mighty Patch face/body extensions,B0BMM44HBF,2026-04,155,117.25115498570949,2787.75,2107.003255093199,17.97
family:tnl:Mighty Patch face/body extensions:family_adjusted,tnl,Mighty Patch face/body extensions,B0BMM44HBF,2026-05,169,119.43347360913997,3031.69,2146.219520756245,17.97
family:tnl:Mighty Patch face/body extensions:family_adjusted,tnl,Mighty Patch face/body extensions,B0BPDBYRTZ,2024-05,1007,1496.134114976293,11796.95,15021.18651436198,10.04
family:tnl:Mighty Patch face/body extensions:family_adjusted,tnl,Mighty Patch face/body extensions,B0BPDBYRTZ,2024-06,1021,1490.8179558451045,11176.45,16279.732077828541,10.92
family:tnl:Mighty Patch face/body extensions:family_adjusted,tnl,Mighty Patch face/body extensions,B0BPDBYRTZ,2024-07,1257,1259.1849529851095,12211.5,10652.704702254026,8.46
family:tnl:Mighty Patch face/body extensions:family_adjusted,tnl,Mighty Patch face/body extensions,B0BPDBYRTZ,2024-08,1088,1588.501276688587,12906.74,18839.62514152664,11.86
family:tnl:Mighty Patch face/body extensions:family_adjusted,tnl,Mighty Patch face/body extensions,B0BPDBYRTZ,2024-09,1098,1547.3339314919594,13027.42,18351.380427494638,11.86
family:tnl:Mighty Patch face/body extensions:family_adjusted,tnl,Mighty Patch face/body extensions,B0BPDBYRTZ,2024-10,1119,1112.2230159038652,11455.99,11489.263754286927,10.33
family:tnl:Mighty Patch face/body extensions:family_adjusted,tnl,Mighty Patch face/body extensions,B0BPDBYRTZ,2024-11,1406,1704.6092863667786,15900.78,19466.63805030861,11.42
family:tnl:Mighty Patch face/body extensions:family_adjusted,tnl,Mighty Patch face/body extensions,B0BPDBYRTZ,2024-12,1473,1465.7128097846464,17225.89,17148.839874480364,11.7
family:tnl:Mighty Patch face/body extensions:family_adjusted,tnl,Mighty Patch face/body extensions,B0BPDBYRTZ,2025-01,1178,1478.3244170554892,13967.64,17532.9275862781,11.86
family:tnl:Mighty Patch face/body extensions:family_adjusted,tnl,Mighty Patch face/body extensions,B0BPDBYRTZ,2025-02,1211,1396.3570565186026,13818.17,15974.324726572813,11.44
family:tnl:Mighty Patch face/body extensions:family_adjusted,tnl,Mighty Patch face/body extensions,B0BPDBYRTZ,2025-03,1072,1204.779046406631,11888.31,13360.99962464954,11.09
family:tnl:Mighty Patch face/body extensions:family_adjusted,tnl,Mighty Patch face/body extensions,B0BPDBYRTZ,2025-04,1079,1181.1166210721763,12797.73,14008.04312591601,11.86
family:tnl:Mighty Patch face/body extensions:family_adjusted,tnl,Mighty Patch face/body extensions,B0BPDBYRTZ,2025-05,1087,1173.2805557284803,12887.61,13915.107390939776,11.86
family:tnl:Mighty Patch face/body extensions:family_adjusted,tnl,Mighty Patch face/body extensions,B0BPDBYRTZ,2025-06,1006,941.9658819325279,12363.09,11661.537618324695,12.38
family:tnl:Mighty Patch face/body extensions:family_adjusted,tnl,Mighty Patch face/body extensions,B0BPDBYRTZ,2025-07,1155,1039.1288427816708,14980.77,13477.50109087827,12.97
family:tnl:Mighty Patch face/body extensions:family_adjusted,tnl,Mighty Patch face/body extensions,B0BPDBYRTZ,2025-08,1063,1198.6887776706308,12898.04,14540.094873144752,12.13
family:tnl:Mighty Patch face/body extensions:family_adjusted,tnl,Mighty Patch face/body extensions,B0BPDBYRTZ,2025-09,1142,1290.4065685695407,14805.26,16736.573194346944,12.97
family:tnl:Mighty Patch face/body extensions:family_adjusted,tnl,Mighty Patch face/body extensions,B0BPDBYRTZ,2025-10,1133,1103.4378505698328,12927.74,12557.122739484697,11.38
family:tnl:Mighty Patch face/body extensions:family_adjusted,tnl,Mighty Patch face/body extensions,B0BPDBYRTZ,2025-11,1096,1093.7997948073803,11292.54,11233.323892671795,10.27
family:tnl:Mighty Patch face/body extensions:family_adjusted,tnl,Mighty Patch face/body extensions,B0BPDBYRTZ,2025-12,898,790.6355309121869,11549.24,10175.479282839846,12.87
family:tnl:Mighty Patch face/body extensions:family_adjusted,tnl,Mighty Patch face/body extensions,B0BPDBYRTZ,2026-01,1058,1064.281984068317,11228.98,11292.031850964842,10.61
family:tnl:Mighty Patch face/body extensions:family_adjusted,tnl,Mighty Patch face/body extensions,B0BPDBYRTZ,2026-02,1357,1088.2713096044945,14368.35,11513.910455615553,10.58
family:tnl:Mighty Patch face/body extensions:family_adjusted,tnl,Mighty Patch face/body extensions,B0BPDBYRTZ,2026-03,1477,1128.7472888343254,15974.37,12213.045665187401,10.82
family:tnl:Mighty Patch face/body extensions:family_adjusted,tnl,Mighty Patch face/body extensions,B0BPDBYRTZ,2026-04,1213,725.193111561641,12538.34,7425.9774623912035,10.24
family:tnl:Mighty Patch face/body extensions:family_adjusted,tnl,Mighty Patch face/body extensions,B0BPDBYRTZ,2026-05,1201,723.6454208860458,11373.07,6838.449227373133,9.45
family:tnl:Mighty Patch face/body extensions:family_adjusted,tnl,Mighty Patch face/body extensions,B0BWL2J93X,2024-05,1017,1497.0844656751947,23772.43,30016.543536787653,20.05
family:tnl:Mighty Patch face/body extensions:family_adjusted,tnl,Mighty Patch face/body extensions,B0BWL2J93X,2024-06,1021,1467.6596643521757,22724.23,32684.780725122953,22.27
family:tnl:Mighty Patch face/body extensions:family_adjusted,tnl,Mighty Patch face/body extensions,B0BWL2J93X,2024-07,1263,1266.7672226320533,25656.1,23055.16345190337,18.2
family:tnl:Mighty Patch face/body extensions:family_adjusted,tnl,Mighty Patch face/body extensions,B0BWL2J93X,2024-08,1095,1579.0031688545782,26267.5,37880.28602082133,23.99
family:tnl:Mighty Patch face/body extensions:family_adjusted,tnl,Mighty Patch face/body extensions,B0BWL2J93X,2024-09,1102,1536.116156722677,24748.08,34393.64074902074,22.39
family:tnl:Mighty Patch face/body extensions:family_adjusted,tnl,Mighty Patch face/body extensions,B0BWL2J93X,2024-10,1116,1104.9804986176455,26771.29,26508.482161837313,23.99
family:tnl:Mighty Patch face/body extensions:family_adjusted,tnl,Mighty Patch face/body extensions,B0BWL2J93X,2024-11,1402,1676.4184947842436,33643.58,40217.279689874005,23.99
family:tnl:Mighty Patch face/body extensions:family_adjusted,tnl,Mighty Patch face/body extensions,B0BWL2J93X,2024-12,1466,1436.526568305748,35179.4,34462.272373654894,23.99
family:tnl:Mighty Patch face/body extensions:family_adjusted,tnl,Mighty Patch face/body extensions,B0BWL2J93X,2025-01,1160,1427.2241986946601,27819.11,34239.1085266849,23.99
family:tnl:Mighty Patch face/body extensions:family_adjusted,tnl,Mighty Patch face/body extensions,B0BWL2J93X,2025-02,1242,1423.2897245047966,27434.87,31511.634500536198,22.14
family:tnl:Mighty Patch face/body extensions:family_adjusted,tnl,Mighty Patch face/body extensions,B0BWL2J93X,2025-03,1099,1225.5037341260254,26097.92,29093.45864815184,23.74
family:tnl:Mighty Patch face/body extensions:family_adjusted,tnl,Mighty Patch face/body extensions,B0BWL2J93X,2025-04,1076,1159.9181186553847,25535.54,27536.45613687883,23.74
family:tnl:Mighty Patch face/body extensions:family_adjusted,tnl,Mighty Patch face/body extensions,B0BWL2J93X,2025-05,1086,1156.0800317859662,25770.92,27445.339954598836,23.74
family:tnl:Mighty Patch face/body extensions:family_adjusted,tnl,Mighty Patch face/body extensions,B0BWL2J93X,2025-06,1006,930.4307625495512,23887.98,22088.426302926346,23.74
family:tnl:Mighty Patch face/body extensions:family_adjusted,tnl,Mighty Patch face/body extensions,B0BWL2J93X,2025-07,1156,1029.4120333559954,26670.74,23645.594406187214,22.97
family:tnl:Mighty Patch face/body extensions:family_adjusted,tnl,Mighty Patch face/body extensions,B0BWL2J93X,2025-08,1057,1174.325199445677,24271.47,26974.2498312672,22.97
family:tnl:Mighty Patch face/body extensions:family_adjusted,tnl,Mighty Patch face/body extensions,B0BWL2J93X,2025-09,1147,1283.7566170117495,26267.52,29462.21436041965,22.95
family:tnl:Mighty Patch face/body extensions:family_adjusted,tnl,Mighty Patch face/body extensions,B0BWL2J93X,2025-10,1136,1095.3613154611298,26314.21,25500.011423935102,23.28
family:tnl:Mighty Patch face/body extensions:family_adjusted,tnl,Mighty Patch face/body extensions,B0BWL2J93X,2025-11,1096,1079.8115408456695,22236.53,22049.75166406857,20.42
family:tnl:Mighty Patch face/body extensions:family_adjusted,tnl,Mighty Patch face/body extensions,B0BWL2J93X,2025-12,898,785.5138808033497,16326.93,14280.642353004898,18.18
family:tnl:Mighty Patch face/body extensions:family_adjusted,tnl,Mighty Patch face/body extensions,B0BWL2J93X,2026-01,1058,1053.8373515167787,19035.16,18958.533953786846,17.99
family:tnl:Mighty Patch face/body extensions:family_adjusted,tnl,Mighty Patch face/body extensions,B0BWL2J93X,2026-02,1357,1077.5355918880682,24411.79,19384.865298066346,17.99
family:tnl:Mighty Patch face/body extensions:family_adjusted,tnl,Mighty Patch face/body extensions,B0BWL2J93X,2026-03,1476,1116.3143406398915,26552.73,20082.494988111644,17.99
family:tnl:Mighty Patch face/body extensions:family_adjusted,tnl,Mighty Patch face/body extensions,B0BWL2J93X,2026-04,1205,710.2357131129627,20007.88,11924.857623166643,16.79
family:tnl:Mighty Patch face/body extensions:family_adjusted,tnl,Mighty Patch face/body extensions,B0BWL2J93X,2026-05,1208,727.4612521943404,21738.67,13087.027926976183,17.99
family:tnl:Mighty Patch face/body extensions:family_adjusted,tnl,Mighty Patch face/body extensions,B0CMDGP48L,2024-05,79,112.49875153014717,1418.21,1734.7307485948695,15.42
family:tnl:Mighty Patch face/body extensions:family_adjusted,tnl,Mighty Patch face/body extensions,B0CMDGP48L,2024-06,80,112.57692634625504,1398.42,1957.712749161375,17.39
family:tnl:Mighty Patch face/body extensions:family_adjusted,tnl,Mighty Patch face/body extensions,B0CMDGP48L,2024-07,117,124.98037115911477,1878.94,1857.2083154244453,14.86
family:tnl:Mighty Patch face/body extensions:family_adjusted,tnl,Mighty Patch face/body extensions,B0CMDGP48L,2024-08,98,135.655781556464,450.33,629.4428264219929,4.64
family:tnl:Mighty Patch face/body extensions:family_adjusted,tnl,Mighty Patch face/body extensions,B0CMDGP48L,2024-09,99,131.23105077064693,1789.41,2360.846603363938,17.99
family:tnl:Mighty Patch face/body extensions:family_adjusted,tnl,Mighty Patch face/body extensions,B0CMDGP48L,2024-10,130,145.3794234875231,2042.74,2362.41563167225,16.25
family:tnl:Mighty Patch face/body extensions:family_adjusted,tnl,Mighty Patch face/body extensions,B0CMDGP48L,2024-11,172,176.41920440357043,3087.08,3173.7814872202316,17.99
family:tnl:Mighty Patch face/body extensions:family_adjusted,tnl,Mighty Patch face/body extensions,B0CMDGP48L,2024-12,149,137.02304230793405,2676.45,2465.044531119733,17.99
family:tnl:Mighty Patch face/body extensions:family_adjusted,tnl,Mighty Patch face/body extensions,B0CMDGP48L,2025-01,120,145.21275816244136,2151.84,2612.37751934232,17.99
family:tnl:Mighty Patch face/body extensions:family_adjusted,tnl,Mighty Patch face/body extensions,B0CMDGP48L,2025-02,118,135.64181229101553,2036.08,2353.3854432491194,17.35
family:tnl:Mighty Patch face/body extensions:family_adjusted,tnl,Mighty Patch face/body extensions,B0CMDGP48L,2025-03,106,123.79714805068208,1784.49,2083.506001692979,16.83
family:tnl:Mighty Patch face/body extensions:family_adjusted,tnl,Mighty Patch face/body extensions,B0CMDGP48L,2025-04,101,116.58019756635447,1810.99,2097.277754218717,17.99
family:tnl:Mighty Patch face/body extensions:family_adjusted,tnl,Mighty Patch face/body extensions,B0CMDGP48L,2025-05,101,117.10132322568118,1810.03,2106.6528048300042,17.99
family:tnl:Mighty Patch face/body extensions:family_adjusted,tnl,Mighty Patch face/body extensions,B0CMDGP48L,2025-06,105,120.4805578146544,1893.15,2167.4452350856327,17.99
family:tnl:Mighty Patch face/body extensions:family_adjusted,tnl,Mighty Patch face/body extensions,B0CMDGP48L,2025-07,128,129.02755597983,2311.42,2321.2057320771414,17.99
family:tnl:Mighty Patch face/body extensions:family_adjusted,tnl,Mighty Patch face/body extensions,B0CMDGP48L,2025-08,132,148.84437297228203,2383.38,2677.7102697713535,17.99
family:tnl:Mighty Patch face/body extensions:family_adjusted,tnl,Mighty Patch face/body extensions,B0CMDGP48L,2025-09,132,146.06792352753763,2371.68,2627.761944260402,17.99
family:tnl:Mighty Patch face/body extensions:family_adjusted,tnl,Mighty Patch face/body extensions,B0CMDGP48L,2025-10,125,126.89481562508325,2178.9,2238.4245476264687,17.64
family:tnl:Mighty Patch face/body extensions:family_adjusted,tnl,Mighty Patch face/body extensions,B0CMDGP48L,2025-11,124,130.60779400126214,1967.74,2094.9490157802447,16.04
family:tnl:Mighty Patch face/body extensions:family_adjusted,tnl,Mighty Patch face/body extensions,B0CMDGP48L,2025-12,105,105.02135471824326,1871.83,1873.5809681734597,17.84
family:tnl:Mighty Patch face/body extensions:family_adjusted,tnl,Mighty Patch face/body extensions,B0CMDGP48L,2026-01,104,113.02942969158555,1734.29,1887.5914758494787,16.7
family:tnl:Mighty Patch face/body extensions:family_adjusted,tnl,Mighty Patch face/body extensions,B0CMDGP48L,2026-02,119,109.33181242519211,1660.87,1533.9253283254452,14.03
family:tnl:Mighty Patch face/body extensions:family_adjusted,tnl,Mighty Patch face/body extensions,B0CMDGP48L,2026-03,115,103.66639795739718,1666.31,1504.199434361833,14.51
family:tnl:Mighty Patch face/body extensions:family_adjusted,tnl,Mighty Patch face/body extensions,B0CMDGP48L,2026-04,139,108.91954519891867,2078.11,1632.7039825317909,14.99
family:tnl:Mighty Patch face/body extensions:family_adjusted,tnl,Mighty Patch face/body extensions,B0CMDGP48L,2026-05,148,109.63926657332425,2217.27,1643.4926059341306,14.99
family:tnl:Mighty Patch face/body extensions:family_adjusted,tnl,Mighty Patch face/body extensions,B0DLLDXQ18,2025-01,48,50.57372001276583,726.04,562.379766541956,11.12
family:tnl:Mighty Patch face/body extensions:family_adjusted,tnl,Mighty Patch face/body extensions,B0DLLDXQ18,2025-02,74,93.97355174989673,1113.54,1408.663540730952,14.99
family:tnl:Mighty Patch face/body extensions:family_adjusted,tnl,Mighty Patch face/body extensions,B0DLLDXQ18,2025-03,64,83.52403927138629,956.46,1252.0253486780805,14.99
family:tnl:Mighty Patch face/body extensions:family_adjusted,tnl,Mighty Patch face/body extensions,B0DLLDXQ18,2025-04,63,81.80155398270472,937.37,1226.2052942007438,14.99
family:tnl:Mighty Patch face/body extensions:family_adjusted,tnl,Mighty Patch face/body extensions,B0DLLDXQ18,2025-05,66,84.84852829353432,992.24,1271.8794391200795,14.99
family:tnl:Mighty Patch face/body extensions:family_adjusted,tnl,Mighty Patch face/body extensions,B0DLLDXQ18,2025-06,62,81.05651714293965,931.38,1215.0371919726654,14.99
family:tnl:Mighty Patch face/body extensions:family_adjusted,tnl,Mighty Patch face/body extensions,B0DLLDXQ18,2025-07,71,82.84988813027817,1067.67,1241.9198230728698,14.99
family:tnl:Mighty Patch face/body extensions:family_adjusted,tnl,Mighty Patch face/body extensions,B0DLLDXQ18,2025-08,63,84.1895578404833,874.62,1179.495705345171,14.01
family:tnl:Mighty Patch face/body extensions:family_adjusted,tnl,Mighty Patch face/body extensions,B0DLLDXQ18,2025-09,65,86.73093962310365,885.23,1168.2657567232063,13.47
family:tnl:Mighty Patch face/body extensions:family_adjusted,tnl,Mighty Patch face/body extensions,B0DLLDXQ18,2025-10,52,67.91825752112128,735.19,970.5518999768229,14.29
family:tnl:Mighty Patch face/body extensions:family_adjusted,tnl,Mighty Patch face/body extensions,B0DLLDXQ18,2025-11,38,49.04092677864526,464.58,504.1407272844732,10.28
family:tnl:Mighty Patch face/body extensions:family_adjusted,tnl,Mighty Patch face/body extensions,B0DLLDXQ18,2025-12,29,35.008082584858336,414.33,439.7015172658207,12.56
family:tnl:Mighty Patch face/body extensions:family_adjusted,tnl,Mighty Patch face/body extensions,B0DLLDXQ18,2026-01,67,81.08571815919045,964.6,1166.8234843107507,14.39
family:tnl:Mighty Patch face/body extensions:family_adjusted,tnl,Mighty Patch face/body extensions,B0DLLDXQ18,2026-02,56,64.9154328115109,838.85,971.7840291883182,14.97
family:tnl:Mighty Patch face/body extensions:family_adjusted,tnl,Mighty Patch face/body extensions,B0DLLDXQ18,2026-03,71,74.31234480758879,789.06,825.6101508123114,11.11
family:tnl:Mighty Patch face/body extensions:family_adjusted,tnl,Mighty Patch face/body extensions,B0DLLDXQ18,2026-04,71,69.4030628442458,1002.49,969.5607879341138,13.97
family:tnl:Mighty Patch face/body extensions:family_adjusted,tnl,Mighty Patch face/body extensions,B0DLLDXQ18,2026-05,95,80.3256046878741,1419.03,1202.4743021774755,14.97
