company,productFamily,asin,productName,month,monthlyMedianBsr,monthlyAvgBsr,monthlyBestBsr,monthlyWorstBsr,monthlyAvgBuyboxPrice,monthlyAvgNewPrice,monthlyAvgAmazonPrice,monthlyPriceUsedForRevenue,monthlyReviewCountEnd,monthlyReviewGrowth,monthlyRatingAvg,buyboxAvailableRatio,observationCount,salesRankReference,featureWarnings
coway,Other,B0078OMNN8,"Cuckoo CRP-HS0657F 6 Cup Pressure Rice Cooker, 110V, Black",2017-02,284507,284507,284507,284507,239.39,341.99,341.99,239.39,,,,1,1,284507,[]
coway,Other,B0078OMNN8,"Cuckoo CRP-HS0657F 6 Cup Pressure Rice Cooker, 110V, Black",2017-03,284507,284507,284507,284507,308.17199999999997,372.50333333333333,359.99,308.17199999999997,,,,1,5,284507,[]
coway,Other,B0078OMNN8,"Cuckoo CRP-HS0657F 6 Cup Pressure Rice Cooker, 110V, Black",2017-04,284507,284507,284507,284507,294.515,359.99,0,294.515,,,,1,4,284507,[]
coway,Other,B0078OMNN8,"Cuckoo CRP-HS0657F 6 Cup Pressure Rice Cooker, 110V, Black",2017-05,284507,284507,284507,284507,307.34,341.99,341.99,307.34,,,,1,4,284507,[]
coway,Other,B0078OMNN8,"Cuckoo CRP-HS0657F 6 Cup Pressure Rice Cooker, 110V, Black",2017-06,284507,284507,284507,284507,770.4860000000001,923.652,359.99,770.4860000000001,,,,1,5,284507,[]
coway,Other,B0078OMNN8,"Cuckoo CRP-HS0657F 6 Cup Pressure Rice Cooker, 110V, Black",2017-07,284507,284507,284507,284507,1087.05,1087.05,0,1087.05,,,,1,2,284507,[]
coway,Other,B0078OMNN8,"Cuckoo CRP-HS0657F 6 Cup Pressure Rice Cooker, 110V, Black",2017-08,284507,284507,284507,284507,803.3833333333333,911.0311111111109,0,803.3833333333333,,,,1,9,284507,[]
coway,Other,B0078OMNN8,"Cuckoo CRP-HS0657F 6 Cup Pressure Rice Cooker, 110V, Black",2017-09,284507,284507,284507,284507,816.82,906.3444444444444,0,816.82,,,,1,9,284507,[]
coway,Other,B0078OMNN8,"Cuckoo CRP-HS0657F 6 Cup Pressure Rice Cooker, 110V, Black",2017-10,284507,284507,284507,284507,1168.1122222222223,1168.1122222222223,0,1168.1122222222223,,,,1,9,284507,[]
coway,Other,B0078OMNN8,"Cuckoo CRP-HS0657F 6 Cup Pressure Rice Cooker, 110V, Black",2017-11,284507,284507,284507,284507,1172.4871428571428,1172.4871428571428,0,1172.4871428571428,,,,1,7,284507,[]
coway,Other,B0078OMNN8,"Cuckoo CRP-HS0657F 6 Cup Pressure Rice Cooker, 110V, Black",2017-12,284507,284507,284507,284507,1153.69,1153.69,0,1153.69,,,,1,10,284507,[]
coway,Other,B0078OMNN8,"Cuckoo CRP-HS0657F 6 Cup Pressure Rice Cooker, 110V, Black",2018-01,284507,284507,284507,284507,1166.9816666666666,1166.9816666666666,0,1166.9816666666666,,,,1,6,284507,[]
coway,Other,B0078OMNN8,"Cuckoo CRP-HS0657F 6 Cup Pressure Rice Cooker, 110V, Black",2018-03,284507,284507,284507,284507,399.985,399.985,0,399.985,,,,1,2,284507,[]
coway,Other,B0078OMNN8,"Cuckoo CRP-HS0657F 6 Cup Pressure Rice Cooker, 110V, Black",2018-07,284507,284507,284507,284507,399.98,399.98,0,399.98,,,,1,3,284507,[]
coway,Other,B0078OMNN8,"Cuckoo CRP-HS0657F 6 Cup Pressure Rice Cooker, 110V, Black",2018-08,284507,284507,284507,284507,399.98,399.98,0,399.98,,,,1,1,284507,[]
coway,Other,B0078OMNN8,"Cuckoo CRP-HS0657F 6 Cup Pressure Rice Cooker, 110V, Black",2018-10,284507,284507,284507,284507,255.5,0,0,255.5,,,,1,3,284507,[]
coway,Other,B0078OMNN8,"Cuckoo CRP-HS0657F 6 Cup Pressure Rice Cooker, 110V, Black",2018-11,284507,284507,284507,284507,206.63,0,0,206.63,,,,1,1,284507,[]
coway,Other,B0078OMNN8,"Cuckoo CRP-HS0657F 6 Cup Pressure Rice Cooker, 110V, Black",2018-12,284507,284507,284507,284507,255.5,0,0,255.5,,,,1,1,284507,[]
coway,Other,B0078OMNN8,"Cuckoo CRP-HS0657F 6 Cup Pressure Rice Cooker, 110V, Black",2019-05,284507,284507,284507,284507,369.99,369.99,0,369.99,,,,1,1,284507,[]
coway,Other,B0078OMNN8,"Cuckoo CRP-HS0657F 6 Cup Pressure Rice Cooker, 110V, Black",2019-06,284507,284507,284507,284507,399.985,399.985,0,399.985,,,,1,2,284507,[]
coway,Other,B0078OMNN8,"Cuckoo CRP-HS0657F 6 Cup Pressure Rice Cooker, 110V, Black",2019-08,284507,284507,284507,284507,399.99,399.99,0,399.99,,,,1,1,284507,[]
coway,Other,B0078OMNN8,"Cuckoo CRP-HS0657F 6 Cup Pressure Rice Cooker, 110V, Black",2019-09,284507,284507,284507,284507,399.98,399.98,0,399.98,,,,1,1,284507,[]
coway,Other,B0078OMNN8,"Cuckoo CRP-HS0657F 6 Cup Pressure Rice Cooker, 110V, Black",2020-08,284507,284507,284507,284507,399.985,399.985,0,399.985,,,,1,2,284507,[]
coway,Other,B0078OMNN8,"Cuckoo CRP-HS0657F 6 Cup Pressure Rice Cooker, 110V, Black",2020-12,284507,284507,284507,284507,409.99,409.99,0,409.99,,,,1,1,284507,[]
coway,Other,B0078OMNN8,"Cuckoo CRP-HS0657F 6 Cup Pressure Rice Cooker, 110V, Black",2021-03,284507,284507,284507,284507,409.99,409.99,0,409.99,,,,1,2,284507,[]
coway,Other,B0078OMNN8,"Cuckoo CRP-HS0657F 6 Cup Pressure Rice Cooker, 110V, Black",2021-08,284507,284507,284507,284507,419.99,419.99,0,419.99,,,,1,1,284507,[]
coway,Other,B0078OMNN8,"Cuckoo CRP-HS0657F 6 Cup Pressure Rice Cooker, 110V, Black",2022-01,284507,284507,284507,284507,449.99,449.99,0,449.99,,,,1,1,284507,[]
coway,Other,B0078OMNN8,"Cuckoo CRP-HS0657F 6 Cup Pressure Rice Cooker, 110V, Black",2024-03,284507,284507,284507,284507,439.99,439.99,0,439.99,,,,1,1,284507,[]
coway,Other,B0078OMNN8,"Cuckoo CRP-HS0657F 6 Cup Pressure Rice Cooker, 110V, Black",2024-05,284507,284507,284507,284507,419.99,419.99,0,419.99,,,,1,1,284507,[]
coway,Other,B0078OMNN8,"Cuckoo CRP-HS0657F 6 Cup Pressure Rice Cooker, 110V, Black",2024-06,284507,284507,284507,284507,320,320,0,320,,,,1,1,284507,[]
coway,Other,B0078OMNN8,"Cuckoo CRP-HS0657F 6 Cup Pressure Rice Cooker, 110V, Black",2024-07,284507,284507,284507,284507,320.99,320.99,0,320.99,,,,1,1,284507,[]
coway,Other,B0078OMNN8,"Cuckoo CRP-HS0657F 6 Cup Pressure Rice Cooker, 110V, Black",2024-08,284507,284507,284507,284507,419.99,419.99,0,419.99,,,,1,1,284507,[]
coway,Other,B0078OMNN8,"Cuckoo CRP-HS0657F 6 Cup Pressure Rice Cooker, 110V, Black",2025-06,284507,284507,284507,284507,399.99,399.99,0,399.99,,,,1,1,284507,[]
coway,Other,B00CCVNX0O,"CUCKOO Micom Rice Cooker 3 Cup Uncooked / 6 Cup Cooked, Korean Fuzzy Logic Rice Cooker Small with Delay Timer & Keep Warm Setting, Versatile Food Steamer with Non-Stick Inner Pot, Red (CR-0351F)",2016-11,284507,284507,284507,284507,78.945,99.99,0,78.945,,,,1,2,284507,[]
coway,Other,B00CCVNX0O,"CUCKOO Micom Rice Cooker 3 Cup Uncooked / 6 Cup Cooked, Korean Fuzzy Logic Rice Cooker Small with Delay Timer & Keep Warm Setting, Versatile Food Steamer with Non-Stick Inner Pot, Red (CR-0351F)",2016-12,284507,284507,284507,284507,73.045,0,0,73.045,,,,1,2,284507,[]
coway,Other,B00CCVNX0O,"CUCKOO Micom Rice Cooker 3 Cup Uncooked / 6 Cup Cooked, Korean Fuzzy Logic Rice Cooker Small with Delay Timer & Keep Warm Setting, Versatile Food Steamer with Non-Stick Inner Pot, Red (CR-0351F)",2017-02,284507,284507,284507,284507,82.6725,83.83,0,82.6725,,,,1,4,284507,[]
coway,Other,B00CCVNX0O,"CUCKOO Micom Rice Cooker 3 Cup Uncooked / 6 Cup Cooked, Korean Fuzzy Logic Rice Cooker Small with Delay Timer & Keep Warm Setting, Versatile Food Steamer with Non-Stick Inner Pot, Red (CR-0351F)",2017-03,284507,284507,284507,284507,77.17666666666666,67.78,0,77.17666666666666,,,,1,3,284507,[]
coway,Other,B00CCVNX0O,"CUCKOO Micom Rice Cooker 3 Cup Uncooked / 6 Cup Cooked, Korean Fuzzy Logic Rice Cooker Small with Delay Timer & Keep Warm Setting, Versatile Food Steamer with Non-Stick Inner Pot, Red (CR-0351F)",2017-04,284507,284507,284507,284507,84.445,0,0,84.445,,,,1,2,284507,[]
coway,Other,B00CCVNX0O,"CUCKOO Micom Rice Cooker 3 Cup Uncooked / 6 Cup Cooked, Korean Fuzzy Logic Rice Cooker Small with Delay Timer & Keep Warm Setting, Versatile Food Steamer with Non-Stick Inner Pot, Red (CR-0351F)",2017-05,284507,284507,284507,284507,81.155,0,0,81.155,,,,1,2,284507,[]
coway,Other,B00CCVNX0O,"CUCKOO Micom Rice Cooker 3 Cup Uncooked / 6 Cup Cooked, Korean Fuzzy Logic Rice Cooker Small with Delay Timer & Keep Warm Setting, Versatile Food Steamer with Non-Stick Inner Pot, Red (CR-0351F)",2017-06,284507,284507,284507,284507,80.79,0,0,80.79,,,,1,1,284507,[]
coway,Other,B00CCVNX0O,"CUCKOO Micom Rice Cooker 3 Cup Uncooked / 6 Cup Cooked, Korean Fuzzy Logic Rice Cooker Small with Delay Timer & Keep Warm Setting, Versatile Food Steamer with Non-Stick Inner Pot, Red (CR-0351F)",2017-07,284507,284507,284507,284507,151.74,151.74,0,151.74,,,,1,2,284507,[]
coway,Other,B00CCVNX0O,"CUCKOO Micom Rice Cooker 3 Cup Uncooked / 6 Cup Cooked, Korean Fuzzy Logic Rice Cooker Small with Delay Timer & Keep Warm Setting, Versatile Food Steamer with Non-Stick Inner Pot, Red (CR-0351F)",2017-08,284507,284507,284507,284507,119.99,119.99,0,119.99,,,,1,1,284507,[]
coway,Other,B00CCVNX0O,"CUCKOO Micom Rice Cooker 3 Cup Uncooked / 6 Cup Cooked, Korean Fuzzy Logic Rice Cooker Small with Delay Timer & Keep Warm Setting, Versatile Food Steamer with Non-Stick Inner Pot, Red (CR-0351F)",2017-09,284507,284507,284507,284507,105.99,105.99,0,105.99,,,,1,1,284507,[]
coway,Other,B00CCVNX0O,"CUCKOO Micom Rice Cooker 3 Cup Uncooked / 6 Cup Cooked, Korean Fuzzy Logic Rice Cooker Small with Delay Timer & Keep Warm Setting, Versatile Food Steamer with Non-Stick Inner Pot, Red (CR-0351F)",2017-10,284507,284507,284507,284507,73.67,0,0,73.67,,,,1,1,284507,[]
coway,Other,B00CCVNX0O,"CUCKOO Micom Rice Cooker 3 Cup Uncooked / 6 Cup Cooked, Korean Fuzzy Logic Rice Cooker Small with Delay Timer & Keep Warm Setting, Versatile Food Steamer with Non-Stick Inner Pot, Red (CR-0351F)",2017-11,284507,284507,284507,284507,145.30666666666664,145.30666666666664,0,145.30666666666664,,,,1,3,284507,[]
coway,Other,B00CCVNX0O,"CUCKOO Micom Rice Cooker 3 Cup Uncooked / 6 Cup Cooked, Korean Fuzzy Logic Rice Cooker Small with Delay Timer & Keep Warm Setting, Versatile Food Steamer with Non-Stick Inner Pot, Red (CR-0351F)",2017-12,284507,284507,284507,284507,149.9,149.9,0,149.9,,,,1,5,284507,[]
coway,Other,B00CCVNX0O,"CUCKOO Micom Rice Cooker 3 Cup Uncooked / 6 Cup Cooked, Korean Fuzzy Logic Rice Cooker Small with Delay Timer & Keep Warm Setting, Versatile Food Steamer with Non-Stick Inner Pot, Red (CR-0351F)",2018-01,284507,284507,284507,284507,143.72,143.72,0,143.72,,,,1,1,284507,[]
coway,Other,B00CCVNX0O,"CUCKOO Micom Rice Cooker 3 Cup Uncooked / 6 Cup Cooked, Korean Fuzzy Logic Rice Cooker Small with Delay Timer & Keep Warm Setting, Versatile Food Steamer with Non-Stick Inner Pot, Red (CR-0351F)",2018-02,284507,284507,284507,284507,141.37,141.37,0,141.37,,,,1,1,284507,[]
coway,Other,B00CCVNX0O,"CUCKOO Micom Rice Cooker 3 Cup Uncooked / 6 Cup Cooked, Korean Fuzzy Logic Rice Cooker Small with Delay Timer & Keep Warm Setting, Versatile Food Steamer with Non-Stick Inner Pot, Red (CR-0351F)",2018-03,284507,284507,284507,284507,127.94500000000001,127.94500000000001,0,127.94500000000001,,,,1,2,284507,[]
coway,Other,B00CCVNX0O,"CUCKOO Micom Rice Cooker 3 Cup Uncooked / 6 Cup Cooked, Korean Fuzzy Logic Rice Cooker Small with Delay Timer & Keep Warm Setting, Versatile Food Steamer with Non-Stick Inner Pot, Red (CR-0351F)",2018-04,284507,284507,284507,284507,131.86,131.86,0,131.86,,,,1,2,284507,[]
coway,Other,B00CCVNX0O,"CUCKOO Micom Rice Cooker 3 Cup Uncooked / 6 Cup Cooked, Korean Fuzzy Logic Rice Cooker Small with Delay Timer & Keep Warm Setting, Versatile Food Steamer with Non-Stick Inner Pot, Red (CR-0351F)",2018-05,284507,284507,284507,284507,128.345,128.345,0,128.345,,,,1,4,284507,[]
coway,Other,B00CCVNX0O,"CUCKOO Micom Rice Cooker 3 Cup Uncooked / 6 Cup Cooked, Korean Fuzzy Logic Rice Cooker Small with Delay Timer & Keep Warm Setting, Versatile Food Steamer with Non-Stick Inner Pot, Red (CR-0351F)",2018-06,284507,284507,284507,284507,132.04,132.04,0,132.04,,,,1,1,284507,[]
coway,Other,B00CCVNX0O,"CUCKOO Micom Rice Cooker 3 Cup Uncooked / 6 Cup Cooked, Korean Fuzzy Logic Rice Cooker Small with Delay Timer & Keep Warm Setting, Versatile Food Steamer with Non-Stick Inner Pot, Red (CR-0351F)",2018-07,284507,284507,284507,284507,115.01000000000002,115.01000000000002,0,115.01000000000002,,,,1,9,284507,[]
coway,Other,B00CCVNX0O,"CUCKOO Micom Rice Cooker 3 Cup Uncooked / 6 Cup Cooked, Korean Fuzzy Logic Rice Cooker Small with Delay Timer & Keep Warm Setting, Versatile Food Steamer with Non-Stick Inner Pot, Red (CR-0351F)",2018-08,284507,284507,284507,284507,144.6888888888889,144.6888888888889,0,144.6888888888889,,,,1,9,284507,[]
coway,Other,B00CCVNX0O,"CUCKOO Micom Rice Cooker 3 Cup Uncooked / 6 Cup Cooked, Korean Fuzzy Logic Rice Cooker Small with Delay Timer & Keep Warm Setting, Versatile Food Steamer with Non-Stick Inner Pot, Red (CR-0351F)",2018-09,284507,284507,284507,284507,130.6585714285714,130.6585714285714,0,130.6585714285714,,,,1,7,284507,[]
coway,Other,B00CCVNX0O,"CUCKOO Micom Rice Cooker 3 Cup Uncooked / 6 Cup Cooked, Korean Fuzzy Logic Rice Cooker Small with Delay Timer & Keep Warm Setting, Versatile Food Steamer with Non-Stick Inner Pot, Red (CR-0351F)",2018-10,284507,284507,284507,284507,127.99636363636364,127.99636363636364,0,127.99636363636364,,,,1,11,284507,[]
coway,Other,B00CCVNX0O,"CUCKOO Micom Rice Cooker 3 Cup Uncooked / 6 Cup Cooked, Korean Fuzzy Logic Rice Cooker Small with Delay Timer & Keep Warm Setting, Versatile Food Steamer with Non-Stick Inner Pot, Red (CR-0351F)",2018-11,284507,284507,284507,284507,134.155,134.155,0,134.155,,,,1,2,284507,[]
coway,Other,B00CCVNX0O,"CUCKOO Micom Rice Cooker 3 Cup Uncooked / 6 Cup Cooked, Korean Fuzzy Logic Rice Cooker Small with Delay Timer & Keep Warm Setting, Versatile Food Steamer with Non-Stick Inner Pot, Red (CR-0351F)",2018-12,284507,284507,284507,284507,155.6985714285714,155.6985714285714,0,155.6985714285714,,,,1,7,284507,[]
coway,Other,B00CCVNX0O,"CUCKOO Micom Rice Cooker 3 Cup Uncooked / 6 Cup Cooked, Korean Fuzzy Logic Rice Cooker Small with Delay Timer & Keep Warm Setting, Versatile Food Steamer with Non-Stick Inner Pot, Red (CR-0351F)",2019-01,284507,284507,284507,284507,119.31666666666666,126.77833333333335,0,119.31666666666666,,,,1,6,284507,[]
coway,Other,B00CCVNX0O,"CUCKOO Micom Rice Cooker 3 Cup Uncooked / 6 Cup Cooked, Korean Fuzzy Logic Rice Cooker Small with Delay Timer & Keep Warm Setting, Versatile Food Steamer with Non-Stick Inner Pot, Red (CR-0351F)",2019-02,284507,284507,284507,284507,124.3725,124.3725,0,124.3725,,,,1,4,284507,[]
coway,Other,B00CCVNX0O,"CUCKOO Micom Rice Cooker 3 Cup Uncooked / 6 Cup Cooked, Korean Fuzzy Logic Rice Cooker Small with Delay Timer & Keep Warm Setting, Versatile Food Steamer with Non-Stick Inner Pot, Red (CR-0351F)",2019-03,284507,284507,284507,284507,126.41714285714286,126.41714285714286,0,126.41714285714286,,,,1,7,284507,[]
coway,Other,B00CCVNX0O,"CUCKOO Micom Rice Cooker 3 Cup Uncooked / 6 Cup Cooked, Korean Fuzzy Logic Rice Cooker Small with Delay Timer & Keep Warm Setting, Versatile Food Steamer with Non-Stick Inner Pot, Red (CR-0351F)",2019-04,284507,284507,284507,284507,112.31285714285714,112.31285714285714,0,112.31285714285714,,,,1,7,284507,[]
coway,Other,B00CCVNX0O,"CUCKOO Micom Rice Cooker 3 Cup Uncooked / 6 Cup Cooked, Korean Fuzzy Logic Rice Cooker Small with Delay Timer & Keep Warm Setting, Versatile Food Steamer with Non-Stick Inner Pot, Red (CR-0351F)",2019-05,284507,284507,284507,284507,123.5675,123.5675,0,123.5675,,,,1,4,284507,[]
coway,Other,B00CCVNX0O,"CUCKOO Micom Rice Cooker 3 Cup Uncooked / 6 Cup Cooked, Korean Fuzzy Logic Rice Cooker Small with Delay Timer & Keep Warm Setting, Versatile Food Steamer with Non-Stick Inner Pot, Red (CR-0351F)",2019-07,284507,284507,284507,284507,132.9366666666667,132.9366666666667,0,132.9366666666667,,,,1,3,284507,[]
coway,Other,B00CCVNX0O,"CUCKOO Micom Rice Cooker 3 Cup Uncooked / 6 Cup Cooked, Korean Fuzzy Logic Rice Cooker Small with Delay Timer & Keep Warm Setting, Versatile Food Steamer with Non-Stick Inner Pot, Red (CR-0351F)",2019-08,284507,284507,284507,284507,92.61500000000001,132.135,0,92.61500000000001,,,,1,2,284507,[]
coway,Other,B00CCVNX0O,"CUCKOO Micom Rice Cooker 3 Cup Uncooked / 6 Cup Cooked, Korean Fuzzy Logic Rice Cooker Small with Delay Timer & Keep Warm Setting, Versatile Food Steamer with Non-Stick Inner Pot, Red (CR-0351F)",2019-09,284507,284507,284507,284507,135.14,135.14,0,135.14,,,,1,2,284507,[]
coway,Other,B00CCVNX0O,"CUCKOO Micom Rice Cooker 3 Cup Uncooked / 6 Cup Cooked, Korean Fuzzy Logic Rice Cooker Small with Delay Timer & Keep Warm Setting, Versatile Food Steamer with Non-Stick Inner Pot, Red (CR-0351F)",2019-10,284507,284507,284507,284507,71.9,0,0,71.9,,,,1,2,284507,[]
coway,Other,B00CCVNX0O,"CUCKOO Micom Rice Cooker 3 Cup Uncooked / 6 Cup Cooked, Korean Fuzzy Logic Rice Cooker Small with Delay Timer & Keep Warm Setting, Versatile Food Steamer with Non-Stick Inner Pot, Red (CR-0351F)",2020-08,284507,284507,284507,284507,68.37,0,0,68.37,,,,1,1,284507,[]
coway,Other,B00CCVNX0O,"CUCKOO Micom Rice Cooker 3 Cup Uncooked / 6 Cup Cooked, Korean Fuzzy Logic Rice Cooker Small with Delay Timer & Keep Warm Setting, Versatile Food Steamer with Non-Stick Inner Pot, Red (CR-0351F)",2020-09,284507,284507,284507,284507,67.68,0,0,67.68,,,,1,2,284507,[]
coway,Other,B00CCVNX0O,"CUCKOO Micom Rice Cooker 3 Cup Uncooked / 6 Cup Cooked, Korean Fuzzy Logic Rice Cooker Small with Delay Timer & Keep Warm Setting, Versatile Food Steamer with Non-Stick Inner Pot, Red (CR-0351F)",2020-10,284507,284507,284507,284507,68.904,0,0,68.904,,,,1,5,284507,[]
coway,Other,B00CCVNX0O,"CUCKOO Micom Rice Cooker 3 Cup Uncooked / 6 Cup Cooked, Korean Fuzzy Logic Rice Cooker Small with Delay Timer & Keep Warm Setting, Versatile Food Steamer with Non-Stick Inner Pot, Red (CR-0351F)",2020-11,284507,284507,284507,284507,73.47999999999999,0,0,73.47999999999999,,,,1,2,284507,[]
coway,Other,B00CCVNX0O,"CUCKOO Micom Rice Cooker 3 Cup Uncooked / 6 Cup Cooked, Korean Fuzzy Logic Rice Cooker Small with Delay Timer & Keep Warm Setting, Versatile Food Steamer with Non-Stick Inner Pot, Red (CR-0351F)",2020-12,284507,284507,284507,284507,77.71666666666667,99.99,0,77.71666666666667,,,,1,6,284507,[]
coway,Other,B00CCVNX0O,"CUCKOO Micom Rice Cooker 3 Cup Uncooked / 6 Cup Cooked, Korean Fuzzy Logic Rice Cooker Small with Delay Timer & Keep Warm Setting, Versatile Food Steamer with Non-Stick Inner Pot, Red (CR-0351F)",2021-01,284507,284507,284507,284507,71.29,0,0,71.29,,,,1,1,284507,[]
coway,Other,B00CCVNX0O,"CUCKOO Micom Rice Cooker 3 Cup Uncooked / 6 Cup Cooked, Korean Fuzzy Logic Rice Cooker Small with Delay Timer & Keep Warm Setting, Versatile Food Steamer with Non-Stick Inner Pot, Red (CR-0351F)",2021-02,284507,284507,284507,284507,75.48,0,0,75.48,,,,1,1,284507,[]
coway,Other,B00CCVNX0O,"CUCKOO Micom Rice Cooker 3 Cup Uncooked / 6 Cup Cooked, Korean Fuzzy Logic Rice Cooker Small with Delay Timer & Keep Warm Setting, Versatile Food Steamer with Non-Stick Inner Pot, Red (CR-0351F)",2021-03,284507,284507,284507,284507,138.86,199.99,0,138.86,,,,1,2,284507,[]
coway,Other,B00CCVNX0O,"CUCKOO Micom Rice Cooker 3 Cup Uncooked / 6 Cup Cooked, Korean Fuzzy Logic Rice Cooker Small with Delay Timer & Keep Warm Setting, Versatile Food Steamer with Non-Stick Inner Pot, Red (CR-0351F)",2021-04,284507,284507,284507,284507,72.725,0,0,72.725,,,,1,4,284507,[]
coway,Other,B00CCVNX0O,"CUCKOO Micom Rice Cooker 3 Cup Uncooked / 6 Cup Cooked, Korean Fuzzy Logic Rice Cooker Small with Delay Timer & Keep Warm Setting, Versatile Food Steamer with Non-Stick Inner Pot, Red (CR-0351F)",2021-05,284507,284507,284507,284507,69.725,0,0,69.725,,,,1,2,284507,[]
coway,Other,B00CCVNX0O,"CUCKOO Micom Rice Cooker 3 Cup Uncooked / 6 Cup Cooked, Korean Fuzzy Logic Rice Cooker Small with Delay Timer & Keep Warm Setting, Versatile Food Steamer with Non-Stick Inner Pot, Red (CR-0351F)",2021-06,284507,284507,284507,284507,71.80090909090909,0,0,71.80090909090909,,,,1,11,284507,[]
coway,Other,B00CCVNX0O,"CUCKOO Micom Rice Cooker 3 Cup Uncooked / 6 Cup Cooked, Korean Fuzzy Logic Rice Cooker Small with Delay Timer & Keep Warm Setting, Versatile Food Steamer with Non-Stick Inner Pot, Red (CR-0351F)",2021-07,284507,284507,284507,284507,77.27,0,0,77.27,,,,1,4,284507,[]
coway,Other,B00CCVNX0O,"CUCKOO Micom Rice Cooker 3 Cup Uncooked / 6 Cup Cooked, Korean Fuzzy Logic Rice Cooker Small with Delay Timer & Keep Warm Setting, Versatile Food Steamer with Non-Stick Inner Pot, Red (CR-0351F)",2021-08,284507,284507,284507,284507,112.91499999999999,163.9,0,112.91499999999999,,,,1,4,284507,[]
coway,Other,B00CCVNX0O,"CUCKOO Micom Rice Cooker 3 Cup Uncooked / 6 Cup Cooked, Korean Fuzzy Logic Rice Cooker Small with Delay Timer & Keep Warm Setting, Versatile Food Steamer with Non-Stick Inner Pot, Red (CR-0351F)",2021-09,284507,284507,284507,284507,146.86999999999998,161.975,0,146.86999999999998,,,,1,5,284507,[]
coway,Other,B00CCVNX0O,"CUCKOO Micom Rice Cooker 3 Cup Uncooked / 6 Cup Cooked, Korean Fuzzy Logic Rice Cooker Small with Delay Timer & Keep Warm Setting, Versatile Food Steamer with Non-Stick Inner Pot, Red (CR-0351F)",2021-11,284507,284507,284507,284507,60.8,0,0,60.8,,,,1,2,284507,[]
coway,Other,B00CCVNX0O,"CUCKOO Micom Rice Cooker 3 Cup Uncooked / 6 Cup Cooked, Korean Fuzzy Logic Rice Cooker Small with Delay Timer & Keep Warm Setting, Versatile Food Steamer with Non-Stick Inner Pot, Red (CR-0351F)",2021-12,284507,284507,284507,284507,138.84,217.4,0,138.84,,,,1,2,284507,[]
coway,Other,B00CCVNX0O,"CUCKOO Micom Rice Cooker 3 Cup Uncooked / 6 Cup Cooked, Korean Fuzzy Logic Rice Cooker Small with Delay Timer & Keep Warm Setting, Versatile Food Steamer with Non-Stick Inner Pot, Red (CR-0351F)",2022-01,284507,284507,284507,284507,149.90666666666667,185.78,0,149.90666666666667,,,,1,3,284507,[]
coway,Other,B00CCVNX0O,"CUCKOO Micom Rice Cooker 3 Cup Uncooked / 6 Cup Cooked, Korean Fuzzy Logic Rice Cooker Small with Delay Timer & Keep Warm Setting, Versatile Food Steamer with Non-Stick Inner Pot, Red (CR-0351F)",2022-03,284507,284507,284507,284507,129.99,129.99,0,129.99,,,,1,1,284507,[]
coway,Other,B00CCVNX0O,"CUCKOO Micom Rice Cooker 3 Cup Uncooked / 6 Cup Cooked, Korean Fuzzy Logic Rice Cooker Small with Delay Timer & Keep Warm Setting, Versatile Food Steamer with Non-Stick Inner Pot, Red (CR-0351F)",2022-04,284507,284507,284507,284507,116.99,116.99,0,116.99,,,,1,1,284507,[]
coway,Other,B00CCVNX0O,"CUCKOO Micom Rice Cooker 3 Cup Uncooked / 6 Cup Cooked, Korean Fuzzy Logic Rice Cooker Small with Delay Timer & Keep Warm Setting, Versatile Food Steamer with Non-Stick Inner Pot, Red (CR-0351F)",2022-05,284507,284507,284507,284507,116.99,116.99,0,116.99,,,,1,1,284507,[]
coway,Other,B00CCVNX0O,"CUCKOO Micom Rice Cooker 3 Cup Uncooked / 6 Cup Cooked, Korean Fuzzy Logic Rice Cooker Small with Delay Timer & Keep Warm Setting, Versatile Food Steamer with Non-Stick Inner Pot, Red (CR-0351F)",2022-06,284507,284507,284507,284507,129.99,129.99,0,129.99,,,,1,1,284507,[]
coway,Other,B00CCVNX0O,"CUCKOO Micom Rice Cooker 3 Cup Uncooked / 6 Cup Cooked, Korean Fuzzy Logic Rice Cooker Small with Delay Timer & Keep Warm Setting, Versatile Food Steamer with Non-Stick Inner Pot, Red (CR-0351F)",2022-07,284507,284507,284507,284507,100.76750000000001,127.49000000000001,0,100.76750000000001,,,,1,4,284507,[]
coway,Other,B00CCVNX0O,"CUCKOO Micom Rice Cooker 3 Cup Uncooked / 6 Cup Cooked, Korean Fuzzy Logic Rice Cooker Small with Delay Timer & Keep Warm Setting, Versatile Food Steamer with Non-Stick Inner Pot, Red (CR-0351F)",2022-08,284507,284507,284507,284507,60.98,0,0,60.98,,,,1,1,284507,[]
coway,Other,B00CCVNX0O,"CUCKOO Micom Rice Cooker 3 Cup Uncooked / 6 Cup Cooked, Korean Fuzzy Logic Rice Cooker Small with Delay Timer & Keep Warm Setting, Versatile Food Steamer with Non-Stick Inner Pot, Red (CR-0351F)",2022-09,284507,284507,284507,284507,70.67,0,0,70.67,,,,1,2,284507,[]
coway,Other,B00CCVNX0O,"CUCKOO Micom Rice Cooker 3 Cup Uncooked / 6 Cup Cooked, Korean Fuzzy Logic Rice Cooker Small with Delay Timer & Keep Warm Setting, Versatile Food Steamer with Non-Stick Inner Pot, Red (CR-0351F)",2022-11,284507,284507,284507,284507,63.25833333333333,0,0,63.25833333333333,,,,1,6,284507,[]
coway,Other,B00CCVNX0O,"CUCKOO Micom Rice Cooker 3 Cup Uncooked / 6 Cup Cooked, Korean Fuzzy Logic Rice Cooker Small with Delay Timer & Keep Warm Setting, Versatile Food Steamer with Non-Stick Inner Pot, Red (CR-0351F)",2022-12,284507,284507,284507,284507,64.07714285714286,89.99,0,64.07714285714286,,,,1,7,284507,[]
coway,Other,B00CCVNX0O,"CUCKOO Micom Rice Cooker 3 Cup Uncooked / 6 Cup Cooked, Korean Fuzzy Logic Rice Cooker Small with Delay Timer & Keep Warm Setting, Versatile Food Steamer with Non-Stick Inner Pot, Red (CR-0351F)",2023-01,284507,284507,284507,284507,59.27333333333334,0,0,59.27333333333334,,,,1,6,284507,[]
coway,Other,B00CCVNX0O,"CUCKOO Micom Rice Cooker 3 Cup Uncooked / 6 Cup Cooked, Korean Fuzzy Logic Rice Cooker Small with Delay Timer & Keep Warm Setting, Versatile Food Steamer with Non-Stick Inner Pot, Red (CR-0351F)",2023-02,284507,284507,284507,284507,55.99333333333334,0,0,55.99333333333334,,,,1,3,284507,[]
coway,Other,B00CCVNX0O,"CUCKOO Micom Rice Cooker 3 Cup Uncooked / 6 Cup Cooked, Korean Fuzzy Logic Rice Cooker Small with Delay Timer & Keep Warm Setting, Versatile Food Steamer with Non-Stick Inner Pot, Red (CR-0351F)",2023-03,284507,284507,284507,284507,60.175,0,0,60.175,,,,1,2,284507,[]
coway,Other,B00CCVNX0O,"CUCKOO Micom Rice Cooker 3 Cup Uncooked / 6 Cup Cooked, Korean Fuzzy Logic Rice Cooker Small with Delay Timer & Keep Warm Setting, Versatile Food Steamer with Non-Stick Inner Pot, Red (CR-0351F)",2023-05,284507,284507,284507,284507,58.225,0,0,58.225,,,,1,4,284507,[]
coway,Other,B00CCVNX0O,"CUCKOO Micom Rice Cooker 3 Cup Uncooked / 6 Cup Cooked, Korean Fuzzy Logic Rice Cooker Small with Delay Timer & Keep Warm Setting, Versatile Food Steamer with Non-Stick Inner Pot, Red (CR-0351F)",2023-06,284507,284507,284507,284507,54.865,84.99,0,54.865,,,,1,6,284507,[]
coway,Other,B00CCVNX0O,"CUCKOO Micom Rice Cooker 3 Cup Uncooked / 6 Cup Cooked, Korean Fuzzy Logic Rice Cooker Small with Delay Timer & Keep Warm Setting, Versatile Food Steamer with Non-Stick Inner Pot, Red (CR-0351F)",2023-07,284507,284507,284507,284507,56.61000000000001,0,0,56.61000000000001,,,,1,3,284507,[]
coway,Other,B00CCVNX0O,"CUCKOO Micom Rice Cooker 3 Cup Uncooked / 6 Cup Cooked, Korean Fuzzy Logic Rice Cooker Small with Delay Timer & Keep Warm Setting, Versatile Food Steamer with Non-Stick Inner Pot, Red (CR-0351F)",2023-08,284507,284507,284507,284507,57.806,0,0,57.806,,,,1,5,284507,[]
coway,Other,B00CCVNX0O,"CUCKOO Micom Rice Cooker 3 Cup Uncooked / 6 Cup Cooked, Korean Fuzzy Logic Rice Cooker Small with Delay Timer & Keep Warm Setting, Versatile Food Steamer with Non-Stick Inner Pot, Red (CR-0351F)",2023-09,284507,284507,284507,284507,63.373333333333335,72.99,0,63.373333333333335,,,,1,3,284507,[]
coway,Other,B00CCVNX0O,"CUCKOO Micom Rice Cooker 3 Cup Uncooked / 6 Cup Cooked, Korean Fuzzy Logic Rice Cooker Small with Delay Timer & Keep Warm Setting, Versatile Food Steamer with Non-Stick Inner Pot, Red (CR-0351F)",2023-10,284507,284507,284507,284507,69.96,84.99,0,69.96,,,,1,4,284507,[]
coway,Other,B00CCVNX0O,"CUCKOO Micom Rice Cooker 3 Cup Uncooked / 6 Cup Cooked, Korean Fuzzy Logic Rice Cooker Small with Delay Timer & Keep Warm Setting, Versatile Food Steamer with Non-Stick Inner Pot, Red (CR-0351F)",2023-11,284507,284507,284507,284507,63.974999999999994,0,0,63.974999999999994,,,,1,2,284507,[]
coway,Other,B00CCVNX0O,"CUCKOO Micom Rice Cooker 3 Cup Uncooked / 6 Cup Cooked, Korean Fuzzy Logic Rice Cooker Small with Delay Timer & Keep Warm Setting, Versatile Food Steamer with Non-Stick Inner Pot, Red (CR-0351F)",2023-12,284507,284507,284507,284507,64.81,0,0,64.81,,,,1,1,284507,[]
coway,Other,B00CCVNX0O,"CUCKOO Micom Rice Cooker 3 Cup Uncooked / 6 Cup Cooked, Korean Fuzzy Logic Rice Cooker Small with Delay Timer & Keep Warm Setting, Versatile Food Steamer with Non-Stick Inner Pot, Red (CR-0351F)",2024-01,284507,284507,284507,284507,77.49,0,0,77.49,,,,1,2,284507,[]
coway,Other,B00CCVNX0O,"CUCKOO Micom Rice Cooker 3 Cup Uncooked / 6 Cup Cooked, Korean Fuzzy Logic Rice Cooker Small with Delay Timer & Keep Warm Setting, Versatile Food Steamer with Non-Stick Inner Pot, Red (CR-0351F)",2024-02,284507,284507,284507,284507,60.45799999999999,0,0,60.45799999999999,,,,1,5,284507,[]
coway,Other,B00CCVNX0O,"CUCKOO Micom Rice Cooker 3 Cup Uncooked / 6 Cup Cooked, Korean Fuzzy Logic Rice Cooker Small with Delay Timer & Keep Warm Setting, Versatile Food Steamer with Non-Stick Inner Pot, Red (CR-0351F)",2024-03,284507,284507,284507,284507,57.873333333333335,0,0,57.873333333333335,,,,1,3,284507,[]
coway,Other,B00CCVNX0O,"CUCKOO Micom Rice Cooker 3 Cup Uncooked / 6 Cup Cooked, Korean Fuzzy Logic Rice Cooker Small with Delay Timer & Keep Warm Setting, Versatile Food Steamer with Non-Stick Inner Pot, Red (CR-0351F)",2024-04,284507,284507,284507,284507,56.175,0,0,56.175,,,,1,2,284507,[]
coway,Other,B00CCVNX0O,"CUCKOO Micom Rice Cooker 3 Cup Uncooked / 6 Cup Cooked, Korean Fuzzy Logic Rice Cooker Small with Delay Timer & Keep Warm Setting, Versatile Food Steamer with Non-Stick Inner Pot, Red (CR-0351F)",2024-05,284507,284507,284507,284507,66.1,0,0,66.1,,,,1,1,284507,[]
coway,Other,B00CCVNX0O,"CUCKOO Micom Rice Cooker 3 Cup Uncooked / 6 Cup Cooked, Korean Fuzzy Logic Rice Cooker Small with Delay Timer & Keep Warm Setting, Versatile Food Steamer with Non-Stick Inner Pot, Red (CR-0351F)",2024-06,284507,284507,284507,284507,52.71,0,0,52.71,,,,1,1,284507,[]
coway,Other,B00CCVNX0O,"CUCKOO Micom Rice Cooker 3 Cup Uncooked / 6 Cup Cooked, Korean Fuzzy Logic Rice Cooker Small with Delay Timer & Keep Warm Setting, Versatile Food Steamer with Non-Stick Inner Pot, Red (CR-0351F)",2024-07,284507,284507,284507,284507,68.19,0,0,68.19,,,,1,2,284507,[]
coway,Other,B00CCVNX0O,"CUCKOO Micom Rice Cooker 3 Cup Uncooked / 6 Cup Cooked, Korean Fuzzy Logic Rice Cooker Small with Delay Timer & Keep Warm Setting, Versatile Food Steamer with Non-Stick Inner Pot, Red (CR-0351F)",2024-08,284507,284507,284507,284507,64.97,0,0,64.97,,,,1,3,284507,[]
coway,Other,B00CCVNX0O,"CUCKOO Micom Rice Cooker 3 Cup Uncooked / 6 Cup Cooked, Korean Fuzzy Logic Rice Cooker Small with Delay Timer & Keep Warm Setting, Versatile Food Steamer with Non-Stick Inner Pot, Red (CR-0351F)",2024-09,284507,284507,284507,284507,62.2025,0,0,62.2025,,,,1,4,284507,[]
coway,Other,B00CCVNX0O,"CUCKOO Micom Rice Cooker 3 Cup Uncooked / 6 Cup Cooked, Korean Fuzzy Logic Rice Cooker Small with Delay Timer & Keep Warm Setting, Versatile Food Steamer with Non-Stick Inner Pot, Red (CR-0351F)",2024-10,284507,284507,284507,284507,54.41,0,0,54.41,,,,1,1,284507,[]
coway,Other,B00CCVNX0O,"CUCKOO Micom Rice Cooker 3 Cup Uncooked / 6 Cup Cooked, Korean Fuzzy Logic Rice Cooker Small with Delay Timer & Keep Warm Setting, Versatile Food Steamer with Non-Stick Inner Pot, Red (CR-0351F)",2024-11,284507,284507,284507,284507,55.269999999999996,0,0,55.269999999999996,,,,1,2,284507,[]
coway,Other,B00CCVNX0O,"CUCKOO Micom Rice Cooker 3 Cup Uncooked / 6 Cup Cooked, Korean Fuzzy Logic Rice Cooker Small with Delay Timer & Keep Warm Setting, Versatile Food Steamer with Non-Stick Inner Pot, Red (CR-0351F)",2024-12,284507,284507,284507,284507,61.55000000000001,0,0,61.55000000000001,,,,1,4,284507,[]
coway,Other,B00CCVNX0O,"CUCKOO Micom Rice Cooker 3 Cup Uncooked / 6 Cup Cooked, Korean Fuzzy Logic Rice Cooker Small with Delay Timer & Keep Warm Setting, Versatile Food Steamer with Non-Stick Inner Pot, Red (CR-0351F)",2025-01,284507,284507,284507,284507,64.92999999999999,0,0,64.92999999999999,,,,1,5,284507,[]
coway,Other,B00CCVNX0O,"CUCKOO Micom Rice Cooker 3 Cup Uncooked / 6 Cup Cooked, Korean Fuzzy Logic Rice Cooker Small with Delay Timer & Keep Warm Setting, Versatile Food Steamer with Non-Stick Inner Pot, Red (CR-0351F)",2025-02,284507,284507,284507,284507,66.676,0,0,66.676,,,,1,10,284507,[]
coway,Other,B00CCVNX0O,"CUCKOO Micom Rice Cooker 3 Cup Uncooked / 6 Cup Cooked, Korean Fuzzy Logic Rice Cooker Small with Delay Timer & Keep Warm Setting, Versatile Food Steamer with Non-Stick Inner Pot, Red (CR-0351F)",2025-03,284507,284507,284507,284507,62.202,0,0,62.202,,,,1,5,284507,[]
coway,Other,B00CCVNX0O,"CUCKOO Micom Rice Cooker 3 Cup Uncooked / 6 Cup Cooked, Korean Fuzzy Logic Rice Cooker Small with Delay Timer & Keep Warm Setting, Versatile Food Steamer with Non-Stick Inner Pot, Red (CR-0351F)",2025-04,284507,284507,284507,284507,72.34799999999998,187.92,0,72.34799999999998,,,,1,10,284507,[]
coway,Other,B00CCVNX0O,"CUCKOO Micom Rice Cooker 3 Cup Uncooked / 6 Cup Cooked, Korean Fuzzy Logic Rice Cooker Small with Delay Timer & Keep Warm Setting, Versatile Food Steamer with Non-Stick Inner Pot, Red (CR-0351F)",2025-05,284507,284507,284507,284507,60.21666666666666,0,0,60.21666666666666,,,,1,6,284507,[]
coway,Other,B00CCVNX0O,"CUCKOO Micom Rice Cooker 3 Cup Uncooked / 6 Cup Cooked, Korean Fuzzy Logic Rice Cooker Small with Delay Timer & Keep Warm Setting, Versatile Food Steamer with Non-Stick Inner Pot, Red (CR-0351F)",2025-06,284507,284507,284507,284507,60.32000000000001,0,0,60.32000000000001,,,,1,5,284507,[]
coway,Other,B00CCVNX0O,"CUCKOO Micom Rice Cooker 3 Cup Uncooked / 6 Cup Cooked, Korean Fuzzy Logic Rice Cooker Small with Delay Timer & Keep Warm Setting, Versatile Food Steamer with Non-Stick Inner Pot, Red (CR-0351F)",2025-07,284507,284507,284507,284507,59.46,0,0,59.46,,,,1,3,284507,[]
coway,Other,B00CCVNX0O,"CUCKOO Micom Rice Cooker 3 Cup Uncooked / 6 Cup Cooked, Korean Fuzzy Logic Rice Cooker Small with Delay Timer & Keep Warm Setting, Versatile Food Steamer with Non-Stick Inner Pot, Red (CR-0351F)",2025-08,284507,284507,284507,284507,60.524,0,0,60.524,,,,1,5,284507,[]
coway,Other,B00CCVNX0O,"CUCKOO Micom Rice Cooker 3 Cup Uncooked / 6 Cup Cooked, Korean Fuzzy Logic Rice Cooker Small with Delay Timer & Keep Warm Setting, Versatile Food Steamer with Non-Stick Inner Pot, Red (CR-0351F)",2025-09,284507,284507,284507,284507,82.87,109.99,109.99,82.87,,,,1,5,284507,[]
coway,Other,B00CCVNX0O,"CUCKOO Micom Rice Cooker 3 Cup Uncooked / 6 Cup Cooked, Korean Fuzzy Logic Rice Cooker Small with Delay Timer & Keep Warm Setting, Versatile Food Steamer with Non-Stick Inner Pot, Red (CR-0351F)",2025-10,284507,284507,284507,284507,86.46900000000001,117.24000000000001,104.49,86.46900000000001,,,,1,10,284507,[]
coway,Other,B00CCVNX0O,"CUCKOO Micom Rice Cooker 3 Cup Uncooked / 6 Cup Cooked, Korean Fuzzy Logic Rice Cooker Small with Delay Timer & Keep Warm Setting, Versatile Food Steamer with Non-Stick Inner Pot, Red (CR-0351F)",2025-11,284507,284507,284507,284507,86.66,100.31,100.31,86.66,,,,1,9,284507,[]
coway,Other,B00CCVNX0O,"CUCKOO Micom Rice Cooker 3 Cup Uncooked / 6 Cup Cooked, Korean Fuzzy Logic Rice Cooker Small with Delay Timer & Keep Warm Setting, Versatile Food Steamer with Non-Stick Inner Pot, Red (CR-0351F)",2025-12,284507,284507,284507,284507,82.41111111111111,102.33,102.33,82.41111111111111,,,,1,9,284507,[]
coway,Other,B00CCVNX0O,"CUCKOO Micom Rice Cooker 3 Cup Uncooked / 6 Cup Cooked, Korean Fuzzy Logic Rice Cooker Small with Delay Timer & Keep Warm Setting, Versatile Food Steamer with Non-Stick Inner Pot, Red (CR-0351F)",2026-01,284507,284507,284507,284507,85.74545454545454,104.08166666666665,104.08166666666665,85.74545454545454,,,,1,11,284507,[]
coway,Other,B00CCVNX0O,"CUCKOO Micom Rice Cooker 3 Cup Uncooked / 6 Cup Cooked, Korean Fuzzy Logic Rice Cooker Small with Delay Timer & Keep Warm Setting, Versatile Food Steamer with Non-Stick Inner Pot, Red (CR-0351F)",2026-02,284507,284507,284507,284507,89.10000000000001,106.65333333333332,106.65333333333332,89.10000000000001,,,,1,4,284507,[]
coway,Other,B00CCVNX0O,"CUCKOO Micom Rice Cooker 3 Cup Uncooked / 6 Cup Cooked, Korean Fuzzy Logic Rice Cooker Small with Delay Timer & Keep Warm Setting, Versatile Food Steamer with Non-Stick Inner Pot, Red (CR-0351F)",2026-03,284507,284507,284507,284507,89.10000000000001,102.50999999999999,104.85666666666667,89.10000000000001,,,,1,6,284507,[]
coway,Other,B00CCVNX0O,"CUCKOO Micom Rice Cooker 3 Cup Uncooked / 6 Cup Cooked, Korean Fuzzy Logic Rice Cooker Small with Delay Timer & Keep Warm Setting, Versatile Food Steamer with Non-Stick Inner Pot, Red (CR-0351F)",2026-04,284507,284507,284507,284507,85.16,109.99,0,85.16,,,,1,4,284507,[]
coway,Other,B00CCVNX0O,"CUCKOO Micom Rice Cooker 3 Cup Uncooked / 6 Cup Cooked, Korean Fuzzy Logic Rice Cooker Small with Delay Timer & Keep Warm Setting, Versatile Food Steamer with Non-Stick Inner Pot, Red (CR-0351F)",2026-05,284507,284507,284507,284507,85.91571428571429,0,0,85.91571428571429,,,,1,7,284507,[]
coway,Other,B00CCVNX0O,"CUCKOO Micom Rice Cooker 3 Cup Uncooked / 6 Cup Cooked, Korean Fuzzy Logic Rice Cooker Small with Delay Timer & Keep Warm Setting, Versatile Food Steamer with Non-Stick Inner Pot, Red (CR-0351F)",2026-06,284507,284507,284507,284507,86.7,0,0,86.7,,,,1,1,284507,[]
coway,Other,B00E4XYQNG,"CUCKOO CRP-HY1083F | 10-Cup (Uncooked) Induction Heating Pressure Rice Cooker | 13 Menu Options, Auto-Clean, Voice Navigation, Stainless Steel Inner Pot, Made in Korea | Black",2017-03,284507,284507,284507,284507,333.78999999999996,459.99,459.99,333.78999999999996,,,,1,2,284507,[]
coway,Other,B00E4XYQNG,"CUCKOO CRP-HY1083F | 10-Cup (Uncooked) Induction Heating Pressure Rice Cooker | 13 Menu Options, Auto-Clean, Voice Navigation, Stainless Steel Inner Pot, Made in Korea | Black",2017-04,284507,284507,284507,284507,343.9325,358.44,448.9166666666667,343.9325,,,,1,4,284507,[]
coway,Other,B00E4XYQNG,"CUCKOO CRP-HY1083F | 10-Cup (Uncooked) Induction Heating Pressure Rice Cooker | 13 Menu Options, Auto-Clean, Voice Navigation, Stainless Steel Inner Pot, Made in Korea | Black",2017-05,284507,284507,284507,284507,422.57500000000005,433.55,448.49,422.57500000000005,,,,1,2,284507,[]
coway,Other,B00E4XYQNG,"CUCKOO CRP-HY1083F | 10-Cup (Uncooked) Induction Heating Pressure Rice Cooker | 13 Menu Options, Auto-Clean, Voice Navigation, Stainless Steel Inner Pot, Made in Korea | Black",2017-06,284507,284507,284507,284507,452.44,452.44,448.66499999999996,452.44,,,,1,3,284507,[]
coway,Other,B00E4XYQNG,"CUCKOO CRP-HY1083F | 10-Cup (Uncooked) Induction Heating Pressure Rice Cooker | 13 Menu Options, Auto-Clean, Voice Navigation, Stainless Steel Inner Pot, Made in Korea | Black",2017-07,284507,284507,284507,284507,446.01,446.01,446.49,446.01,,,,1,3,284507,[]
coway,Other,B00E4XYQNG,"CUCKOO CRP-HY1083F | 10-Cup (Uncooked) Induction Heating Pressure Rice Cooker | 13 Menu Options, Auto-Clean, Voice Navigation, Stainless Steel Inner Pot, Made in Korea | Black",2017-08,284507,284507,284507,284507,413.99,459.99,0,413.99,,,,1,1,284507,[]
coway,Other,B00E4XYQNG,"CUCKOO CRP-HY1083F | 10-Cup (Uncooked) Induction Heating Pressure Rice Cooker | 13 Menu Options, Auto-Clean, Voice Navigation, Stainless Steel Inner Pot, Made in Korea | Black",2017-09,284507,284507,284507,284507,479.99,479.99,0,479.99,,,,1,1,284507,[]
coway,Other,B00E4XYQNG,"CUCKOO CRP-HY1083F | 10-Cup (Uncooked) Induction Heating Pressure Rice Cooker | 13 Menu Options, Auto-Clean, Voice Navigation, Stainless Steel Inner Pot, Made in Korea | Black",2017-10,284507,284507,284507,284507,456.255,456.255,459.99,456.255,,,,1,4,284507,[]
coway,Other,B00E4XYQNG,"CUCKOO CRP-HY1083F | 10-Cup (Uncooked) Induction Heating Pressure Rice Cooker | 13 Menu Options, Auto-Clean, Voice Navigation, Stainless Steel Inner Pot, Made in Korea | Black",2017-11,284507,284507,284507,284507,1089.0822222222223,1089.0822222222223,454.49,1089.0822222222223,,,,1,9,284507,[]
coway,Other,B00E4XYQNG,"CUCKOO CRP-HY1083F | 10-Cup (Uncooked) Induction Heating Pressure Rice Cooker | 13 Menu Options, Auto-Clean, Voice Navigation, Stainless Steel Inner Pot, Made in Korea | Black",2017-12,284507,284507,284507,284507,545.0411111111111,555.2622222222222,440.3275,545.0411111111111,,,,1,9,284507,[]
coway,Other,B00E4XYQNG,"CUCKOO CRP-HY1083F | 10-Cup (Uncooked) Induction Heating Pressure Rice Cooker | 13 Menu Options, Auto-Clean, Voice Navigation, Stainless Steel Inner Pot, Made in Korea | Black",2018-01,284507,284507,284507,284507,693.8249999999999,732.5899999999999,459.99,693.8249999999999,,,,1,6,284507,[]
coway,Other,B00E4XYQNG,"CUCKOO CRP-HY1083F | 10-Cup (Uncooked) Induction Heating Pressure Rice Cooker | 13 Menu Options, Auto-Clean, Voice Navigation, Stainless Steel Inner Pot, Made in Korea | Black",2018-03,284507,284507,284507,284507,412,412,412.20500000000004,412,,,,1,2,284507,[]
coway,Other,B00E4XYQNG,"CUCKOO CRP-HY1083F | 10-Cup (Uncooked) Induction Heating Pressure Rice Cooker | 13 Menu Options, Auto-Clean, Voice Navigation, Stainless Steel Inner Pot, Made in Korea | Black",2018-04,284507,284507,284507,284507,431.71333333333337,459.99666666666667,459.99,431.71333333333337,,,,1,3,284507,[]
coway,Other,B00E4XYQNG,"CUCKOO CRP-HY1083F | 10-Cup (Uncooked) Induction Heating Pressure Rice Cooker | 13 Menu Options, Auto-Clean, Voice Navigation, Stainless Steel Inner Pot, Made in Korea | Black",2018-05,284507,284507,284507,284507,357.16333333333336,0,0,357.16333333333336,,,,1,3,284507,[]
coway,Other,B00E4XYQNG,"CUCKOO CRP-HY1083F | 10-Cup (Uncooked) Induction Heating Pressure Rice Cooker | 13 Menu Options, Auto-Clean, Voice Navigation, Stainless Steel Inner Pot, Made in Korea | Black",2018-06,284507,284507,284507,284507,423.69625,452.7733333333333,445.56666666666666,423.69625,,,,1,8,284507,[]
coway,Other,B00E4XYQNG,"CUCKOO CRP-HY1083F | 10-Cup (Uncooked) Induction Heating Pressure Rice Cooker | 13 Menu Options, Auto-Clean, Voice Navigation, Stainless Steel Inner Pot, Made in Korea | Black",2018-07,284507,284507,284507,284507,357.1933333333333,0,0,357.1933333333333,,,,1,3,284507,[]
coway,Other,B00E4XYQNG,"CUCKOO CRP-HY1083F | 10-Cup (Uncooked) Induction Heating Pressure Rice Cooker | 13 Menu Options, Auto-Clean, Voice Navigation, Stainless Steel Inner Pot, Made in Korea | Black",2018-08,284507,284507,284507,284507,371.31666666666666,0,0,371.31666666666666,,,,1,3,284507,[]
coway,Other,B00E4XYQNG,"CUCKOO CRP-HY1083F | 10-Cup (Uncooked) Induction Heating Pressure Rice Cooker | 13 Menu Options, Auto-Clean, Voice Navigation, Stainless Steel Inner Pot, Made in Korea | Black",2018-09,284507,284507,284507,284507,459.99,459.99,0,459.99,,,,1,1,284507,[]
coway,Other,B00E4XYQNG,"CUCKOO CRP-HY1083F | 10-Cup (Uncooked) Induction Heating Pressure Rice Cooker | 13 Menu Options, Auto-Clean, Voice Navigation, Stainless Steel Inner Pot, Made in Korea | Black",2018-11,284507,284507,284507,284507,495.22,495.22,0,495.22,,,,1,1,284507,[]
coway,Other,B00E4XYQNG,"CUCKOO CRP-HY1083F | 10-Cup (Uncooked) Induction Heating Pressure Rice Cooker | 13 Menu Options, Auto-Clean, Voice Navigation, Stainless Steel Inner Pot, Made in Korea | Black",2018-12,284507,284507,284507,284507,500,0,0,500,,,,1,1,284507,[]
coway,Other,B00E4XYQNG,"CUCKOO CRP-HY1083F | 10-Cup (Uncooked) Induction Heating Pressure Rice Cooker | 13 Menu Options, Auto-Clean, Voice Navigation, Stainless Steel Inner Pot, Made in Korea | Black",2019-01,284507,284507,284507,284507,459.99,459.99,0,459.99,,,,1,1,284507,[]
coway,Other,B00E4XYQNG,"CUCKOO CRP-HY1083F | 10-Cup (Uncooked) Induction Heating Pressure Rice Cooker | 13 Menu Options, Auto-Clean, Voice Navigation, Stainless Steel Inner Pot, Made in Korea | Black",2019-04,284507,284507,284507,284507,795,795,0,795,,,,1,1,284507,[]
coway,Other,B00E4XYQNG,"CUCKOO CRP-HY1083F | 10-Cup (Uncooked) Induction Heating Pressure Rice Cooker | 13 Menu Options, Auto-Clean, Voice Navigation, Stainless Steel Inner Pot, Made in Korea | Black",2019-05,284507,284507,284507,284507,442.71000000000004,442.71000000000004,442.71000000000004,442.71000000000004,,,,1,2,284507,[]
coway,Other,B00E4XYQNG,"CUCKOO CRP-HY1083F | 10-Cup (Uncooked) Induction Heating Pressure Rice Cooker | 13 Menu Options, Auto-Clean, Voice Navigation, Stainless Steel Inner Pot, Made in Korea | Black",2019-12,284507,284507,284507,284507,431.14799999999997,431.14799999999997,431.14799999999997,431.14799999999997,,,,1,5,284507,[]
coway,Other,B00E4XYQNG,"CUCKOO CRP-HY1083F | 10-Cup (Uncooked) Induction Heating Pressure Rice Cooker | 13 Menu Options, Auto-Clean, Voice Navigation, Stainless Steel Inner Pot, Made in Korea | Black",2020-06,284507,284507,284507,284507,436.771,436.771,436.771,436.771,,,,1,10,284507,[]
coway,Other,B00E4XYQNG,"CUCKOO CRP-HY1083F | 10-Cup (Uncooked) Induction Heating Pressure Rice Cooker | 13 Menu Options, Auto-Clean, Voice Navigation, Stainless Steel Inner Pot, Made in Korea | Black",2020-07,284507,284507,284507,284507,431.93999999999994,431.93999999999994,431.93999999999994,431.93999999999994,,,,1,8,284507,[]
coway,Other,B00E4XYQNG,"CUCKOO CRP-HY1083F | 10-Cup (Uncooked) Induction Heating Pressure Rice Cooker | 13 Menu Options, Auto-Clean, Voice Navigation, Stainless Steel Inner Pot, Made in Korea | Black",2020-08,284507,284507,284507,284507,420.3071428571429,420.3071428571429,420.3071428571429,420.3071428571429,,,,1,21,284507,[]
coway,Other,B00E4XYQNG,"CUCKOO CRP-HY1083F | 10-Cup (Uncooked) Induction Heating Pressure Rice Cooker | 13 Menu Options, Auto-Clean, Voice Navigation, Stainless Steel Inner Pot, Made in Korea | Black",2020-09,284507,284507,284507,284507,459.99,459.99,459.99,459.99,,,,1,2,284507,[]
coway,Other,B00E4XYQNG,"CUCKOO CRP-HY1083F | 10-Cup (Uncooked) Induction Heating Pressure Rice Cooker | 13 Menu Options, Auto-Clean, Voice Navigation, Stainless Steel Inner Pot, Made in Korea | Black",2020-10,284507,284507,284507,284507,459.99,459.99,0,459.99,,,,1,1,284507,[]
coway,Other,B00E4XYQNG,"CUCKOO CRP-HY1083F | 10-Cup (Uncooked) Induction Heating Pressure Rice Cooker | 13 Menu Options, Auto-Clean, Voice Navigation, Stainless Steel Inner Pot, Made in Korea | Black",2020-11,284507,284507,284507,284507,489.99,489.99,0,489.99,,,,1,1,284507,[]
coway,Other,B00E4XYQNG,"CUCKOO CRP-HY1083F | 10-Cup (Uncooked) Induction Heating Pressure Rice Cooker | 13 Menu Options, Auto-Clean, Voice Navigation, Stainless Steel Inner Pot, Made in Korea | Black",2020-12,284507,284507,284507,284507,778.415,778.415,0,778.415,,,,1,2,284507,[]
coway,Other,B00E4XYQNG,"CUCKOO CRP-HY1083F | 10-Cup (Uncooked) Induction Heating Pressure Rice Cooker | 13 Menu Options, Auto-Clean, Voice Navigation, Stainless Steel Inner Pot, Made in Korea | Black",2021-01,284507,284507,284507,284507,456.34,456.34,454.515,456.34,,,,1,3,284507,[]
coway,Other,B00E4XYQNG,"CUCKOO CRP-HY1083F | 10-Cup (Uncooked) Induction Heating Pressure Rice Cooker | 13 Menu Options, Auto-Clean, Voice Navigation, Stainless Steel Inner Pot, Made in Korea | Black",2021-02,284507,284507,284507,284507,435.96000000000004,435.96000000000004,423.94500000000005,435.96000000000004,,,,1,3,284507,[]
coway,Other,B00E4XYQNG,"CUCKOO CRP-HY1083F | 10-Cup (Uncooked) Induction Heating Pressure Rice Cooker | 13 Menu Options, Auto-Clean, Voice Navigation, Stainless Steel Inner Pot, Made in Korea | Black",2021-03,284507,284507,284507,284507,409.675,409.675,409.675,409.675,,,,1,2,284507,[]
coway,Other,B00E4XYQNG,"CUCKOO CRP-HY1083F | 10-Cup (Uncooked) Induction Heating Pressure Rice Cooker | 13 Menu Options, Auto-Clean, Voice Navigation, Stainless Steel Inner Pot, Made in Korea | Black",2021-04,284507,284507,284507,284507,469.98999999999995,469.98999999999995,449.99,469.98999999999995,,,,1,6,284507,[]
coway,Other,B00E4XYQNG,"CUCKOO CRP-HY1083F | 10-Cup (Uncooked) Induction Heating Pressure Rice Cooker | 13 Menu Options, Auto-Clean, Voice Navigation, Stainless Steel Inner Pot, Made in Korea | Black",2021-06,284507,284507,284507,284507,526.586,641.2533333333332,407.105,526.586,,,,1,5,284507,[]
coway,Other,B00E4XYQNG,"CUCKOO CRP-HY1083F | 10-Cup (Uncooked) Induction Heating Pressure Rice Cooker | 13 Menu Options, Auto-Clean, Voice Navigation, Stainless Steel Inner Pot, Made in Korea | Black",2021-07,284507,284507,284507,284507,530.5033333333332,530.5033333333332,405.99555555555554,530.5033333333332,,,,1,12,284507,[]
coway,Other,B00E4XYQNG,"CUCKOO CRP-HY1083F | 10-Cup (Uncooked) Induction Heating Pressure Rice Cooker | 13 Menu Options, Auto-Clean, Voice Navigation, Stainless Steel Inner Pot, Made in Korea | Black",2021-08,284507,284507,284507,284507,850.089375,850.089375,414.91,850.089375,,,,1,16,284507,[]
coway,Other,B00E4XYQNG,"CUCKOO CRP-HY1083F | 10-Cup (Uncooked) Induction Heating Pressure Rice Cooker | 13 Menu Options, Auto-Clean, Voice Navigation, Stainless Steel Inner Pot, Made in Korea | Black",2021-09,284507,284507,284507,284507,820.28,820.28,0,820.28,,,,1,8,284507,[]
coway,Other,B00E4XYQNG,"CUCKOO CRP-HY1083F | 10-Cup (Uncooked) Induction Heating Pressure Rice Cooker | 13 Menu Options, Auto-Clean, Voice Navigation, Stainless Steel Inner Pot, Made in Korea | Black",2021-10,284507,284507,284507,284507,435,435,0,435,,,,1,1,284507,[]
coway,Other,B00E4XYQNG,"CUCKOO CRP-HY1083F | 10-Cup (Uncooked) Induction Heating Pressure Rice Cooker | 13 Menu Options, Auto-Clean, Voice Navigation, Stainless Steel Inner Pot, Made in Korea | Black",2021-11,284507,284507,284507,284507,357.44,425,0,357.44,,,,1,2,284507,[]
coway,Other,B00E4XYQNG,"CUCKOO CRP-HY1083F | 10-Cup (Uncooked) Induction Heating Pressure Rice Cooker | 13 Menu Options, Auto-Clean, Voice Navigation, Stainless Steel Inner Pot, Made in Korea | Black",2022-01,284507,284507,284507,284507,499.99,499.99,0,499.99,,,,1,1,284507,[]
coway,Other,B00E4XYQNG,"CUCKOO CRP-HY1083F | 10-Cup (Uncooked) Induction Heating Pressure Rice Cooker | 13 Menu Options, Auto-Clean, Voice Navigation, Stainless Steel Inner Pot, Made in Korea | Black",2022-04,284507,284507,284507,284507,489.99,489.99,0,489.99,,,,1,1,284507,[]
coway,Other,B00E4XYQNG,"CUCKOO CRP-HY1083F | 10-Cup (Uncooked) Induction Heating Pressure Rice Cooker | 13 Menu Options, Auto-Clean, Voice Navigation, Stainless Steel Inner Pot, Made in Korea | Black",2022-08,284507,284507,284507,284507,499.99,499.99,0,499.99,,,,1,1,284507,[]
coway,Other,B00E4XYQNG,"CUCKOO CRP-HY1083F | 10-Cup (Uncooked) Induction Heating Pressure Rice Cooker | 13 Menu Options, Auto-Clean, Voice Navigation, Stainless Steel Inner Pot, Made in Korea | Black",2022-11,284507,284507,284507,284507,489.99,489.99,0,489.99,,,,1,1,284507,[]
coway,Other,B00E4XYQNG,"CUCKOO CRP-HY1083F | 10-Cup (Uncooked) Induction Heating Pressure Rice Cooker | 13 Menu Options, Auto-Clean, Voice Navigation, Stainless Steel Inner Pot, Made in Korea | Black",2022-12,284507,284507,284507,284507,489.99,489.99,0,489.99,,,,1,2,284507,[]
coway,Other,B00E4XYQNG,"CUCKOO CRP-HY1083F | 10-Cup (Uncooked) Induction Heating Pressure Rice Cooker | 13 Menu Options, Auto-Clean, Voice Navigation, Stainless Steel Inner Pot, Made in Korea | Black",2023-08,284507,284507,284507,284507,449.99,449.99,449.99,449.99,,,,1,1,284507,[]
coway,Other,B00E4XYQNG,"CUCKOO CRP-HY1083F | 10-Cup (Uncooked) Induction Heating Pressure Rice Cooker | 13 Menu Options, Auto-Clean, Voice Navigation, Stainless Steel Inner Pot, Made in Korea | Black",2024-12,284507,284507,284507,284507,469.99,469.99,0,469.99,,,,1,1,284507,[]
coway,Other,B00E4XYQNG,"CUCKOO CRP-HY1083F | 10-Cup (Uncooked) Induction Heating Pressure Rice Cooker | 13 Menu Options, Auto-Clean, Voice Navigation, Stainless Steel Inner Pot, Made in Korea | Black",2025-07,284507,284507,284507,284507,449.99,449.99,0,449.99,,,,1,1,284507,[]
coway,Other,B00E4XYQNG,"CUCKOO CRP-HY1083F | 10-Cup (Uncooked) Induction Heating Pressure Rice Cooker | 13 Menu Options, Auto-Clean, Voice Navigation, Stainless Steel Inner Pot, Made in Korea | Black",2026-01,284507,284507,284507,284507,439.99,439.99,0,439.99,,,,1,1,284507,[]
coway,Other,B00HUWBDHU,Cuckoo Pressure Cover Packing Replacement Ring | CCP-06 by Cuckoo,2017-02,1055398,1055398,1055398,1055398,11.01,11.01,0,11.01,,,,1,1,1055398,[]
coway,Other,B00HUWBDHU,Cuckoo Pressure Cover Packing Replacement Ring | CCP-06 by Cuckoo,2017-04,1055398,1055398,1055398,1055398,12,12,0,12,,,,1,2,1055398,[]
coway,Other,B00HUWBDHU,Cuckoo Pressure Cover Packing Replacement Ring | CCP-06 by Cuckoo,2017-05,1055398,1055398,1055398,1055398,11.99,11.99,0,11.99,,,,1,2,1055398,[]
coway,Other,B00HUWBDHU,Cuckoo Pressure Cover Packing Replacement Ring | CCP-06 by Cuckoo,2017-06,1055398,1055398,1055398,1055398,11.95,11.95,0,11.95,,,,1,1,1055398,[]
coway,Other,B00HUWBDHU,Cuckoo Pressure Cover Packing Replacement Ring | CCP-06 by Cuckoo,2017-07,1055398,1055398,1055398,1055398,380.975,11.95,0,380.975,,,,1,2,1055398,[]
coway,Other,B00HUWBDHU,Cuckoo Pressure Cover Packing Replacement Ring | CCP-06 by Cuckoo,2017-09,1055398,1055398,1055398,1055398,11.95,11.95,0,11.95,,,,1,1,1055398,[]
coway,Other,B00HUWBDHU,Cuckoo Pressure Cover Packing Replacement Ring | CCP-06 by Cuckoo,2017-10,1055398,1055398,1055398,1055398,11.93,11.93,0,11.93,,,,1,1,1055398,[]
coway,Other,B00HUWBDHU,Cuckoo Pressure Cover Packing Replacement Ring | CCP-06 by Cuckoo,2017-11,1055398,1055398,1055398,1055398,11.905000000000001,11.905000000000001,0,11.905000000000001,,,,1,2,1055398,[]
coway,Other,B00HUWBDHU,Cuckoo Pressure Cover Packing Replacement Ring | CCP-06 by Cuckoo,2017-12,1055398,1055398,1055398,1055398,11.88,11.88,0,11.88,,,,1,1,1055398,[]
coway,Other,B00HUWBDHU,Cuckoo Pressure Cover Packing Replacement Ring | CCP-06 by Cuckoo,2018-01,1055398,1055398,1055398,1055398,11.463999999999999,11.463999999999999,0,11.463999999999999,,,,1,5,1055398,[]
coway,Other,B00HUWBDHU,Cuckoo Pressure Cover Packing Replacement Ring | CCP-06 by Cuckoo,2018-02,1055398,1055398,1055398,1055398,11.64,11.64,0,11.64,,,,1,3,1055398,[]
coway,Other,B00HUWBDHU,Cuckoo Pressure Cover Packing Replacement Ring | CCP-06 by Cuckoo,2018-03,1055398,1055398,1055398,1055398,14.69,14.69,0,14.69,,,,1,3,1055398,[]
coway,Other,B00HUWBDHU,Cuckoo Pressure Cover Packing Replacement Ring | CCP-06 by Cuckoo,2018-04,1055398,1055398,1055398,1055398,11.64,11.64,0,11.64,,,,1,1,1055398,[]
coway,Other,B00HUWBDHU,Cuckoo Pressure Cover Packing Replacement Ring | CCP-06 by Cuckoo,2018-06,1055398,1055398,1055398,1055398,12.73,12.73,0,12.73,,,,1,2,1055398,[]
coway,Other,B00HUWBDHU,Cuckoo Pressure Cover Packing Replacement Ring | CCP-06 by Cuckoo,2018-07,1055398,1055398,1055398,1055398,11.185625,11.185625,0,11.185625,,,,1,16,1055398,[]
coway,Other,B00HUWBDHU,Cuckoo Pressure Cover Packing Replacement Ring | CCP-06 by Cuckoo,2018-08,1055398,1055398,1055398,1055398,12.506666666666666,12.506666666666666,0,12.506666666666666,,,,1,3,1055398,[]
coway,Other,B00HUWBDHU,Cuckoo Pressure Cover Packing Replacement Ring | CCP-06 by Cuckoo,2018-09,1055398,1055398,1055398,1055398,386.008,11.02,0,386.008,,,,1,5,1055398,[]
coway,Other,B00HUWBDHU,Cuckoo Pressure Cover Packing Replacement Ring | CCP-06 by Cuckoo,2018-10,1055398,1055398,1055398,1055398,10.39,10.39,0,10.39,,,,1,1,1055398,[]
coway,Other,B00HUWBDHU,Cuckoo Pressure Cover Packing Replacement Ring | CCP-06 by Cuckoo,2018-11,1055398,1055398,1055398,1055398,13.025,13.025,0,13.025,,,,1,2,1055398,[]
coway,Other,B00HUWBDHU,Cuckoo Pressure Cover Packing Replacement Ring | CCP-06 by Cuckoo,2018-12,1055398,1055398,1055398,1055398,13.025,13.025,0,13.025,,,,1,2,1055398,[]
coway,Other,B00HUWBDHU,Cuckoo Pressure Cover Packing Replacement Ring | CCP-06 by Cuckoo,2019-01,1055398,1055398,1055398,1055398,11.64,11.64,0,11.64,,,,1,2,1055398,[]
coway,Other,B00HUWBDHU,Cuckoo Pressure Cover Packing Replacement Ring | CCP-06 by Cuckoo,2019-03,1055398,1055398,1055398,1055398,13.410000000000002,13.410000000000002,0,13.410000000000002,,,,1,3,1055398,[]
coway,Other,B00HUWBDHU,Cuckoo Pressure Cover Packing Replacement Ring | CCP-06 by Cuckoo,2019-05,1055398,1055398,1055398,1055398,11.354999999999999,11.354999999999999,0,11.354999999999999,,,,1,4,1055398,[]
coway,Other,B00HUWBDHU,Cuckoo Pressure Cover Packing Replacement Ring | CCP-06 by Cuckoo,2019-06,1055398,1055398,1055398,1055398,12.516666666666666,12.516666666666666,0,12.516666666666666,,,,1,3,1055398,[]
coway,Other,B00HUWBDHU,Cuckoo Pressure Cover Packing Replacement Ring | CCP-06 by Cuckoo,2019-07,1055398,1055398,1055398,1055398,11.01,11.01,0,11.01,,,,1,1,1055398,[]
coway,Other,B00HUWBDHU,Cuckoo Pressure Cover Packing Replacement Ring | CCP-06 by Cuckoo,2019-08,1055398,1055398,1055398,1055398,11.11,11.11,0,11.11,,,,1,4,1055398,[]
coway,Other,B00HUWBDHU,Cuckoo Pressure Cover Packing Replacement Ring | CCP-06 by Cuckoo,2019-09,1055398,1055398,1055398,1055398,11.21,11.21,0,11.21,,,,1,1,1055398,[]
coway,Other,B00HUWBDHU,Cuckoo Pressure Cover Packing Replacement Ring | CCP-06 by Cuckoo,2019-10,1055398,1055398,1055398,1055398,14.97,14.97,0,14.97,,,,1,1,1055398,[]
coway,Other,B00HUWBDHU,Cuckoo Pressure Cover Packing Replacement Ring | CCP-06 by Cuckoo,2019-11,1055398,1055398,1055398,1055398,11.906666666666666,11.906666666666666,0,11.906666666666666,,,,1,3,1055398,[]
coway,Other,B00HUWBDHU,Cuckoo Pressure Cover Packing Replacement Ring | CCP-06 by Cuckoo,2020-02,1055398,1055398,1055398,1055398,19.275,19.275,0,19.275,,,,1,2,1055398,[]
coway,Other,B00HUWBDHU,Cuckoo Pressure Cover Packing Replacement Ring | CCP-06 by Cuckoo,2020-03,1055398,1055398,1055398,1055398,17.49,17.49,0,17.49,,,,1,3,1055398,[]
coway,Other,B00HUWBDHU,Cuckoo Pressure Cover Packing Replacement Ring | CCP-06 by Cuckoo,2020-04,1055398,1055398,1055398,1055398,19.49,19.49,0,19.49,,,,1,4,1055398,[]
coway,Other,B00HUWBDHU,Cuckoo Pressure Cover Packing Replacement Ring | CCP-06 by Cuckoo,2020-05,1055398,1055398,1055398,1055398,20.589999999999996,20.589999999999996,0,20.589999999999996,,,,1,5,1055398,[]
coway,Other,B00HUWBDHU,Cuckoo Pressure Cover Packing Replacement Ring | CCP-06 by Cuckoo,2020-06,1055398,1055398,1055398,1055398,24.49,24.49,0,24.49,,,,1,2,1055398,[]
coway,Other,B00HUWBDHU,Cuckoo Pressure Cover Packing Replacement Ring | CCP-06 by Cuckoo,2020-07,1055398,1055398,1055398,1055398,23.99,23.99,0,23.99,,,,1,2,1055398,[]
coway,Other,B00HUWBDHU,Cuckoo Pressure Cover Packing Replacement Ring | CCP-06 by Cuckoo,2020-08,1055398,1055398,1055398,1055398,24.115,24.115,0,24.115,,,,1,4,1055398,[]
coway,Other,B00HUWBDHU,Cuckoo Pressure Cover Packing Replacement Ring | CCP-06 by Cuckoo,2020-09,1055398,1055398,1055398,1055398,24.319999999999997,24.319999999999997,0,24.319999999999997,,,,1,3,1055398,[]
coway,Other,B00HUWBDHU,Cuckoo Pressure Cover Packing Replacement Ring | CCP-06 by Cuckoo,2020-10,1055398,1055398,1055398,1055398,20.99,20.99,0,20.99,,,,1,3,1055398,[]
coway,Other,B00HUWBDHU,Cuckoo Pressure Cover Packing Replacement Ring | CCP-06 by Cuckoo,2020-11,1055398,1055398,1055398,1055398,22.95,22.95,0,22.95,,,,1,3,1055398,[]
coway,Other,B00HUWBDHU,Cuckoo Pressure Cover Packing Replacement Ring | CCP-06 by Cuckoo,2020-12,1055398,1055398,1055398,1055398,22.95,22.95,0,22.95,,,,1,2,1055398,[]
coway,Other,B00HUWBDHU,Cuckoo Pressure Cover Packing Replacement Ring | CCP-06 by Cuckoo,2021-01,1055398,1055398,1055398,1055398,22.95,22.95,0,22.95,,,,1,1,1055398,[]
coway,Other,B00HUWBDHU,Cuckoo Pressure Cover Packing Replacement Ring | CCP-06 by Cuckoo,2021-02,1055398,1055398,1055398,1055398,25.47,25.47,0,25.47,,,,1,2,1055398,[]
coway,Other,B00HUWBDHU,Cuckoo Pressure Cover Packing Replacement Ring | CCP-06 by Cuckoo,2021-03,1055398,1055398,1055398,1055398,22.95,22.95,0,22.95,,,,1,1,1055398,[]
coway,Other,B00HUWBDHU,Cuckoo Pressure Cover Packing Replacement Ring | CCP-06 by Cuckoo,2021-04,1055398,1055398,1055398,1055398,22.9,22.9,0,22.9,,,,1,4,1055398,[]
coway,Other,B00HUWBDHU,Cuckoo Pressure Cover Packing Replacement Ring | CCP-06 by Cuckoo,2021-05,1055398,1055398,1055398,1055398,443.53,15.59,0,443.53,,,,1,3,1055398,[]
coway,Other,B00HUWBDHU,Cuckoo Pressure Cover Packing Replacement Ring | CCP-06 by Cuckoo,2021-06,1055398,1055398,1055398,1055398,16.78,16.78,0,16.78,,,,1,8,1055398,[]
coway,Other,B00HUWBDHU,Cuckoo Pressure Cover Packing Replacement Ring | CCP-06 by Cuckoo,2021-07,1055398,1055398,1055398,1055398,15.545000000000002,15.545000000000002,0,15.545000000000002,,,,1,4,1055398,[]
coway,Other,B00HUWBDHU,Cuckoo Pressure Cover Packing Replacement Ring | CCP-06 by Cuckoo,2021-08,1055398,1055398,1055398,1055398,22.95,22.95,0,22.95,,,,1,1,1055398,[]
coway,Other,B00HUWBDHU,Cuckoo Pressure Cover Packing Replacement Ring | CCP-06 by Cuckoo,2021-10,1055398,1055398,1055398,1055398,285.475,22.95,0,285.475,,,,1,2,1055398,[]
coway,Other,B00HUWBDHU,Cuckoo Pressure Cover Packing Replacement Ring | CCP-06 by Cuckoo,2021-11,1055398,1055398,1055398,1055398,22.95,22.95,0,22.95,,,,1,1,1055398,[]
coway,Other,B00HUWBDHU,Cuckoo Pressure Cover Packing Replacement Ring | CCP-06 by Cuckoo,2021-12,1055398,1055398,1055398,1055398,25.5,25.5,0,25.5,,,,1,1,1055398,[]
coway,Other,B00HUWBDHU,Cuckoo Pressure Cover Packing Replacement Ring | CCP-06 by Cuckoo,2022-01,1055398,1055398,1055398,1055398,28.744999999999997,28.744999999999997,0,28.744999999999997,,,,1,2,1055398,[]
coway,Other,B00HUWBDHU,Cuckoo Pressure Cover Packing Replacement Ring | CCP-06 by Cuckoo,2022-03,1055398,1055398,1055398,1055398,26.5,26.5,0,26.5,,,,1,1,1055398,[]
coway,Other,B00HUWBDHU,Cuckoo Pressure Cover Packing Replacement Ring | CCP-06 by Cuckoo,2022-04,1055398,1055398,1055398,1055398,29.67,29.67,0,29.67,,,,1,4,1055398,[]
coway,Other,B00HUWBDHU,Cuckoo Pressure Cover Packing Replacement Ring | CCP-06 by Cuckoo,2022-05,1055398,1055398,1055398,1055398,22.9,22.9,0,22.9,,,,1,2,1055398,[]
coway,Other,B00HUWBDHU,Cuckoo Pressure Cover Packing Replacement Ring | CCP-06 by Cuckoo,2022-07,1055398,1055398,1055398,1055398,23.929999999999996,23.929999999999996,0,23.929999999999996,,,,1,3,1055398,[]
coway,Other,B00HUWBDHU,Cuckoo Pressure Cover Packing Replacement Ring | CCP-06 by Cuckoo,2022-09,1055398,1055398,1055398,1055398,23.266666666666666,23.266666666666666,0,23.266666666666666,,,,1,3,1055398,[]
coway,Other,B00HUWBDHU,Cuckoo Pressure Cover Packing Replacement Ring | CCP-06 by Cuckoo,2022-10,1055398,1055398,1055398,1055398,24,24,0,24,,,,1,1,1055398,[]
coway,Other,B00HUWBDHU,Cuckoo Pressure Cover Packing Replacement Ring | CCP-06 by Cuckoo,2022-11,1055398,1055398,1055398,1055398,24.4,24.4,0,24.4,,,,1,2,1055398,[]
coway,Other,B00HUWBDHU,Cuckoo Pressure Cover Packing Replacement Ring | CCP-06 by Cuckoo,2022-12,1055398,1055398,1055398,1055398,24.6,24.6,0,24.6,,,,1,4,1055398,[]
coway,Other,B00HUWBDHU,Cuckoo Pressure Cover Packing Replacement Ring | CCP-06 by Cuckoo,2023-02,1055398,1055398,1055398,1055398,24,24,0,24,,,,1,2,1055398,[]
coway,Other,B00HUWBDHU,Cuckoo Pressure Cover Packing Replacement Ring | CCP-06 by Cuckoo,2023-03,1055398,1055398,1055398,1055398,34.87,34.87,0,34.87,,,,1,1,1055398,[]
coway,Other,B00HUWBDHU,Cuckoo Pressure Cover Packing Replacement Ring | CCP-06 by Cuckoo,2023-04,1055398,1055398,1055398,1055398,29.99,29.99,0,29.99,,,,1,1,1055398,[]
coway,Other,B00HUWBDHU,Cuckoo Pressure Cover Packing Replacement Ring | CCP-06 by Cuckoo,2023-10,1055398,1055398,1055398,1055398,24.326666666666664,24.326666666666664,0,24.326666666666664,,,,1,3,1055398,[]
coway,Other,B00HUWBDHU,Cuckoo Pressure Cover Packing Replacement Ring | CCP-06 by Cuckoo,2023-11,1055398,1055398,1055398,1055398,23.99,23.99,0,23.99,,,,1,1,1055398,[]
coway,Other,B00HUWBDHU,Cuckoo Pressure Cover Packing Replacement Ring | CCP-06 by Cuckoo,2024-09,1055398,1055398,1055398,1055398,23,23,0,23,,,,1,1,1055398,[]
coway,Other,B00HUWBDHU,Cuckoo Pressure Cover Packing Replacement Ring | CCP-06 by Cuckoo,2024-10,1055398,1055398,1055398,1055398,23,23,0,23,,,,1,1,1055398,[]
coway,Other,B00HUWBDHU,Cuckoo Pressure Cover Packing Replacement Ring | CCP-06 by Cuckoo,2024-12,1055398,1055398,1055398,1055398,22.166666666666668,22.166666666666668,0,22.166666666666668,,,,1,3,1055398,[]
coway,Other,B00HUWBDHU,Cuckoo Pressure Cover Packing Replacement Ring | CCP-06 by Cuckoo,2025-01,1055398,1055398,1055398,1055398,24.8,24.8,0,24.8,,,,1,1,1055398,[]
coway,Other,B00HUWBDHU,Cuckoo Pressure Cover Packing Replacement Ring | CCP-06 by Cuckoo,2025-05,1055398,1055398,1055398,1055398,348.33,348.33,0,348.33,,,,1,3,1055398,[]
coway,Other,B00HUWBDHU,Cuckoo Pressure Cover Packing Replacement Ring | CCP-06 by Cuckoo,2025-06,1055398,1055398,1055398,1055398,510,510,0,510,,,,1,2,1055398,[]
coway,Other,B00HUWBDHU,Cuckoo Pressure Cover Packing Replacement Ring | CCP-06 by Cuckoo,2025-07,1055398,1055398,1055398,1055398,18.375,18.375,0,18.375,,,,1,4,1055398,[]
coway,Other,B00HUWBDHU,Cuckoo Pressure Cover Packing Replacement Ring | CCP-06 by Cuckoo,2025-08,1055398,1055398,1055398,1055398,17,17,0,17,,,,1,1,1055398,[]
coway,Other,B00HUWBDHU,Cuckoo Pressure Cover Packing Replacement Ring | CCP-06 by Cuckoo,2025-09,1055398,1055398,1055398,1055398,20,20,0,20,,,,1,1,1055398,[]
coway,Other,B00HUWBDHU,Cuckoo Pressure Cover Packing Replacement Ring | CCP-06 by Cuckoo,2025-10,1055398,1055398,1055398,1055398,25.990000000000002,25.990000000000002,0,25.990000000000002,,,,1,2,1055398,[]
coway,Other,B00HUWBDHU,Cuckoo Pressure Cover Packing Replacement Ring | CCP-06 by Cuckoo,2025-11,1055398,1055398,1055398,1055398,24.66,24.66,0,24.66,,,,1,3,1055398,[]
coway,Other,B00NJ12KAU,"CUCKOO High Pressure Rice Cooker 6-Cup Uncooked / 12-Cup Cooked with Induction Heating Technology, Versatile Rice Maker with 16 Menu Options and Steam Plate, Voice Guide, White (CRP-BHSS0609F)",2017-05,284507,284507,284507,284507,449.99,449.99,0,449.99,,,,1,1,284507,[]
coway,Other,B00NJ12KAU,"CUCKOO High Pressure Rice Cooker 6-Cup Uncooked / 12-Cup Cooked with Induction Heating Technology, Versatile Rice Maker with 16 Menu Options and Steam Plate, Voice Guide, White (CRP-BHSS0609F)",2017-06,284507,284507,284507,284507,281.31,0,0,281.31,,,,1,1,284507,[]
coway,Other,B00NJ12KAU,"CUCKOO High Pressure Rice Cooker 6-Cup Uncooked / 12-Cup Cooked with Induction Heating Technology, Versatile Rice Maker with 16 Menu Options and Steam Plate, Voice Guide, White (CRP-BHSS0609F)",2017-07,284507,284507,284507,284507,278.33,0,0,278.33,,,,1,1,284507,[]
coway,Other,B00NJ12KAU,"CUCKOO High Pressure Rice Cooker 6-Cup Uncooked / 12-Cup Cooked with Induction Heating Technology, Versatile Rice Maker with 16 Menu Options and Steam Plate, Voice Guide, White (CRP-BHSS0609F)",2017-09,284507,284507,284507,284507,404.99,0,0,404.99,,,,1,1,284507,[]
coway,Other,B00NJ12KAU,"CUCKOO High Pressure Rice Cooker 6-Cup Uncooked / 12-Cup Cooked with Induction Heating Technology, Versatile Rice Maker with 16 Menu Options and Steam Plate, Voice Guide, White (CRP-BHSS0609F)",2017-10,284507,284507,284507,284507,499.99,499.99,0,499.99,,,,1,1,284507,[]
coway,Other,B00NJ12KAU,"CUCKOO High Pressure Rice Cooker 6-Cup Uncooked / 12-Cup Cooked with Induction Heating Technology, Versatile Rice Maker with 16 Menu Options and Steam Plate, Voice Guide, White (CRP-BHSS0609F)",2017-12,284507,284507,284507,284507,469.58,469.58,0,469.58,,,,1,2,284507,[]
coway,Other,B00NJ12KAU,"CUCKOO High Pressure Rice Cooker 6-Cup Uncooked / 12-Cup Cooked with Induction Heating Technology, Versatile Rice Maker with 16 Menu Options and Steam Plate, Voice Guide, White (CRP-BHSS0609F)",2018-01,284507,284507,284507,284507,484.815,469.63,0,484.815,,,,1,2,284507,[]
coway,Other,B00NJ12KAU,"CUCKOO High Pressure Rice Cooker 6-Cup Uncooked / 12-Cup Cooked with Induction Heating Technology, Versatile Rice Maker with 16 Menu Options and Steam Plate, Voice Guide, White (CRP-BHSS0609F)",2018-05,284507,284507,284507,284507,698.13,698.13,0,698.13,,,,1,2,284507,[]
coway,Other,B00NJ12KAU,"CUCKOO High Pressure Rice Cooker 6-Cup Uncooked / 12-Cup Cooked with Induction Heating Technology, Versatile Rice Maker with 16 Menu Options and Steam Plate, Voice Guide, White (CRP-BHSS0609F)",2018-06,284507,284507,284507,284507,478.115,478.115,0,478.115,,,,1,4,284507,[]
coway,Other,B00NJ12KAU,"CUCKOO High Pressure Rice Cooker 6-Cup Uncooked / 12-Cup Cooked with Induction Heating Technology, Versatile Rice Maker with 16 Menu Options and Steam Plate, Voice Guide, White (CRP-BHSS0609F)",2018-07,284507,284507,284507,284507,449.99,449.99,0,449.99,,,,1,4,284507,[]
coway,Other,B00NJ12KAU,"CUCKOO High Pressure Rice Cooker 6-Cup Uncooked / 12-Cup Cooked with Induction Heating Technology, Versatile Rice Maker with 16 Menu Options and Steam Plate, Voice Guide, White (CRP-BHSS0609F)",2018-08,284507,284507,284507,284507,449.99,449.99,0,449.99,,,,1,1,284507,[]
coway,Other,B00NJ12KAU,"CUCKOO High Pressure Rice Cooker 6-Cup Uncooked / 12-Cup Cooked with Induction Heating Technology, Versatile Rice Maker with 16 Menu Options and Steam Plate, Voice Guide, White (CRP-BHSS0609F)",2018-09,284507,284507,284507,284507,442.9875,442.9875,0,442.9875,,,,1,4,284507,[]
coway,Other,B00NJ12KAU,"CUCKOO High Pressure Rice Cooker 6-Cup Uncooked / 12-Cup Cooked with Induction Heating Technology, Versatile Rice Maker with 16 Menu Options and Steam Plate, Voice Guide, White (CRP-BHSS0609F)",2018-12,284507,284507,284507,284507,519.995,539.99,0,519.995,,,,1,2,284507,[]
coway,Other,B00NJ12KAU,"CUCKOO High Pressure Rice Cooker 6-Cup Uncooked / 12-Cup Cooked with Induction Heating Technology, Versatile Rice Maker with 16 Menu Options and Steam Plate, Voice Guide, White (CRP-BHSS0609F)",2019-01,284507,284507,284507,284507,1877.8,1877.8,0,1877.8,,,,1,1,284507,[]
coway,Other,B00NJ12KAU,"CUCKOO High Pressure Rice Cooker 6-Cup Uncooked / 12-Cup Cooked with Induction Heating Technology, Versatile Rice Maker with 16 Menu Options and Steam Plate, Voice Guide, White (CRP-BHSS0609F)",2019-02,284507,284507,284507,284507,436.99,436.99,0,436.99,,,,1,1,284507,[]
coway,Other,B00NJ12KAU,"CUCKOO High Pressure Rice Cooker 6-Cup Uncooked / 12-Cup Cooked with Induction Heating Technology, Versatile Rice Maker with 16 Menu Options and Steam Plate, Voice Guide, White (CRP-BHSS0609F)",2019-03,284507,284507,284507,284507,461.735,423.47,0,461.735,,,,1,2,284507,[]
coway,Other,B00NJ12KAU,"CUCKOO High Pressure Rice Cooker 6-Cup Uncooked / 12-Cup Cooked with Induction Heating Technology, Versatile Rice Maker with 16 Menu Options and Steam Plate, Voice Guide, White (CRP-BHSS0609F)",2019-05,284507,284507,284507,284507,429.99333333333334,429.99333333333334,0,429.99333333333334,,,,1,3,284507,[]
coway,Other,B00NJ12KAU,"CUCKOO High Pressure Rice Cooker 6-Cup Uncooked / 12-Cup Cooked with Induction Heating Technology, Versatile Rice Maker with 16 Menu Options and Steam Plate, Voice Guide, White (CRP-BHSS0609F)",2019-06,284507,284507,284507,284507,466.29200000000003,466.29200000000003,0,466.29200000000003,,,,1,5,284507,[]
coway,Other,B00NJ12KAU,"CUCKOO High Pressure Rice Cooker 6-Cup Uncooked / 12-Cup Cooked with Induction Heating Technology, Versatile Rice Maker with 16 Menu Options and Steam Plate, Voice Guide, White (CRP-BHSS0609F)",2019-07,284507,284507,284507,284507,423.99,423.99,0,423.99,,,,1,2,284507,[]
coway,Other,B00NJ12KAU,"CUCKOO High Pressure Rice Cooker 6-Cup Uncooked / 12-Cup Cooked with Induction Heating Technology, Versatile Rice Maker with 16 Menu Options and Steam Plate, Voice Guide, White (CRP-BHSS0609F)",2019-08,284507,284507,284507,284507,1163.895,1163.895,0,1163.895,,,,1,2,284507,[]
coway,Other,B00NJ12KAU,"CUCKOO High Pressure Rice Cooker 6-Cup Uncooked / 12-Cup Cooked with Induction Heating Technology, Versatile Rice Maker with 16 Menu Options and Steam Plate, Voice Guide, White (CRP-BHSS0609F)",2019-09,284507,284507,284507,284507,498.99,498.99,0,498.99,,,,1,1,284507,[]
coway,Other,B00NJ12KAU,"CUCKOO High Pressure Rice Cooker 6-Cup Uncooked / 12-Cup Cooked with Induction Heating Technology, Versatile Rice Maker with 16 Menu Options and Steam Plate, Voice Guide, White (CRP-BHSS0609F)",2019-10,284507,284507,284507,284507,449.99,449.99,0,449.99,,,,1,3,284507,[]
coway,Other,B00NJ12KAU,"CUCKOO High Pressure Rice Cooker 6-Cup Uncooked / 12-Cup Cooked with Induction Heating Technology, Versatile Rice Maker with 16 Menu Options and Steam Plate, Voice Guide, White (CRP-BHSS0609F)",2019-11,284507,284507,284507,284507,404.99,404.99,0,404.99,,,,1,1,284507,[]
coway,Other,B00NJ12KAU,"CUCKOO High Pressure Rice Cooker 6-Cup Uncooked / 12-Cup Cooked with Induction Heating Technology, Versatile Rice Maker with 16 Menu Options and Steam Plate, Voice Guide, White (CRP-BHSS0609F)",2019-12,284507,284507,284507,284507,399.9,449.99,0,399.9,,,,1,1,284507,[]
coway,Other,B00NJ12KAU,"CUCKOO High Pressure Rice Cooker 6-Cup Uncooked / 12-Cup Cooked with Induction Heating Technology, Versatile Rice Maker with 16 Menu Options and Steam Plate, Voice Guide, White (CRP-BHSS0609F)",2020-02,284507,284507,284507,284507,422.99,448.99,0,422.99,,,,1,1,284507,[]
coway,Other,B00NJ12KAU,"CUCKOO High Pressure Rice Cooker 6-Cup Uncooked / 12-Cup Cooked with Induction Heating Technology, Versatile Rice Maker with 16 Menu Options and Steam Plate, Voice Guide, White (CRP-BHSS0609F)",2020-03,284507,284507,284507,284507,425.6175,448.495,0,425.6175,,,,1,4,284507,[]
coway,Other,B00NJ12KAU,"CUCKOO High Pressure Rice Cooker 6-Cup Uncooked / 12-Cup Cooked with Induction Heating Technology, Versatile Rice Maker with 16 Menu Options and Steam Plate, Voice Guide, White (CRP-BHSS0609F)",2020-04,284507,284507,284507,284507,448.588,448.588,0,448.588,,,,1,5,284507,[]
coway,Other,B00NJ12KAU,"CUCKOO High Pressure Rice Cooker 6-Cup Uncooked / 12-Cup Cooked with Induction Heating Technology, Versatile Rice Maker with 16 Menu Options and Steam Plate, Voice Guide, White (CRP-BHSS0609F)",2020-05,284507,284507,284507,284507,448.92499999999995,448.92499999999995,0,448.92499999999995,,,,1,2,284507,[]
coway,Other,B00NJ12KAU,"CUCKOO High Pressure Rice Cooker 6-Cup Uncooked / 12-Cup Cooked with Induction Heating Technology, Versatile Rice Maker with 16 Menu Options and Steam Plate, Voice Guide, White (CRP-BHSS0609F)",2020-06,284507,284507,284507,284507,427.495,450,0,427.495,,,,1,2,284507,[]
coway,Other,B00NJ12KAU,"CUCKOO High Pressure Rice Cooker 6-Cup Uncooked / 12-Cup Cooked with Induction Heating Technology, Versatile Rice Maker with 16 Menu Options and Steam Plate, Voice Guide, White (CRP-BHSS0609F)",2020-07,284507,284507,284507,284507,449.99,449.99,0,449.99,,,,1,1,284507,[]
coway,Other,B00NJ12KAU,"CUCKOO High Pressure Rice Cooker 6-Cup Uncooked / 12-Cup Cooked with Induction Heating Technology, Versatile Rice Maker with 16 Menu Options and Steam Plate, Voice Guide, White (CRP-BHSS0609F)",2020-08,284507,284507,284507,284507,445.99333333333334,450.9866666666667,0,445.99333333333334,,,,1,6,284507,[]
coway,Other,B00NJ12KAU,"CUCKOO High Pressure Rice Cooker 6-Cup Uncooked / 12-Cup Cooked with Induction Heating Technology, Versatile Rice Maker with 16 Menu Options and Steam Plate, Voice Guide, White (CRP-BHSS0609F)",2020-09,284507,284507,284507,284507,325.28333333333336,454.99,0,325.28333333333336,,,,1,3,284507,[]
coway,Other,B00NJ12KAU,"CUCKOO High Pressure Rice Cooker 6-Cup Uncooked / 12-Cup Cooked with Induction Heating Technology, Versatile Rice Maker with 16 Menu Options and Steam Plate, Voice Guide, White (CRP-BHSS0609F)",2020-10,284507,284507,284507,284507,254.45,0,0,254.45,,,,1,1,284507,[]
coway,Other,B00NJ12KAU,"CUCKOO High Pressure Rice Cooker 6-Cup Uncooked / 12-Cup Cooked with Induction Heating Technology, Versatile Rice Maker with 16 Menu Options and Steam Plate, Voice Guide, White (CRP-BHSS0609F)",2020-11,284507,284507,284507,284507,375.725,499.99,0,375.725,,,,1,2,284507,[]
coway,Other,B00NJ12KAU,"CUCKOO High Pressure Rice Cooker 6-Cup Uncooked / 12-Cup Cooked with Induction Heating Technology, Versatile Rice Maker with 16 Menu Options and Steam Plate, Voice Guide, White (CRP-BHSS0609F)",2020-12,284507,284507,284507,284507,260.43,459.99,0,260.43,,,,1,2,284507,[]
coway,Other,B00NJ12KAU,"CUCKOO High Pressure Rice Cooker 6-Cup Uncooked / 12-Cup Cooked with Induction Heating Technology, Versatile Rice Maker with 16 Menu Options and Steam Plate, Voice Guide, White (CRP-BHSS0609F)",2021-01,284507,284507,284507,284507,433.7333333333333,452.2122222222221,0,433.7333333333333,,,,1,9,284507,[]
coway,Other,B00NJ12KAU,"CUCKOO High Pressure Rice Cooker 6-Cup Uncooked / 12-Cup Cooked with Induction Heating Technology, Versatile Rice Maker with 16 Menu Options and Steam Plate, Voice Guide, White (CRP-BHSS0609F)",2021-02,284507,284507,284507,284507,452.0363157894735,452.0363157894735,0,452.0363157894735,,,,1,19,284507,[]
coway,Other,B00NJ12KAU,"CUCKOO High Pressure Rice Cooker 6-Cup Uncooked / 12-Cup Cooked with Induction Heating Technology, Versatile Rice Maker with 16 Menu Options and Steam Plate, Voice Guide, White (CRP-BHSS0609F)",2021-03,284507,284507,284507,284507,469.99,469.99,0,469.99,,,,1,3,284507,[]
coway,Other,B00NJ12KAU,"CUCKOO High Pressure Rice Cooker 6-Cup Uncooked / 12-Cup Cooked with Induction Heating Technology, Versatile Rice Maker with 16 Menu Options and Steam Plate, Voice Guide, White (CRP-BHSS0609F)",2021-04,284507,284507,284507,284507,417.1627272727272,451.101111111111,0,417.1627272727272,,,,1,11,284507,[]
coway,Other,B00NJ12KAU,"CUCKOO High Pressure Rice Cooker 6-Cup Uncooked / 12-Cup Cooked with Induction Heating Technology, Versatile Rice Maker with 16 Menu Options and Steam Plate, Voice Guide, White (CRP-BHSS0609F)",2021-05,284507,284507,284507,284507,408.9814285714286,471.392,0,408.9814285714286,,,,1,7,284507,[]
coway,Other,B00NJ12KAU,"CUCKOO High Pressure Rice Cooker 6-Cup Uncooked / 12-Cup Cooked with Induction Heating Technology, Versatile Rice Maker with 16 Menu Options and Steam Plate, Voice Guide, White (CRP-BHSS0609F)",2021-06,284507,284507,284507,284507,322.59000000000003,0,0,322.59000000000003,,,,1,2,284507,[]
coway,Other,B00NJ12KAU,"CUCKOO High Pressure Rice Cooker 6-Cup Uncooked / 12-Cup Cooked with Induction Heating Technology, Versatile Rice Maker with 16 Menu Options and Steam Plate, Voice Guide, White (CRP-BHSS0609F)",2021-07,284507,284507,284507,284507,306.45,459.99,0,306.45,,,,1,4,284507,[]
coway,Other,B00NJ12KAU,"CUCKOO High Pressure Rice Cooker 6-Cup Uncooked / 12-Cup Cooked with Induction Heating Technology, Versatile Rice Maker with 16 Menu Options and Steam Plate, Voice Guide, White (CRP-BHSS0609F)",2021-08,284507,284507,284507,284507,459.995,459.995,0,459.995,,,,1,2,284507,[]
coway,Other,B00NJ12KAU,"CUCKOO High Pressure Rice Cooker 6-Cup Uncooked / 12-Cup Cooked with Induction Heating Technology, Versatile Rice Maker with 16 Menu Options and Steam Plate, Voice Guide, White (CRP-BHSS0609F)",2021-09,284507,284507,284507,284507,449.99,449.99,0,449.99,,,,1,1,284507,[]
coway,Other,B00NJ12KAU,"CUCKOO High Pressure Rice Cooker 6-Cup Uncooked / 12-Cup Cooked with Induction Heating Technology, Versatile Rice Maker with 16 Menu Options and Steam Plate, Voice Guide, White (CRP-BHSS0609F)",2021-10,284507,284507,284507,284507,339.85,0,0,339.85,,,,1,3,284507,[]
coway,Other,B00NJ12KAU,"CUCKOO High Pressure Rice Cooker 6-Cup Uncooked / 12-Cup Cooked with Induction Heating Technology, Versatile Rice Maker with 16 Menu Options and Steam Plate, Voice Guide, White (CRP-BHSS0609F)",2021-11,284507,284507,284507,284507,404.66222222222234,473.392,0,404.66222222222234,,,,1,9,284507,[]
coway,Other,B00NJ12KAU,"CUCKOO High Pressure Rice Cooker 6-Cup Uncooked / 12-Cup Cooked with Induction Heating Technology, Versatile Rice Maker with 16 Menu Options and Steam Plate, Voice Guide, White (CRP-BHSS0609F)",2021-12,284507,284507,284507,284507,381.445,499.98,0,381.445,,,,1,4,284507,[]
coway,Other,B00NJ12KAU,"CUCKOO High Pressure Rice Cooker 6-Cup Uncooked / 12-Cup Cooked with Induction Heating Technology, Versatile Rice Maker with 16 Menu Options and Steam Plate, Voice Guide, White (CRP-BHSS0609F)",2022-01,284507,284507,284507,284507,292.5525,0,0,292.5525,,,,1,4,284507,[]
coway,Other,B00NJ12KAU,"CUCKOO High Pressure Rice Cooker 6-Cup Uncooked / 12-Cup Cooked with Induction Heating Technology, Versatile Rice Maker with 16 Menu Options and Steam Plate, Voice Guide, White (CRP-BHSS0609F)",2022-03,284507,284507,284507,284507,257.46,0,0,257.46,,,,1,2,284507,[]
coway,Other,B00NJ12KAU,"CUCKOO High Pressure Rice Cooker 6-Cup Uncooked / 12-Cup Cooked with Induction Heating Technology, Versatile Rice Maker with 16 Menu Options and Steam Plate, Voice Guide, White (CRP-BHSS0609F)",2022-04,284507,284507,284507,284507,432.99,432.99,0,432.99,,,,1,2,284507,[]
coway,Other,B00NJ12KAU,"CUCKOO High Pressure Rice Cooker 6-Cup Uncooked / 12-Cup Cooked with Induction Heating Technology, Versatile Rice Maker with 16 Menu Options and Steam Plate, Voice Guide, White (CRP-BHSS0609F)",2022-05,284507,284507,284507,284507,467.9912499999999,467.9912499999999,0,467.9912499999999,,,,1,8,284507,[]
coway,Other,B00NJ12KAU,"CUCKOO High Pressure Rice Cooker 6-Cup Uncooked / 12-Cup Cooked with Induction Heating Technology, Versatile Rice Maker with 16 Menu Options and Steam Plate, Voice Guide, White (CRP-BHSS0609F)",2022-06,284507,284507,284507,284507,465.995,465.995,0,465.995,,,,1,2,284507,[]
coway,Other,B00NJ12KAU,"CUCKOO High Pressure Rice Cooker 6-Cup Uncooked / 12-Cup Cooked with Induction Heating Technology, Versatile Rice Maker with 16 Menu Options and Steam Plate, Voice Guide, White (CRP-BHSS0609F)",2022-07,284507,284507,284507,284507,462.49,462.49,0,462.49,,,,1,2,284507,[]
coway,Other,B00NJ12KAU,"CUCKOO High Pressure Rice Cooker 6-Cup Uncooked / 12-Cup Cooked with Induction Heating Technology, Versatile Rice Maker with 16 Menu Options and Steam Plate, Voice Guide, White (CRP-BHSS0609F)",2022-09,284507,284507,284507,284507,460.66,460.66,0,460.66,,,,1,3,284507,[]
coway,Other,B00NJ12KAU,"CUCKOO High Pressure Rice Cooker 6-Cup Uncooked / 12-Cup Cooked with Induction Heating Technology, Versatile Rice Maker with 16 Menu Options and Steam Plate, Voice Guide, White (CRP-BHSS0609F)",2022-10,284507,284507,284507,284507,465.99666666666667,465.99666666666667,0,465.99666666666667,,,,1,3,284507,[]
coway,Other,B00NJ12KAU,"CUCKOO High Pressure Rice Cooker 6-Cup Uncooked / 12-Cup Cooked with Induction Heating Technology, Versatile Rice Maker with 16 Menu Options and Steam Plate, Voice Guide, White (CRP-BHSS0609F)",2022-11,284507,284507,284507,284507,465.99,465.99,0,465.99,,,,1,1,284507,[]
coway,Other,B00NJ12KAU,"CUCKOO High Pressure Rice Cooker 6-Cup Uncooked / 12-Cup Cooked with Induction Heating Technology, Versatile Rice Maker with 16 Menu Options and Steam Plate, Voice Guide, White (CRP-BHSS0609F)",2023-02,284507,284507,284507,284507,465.99,465.99,0,465.99,,,,1,2,284507,[]
coway,Other,B00NJ12KAU,"CUCKOO High Pressure Rice Cooker 6-Cup Uncooked / 12-Cup Cooked with Induction Heating Technology, Versatile Rice Maker with 16 Menu Options and Steam Plate, Voice Guide, White (CRP-BHSS0609F)",2023-03,284507,284507,284507,284507,370,440,0,370,,,,1,2,284507,[]
coway,Other,B00NJ12KAU,"CUCKOO High Pressure Rice Cooker 6-Cup Uncooked / 12-Cup Cooked with Induction Heating Technology, Versatile Rice Maker with 16 Menu Options and Steam Plate, Voice Guide, White (CRP-BHSS0609F)",2023-04,284507,284507,284507,284507,420,420,0,420,,,,1,1,284507,[]
coway,Other,B00NJ12KAU,"CUCKOO High Pressure Rice Cooker 6-Cup Uncooked / 12-Cup Cooked with Induction Heating Technology, Versatile Rice Maker with 16 Menu Options and Steam Plate, Voice Guide, White (CRP-BHSS0609F)",2023-05,284507,284507,284507,284507,328.3616666666667,365,0,328.3616666666667,,,,1,6,284507,[]
coway,Other,B00NJ12KAU,"CUCKOO High Pressure Rice Cooker 6-Cup Uncooked / 12-Cup Cooked with Induction Heating Technology, Versatile Rice Maker with 16 Menu Options and Steam Plate, Voice Guide, White (CRP-BHSS0609F)",2023-06,284507,284507,284507,284507,357.17,400.73333333333335,0,357.17,,,,1,4,284507,[]
coway,Other,B00NJ12KAU,"CUCKOO High Pressure Rice Cooker 6-Cup Uncooked / 12-Cup Cooked with Induction Heating Technology, Versatile Rice Maker with 16 Menu Options and Steam Plate, Voice Guide, White (CRP-BHSS0609F)",2023-07,284507,284507,284507,284507,347.3666666666666,379.0333333333333,0,347.3666666666666,,,,1,6,284507,[]
coway,Other,B00NJ12KAU,"CUCKOO High Pressure Rice Cooker 6-Cup Uncooked / 12-Cup Cooked with Induction Heating Technology, Versatile Rice Maker with 16 Menu Options and Steam Plate, Voice Guide, White (CRP-BHSS0609F)",2023-08,284507,284507,284507,284507,350.398,376.798,0,350.398,,,,1,5,284507,[]
coway,Other,B00NJ12KAU,"CUCKOO High Pressure Rice Cooker 6-Cup Uncooked / 12-Cup Cooked with Induction Heating Technology, Versatile Rice Maker with 16 Menu Options and Steam Plate, Voice Guide, White (CRP-BHSS0609F)",2023-09,284507,284507,284507,284507,407.33750000000003,407.9925,0,407.33750000000003,,,,1,4,284507,[]
coway,Other,B00NJ12KAU,"CUCKOO High Pressure Rice Cooker 6-Cup Uncooked / 12-Cup Cooked with Induction Heating Technology, Versatile Rice Maker with 16 Menu Options and Steam Plate, Voice Guide, White (CRP-BHSS0609F)",2023-10,284507,284507,284507,284507,359.99,0,0,359.99,,,,1,1,284507,[]
coway,Other,B00NJ12KAU,"CUCKOO High Pressure Rice Cooker 6-Cup Uncooked / 12-Cup Cooked with Induction Heating Technology, Versatile Rice Maker with 16 Menu Options and Steam Plate, Voice Guide, White (CRP-BHSS0609F)",2023-12,284507,284507,284507,284507,385.4166666666667,449.495,0,385.4166666666667,,,,1,3,284507,[]
coway,Other,B00NJ12KAU,"CUCKOO High Pressure Rice Cooker 6-Cup Uncooked / 12-Cup Cooked with Induction Heating Technology, Versatile Rice Maker with 16 Menu Options and Steam Plate, Voice Guide, White (CRP-BHSS0609F)",2024-01,284507,284507,284507,284507,317.358,440,0,317.358,,,,1,5,284507,[]
coway,Other,B00NJ12KAU,"CUCKOO High Pressure Rice Cooker 6-Cup Uncooked / 12-Cup Cooked with Induction Heating Technology, Versatile Rice Maker with 16 Menu Options and Steam Plate, Voice Guide, White (CRP-BHSS0609F)",2024-02,284507,284507,284507,284507,420.2744444444445,443.6077777777778,0,420.2744444444445,,,,1,9,284507,[]
coway,Other,B00NJ12KAU,"CUCKOO High Pressure Rice Cooker 6-Cup Uncooked / 12-Cup Cooked with Induction Heating Technology, Versatile Rice Maker with 16 Menu Options and Steam Plate, Voice Guide, White (CRP-BHSS0609F)",2024-03,284507,284507,284507,284507,393.6588888888889,439.88111111111107,0,393.6588888888889,,,,1,9,284507,[]
coway,Other,B00NJ12KAU,"CUCKOO High Pressure Rice Cooker 6-Cup Uncooked / 12-Cup Cooked with Induction Heating Technology, Versatile Rice Maker with 16 Menu Options and Steam Plate, Voice Guide, White (CRP-BHSS0609F)",2024-04,284507,284507,284507,284507,465.995,465.995,0,465.995,,,,1,2,284507,[]
coway,Other,B00NJ12KAU,"CUCKOO High Pressure Rice Cooker 6-Cup Uncooked / 12-Cup Cooked with Induction Heating Technology, Versatile Rice Maker with 16 Menu Options and Steam Plate, Voice Guide, White (CRP-BHSS0609F)",2024-05,284507,284507,284507,284507,384.99333333333334,464.99,0,384.99333333333334,,,,1,3,284507,[]
coway,Other,B00NJ12KAU,"CUCKOO High Pressure Rice Cooker 6-Cup Uncooked / 12-Cup Cooked with Induction Heating Technology, Versatile Rice Maker with 16 Menu Options and Steam Plate, Voice Guide, White (CRP-BHSS0609F)",2024-06,284507,284507,284507,284507,417.24666666666667,417.24666666666667,0,417.24666666666667,,,,1,3,284507,[]
coway,Other,B00NJ12KAU,"CUCKOO High Pressure Rice Cooker 6-Cup Uncooked / 12-Cup Cooked with Induction Heating Technology, Versatile Rice Maker with 16 Menu Options and Steam Plate, Voice Guide, White (CRP-BHSS0609F)",2024-07,284507,284507,284507,284507,343.63714285714286,397.65000000000003,0,343.63714285714286,,,,1,7,284507,[]
coway,Other,B00NJ12KAU,"CUCKOO High Pressure Rice Cooker 6-Cup Uncooked / 12-Cup Cooked with Induction Heating Technology, Versatile Rice Maker with 16 Menu Options and Steam Plate, Voice Guide, White (CRP-BHSS0609F)",2024-08,284507,284507,284507,284507,366.34,384.61,0,366.34,,,,1,3,284507,[]
coway,Other,B00NJ12KAU,"CUCKOO High Pressure Rice Cooker 6-Cup Uncooked / 12-Cup Cooked with Induction Heating Technology, Versatile Rice Maker with 16 Menu Options and Steam Plate, Voice Guide, White (CRP-BHSS0609F)",2024-09,284507,284507,284507,284507,370.1,365,0,370.1,,,,1,2,284507,[]
coway,Other,B00NJ12KAU,"CUCKOO High Pressure Rice Cooker 6-Cup Uncooked / 12-Cup Cooked with Induction Heating Technology, Versatile Rice Maker with 16 Menu Options and Steam Plate, Voice Guide, White (CRP-BHSS0609F)",2024-10,284507,284507,284507,284507,460.25,0,0,460.25,,,,1,1,284507,[]
coway,Other,B00NJ12KAU,"CUCKOO High Pressure Rice Cooker 6-Cup Uncooked / 12-Cup Cooked with Induction Heating Technology, Versatile Rice Maker with 16 Menu Options and Steam Plate, Voice Guide, White (CRP-BHSS0609F)",2024-11,284507,284507,284507,284507,225,449.99,0,225,,,,1,2,284507,[]
coway,Other,B00NJ12KAU,"CUCKOO High Pressure Rice Cooker 6-Cup Uncooked / 12-Cup Cooked with Induction Heating Technology, Versatile Rice Maker with 16 Menu Options and Steam Plate, Voice Guide, White (CRP-BHSS0609F)",2025-01,284507,284507,284507,284507,410.21399999999994,410.21399999999994,0,410.21399999999994,,,,1,5,284507,[]
coway,Other,B00NJ12KAU,"CUCKOO High Pressure Rice Cooker 6-Cup Uncooked / 12-Cup Cooked with Induction Heating Technology, Versatile Rice Maker with 16 Menu Options and Steam Plate, Voice Guide, White (CRP-BHSS0609F)",2025-02,284507,284507,284507,284507,369.01125,397.13375,0,369.01125,,,,1,8,284507,[]
coway,Other,B00NJ12KAU,"CUCKOO High Pressure Rice Cooker 6-Cup Uncooked / 12-Cup Cooked with Induction Heating Technology, Versatile Rice Maker with 16 Menu Options and Steam Plate, Voice Guide, White (CRP-BHSS0609F)",2025-03,284507,284507,284507,284507,337.74666666666667,388.985,0,337.74666666666667,,,,1,3,284507,[]
coway,Other,B00NJ12KAU,"CUCKOO High Pressure Rice Cooker 6-Cup Uncooked / 12-Cup Cooked with Induction Heating Technology, Versatile Rice Maker with 16 Menu Options and Steam Plate, Voice Guide, White (CRP-BHSS0609F)",2025-04,284507,284507,284507,284507,605.44,605.44,0,605.44,,,,1,1,284507,[]
coway,Other,B00NJ12KAU,"CUCKOO High Pressure Rice Cooker 6-Cup Uncooked / 12-Cup Cooked with Induction Heating Technology, Versatile Rice Maker with 16 Menu Options and Steam Plate, Voice Guide, White (CRP-BHSS0609F)",2025-05,284507,284507,284507,284507,315.99,315.99,0,315.99,,,,1,1,284507,[]
coway,Other,B00NJ12KAU,"CUCKOO High Pressure Rice Cooker 6-Cup Uncooked / 12-Cup Cooked with Induction Heating Technology, Versatile Rice Maker with 16 Menu Options and Steam Plate, Voice Guide, White (CRP-BHSS0609F)",2025-06,284507,284507,284507,284507,313.99,418.74,309.99,313.99,,,,1,5,284507,[]
coway,Other,B00NJ12KAU,"CUCKOO High Pressure Rice Cooker 6-Cup Uncooked / 12-Cup Cooked with Induction Heating Technology, Versatile Rice Maker with 16 Menu Options and Steam Plate, Voice Guide, White (CRP-BHSS0609F)",2025-07,284507,284507,284507,284507,264.99,449.99,0,264.99,,,,1,3,284507,[]
coway,Other,B00NJ12KAU,"CUCKOO High Pressure Rice Cooker 6-Cup Uncooked / 12-Cup Cooked with Induction Heating Technology, Versatile Rice Maker with 16 Menu Options and Steam Plate, Voice Guide, White (CRP-BHSS0609F)",2025-08,284507,284507,284507,284507,264.99,449.99,0,264.99,,,,1,1,284507,[]
coway,Other,B00NJ12KAU,"CUCKOO High Pressure Rice Cooker 6-Cup Uncooked / 12-Cup Cooked with Induction Heating Technology, Versatile Rice Maker with 16 Menu Options and Steam Plate, Voice Guide, White (CRP-BHSS0609F)",2025-10,284507,284507,284507,284507,308.27357142857136,428.77799999999996,418.27000000000004,308.27357142857136,,,,1,14,284507,[]
coway,Other,B00NJ12KAU,"CUCKOO High Pressure Rice Cooker 6-Cup Uncooked / 12-Cup Cooked with Induction Heating Technology, Versatile Rice Maker with 16 Menu Options and Steam Plate, Voice Guide, White (CRP-BHSS0609F)",2025-11,284507,284507,284507,284507,335.38555555555547,449.96,449.962,335.38555555555547,,,,1,9,284507,[]
coway,Other,B00NJ12KAU,"CUCKOO High Pressure Rice Cooker 6-Cup Uncooked / 12-Cup Cooked with Induction Heating Technology, Versatile Rice Maker with 16 Menu Options and Steam Plate, Voice Guide, White (CRP-BHSS0609F)",2025-12,284507,284507,284507,284507,371.2775,449.9728571428571,449.9728571428571,371.2775,,,,1,12,284507,[]
coway,Other,B00NJ12KAU,"CUCKOO High Pressure Rice Cooker 6-Cup Uncooked / 12-Cup Cooked with Induction Heating Technology, Versatile Rice Maker with 16 Menu Options and Steam Plate, Voice Guide, White (CRP-BHSS0609F)",2026-01,284507,284507,284507,284507,351.08199999999994,441.5127272727272,441.51818181818174,351.08199999999994,,,,1,15,284507,[]
coway,Other,B00NJ12KAU,"CUCKOO High Pressure Rice Cooker 6-Cup Uncooked / 12-Cup Cooked with Induction Heating Technology, Versatile Rice Maker with 16 Menu Options and Steam Plate, Voice Guide, White (CRP-BHSS0609F)",2026-02,284507,284507,284507,284507,319.36384615384617,424.30555555555543,418.5949999999999,319.36384615384617,,,,1,13,284507,[]
coway,Other,B00NJ12KAU,"CUCKOO High Pressure Rice Cooker 6-Cup Uncooked / 12-Cup Cooked with Induction Heating Technology, Versatile Rice Maker with 16 Menu Options and Steam Plate, Voice Guide, White (CRP-BHSS0609F)",2026-03,284507,284507,284507,284507,292.8808333333333,405.91125,407.4057142857143,292.8808333333333,,,,1,12,284507,[]
coway,Other,B00NJ12KAU,"CUCKOO High Pressure Rice Cooker 6-Cup Uncooked / 12-Cup Cooked with Induction Heating Technology, Versatile Rice Maker with 16 Menu Options and Steam Plate, Voice Guide, White (CRP-BHSS0609F)",2026-04,284507,284507,284507,284507,377.31263157894733,451.764705882353,452.3215384615386,377.31263157894733,,,,1,19,284507,[]
coway,Other,B00NJ12KAU,"CUCKOO High Pressure Rice Cooker 6-Cup Uncooked / 12-Cup Cooked with Induction Heating Technology, Versatile Rice Maker with 16 Menu Options and Steam Plate, Voice Guide, White (CRP-BHSS0609F)",2026-05,284507,284507,284507,284507,381.19695652173914,458.7795000000001,458.7795000000001,381.19695652173914,,,,1,23,284507,[]
coway,Other,B00NJ12KAU,"CUCKOO High Pressure Rice Cooker 6-Cup Uncooked / 12-Cup Cooked with Induction Heating Technology, Versatile Rice Maker with 16 Menu Options and Steam Plate, Voice Guide, White (CRP-BHSS0609F)",2026-06,284507,284507,284507,284507,334.62,456.34000000000003,456.34000000000003,334.62,,,,1,2,284507,[]
coway,Other,B00NUB6ARI,"CUCKOO High Pressure Rice Cooker 10-Cup Uncooked / 20-Cup Cooked with Induction Heating Technology, Large Rice Maker with 17 Menu Options and Steam Plate, Voice Guide, Silver (CRP-CHSS1009FN)",2016-06,284507,284507,284507,284507,545.2,574.6366666666667,589.495,545.2,,,,1,3,284507,[]
coway,Other,B00NUB6ARI,"CUCKOO High Pressure Rice Cooker 10-Cup Uncooked / 20-Cup Cooked with Induction Heating Technology, Large Rice Maker with 17 Menu Options and Steam Plate, Voice Guide, Silver (CRP-CHSS1009FN)",2016-07,284507,284507,284507,284507,589.99,589.99,0,589.99,,,,1,1,284507,[]
coway,Other,B00NUB6ARI,"CUCKOO High Pressure Rice Cooker 10-Cup Uncooked / 20-Cup Cooked with Induction Heating Technology, Large Rice Maker with 17 Menu Options and Steam Plate, Voice Guide, Silver (CRP-CHSS1009FN)",2016-08,284507,284507,284507,284507,512.6633333333333,589,0,512.6633333333333,,,,1,3,284507,[]
coway,Other,B00NUB6ARI,"CUCKOO High Pressure Rice Cooker 10-Cup Uncooked / 20-Cup Cooked with Induction Heating Technology, Large Rice Maker with 17 Menu Options and Steam Plate, Voice Guide, Silver (CRP-CHSS1009FN)",2016-09,284507,284507,284507,284507,577.395,577.395,0,577.395,,,,1,4,284507,[]
coway,Other,B00NUB6ARI,"CUCKOO High Pressure Rice Cooker 10-Cup Uncooked / 20-Cup Cooked with Induction Heating Technology, Large Rice Maker with 17 Menu Options and Steam Plate, Voice Guide, Silver (CRP-CHSS1009FN)",2016-10,284507,284507,284507,284507,484.95200000000006,563.79,557.06,484.95200000000006,,,,1,5,284507,[]
coway,Other,B00NUB6ARI,"CUCKOO High Pressure Rice Cooker 10-Cup Uncooked / 20-Cup Cooked with Induction Heating Technology, Large Rice Maker with 17 Menu Options and Steam Plate, Voice Guide, Silver (CRP-CHSS1009FN)",2016-11,284507,284507,284507,284507,416.1133333333334,500.9975,552,416.1133333333334,,,,1,6,284507,[]
coway,Other,B00NUB6ARI,"CUCKOO High Pressure Rice Cooker 10-Cup Uncooked / 20-Cup Cooked with Induction Heating Technology, Large Rice Maker with 17 Menu Options and Steam Plate, Voice Guide, Silver (CRP-CHSS1009FN)",2016-12,284507,284507,284507,284507,413.5114285714286,462.43,541.7166666666667,413.5114285714286,,,,1,7,284507,[]
coway,Other,B00NUB6ARI,"CUCKOO High Pressure Rice Cooker 10-Cup Uncooked / 20-Cup Cooked with Induction Heating Technology, Large Rice Maker with 17 Menu Options and Steam Plate, Voice Guide, Silver (CRP-CHSS1009FN)",2017-01,284507,284507,284507,284507,450.196,589.99,589.99,450.196,,,,1,5,284507,[]
coway,Other,B00NUB6ARI,"CUCKOO High Pressure Rice Cooker 10-Cup Uncooked / 20-Cup Cooked with Induction Heating Technology, Large Rice Maker with 17 Menu Options and Steam Plate, Voice Guide, Silver (CRP-CHSS1009FN)",2017-02,284507,284507,284507,284507,339,0,0,339,,,,1,1,284507,[]
coway,Other,B00NUB6ARI,"CUCKOO High Pressure Rice Cooker 10-Cup Uncooked / 20-Cup Cooked with Induction Heating Technology, Large Rice Maker with 17 Menu Options and Steam Plate, Voice Guide, Silver (CRP-CHSS1009FN)",2017-03,284507,284507,284507,284507,450.99666666666667,353.99,0,450.99666666666667,,,,1,3,284507,[]
coway,Other,B00NUB6ARI,"CUCKOO High Pressure Rice Cooker 10-Cup Uncooked / 20-Cup Cooked with Induction Heating Technology, Large Rice Maker with 17 Menu Options and Steam Plate, Voice Guide, Silver (CRP-CHSS1009FN)",2017-04,284507,284507,284507,284507,445.74666666666667,443.245,0,445.74666666666667,,,,1,6,284507,[]
coway,Other,B00NUB6ARI,"CUCKOO High Pressure Rice Cooker 10-Cup Uncooked / 20-Cup Cooked with Induction Heating Technology, Large Rice Maker with 17 Menu Options and Steam Plate, Voice Guide, Silver (CRP-CHSS1009FN)",2017-05,284507,284507,284507,284507,410.62999999999994,0,0,410.62999999999994,,,,1,3,284507,[]
coway,Other,B00NUB6ARI,"CUCKOO High Pressure Rice Cooker 10-Cup Uncooked / 20-Cup Cooked with Induction Heating Technology, Large Rice Maker with 17 Menu Options and Steam Plate, Voice Guide, Silver (CRP-CHSS1009FN)",2017-06,284507,284507,284507,284507,415.7925,0,0,415.7925,,,,1,4,284507,[]
coway,Other,B00NUB6ARI,"CUCKOO High Pressure Rice Cooker 10-Cup Uncooked / 20-Cup Cooked with Induction Heating Technology, Large Rice Maker with 17 Menu Options and Steam Plate, Voice Guide, Silver (CRP-CHSS1009FN)",2017-07,284507,284507,284507,284507,481.6266666666667,584.99,584.99,481.6266666666667,,,,1,3,284507,[]
coway,Other,B00NUB6ARI,"CUCKOO High Pressure Rice Cooker 10-Cup Uncooked / 20-Cup Cooked with Induction Heating Technology, Large Rice Maker with 17 Menu Options and Steam Plate, Voice Guide, Silver (CRP-CHSS1009FN)",2017-08,284507,284507,284507,284507,560.49,589.99,0,560.49,,,,1,2,284507,[]
coway,Other,B00NUB6ARI,"CUCKOO High Pressure Rice Cooker 10-Cup Uncooked / 20-Cup Cooked with Induction Heating Technology, Large Rice Maker with 17 Menu Options and Steam Plate, Voice Guide, Silver (CRP-CHSS1009FN)",2017-09,284507,284507,284507,284507,644.495,644.495,0,644.495,,,,1,2,284507,[]
coway,Other,B00NUB6ARI,"CUCKOO High Pressure Rice Cooker 10-Cup Uncooked / 20-Cup Cooked with Induction Heating Technology, Large Rice Maker with 17 Menu Options and Steam Plate, Voice Guide, Silver (CRP-CHSS1009FN)",2017-10,284507,284507,284507,284507,558.2433333333333,558.2433333333333,558.2433333333333,558.2433333333333,,,,1,3,284507,[]
coway,Other,B00NUB6ARI,"CUCKOO High Pressure Rice Cooker 10-Cup Uncooked / 20-Cup Cooked with Induction Heating Technology, Large Rice Maker with 17 Menu Options and Steam Plate, Voice Guide, Silver (CRP-CHSS1009FN)",2017-11,284507,284507,284507,284507,589.99,589.99,0,589.99,,,,1,1,284507,[]
coway,Other,B00NUB6ARI,"CUCKOO High Pressure Rice Cooker 10-Cup Uncooked / 20-Cup Cooked with Induction Heating Technology, Large Rice Maker with 17 Menu Options and Steam Plate, Voice Guide, Silver (CRP-CHSS1009FN)",2017-12,284507,284507,284507,284507,551.6633333333333,577.495,577.495,551.6633333333333,,,,1,3,284507,[]
coway,Other,B00NUB6ARI,"CUCKOO High Pressure Rice Cooker 10-Cup Uncooked / 20-Cup Cooked with Induction Heating Technology, Large Rice Maker with 17 Menu Options and Steam Plate, Voice Guide, Silver (CRP-CHSS1009FN)",2018-01,284507,284507,284507,284507,557.8,615.6,0,557.8,,,,1,2,284507,[]
coway,Other,B00NUB6ARI,"CUCKOO High Pressure Rice Cooker 10-Cup Uncooked / 20-Cup Cooked with Induction Heating Technology, Large Rice Maker with 17 Menu Options and Steam Plate, Voice Guide, Silver (CRP-CHSS1009FN)",2018-02,284507,284507,284507,284507,624.23,624.23,0,624.23,,,,1,8,284507,[]
coway,Other,B00NUB6ARI,"CUCKOO High Pressure Rice Cooker 10-Cup Uncooked / 20-Cup Cooked with Induction Heating Technology, Large Rice Maker with 17 Menu Options and Steam Plate, Voice Guide, Silver (CRP-CHSS1009FN)",2018-03,284507,284507,284507,284507,613.3414285714287,613.3414285714287,0,613.3414285714287,,,,1,7,284507,[]
coway,Other,B00NUB6ARI,"CUCKOO High Pressure Rice Cooker 10-Cup Uncooked / 20-Cup Cooked with Induction Heating Technology, Large Rice Maker with 17 Menu Options and Steam Plate, Voice Guide, Silver (CRP-CHSS1009FN)",2018-04,284507,284507,284507,284507,652.592857142857,652.592857142857,0,652.592857142857,,,,1,7,284507,[]
coway,Other,B00NUB6ARI,"CUCKOO High Pressure Rice Cooker 10-Cup Uncooked / 20-Cup Cooked with Induction Heating Technology, Large Rice Maker with 17 Menu Options and Steam Plate, Voice Guide, Silver (CRP-CHSS1009FN)",2018-05,284507,284507,284507,284507,632.5144444444445,632.5144444444445,0,632.5144444444445,,,,1,9,284507,[]
coway,Other,B00NUB6ARI,"CUCKOO High Pressure Rice Cooker 10-Cup Uncooked / 20-Cup Cooked with Induction Heating Technology, Large Rice Maker with 17 Menu Options and Steam Plate, Voice Guide, Silver (CRP-CHSS1009FN)",2018-06,284507,284507,284507,284507,733.9000000000001,678.3766666666667,0,733.9000000000001,,,,1,4,284507,[]
coway,Other,B00NUB6ARI,"CUCKOO High Pressure Rice Cooker 10-Cup Uncooked / 20-Cup Cooked with Induction Heating Technology, Large Rice Maker with 17 Menu Options and Steam Plate, Voice Guide, Silver (CRP-CHSS1009FN)",2018-07,284507,284507,284507,284507,609.8800000000001,609.8800000000001,0,609.8800000000001,,,,1,2,284507,[]
coway,Other,B00NUB6ARI,"CUCKOO High Pressure Rice Cooker 10-Cup Uncooked / 20-Cup Cooked with Induction Heating Technology, Large Rice Maker with 17 Menu Options and Steam Plate, Voice Guide, Silver (CRP-CHSS1009FN)",2018-08,284507,284507,284507,284507,555.0883333333333,575.0616666666666,556.49,555.0883333333333,,,,1,6,284507,[]
coway,Other,B00NUB6ARI,"CUCKOO High Pressure Rice Cooker 10-Cup Uncooked / 20-Cup Cooked with Induction Heating Technology, Large Rice Maker with 17 Menu Options and Steam Plate, Voice Guide, Silver (CRP-CHSS1009FN)",2018-09,284507,284507,284507,284507,559.9933333333333,589.99,589.99,559.9933333333333,,,,1,3,284507,[]
coway,Other,B00NUB6ARI,"CUCKOO High Pressure Rice Cooker 10-Cup Uncooked / 20-Cup Cooked with Induction Heating Technology, Large Rice Maker with 17 Menu Options and Steam Plate, Voice Guide, Silver (CRP-CHSS1009FN)",2018-10,284507,284507,284507,284507,590.6966666666667,603.638,570.865,590.6966666666667,,,,1,6,284507,[]
coway,Other,B00NUB6ARI,"CUCKOO High Pressure Rice Cooker 10-Cup Uncooked / 20-Cup Cooked with Induction Heating Technology, Large Rice Maker with 17 Menu Options and Steam Plate, Voice Guide, Silver (CRP-CHSS1009FN)",2018-11,284507,284507,284507,284507,500.99,562.03,562.03,500.99,,,,1,1,284507,[]
coway,Other,B00NUB6ARI,"CUCKOO High Pressure Rice Cooker 10-Cup Uncooked / 20-Cup Cooked with Induction Heating Technology, Large Rice Maker with 17 Menu Options and Steam Plate, Voice Guide, Silver (CRP-CHSS1009FN)",2018-12,284507,284507,284507,284507,567.397142857143,598.4757142857144,559.18,567.397142857143,,,,1,7,284507,[]
coway,Other,B00NUB6ARI,"CUCKOO High Pressure Rice Cooker 10-Cup Uncooked / 20-Cup Cooked with Induction Heating Technology, Large Rice Maker with 17 Menu Options and Steam Plate, Voice Guide, Silver (CRP-CHSS1009FN)",2019-01,284507,284507,284507,284507,607.9825,607.9825,0,607.9825,,,,1,4,284507,[]
coway,Other,B00NUB6ARI,"CUCKOO High Pressure Rice Cooker 10-Cup Uncooked / 20-Cup Cooked with Induction Heating Technology, Large Rice Maker with 17 Menu Options and Steam Plate, Voice Guide, Silver (CRP-CHSS1009FN)",2019-02,284507,284507,284507,284507,608.15,608.15,0,608.15,,,,1,4,284507,[]
coway,Other,B00NUB6ARI,"CUCKOO High Pressure Rice Cooker 10-Cup Uncooked / 20-Cup Cooked with Induction Heating Technology, Large Rice Maker with 17 Menu Options and Steam Plate, Voice Guide, Silver (CRP-CHSS1009FN)",2019-03,284507,284507,284507,284507,595.1366666666668,595.1366666666668,0,595.1366666666668,,,,1,6,284507,[]
coway,Other,B00NUB6ARI,"CUCKOO High Pressure Rice Cooker 10-Cup Uncooked / 20-Cup Cooked with Induction Heating Technology, Large Rice Maker with 17 Menu Options and Steam Plate, Voice Guide, Silver (CRP-CHSS1009FN)",2019-04,284507,284507,284507,284507,617.792,617.792,0,617.792,,,,1,5,284507,[]
coway,Other,B00NUB6ARI,"CUCKOO High Pressure Rice Cooker 10-Cup Uncooked / 20-Cup Cooked with Induction Heating Technology, Large Rice Maker with 17 Menu Options and Steam Plate, Voice Guide, Silver (CRP-CHSS1009FN)",2019-05,284507,284507,284507,284507,611.445,611.445,589.99,611.445,,,,1,6,284507,[]
coway,Other,B00NUB6ARI,"CUCKOO High Pressure Rice Cooker 10-Cup Uncooked / 20-Cup Cooked with Induction Heating Technology, Large Rice Maker with 17 Menu Options and Steam Plate, Voice Guide, Silver (CRP-CHSS1009FN)",2019-06,284507,284507,284507,284507,837.4733333333334,837.4733333333334,0,837.4733333333334,,,,1,6,284507,[]
coway,Other,B00NUB6ARI,"CUCKOO High Pressure Rice Cooker 10-Cup Uncooked / 20-Cup Cooked with Induction Heating Technology, Large Rice Maker with 17 Menu Options and Steam Plate, Voice Guide, Silver (CRP-CHSS1009FN)",2019-07,284507,284507,284507,284507,1180.75,1180.75,0,1180.75,,,,1,1,284507,[]
coway,Other,B00NUB6ARI,"CUCKOO High Pressure Rice Cooker 10-Cup Uncooked / 20-Cup Cooked with Induction Heating Technology, Large Rice Maker with 17 Menu Options and Steam Plate, Voice Guide, Silver (CRP-CHSS1009FN)",2019-08,284507,284507,284507,284507,500,500,0,500,,,,1,1,284507,[]
coway,Other,B00NUB6ARI,"CUCKOO High Pressure Rice Cooker 10-Cup Uncooked / 20-Cup Cooked with Induction Heating Technology, Large Rice Maker with 17 Menu Options and Steam Plate, Voice Guide, Silver (CRP-CHSS1009FN)",2019-09,284507,284507,284507,284507,589.98,589.98,0,589.98,,,,1,1,284507,[]
coway,Other,B00NUB6ARI,"CUCKOO High Pressure Rice Cooker 10-Cup Uncooked / 20-Cup Cooked with Induction Heating Technology, Large Rice Maker with 17 Menu Options and Steam Plate, Voice Guide, Silver (CRP-CHSS1009FN)",2019-10,284507,284507,284507,284507,587.7375,587.7375,0,587.7375,,,,1,4,284507,[]
coway,Other,B00NUB6ARI,"CUCKOO High Pressure Rice Cooker 10-Cup Uncooked / 20-Cup Cooked with Induction Heating Technology, Large Rice Maker with 17 Menu Options and Steam Plate, Voice Guide, Silver (CRP-CHSS1009FN)",2019-11,284507,284507,284507,284507,559.9633333333334,589.97,0,559.9633333333334,,,,1,3,284507,[]
coway,Other,B00NUB6ARI,"CUCKOO High Pressure Rice Cooker 10-Cup Uncooked / 20-Cup Cooked with Induction Heating Technology, Large Rice Maker with 17 Menu Options and Steam Plate, Voice Guide, Silver (CRP-CHSS1009FN)",2019-12,284507,284507,284507,284507,554.99,554.99,0,554.99,,,,1,2,284507,[]
coway,Other,B00NUB6ARI,"CUCKOO High Pressure Rice Cooker 10-Cup Uncooked / 20-Cup Cooked with Induction Heating Technology, Large Rice Maker with 17 Menu Options and Steam Plate, Voice Guide, Silver (CRP-CHSS1009FN)",2020-01,284507,284507,284507,284507,509.99,0,0,509.99,,,,1,1,284507,[]
coway,Other,B00NUB6ARI,"CUCKOO High Pressure Rice Cooker 10-Cup Uncooked / 20-Cup Cooked with Induction Heating Technology, Large Rice Maker with 17 Menu Options and Steam Plate, Voice Guide, Silver (CRP-CHSS1009FN)",2020-02,284507,284507,284507,284507,460,460,0,460,,,,1,2,284507,[]
coway,Other,B00NUB6ARI,"CUCKOO High Pressure Rice Cooker 10-Cup Uncooked / 20-Cup Cooked with Induction Heating Technology, Large Rice Maker with 17 Menu Options and Steam Plate, Voice Guide, Silver (CRP-CHSS1009FN)",2020-03,284507,284507,284507,284507,514.1522222222222,523.9855555555555,0,514.1522222222222,,,,1,9,284507,[]
coway,Other,B00NUB6ARI,"CUCKOO High Pressure Rice Cooker 10-Cup Uncooked / 20-Cup Cooked with Induction Heating Technology, Large Rice Maker with 17 Menu Options and Steam Plate, Voice Guide, Silver (CRP-CHSS1009FN)",2020-04,284507,284507,284507,284507,589.495,589.495,0,589.495,,,,1,2,284507,[]
coway,Other,B00NUB6ARI,"CUCKOO High Pressure Rice Cooker 10-Cup Uncooked / 20-Cup Cooked with Induction Heating Technology, Large Rice Maker with 17 Menu Options and Steam Plate, Voice Guide, Silver (CRP-CHSS1009FN)",2020-05,284507,284507,284507,284507,588.99,588.99,588.99,588.99,,,,1,2,284507,[]
coway,Other,B00NUB6ARI,"CUCKOO High Pressure Rice Cooker 10-Cup Uncooked / 20-Cup Cooked with Induction Heating Technology, Large Rice Maker with 17 Menu Options and Steam Plate, Voice Guide, Silver (CRP-CHSS1009FN)",2020-06,284507,284507,284507,284507,588.99,588.99,0,588.99,,,,1,1,284507,[]
coway,Other,B00NUB6ARI,"CUCKOO High Pressure Rice Cooker 10-Cup Uncooked / 20-Cup Cooked with Induction Heating Technology, Large Rice Maker with 17 Menu Options and Steam Plate, Voice Guide, Silver (CRP-CHSS1009FN)",2020-07,284507,284507,284507,284507,589.965,589.965,0,589.965,,,,1,2,284507,[]
coway,Other,B00NUB6ARI,"CUCKOO High Pressure Rice Cooker 10-Cup Uncooked / 20-Cup Cooked with Induction Heating Technology, Large Rice Maker with 17 Menu Options and Steam Plate, Voice Guide, Silver (CRP-CHSS1009FN)",2020-08,284507,284507,284507,284507,616.79,616.79,0,616.79,,,,1,4,284507,[]
coway,Other,B00NUB6ARI,"CUCKOO High Pressure Rice Cooker 10-Cup Uncooked / 20-Cup Cooked with Induction Heating Technology, Large Rice Maker with 17 Menu Options and Steam Plate, Voice Guide, Silver (CRP-CHSS1009FN)",2020-09,284507,284507,284507,284507,599.9433333333334,599.9433333333334,0,599.9433333333334,,,,1,3,284507,[]
coway,Other,B00NUB6ARI,"CUCKOO High Pressure Rice Cooker 10-Cup Uncooked / 20-Cup Cooked with Induction Heating Technology, Large Rice Maker with 17 Menu Options and Steam Plate, Voice Guide, Silver (CRP-CHSS1009FN)",2021-01,284507,284507,284507,284507,605.9739999999999,609.97,0,605.9739999999999,,,,1,5,284507,[]
coway,Other,B00NUB6ARI,"CUCKOO High Pressure Rice Cooker 10-Cup Uncooked / 20-Cup Cooked with Induction Heating Technology, Large Rice Maker with 17 Menu Options and Steam Plate, Voice Guide, Silver (CRP-CHSS1009FN)",2021-02,284507,284507,284507,284507,540.6922222222223,597.678,0,540.6922222222223,,,,1,9,284507,[]
coway,Other,B00NUB6ARI,"CUCKOO High Pressure Rice Cooker 10-Cup Uncooked / 20-Cup Cooked with Induction Heating Technology, Large Rice Maker with 17 Menu Options and Steam Plate, Voice Guide, Silver (CRP-CHSS1009FN)",2021-03,284507,284507,284507,284507,539.4358333333333,592.3188888888888,0,539.4358333333333,,,,1,12,284507,[]
coway,Other,B00NUB6ARI,"CUCKOO High Pressure Rice Cooker 10-Cup Uncooked / 20-Cup Cooked with Induction Heating Technology, Large Rice Maker with 17 Menu Options and Steam Plate, Voice Guide, Silver (CRP-CHSS1009FN)",2021-05,284507,284507,284507,284507,517.3625,517.3625,0,517.3625,,,,1,8,284507,[]
coway,Other,B00NUB6ARI,"CUCKOO High Pressure Rice Cooker 10-Cup Uncooked / 20-Cup Cooked with Induction Heating Technology, Large Rice Maker with 17 Menu Options and Steam Plate, Voice Guide, Silver (CRP-CHSS1009FN)",2021-06,284507,284507,284507,284507,369.14481481481477,369.14481481481477,0,369.14481481481477,,,,1,27,284507,[]
coway,Other,B00NUB6ARI,"CUCKOO High Pressure Rice Cooker 10-Cup Uncooked / 20-Cup Cooked with Induction Heating Technology, Large Rice Maker with 17 Menu Options and Steam Plate, Voice Guide, Silver (CRP-CHSS1009FN)",2021-07,284507,284507,284507,284507,438.19299999999987,438.19299999999987,0,438.19299999999987,,,,1,20,284507,[]
coway,Other,B00NUB6ARI,"CUCKOO High Pressure Rice Cooker 10-Cup Uncooked / 20-Cup Cooked with Induction Heating Technology, Large Rice Maker with 17 Menu Options and Steam Plate, Voice Guide, Silver (CRP-CHSS1009FN)",2021-08,284507,284507,284507,284507,407.2716666666667,588.99,0,407.2716666666667,,,,1,6,284507,[]
coway,Other,B00NUB6ARI,"CUCKOO High Pressure Rice Cooker 10-Cup Uncooked / 20-Cup Cooked with Induction Heating Technology, Large Rice Maker with 17 Menu Options and Steam Plate, Voice Guide, Silver (CRP-CHSS1009FN)",2021-09,284507,284507,284507,284507,588.98,588.98,0,588.98,,,,1,1,284507,[]
coway,Other,B00NUB6ARI,"CUCKOO High Pressure Rice Cooker 10-Cup Uncooked / 20-Cup Cooked with Induction Heating Technology, Large Rice Maker with 17 Menu Options and Steam Plate, Voice Guide, Silver (CRP-CHSS1009FN)",2021-10,284507,284507,284507,284507,589,589,0,589,,,,1,1,284507,[]
coway,Other,B00NUB6ARI,"CUCKOO High Pressure Rice Cooker 10-Cup Uncooked / 20-Cup Cooked with Induction Heating Technology, Large Rice Maker with 17 Menu Options and Steam Plate, Voice Guide, Silver (CRP-CHSS1009FN)",2021-11,284507,284507,284507,284507,442.6266666666667,579,0,442.6266666666667,,,,1,3,284507,[]
coway,Other,B00NUB6ARI,"CUCKOO High Pressure Rice Cooker 10-Cup Uncooked / 20-Cup Cooked with Induction Heating Technology, Large Rice Maker with 17 Menu Options and Steam Plate, Voice Guide, Silver (CRP-CHSS1009FN)",2022-01,284507,284507,284507,284507,519.1800000000001,0,0,519.1800000000001,,,,1,2,284507,[]
coway,Other,B00NUB6ARI,"CUCKOO High Pressure Rice Cooker 10-Cup Uncooked / 20-Cup Cooked with Induction Heating Technology, Large Rice Maker with 17 Menu Options and Steam Plate, Voice Guide, Silver (CRP-CHSS1009FN)",2022-05,284507,284507,284507,284507,507.38000000000005,0,0,507.38000000000005,,,,1,13,284507,[]
coway,Other,B00NUB6ARI,"CUCKOO High Pressure Rice Cooker 10-Cup Uncooked / 20-Cup Cooked with Induction Heating Technology, Large Rice Maker with 17 Menu Options and Steam Plate, Voice Guide, Silver (CRP-CHSS1009FN)",2022-06,284507,284507,284507,284507,503.2814285714286,450,0,503.2814285714286,,,,1,14,284507,[]
coway,Other,B00NUB6ARI,"CUCKOO High Pressure Rice Cooker 10-Cup Uncooked / 20-Cup Cooked with Induction Heating Technology, Large Rice Maker with 17 Menu Options and Steam Plate, Voice Guide, Silver (CRP-CHSS1009FN)",2022-07,284507,284507,284507,284507,589.99,589.99,0,589.99,,,,1,1,284507,[]
coway,Other,B00NUB6ARI,"CUCKOO High Pressure Rice Cooker 10-Cup Uncooked / 20-Cup Cooked with Induction Heating Technology, Large Rice Maker with 17 Menu Options and Steam Plate, Voice Guide, Silver (CRP-CHSS1009FN)",2022-08,284507,284507,284507,284507,594.495,594.495,0,594.495,,,,1,2,284507,[]
coway,Other,B00NUB6ARI,"CUCKOO High Pressure Rice Cooker 10-Cup Uncooked / 20-Cup Cooked with Induction Heating Technology, Large Rice Maker with 17 Menu Options and Steam Plate, Voice Guide, Silver (CRP-CHSS1009FN)",2022-09,284507,284507,284507,284507,559.99,559.99,0,559.99,,,,1,2,284507,[]
coway,Other,B00NUB6ARI,"CUCKOO High Pressure Rice Cooker 10-Cup Uncooked / 20-Cup Cooked with Induction Heating Technology, Large Rice Maker with 17 Menu Options and Steam Plate, Voice Guide, Silver (CRP-CHSS1009FN)",2022-10,284507,284507,284507,284507,555.8625,555.8625,0,555.8625,,,,1,8,284507,[]
coway,Other,B00NUB6ARI,"CUCKOO High Pressure Rice Cooker 10-Cup Uncooked / 20-Cup Cooked with Induction Heating Technology, Large Rice Maker with 17 Menu Options and Steam Plate, Voice Guide, Silver (CRP-CHSS1009FN)",2022-11,284507,284507,284507,284507,574.0262500000001,584.0314285714286,586.74,574.0262500000001,,,,1,8,284507,[]
coway,Other,B00NUB6ARI,"CUCKOO High Pressure Rice Cooker 10-Cup Uncooked / 20-Cup Cooked with Induction Heating Technology, Large Rice Maker with 17 Menu Options and Steam Plate, Voice Guide, Silver (CRP-CHSS1009FN)",2023-01,284507,284507,284507,284507,557.8357142857142,557.8357142857142,568.2966666666667,557.8357142857142,,,,1,7,284507,[]
coway,Other,B00NUB6ARI,"CUCKOO High Pressure Rice Cooker 10-Cup Uncooked / 20-Cup Cooked with Induction Heating Technology, Large Rice Maker with 17 Menu Options and Steam Plate, Voice Guide, Silver (CRP-CHSS1009FN)",2023-02,284507,284507,284507,284507,558.97,558.97,558.97,558.97,,,,1,1,284507,[]
coway,Other,B00NUB6ARI,"CUCKOO High Pressure Rice Cooker 10-Cup Uncooked / 20-Cup Cooked with Induction Heating Technology, Large Rice Maker with 17 Menu Options and Steam Plate, Voice Guide, Silver (CRP-CHSS1009FN)",2023-03,284507,284507,284507,284507,508.5900000000001,530.308,523.8533333333334,508.5900000000001,,,,1,6,284507,[]
coway,Other,B00NUB6ARI,"CUCKOO High Pressure Rice Cooker 10-Cup Uncooked / 20-Cup Cooked with Induction Heating Technology, Large Rice Maker with 17 Menu Options and Steam Plate, Voice Guide, Silver (CRP-CHSS1009FN)",2023-04,284507,284507,284507,284507,551.594,551.594,551.652,551.594,,,,1,5,284507,[]
coway,Other,B00NUB6ARI,"CUCKOO High Pressure Rice Cooker 10-Cup Uncooked / 20-Cup Cooked with Induction Heating Technology, Large Rice Maker with 17 Menu Options and Steam Plate, Voice Guide, Silver (CRP-CHSS1009FN)",2023-05,284507,284507,284507,284507,487.15090909090907,518.6945454545455,511.746,487.15090909090907,,,,1,11,284507,[]
coway,Other,B00NUB6ARI,"CUCKOO High Pressure Rice Cooker 10-Cup Uncooked / 20-Cup Cooked with Induction Heating Technology, Large Rice Maker with 17 Menu Options and Steam Plate, Voice Guide, Silver (CRP-CHSS1009FN)",2023-06,284507,284507,284507,284507,521.1322222222221,530.0511111111111,530.7212499999999,521.1322222222221,,,,1,9,284507,[]
coway,Other,B00NUB6ARI,"CUCKOO High Pressure Rice Cooker 10-Cup Uncooked / 20-Cup Cooked with Induction Heating Technology, Large Rice Maker with 17 Menu Options and Steam Plate, Voice Guide, Silver (CRP-CHSS1009FN)",2023-07,284507,284507,284507,284507,446.0625,525,525,446.0625,,,,1,4,284507,[]
coway,Other,B00NUB6ARI,"CUCKOO High Pressure Rice Cooker 10-Cup Uncooked / 20-Cup Cooked with Induction Heating Technology, Large Rice Maker with 17 Menu Options and Steam Plate, Voice Guide, Silver (CRP-CHSS1009FN)",2023-08,284507,284507,284507,284507,501.31333333333333,589.97,0,501.31333333333333,,,,1,3,284507,[]
coway,Other,B00NUB6ARI,"CUCKOO High Pressure Rice Cooker 10-Cup Uncooked / 20-Cup Cooked with Induction Heating Technology, Large Rice Maker with 17 Menu Options and Steam Plate, Voice Guide, Silver (CRP-CHSS1009FN)",2023-09,284507,284507,284507,284507,546.8466666666667,546.8466666666667,575.2750000000001,546.8466666666667,,,,1,3,284507,[]
coway,Other,B00NUB6ARI,"CUCKOO High Pressure Rice Cooker 10-Cup Uncooked / 20-Cup Cooked with Induction Heating Technology, Large Rice Maker with 17 Menu Options and Steam Plate, Voice Guide, Silver (CRP-CHSS1009FN)",2023-10,284507,284507,284507,284507,502.21500000000003,589.99,0,502.21500000000003,,,,1,2,284507,[]
coway,Other,B00NUB6ARI,"CUCKOO High Pressure Rice Cooker 10-Cup Uncooked / 20-Cup Cooked with Induction Heating Technology, Large Rice Maker with 17 Menu Options and Steam Plate, Voice Guide, Silver (CRP-CHSS1009FN)",2023-11,284507,284507,284507,284507,494.8985714285714,509.635,450.50600000000003,494.8985714285714,,,,1,7,284507,[]
coway,Other,B00NUB6ARI,"CUCKOO High Pressure Rice Cooker 10-Cup Uncooked / 20-Cup Cooked with Induction Heating Technology, Large Rice Maker with 17 Menu Options and Steam Plate, Voice Guide, Silver (CRP-CHSS1009FN)",2023-12,284507,284507,284507,284507,577.8266666666667,574.8820000000001,574.8820000000001,577.8266666666667,,,,1,6,284507,[]
coway,Other,B00NUB6ARI,"CUCKOO High Pressure Rice Cooker 10-Cup Uncooked / 20-Cup Cooked with Induction Heating Technology, Large Rice Maker with 17 Menu Options and Steam Plate, Voice Guide, Silver (CRP-CHSS1009FN)",2024-01,284507,284507,284507,284507,444.93666666666667,472.13,472.13,444.93666666666667,,,,1,3,284507,[]
coway,Other,B00NUB6ARI,"CUCKOO High Pressure Rice Cooker 10-Cup Uncooked / 20-Cup Cooked with Induction Heating Technology, Large Rice Maker with 17 Menu Options and Steam Plate, Voice Guide, Silver (CRP-CHSS1009FN)",2024-02,284507,284507,284507,284507,455.97249999999997,504.14000000000004,504.14000000000004,455.97249999999997,,,,1,8,284507,[]
coway,Other,B00NUB6ARI,"CUCKOO High Pressure Rice Cooker 10-Cup Uncooked / 20-Cup Cooked with Induction Heating Technology, Large Rice Maker with 17 Menu Options and Steam Plate, Voice Guide, Silver (CRP-CHSS1009FN)",2024-03,284507,284507,284507,284507,458.913076923077,493.8475000000001,493.8475000000001,458.913076923077,,,,1,13,284507,[]
coway,Other,B00NUB6ARI,"CUCKOO High Pressure Rice Cooker 10-Cup Uncooked / 20-Cup Cooked with Induction Heating Technology, Large Rice Maker with 17 Menu Options and Steam Plate, Voice Guide, Silver (CRP-CHSS1009FN)",2024-04,284507,284507,284507,284507,450.35599999999994,499.48333333333335,0,450.35599999999994,,,,1,5,284507,[]
coway,Other,B00NUB6ARI,"CUCKOO High Pressure Rice Cooker 10-Cup Uncooked / 20-Cup Cooked with Induction Heating Technology, Large Rice Maker with 17 Menu Options and Steam Plate, Voice Guide, Silver (CRP-CHSS1009FN)",2024-05,284507,284507,284507,284507,460.65333333333336,510.5628571428571,0,460.65333333333336,,,,1,9,284507,[]
coway,Other,B00NUB6ARI,"CUCKOO High Pressure Rice Cooker 10-Cup Uncooked / 20-Cup Cooked with Induction Heating Technology, Large Rice Maker with 17 Menu Options and Steam Plate, Voice Guide, Silver (CRP-CHSS1009FN)",2024-06,284507,284507,284507,284507,449.76,520.26,522.62,449.76,,,,1,12,284507,[]
coway,Other,B00NUB6ARI,"CUCKOO High Pressure Rice Cooker 10-Cup Uncooked / 20-Cup Cooked with Induction Heating Technology, Large Rice Maker with 17 Menu Options and Steam Plate, Voice Guide, Silver (CRP-CHSS1009FN)",2024-07,284507,284507,284507,284507,386.9814285714286,435.60999999999996,435.60999999999996,386.9814285714286,,,,1,7,284507,[]
coway,Other,B00NUB6ARI,"CUCKOO High Pressure Rice Cooker 10-Cup Uncooked / 20-Cup Cooked with Induction Heating Technology, Large Rice Maker with 17 Menu Options and Steam Plate, Voice Guide, Silver (CRP-CHSS1009FN)",2024-08,284507,284507,284507,284507,404.2970588235293,476.16916666666657,457.00499999999994,404.2970588235293,,,,1,17,284507,[]
coway,Other,B00NUB6ARI,"CUCKOO High Pressure Rice Cooker 10-Cup Uncooked / 20-Cup Cooked with Induction Heating Technology, Large Rice Maker with 17 Menu Options and Steam Plate, Voice Guide, Silver (CRP-CHSS1009FN)",2024-09,284507,284507,284507,284507,425.4709999999999,466.35166666666663,460.7825,425.4709999999999,,,,1,10,284507,[]
coway,Other,B00NUB6ARI,"CUCKOO High Pressure Rice Cooker 10-Cup Uncooked / 20-Cup Cooked with Induction Heating Technology, Large Rice Maker with 17 Menu Options and Steam Plate, Voice Guide, Silver (CRP-CHSS1009FN)",2024-10,284507,284507,284507,284507,413.8545454545454,453.08500000000004,448.6166666666666,413.8545454545454,,,,1,11,284507,[]
coway,Other,B00NUB6ARI,"CUCKOO High Pressure Rice Cooker 10-Cup Uncooked / 20-Cup Cooked with Induction Heating Technology, Large Rice Maker with 17 Menu Options and Steam Plate, Voice Guide, Silver (CRP-CHSS1009FN)",2024-11,284507,284507,284507,284507,461.1816666666667,514.91,445.175,461.1816666666667,,,,1,12,284507,[]
coway,Other,B00NUB6ARI,"CUCKOO High Pressure Rice Cooker 10-Cup Uncooked / 20-Cup Cooked with Induction Heating Technology, Large Rice Maker with 17 Menu Options and Steam Plate, Voice Guide, Silver (CRP-CHSS1009FN)",2024-12,284507,284507,284507,284507,383.319375,431.64909090909083,426.035,383.319375,,,,1,16,284507,[]
coway,Other,B00NUB6ARI,"CUCKOO High Pressure Rice Cooker 10-Cup Uncooked / 20-Cup Cooked with Induction Heating Technology, Large Rice Maker with 17 Menu Options and Steam Plate, Voice Guide, Silver (CRP-CHSS1009FN)",2025-01,284507,284507,284507,284507,434.43181818181824,469.34749999999997,437.166,434.43181818181824,,,,1,11,284507,[]
coway,Other,B00NUB6ARI,"CUCKOO High Pressure Rice Cooker 10-Cup Uncooked / 20-Cup Cooked with Induction Heating Technology, Large Rice Maker with 17 Menu Options and Steam Plate, Voice Guide, Silver (CRP-CHSS1009FN)",2025-02,284507,284507,284507,284507,406.11083333333323,441.57454545454544,449.5466666666666,406.11083333333323,,,,1,12,284507,[]
coway,Other,B00NUB6ARI,"CUCKOO High Pressure Rice Cooker 10-Cup Uncooked / 20-Cup Cooked with Induction Heating Technology, Large Rice Maker with 17 Menu Options and Steam Plate, Voice Guide, Silver (CRP-CHSS1009FN)",2025-03,284507,284507,284507,284507,414.2176470588235,445.99692307692305,452.47272727272724,414.2176470588235,,,,1,17,284507,[]
coway,Other,B00NUB6ARI,"CUCKOO High Pressure Rice Cooker 10-Cup Uncooked / 20-Cup Cooked with Induction Heating Technology, Large Rice Maker with 17 Menu Options and Steam Plate, Voice Guide, Silver (CRP-CHSS1009FN)",2025-04,284507,284507,284507,284507,431.81888888888886,478.51599999999996,481.51000000000005,431.81888888888886,,,,1,9,284507,[]
coway,Other,B00NUB6ARI,"CUCKOO High Pressure Rice Cooker 10-Cup Uncooked / 20-Cup Cooked with Induction Heating Technology, Large Rice Maker with 17 Menu Options and Steam Plate, Voice Guide, Silver (CRP-CHSS1009FN)",2025-05,284507,284507,284507,284507,418.2542857142857,519.9766666666667,484.97,418.2542857142857,,,,1,7,284507,[]
coway,Other,B00NUB6ARI,"CUCKOO High Pressure Rice Cooker 10-Cup Uncooked / 20-Cup Cooked with Induction Heating Technology, Large Rice Maker with 17 Menu Options and Steam Plate, Voice Guide, Silver (CRP-CHSS1009FN)",2025-06,284507,284507,284507,284507,397.3444444444445,503.6333333333334,503.6333333333334,397.3444444444445,,,,1,9,284507,[]
coway,Other,B00NUB6ARI,"CUCKOO High Pressure Rice Cooker 10-Cup Uncooked / 20-Cup Cooked with Induction Heating Technology, Large Rice Maker with 17 Menu Options and Steam Plate, Voice Guide, Silver (CRP-CHSS1009FN)",2025-07,284507,284507,284507,284507,326.03000000000003,0,0,326.03000000000003,,,,1,5,284507,[]
coway,Other,B00NUB6ARI,"CUCKOO High Pressure Rice Cooker 10-Cup Uncooked / 20-Cup Cooked with Induction Heating Technology, Large Rice Maker with 17 Menu Options and Steam Plate, Voice Guide, Silver (CRP-CHSS1009FN)",2025-08,284507,284507,284507,284507,409.79857142857145,543.6466666666666,543.6466666666666,409.79857142857145,,,,1,7,284507,[]
coway,Other,B00NUB6ARI,"CUCKOO High Pressure Rice Cooker 10-Cup Uncooked / 20-Cup Cooked with Induction Heating Technology, Large Rice Maker with 17 Menu Options and Steam Plate, Voice Guide, Silver (CRP-CHSS1009FN)",2025-09,284507,284507,284507,284507,385.93285714285713,560.455,560.455,385.93285714285713,,,,1,7,284507,[]
coway,Other,B00NUB6ARI,"CUCKOO High Pressure Rice Cooker 10-Cup Uncooked / 20-Cup Cooked with Induction Heating Technology, Large Rice Maker with 17 Menu Options and Steam Plate, Voice Guide, Silver (CRP-CHSS1009FN)",2025-10,284507,284507,284507,284507,422.8975,525.6933333333332,532.4399999999999,422.8975,,,,1,12,284507,[]
coway,Other,B00NUB6ARI,"CUCKOO High Pressure Rice Cooker 10-Cup Uncooked / 20-Cup Cooked with Induction Heating Technology, Large Rice Maker with 17 Menu Options and Steam Plate, Voice Guide, Silver (CRP-CHSS1009FN)",2025-11,284507,284507,284507,284507,442.4623529411764,532.6763636363635,571.6622222222222,442.4623529411764,,,,1,17,284507,[]
coway,Other,B00NUB6ARI,"CUCKOO High Pressure Rice Cooker 10-Cup Uncooked / 20-Cup Cooked with Induction Heating Technology, Large Rice Maker with 17 Menu Options and Steam Plate, Voice Guide, Silver (CRP-CHSS1009FN)",2025-12,284507,284507,284507,284507,439.158,533.8066666666667,486.445,439.158,,,,1,10,284507,[]
coway,Other,B00NUB6ARI,"CUCKOO High Pressure Rice Cooker 10-Cup Uncooked / 20-Cup Cooked with Induction Heating Technology, Large Rice Maker with 17 Menu Options and Steam Plate, Voice Guide, Silver (CRP-CHSS1009FN)",2026-01,284507,284507,284507,284507,466.14875,574.2071428571428,573.7630769230769,466.14875,,,,1,16,284507,[]
coway,Other,B00NUB6ARI,"CUCKOO High Pressure Rice Cooker 10-Cup Uncooked / 20-Cup Cooked with Induction Heating Technology, Large Rice Maker with 17 Menu Options and Steam Plate, Voice Guide, Silver (CRP-CHSS1009FN)",2026-02,284507,284507,284507,284507,525.0333333333332,576.5384210526315,585.9246153846154,525.0333333333332,,,,1,21,284507,[]
coway,Other,B00NUB6ARI,"CUCKOO High Pressure Rice Cooker 10-Cup Uncooked / 20-Cup Cooked with Induction Heating Technology, Large Rice Maker with 17 Menu Options and Steam Plate, Voice Guide, Silver (CRP-CHSS1009FN)",2026-03,284507,284507,284507,284507,377.17153846153843,484.61799999999994,535.49,377.17153846153843,,,,1,13,284507,[]
coway,Other,B00NUB6ARI,"CUCKOO High Pressure Rice Cooker 10-Cup Uncooked / 20-Cup Cooked with Induction Heating Technology, Large Rice Maker with 17 Menu Options and Steam Plate, Voice Guide, Silver (CRP-CHSS1009FN)",2026-04,284507,284507,284507,284507,400.9390909090909,529.4557142857143,529.4557142857143,400.9390909090909,,,,1,11,284507,[]
coway,Other,B00NUB6ARI,"CUCKOO High Pressure Rice Cooker 10-Cup Uncooked / 20-Cup Cooked with Induction Heating Technology, Large Rice Maker with 17 Menu Options and Steam Plate, Voice Guide, Silver (CRP-CHSS1009FN)",2026-05,284507,284507,284507,284507,418.947,569.1825,569.1825,418.947,,,,1,10,284507,[]
coway,Other,B00NUB6ARI,"CUCKOO High Pressure Rice Cooker 10-Cup Uncooked / 20-Cup Cooked with Induction Heating Technology, Large Rice Maker with 17 Menu Options and Steam Plate, Voice Guide, Silver (CRP-CHSS1009FN)",2026-06,284507,284507,284507,284507,417.82666666666665,599.99,599.99,417.82666666666665,,,,1,3,284507,[]
coway,Other,B00PGBUK0I,CUCKOO Replacement Dual Motion Rubber Packing for 10-Cup IH Cooker Models | CCP-DH10,2017-06,1055398,1055398,1055398,1055398,13,13,0,13,,,,1,1,1055398,[]
coway,Other,B00PGBUK0I,CUCKOO Replacement Dual Motion Rubber Packing for 10-Cup IH Cooker Models | CCP-DH10,2017-07,1055398,1055398,1055398,1055398,16.48,16.48,0,16.48,,,,1,2,1055398,[]
coway,Other,B00PGBUK0I,CUCKOO Replacement Dual Motion Rubber Packing for 10-Cup IH Cooker Models | CCP-DH10,2017-08,1055398,1055398,1055398,1055398,15.99,15.99,0,15.99,,,,1,1,1055398,[]
coway,Other,B00PGBUK0I,CUCKOO Replacement Dual Motion Rubber Packing for 10-Cup IH Cooker Models | CCP-DH10,2017-09,1055398,1055398,1055398,1055398,17.99,17.99,0,17.99,,,,1,1,1055398,[]
coway,Other,B00PGBUK0I,CUCKOO Replacement Dual Motion Rubber Packing for 10-Cup IH Cooker Models | CCP-DH10,2017-10,1055398,1055398,1055398,1055398,470.995,15.99,0,470.995,,,,1,2,1055398,[]
coway,Other,B00PGBUK0I,CUCKOO Replacement Dual Motion Rubber Packing for 10-Cup IH Cooker Models | CCP-DH10,2017-11,1055398,1055398,1055398,1055398,851,0,0,851,,,,1,1,1055398,[]
coway,Other,B00PGBUK0I,CUCKOO Replacement Dual Motion Rubber Packing for 10-Cup IH Cooker Models | CCP-DH10,2018-01,1055398,1055398,1055398,1055398,15.186000000000002,15.186000000000002,0,15.186000000000002,,,,1,5,1055398,[]
coway,Other,B00PGBUK0I,CUCKOO Replacement Dual Motion Rubber Packing for 10-Cup IH Cooker Models | CCP-DH10,2018-02,1055398,1055398,1055398,1055398,25.985,25.985,0,25.985,,,,1,2,1055398,[]
coway,Other,B00PGBUK0I,CUCKOO Replacement Dual Motion Rubber Packing for 10-Cup IH Cooker Models | CCP-DH10,2018-03,1055398,1055398,1055398,1055398,21.4875,21.4875,0,21.4875,,,,1,4,1055398,[]
coway,Other,B00PGBUK0I,CUCKOO Replacement Dual Motion Rubber Packing for 10-Cup IH Cooker Models | CCP-DH10,2018-04,1055398,1055398,1055398,1055398,16.8425,16.8425,0,16.8425,,,,1,4,1055398,[]
coway,Other,B00PGBUK0I,CUCKOO Replacement Dual Motion Rubber Packing for 10-Cup IH Cooker Models | CCP-DH10,2018-05,1055398,1055398,1055398,1055398,236.085,17.78,0,236.085,,,,1,4,1055398,[]
coway,Other,B00PGBUK0I,CUCKOO Replacement Dual Motion Rubber Packing for 10-Cup IH Cooker Models | CCP-DH10,2018-06,1055398,1055398,1055398,1055398,15.729999999999999,15.729999999999999,0,15.729999999999999,,,,1,6,1055398,[]
coway,Other,B00PGBUK0I,CUCKOO Replacement Dual Motion Rubber Packing for 10-Cup IH Cooker Models | CCP-DH10,2018-07,1055398,1055398,1055398,1055398,16.3625,16.3625,0,16.3625,,,,1,4,1055398,[]
coway,Other,B00PGBUK0I,CUCKOO Replacement Dual Motion Rubber Packing for 10-Cup IH Cooker Models | CCP-DH10,2018-08,1055398,1055398,1055398,1055398,14,14,0,14,,,,1,1,1055398,[]
coway,Other,B00PGBUK0I,CUCKOO Replacement Dual Motion Rubber Packing for 10-Cup IH Cooker Models | CCP-DH10,2018-09,1055398,1055398,1055398,1055398,17.78,17.78,0,17.78,,,,1,1,1055398,[]
coway,Other,B00PGBUK0I,CUCKOO Replacement Dual Motion Rubber Packing for 10-Cup IH Cooker Models | CCP-DH10,2018-10,1055398,1055398,1055398,1055398,17.78,17.78,0,17.78,,,,1,2,1055398,[]
coway,Other,B00PGBUK0I,CUCKOO Replacement Dual Motion Rubber Packing for 10-Cup IH Cooker Models | CCP-DH10,2018-11,1055398,1055398,1055398,1055398,17.78,17.78,0,17.78,,,,1,2,1055398,[]
coway,Other,B00PGBUK0I,CUCKOO Replacement Dual Motion Rubber Packing for 10-Cup IH Cooker Models | CCP-DH10,2018-12,1055398,1055398,1055398,1055398,17.78,17.78,0,17.78,,,,1,3,1055398,[]
coway,Other,B00PGBUK0I,CUCKOO Replacement Dual Motion Rubber Packing for 10-Cup IH Cooker Models | CCP-DH10,2019-01,1055398,1055398,1055398,1055398,17.78,17.78,0,17.78,,,,1,4,1055398,[]
coway,Other,B00PGBUK0I,CUCKOO Replacement Dual Motion Rubber Packing for 10-Cup IH Cooker Models | CCP-DH10,2019-02,1055398,1055398,1055398,1055398,17.5,17.5,0,17.5,,,,1,2,1055398,[]
coway,Other,B00PGBUK0I,CUCKOO Replacement Dual Motion Rubber Packing for 10-Cup IH Cooker Models | CCP-DH10,2019-03,1055398,1055398,1055398,1055398,17.5,17.5,0,17.5,,,,1,3,1055398,[]
coway,Other,B00PGBUK0I,CUCKOO Replacement Dual Motion Rubber Packing for 10-Cup IH Cooker Models | CCP-DH10,2019-04,1055398,1055398,1055398,1055398,17,17,0,17,,,,1,3,1055398,[]
coway,Other,B00PGBUK0I,CUCKOO Replacement Dual Motion Rubber Packing for 10-Cup IH Cooker Models | CCP-DH10,2019-05,1055398,1055398,1055398,1055398,16.993333333333336,16.993333333333336,0,16.993333333333336,,,,1,3,1055398,[]
coway,Other,B00PGBUK0I,CUCKOO Replacement Dual Motion Rubber Packing for 10-Cup IH Cooker Models | CCP-DH10,2019-06,1055398,1055398,1055398,1055398,15.65333333333333,15.65333333333333,0,15.65333333333333,,,,1,3,1055398,[]
coway,Other,B00PGBUK0I,CUCKOO Replacement Dual Motion Rubber Packing for 10-Cup IH Cooker Models | CCP-DH10,2019-07,1055398,1055398,1055398,1055398,14.969999999999999,14.969999999999999,0,14.969999999999999,,,,1,4,1055398,[]
coway,Other,B00PGBUK0I,CUCKOO Replacement Dual Motion Rubber Packing for 10-Cup IH Cooker Models | CCP-DH10,2019-08,1055398,1055398,1055398,1055398,15.22,15.22,0,15.22,,,,1,4,1055398,[]
coway,Other,B00PGBUK0I,CUCKOO Replacement Dual Motion Rubber Packing for 10-Cup IH Cooker Models | CCP-DH10,2019-09,1055398,1055398,1055398,1055398,15.660000000000002,15.660000000000002,0,15.660000000000002,,,,1,4,1055398,[]
coway,Other,B00PGBUK0I,CUCKOO Replacement Dual Motion Rubber Packing for 10-Cup IH Cooker Models | CCP-DH10,2019-10,1055398,1055398,1055398,1055398,15.925,15.925,0,15.925,,,,1,2,1055398,[]
coway,Other,B00PGBUK0I,CUCKOO Replacement Dual Motion Rubber Packing for 10-Cup IH Cooker Models | CCP-DH10,2019-11,1055398,1055398,1055398,1055398,571.2933333333334,15.88,0,571.2933333333334,,,,1,3,1055398,[]
coway,Other,B00PGBUK0I,CUCKOO Replacement Dual Motion Rubber Packing for 10-Cup IH Cooker Models | CCP-DH10,2019-12,1055398,1055398,1055398,1055398,15.88,15.88,0,15.88,,,,1,2,1055398,[]
coway,Other,B00PGBUK0I,CUCKOO Replacement Dual Motion Rubber Packing for 10-Cup IH Cooker Models | CCP-DH10,2020-02,1055398,1055398,1055398,1055398,18.62,18.62,0,18.62,,,,1,3,1055398,[]
coway,Other,B00PGBUK0I,CUCKOO Replacement Dual Motion Rubber Packing for 10-Cup IH Cooker Models | CCP-DH10,2020-03,1055398,1055398,1055398,1055398,19.99,19.99,0,19.99,,,,1,1,1055398,[]
coway,Other,B00PGBUK0I,CUCKOO Replacement Dual Motion Rubber Packing for 10-Cup IH Cooker Models | CCP-DH10,2020-04,1055398,1055398,1055398,1055398,21.09777777777778,21.09777777777778,0,21.09777777777778,,,,1,9,1055398,[]
coway,Other,B00PGBUK0I,CUCKOO Replacement Dual Motion Rubber Packing for 10-Cup IH Cooker Models | CCP-DH10,2020-05,1055398,1055398,1055398,1055398,25.586,25.586,0,25.586,,,,1,5,1055398,[]
coway,Other,B00PGBUK0I,CUCKOO Replacement Dual Motion Rubber Packing for 10-Cup IH Cooker Models | CCP-DH10,2020-06,1055398,1055398,1055398,1055398,26.99,26.99,0,26.99,,,,1,5,1055398,[]
coway,Other,B00PGBUK0I,CUCKOO Replacement Dual Motion Rubber Packing for 10-Cup IH Cooker Models | CCP-DH10,2020-07,1055398,1055398,1055398,1055398,26.49,26.49,0,26.49,,,,1,4,1055398,[]
coway,Other,B00PGBUK0I,CUCKOO Replacement Dual Motion Rubber Packing for 10-Cup IH Cooker Models | CCP-DH10,2020-08,1055398,1055398,1055398,1055398,26.99,26.99,0,26.99,,,,1,1,1055398,[]
coway,Other,B00PGBUK0I,CUCKOO Replacement Dual Motion Rubber Packing for 10-Cup IH Cooker Models | CCP-DH10,2020-09,1055398,1055398,1055398,1055398,26.316666666666666,26.99,0,26.316666666666666,,,,1,6,1055398,[]
coway,Other,B00PGBUK0I,CUCKOO Replacement Dual Motion Rubber Packing for 10-Cup IH Cooker Models | CCP-DH10,2020-12,1055398,1055398,1055398,1055398,26.99,26.99,0,26.99,,,,1,1,1055398,[]
coway,Other,B00PGBUK0I,CUCKOO Replacement Dual Motion Rubber Packing for 10-Cup IH Cooker Models | CCP-DH10,2021-01,1055398,1055398,1055398,1055398,23.49,23.49,0,23.49,,,,1,2,1055398,[]
coway,Other,B00PGBUK0I,CUCKOO Replacement Dual Motion Rubber Packing for 10-Cup IH Cooker Models | CCP-DH10,2021-02,1055398,1055398,1055398,1055398,25.374,25.979999999999997,0,25.374,,,,1,5,1055398,[]
coway,Other,B00PGBUK0I,CUCKOO Replacement Dual Motion Rubber Packing for 10-Cup IH Cooker Models | CCP-DH10,2021-03,1055398,1055398,1055398,1055398,165.08666666666667,25.503999999999998,0,165.08666666666667,,,,1,6,1055398,[]
coway,Other,B00PGBUK0I,CUCKOO Replacement Dual Motion Rubber Packing for 10-Cup IH Cooker Models | CCP-DH10,2021-04,1055398,1055398,1055398,1055398,109.58900000000001,24.098888888888887,0,109.58900000000001,,,,1,10,1055398,[]
coway,Other,B00PGBUK0I,CUCKOO Replacement Dual Motion Rubber Packing for 10-Cup IH Cooker Models | CCP-DH10,2021-05,1055398,1055398,1055398,1055398,115.54666666666668,23.365000000000002,0,115.54666666666668,,,,1,9,1055398,[]
coway,Other,B00PGBUK0I,CUCKOO Replacement Dual Motion Rubber Packing for 10-Cup IH Cooker Models | CCP-DH10,2021-06,1055398,1055398,1055398,1055398,24.244999999999997,24.244999999999997,0,24.244999999999997,,,,1,2,1055398,[]
coway,Other,B00PGBUK0I,CUCKOO Replacement Dual Motion Rubber Packing for 10-Cup IH Cooker Models | CCP-DH10,2021-08,1055398,1055398,1055398,1055398,23.744999999999997,23.744999999999997,0,23.744999999999997,,,,1,2,1055398,[]
coway,Other,B00PGBUK0I,CUCKOO Replacement Dual Motion Rubber Packing for 10-Cup IH Cooker Models | CCP-DH10,2021-09,1055398,1055398,1055398,1055398,24.33,24.33,20.99,24.33,,,,1,3,1055398,[]
coway,Other,B00PGBUK0I,CUCKOO Replacement Dual Motion Rubber Packing for 10-Cup IH Cooker Models | CCP-DH10,2021-10,1055398,1055398,1055398,1055398,26.826666666666664,26.826666666666664,0,26.826666666666664,,,,1,3,1055398,[]
coway,Other,B00PGBUK0I,CUCKOO Replacement Dual Motion Rubber Packing for 10-Cup IH Cooker Models | CCP-DH10,2021-11,1055398,1055398,1055398,1055398,26.99,26.99,0,26.99,,,,1,1,1055398,[]
coway,Other,B00PGBUK0I,CUCKOO Replacement Dual Motion Rubber Packing for 10-Cup IH Cooker Models | CCP-DH10,2021-12,1055398,1055398,1055398,1055398,35.99,35.99,0,35.99,,,,1,1,1055398,[]
coway,Other,B00PGBUK0I,CUCKOO Replacement Dual Motion Rubber Packing for 10-Cup IH Cooker Models | CCP-DH10,2022-01,1055398,1055398,1055398,1055398,35.99,35.99,0,35.99,,,,1,1,1055398,[]
coway,Other,B00PGBUK0I,CUCKOO Replacement Dual Motion Rubber Packing for 10-Cup IH Cooker Models | CCP-DH10,2022-02,1055398,1055398,1055398,1055398,34.67999999999999,34.67999999999999,0,34.67999999999999,,,,1,11,1055398,[]
coway,Other,B00PGBUK0I,CUCKOO Replacement Dual Motion Rubber Packing for 10-Cup IH Cooker Models | CCP-DH10,2022-03,1055398,1055398,1055398,1055398,27.345,27.345,0,27.345,,,,1,2,1055398,[]
coway,Other,B00PGBUK0I,CUCKOO Replacement Dual Motion Rubber Packing for 10-Cup IH Cooker Models | CCP-DH10,2022-04,1055398,1055398,1055398,1055398,28.945,28.945,0,28.945,,,,1,8,1055398,[]
coway,Other,B00PGBUK0I,CUCKOO Replacement Dual Motion Rubber Packing for 10-Cup IH Cooker Models | CCP-DH10,2022-05,1055398,1055398,1055398,1055398,29.72666666666667,29.72666666666667,0,29.72666666666667,,,,1,6,1055398,[]
coway,Other,B00PGBUK0I,CUCKOO Replacement Dual Motion Rubber Packing for 10-Cup IH Cooker Models | CCP-DH10,2022-06,1055398,1055398,1055398,1055398,150.46285714285713,29.206666666666667,0,150.46285714285713,,,,1,7,1055398,[]
coway,Other,B00PGBUK0I,CUCKOO Replacement Dual Motion Rubber Packing for 10-Cup IH Cooker Models | CCP-DH10,2022-07,1055398,1055398,1055398,1055398,25.679999999999996,25.679999999999996,24.909999999999997,25.679999999999996,,,,1,4,1055398,[]
coway,Other,B00PGBUK0I,CUCKOO Replacement Dual Motion Rubber Packing for 10-Cup IH Cooker Models | CCP-DH10,2022-08,1055398,1055398,1055398,1055398,24.99,24.99,0,24.99,,,,1,1,1055398,[]
coway,Other,B00PGBUK0I,CUCKOO Replacement Dual Motion Rubber Packing for 10-Cup IH Cooker Models | CCP-DH10,2022-09,1055398,1055398,1055398,1055398,28,28,0,28,,,,1,1,1055398,[]
coway,Other,B00PGBUK0I,CUCKOO Replacement Dual Motion Rubber Packing for 10-Cup IH Cooker Models | CCP-DH10,2022-10,1055398,1055398,1055398,1055398,26.38333333333333,26.38333333333333,0,26.38333333333333,,,,1,3,1055398,[]
coway,Other,B00PGBUK0I,CUCKOO Replacement Dual Motion Rubber Packing for 10-Cup IH Cooker Models | CCP-DH10,2022-11,1055398,1055398,1055398,1055398,863,0,0,863,,,,1,1,1055398,[]
coway,Other,B00PGBUK0I,CUCKOO Replacement Dual Motion Rubber Packing for 10-Cup IH Cooker Models | CCP-DH10,2022-12,1055398,1055398,1055398,1055398,26.994999999999997,26.994999999999997,0,26.994999999999997,,,,1,2,1055398,[]
coway,Other,B00PGBUK0I,CUCKOO Replacement Dual Motion Rubber Packing for 10-Cup IH Cooker Models | CCP-DH10,2023-01,1055398,1055398,1055398,1055398,25.456,25.456,24.625,25.456,,,,1,5,1055398,[]
coway,Other,B00PGBUK0I,CUCKOO Replacement Dual Motion Rubber Packing for 10-Cup IH Cooker Models | CCP-DH10,2023-02,1055398,1055398,1055398,1055398,24.14636363636364,24.14636363636364,24.228333333333335,24.14636363636364,,,,1,11,1055398,[]
coway,Other,B00PGBUK0I,CUCKOO Replacement Dual Motion Rubber Packing for 10-Cup IH Cooker Models | CCP-DH10,2023-03,1055398,1055398,1055398,1055398,24.11,24.11,24.146666666666665,24.11,,,,1,4,1055398,[]
coway,Other,B00PGBUK0I,CUCKOO Replacement Dual Motion Rubber Packing for 10-Cup IH Cooker Models | CCP-DH10,2023-04,1055398,1055398,1055398,1055398,25.654999999999998,25.654999999999998,24.99,25.654999999999998,,,,1,4,1055398,[]
coway,Other,B00PGBUK0I,CUCKOO Replacement Dual Motion Rubber Packing for 10-Cup IH Cooker Models | CCP-DH10,2023-05,1055398,1055398,1055398,1055398,24.7,24.7,24.555,24.7,,,,1,3,1055398,[]
coway,Other,B00PGBUK0I,CUCKOO Replacement Dual Motion Rubber Packing for 10-Cup IH Cooker Models | CCP-DH10,2023-06,1055398,1055398,1055398,1055398,24.99,24.99,0,24.99,,,,1,1,1055398,[]
coway,Other,B00PGBUK0I,CUCKOO Replacement Dual Motion Rubber Packing for 10-Cup IH Cooker Models | CCP-DH10,2023-08,1055398,1055398,1055398,1055398,24.99,24.99,0,24.99,,,,1,1,1055398,[]
coway,Other,B00PGBUK0I,CUCKOO Replacement Dual Motion Rubber Packing for 10-Cup IH Cooker Models | CCP-DH10,2023-11,1055398,1055398,1055398,1055398,24.1825,24.1825,24.52,24.1825,,,,1,4,1055398,[]
coway,Other,B00PGBUK0I,CUCKOO Replacement Dual Motion Rubber Packing for 10-Cup IH Cooker Models | CCP-DH10,2023-12,1055398,1055398,1055398,1055398,24.93,24.93,24.93,24.93,,,,1,4,1055398,[]
coway,Other,B00PGBUK0I,CUCKOO Replacement Dual Motion Rubber Packing for 10-Cup IH Cooker Models | CCP-DH10,2024-01,1055398,1055398,1055398,1055398,24.6775,24.6775,24.955,24.6775,,,,1,4,1055398,[]
coway,Other,B00PGBUK0I,CUCKOO Replacement Dual Motion Rubber Packing for 10-Cup IH Cooker Models | CCP-DH10,2024-03,1055398,1055398,1055398,1055398,28.99,28.99,0,28.99,,,,1,1,1055398,[]
coway,Other,B00PGBUK0I,CUCKOO Replacement Dual Motion Rubber Packing for 10-Cup IH Cooker Models | CCP-DH10,2024-04,1055398,1055398,1055398,1055398,26.99,26.99,0,26.99,,,,1,1,1055398,[]
coway,Other,B00PGBUK0I,CUCKOO Replacement Dual Motion Rubber Packing for 10-Cup IH Cooker Models | CCP-DH10,2024-05,1055398,1055398,1055398,1055398,19.495,19.495,14.99,19.495,,,,1,2,1055398,[]
coway,Other,B00PGBUK0I,CUCKOO Replacement Dual Motion Rubber Packing for 10-Cup IH Cooker Models | CCP-DH10,2024-06,1055398,1055398,1055398,1055398,24.98,24.98,24.98,24.98,,,,1,1,1055398,[]
coway,Other,B00PGBUK0I,CUCKOO Replacement Dual Motion Rubber Packing for 10-Cup IH Cooker Models | CCP-DH10,2024-07,1055398,1055398,1055398,1055398,21.323333333333334,21.323333333333334,14.99,21.323333333333334,,,,1,3,1055398,[]
coway,Other,B00PGBUK0I,CUCKOO Replacement Dual Motion Rubber Packing for 10-Cup IH Cooker Models | CCP-DH10,2024-08,1055398,1055398,1055398,1055398,28.926,28.926,0,28.926,,,,1,5,1055398,[]
coway,Other,B00PGBUK0I,CUCKOO Replacement Dual Motion Rubber Packing for 10-Cup IH Cooker Models | CCP-DH10,2024-09,1055398,1055398,1055398,1055398,29.990000000000002,29.990000000000002,0,29.990000000000002,,,,1,2,1055398,[]
coway,Other,B00PGBUK0I,CUCKOO Replacement Dual Motion Rubber Packing for 10-Cup IH Cooker Models | CCP-DH10,2024-10,1055398,1055398,1055398,1055398,28.05125,28.05125,0,28.05125,,,,1,8,1055398,[]
coway,Other,B00PGBUK0I,CUCKOO Replacement Dual Motion Rubber Packing for 10-Cup IH Cooker Models | CCP-DH10,2024-11,1055398,1055398,1055398,1055398,25.98,25.98,0,25.98,,,,1,1,1055398,[]
coway,Other,B00PGBUK0I,CUCKOO Replacement Dual Motion Rubber Packing for 10-Cup IH Cooker Models | CCP-DH10,2025-02,1055398,1055398,1055398,1055398,26.994999999999997,26.994999999999997,0,26.994999999999997,,,,1,2,1055398,[]
coway,Other,B00PGBUK0I,CUCKOO Replacement Dual Motion Rubber Packing for 10-Cup IH Cooker Models | CCP-DH10,2025-03,1055398,1055398,1055398,1055398,26.59,27.99,0,26.59,,,,1,2,1055398,[]
coway,Other,B00PGBUK0I,CUCKOO Replacement Dual Motion Rubber Packing for 10-Cup IH Cooker Models | CCP-DH10,2025-04,1055398,1055398,1055398,1055398,22.74,22.74,0,22.74,,,,1,4,1055398,[]
coway,Other,B00PGBUK0I,CUCKOO Replacement Dual Motion Rubber Packing for 10-Cup IH Cooker Models | CCP-DH10,2025-06,1055398,1055398,1055398,1055398,26.994999999999997,26.994999999999997,0,26.994999999999997,,,,1,2,1055398,[]
coway,Other,B00PGBUK0I,CUCKOO Replacement Dual Motion Rubber Packing for 10-Cup IH Cooker Models | CCP-DH10,2025-09,1055398,1055398,1055398,1055398,19.89,20,0,19.89,,,,1,1,1055398,[]
coway,Other,B00PGBUK0I,CUCKOO Replacement Dual Motion Rubber Packing for 10-Cup IH Cooker Models | CCP-DH10,2025-10,1055398,1055398,1055398,1055398,33.985,33.985,0,33.985,,,,1,2,1055398,[]
coway,Other,B00PGBUK0I,CUCKOO Replacement Dual Motion Rubber Packing for 10-Cup IH Cooker Models | CCP-DH10,2025-11,1055398,1055398,1055398,1055398,33.23,0,0,33.23,,,,1,1,1055398,[]
coway,Other,B00PGBUK0I,CUCKOO Replacement Dual Motion Rubber Packing for 10-Cup IH Cooker Models | CCP-DH10,2026-01,1055398,1055398,1055398,1055398,26.99,26.99,0,26.99,,,,1,2,1055398,[]
coway,Other,B00PGBUK0I,CUCKOO Replacement Dual Motion Rubber Packing for 10-Cup IH Cooker Models | CCP-DH10,2026-03,1055398,1055398,1055398,1055398,33.23,33.23,0,33.23,,,,1,1,1055398,[]
coway,Other,B00PGBUK0I,CUCKOO Replacement Dual Motion Rubber Packing for 10-Cup IH Cooker Models | CCP-DH10,2026-04,1055398,1055398,1055398,1055398,890,0,0,890,,,,1,6,1055398,[]
coway,Other,B00PGBUK0I,CUCKOO Replacement Dual Motion Rubber Packing for 10-Cup IH Cooker Models | CCP-DH10,2026-05,1055398,1055398,1055398,1055398,884.3333333333334,0,0,884.3333333333334,,,,1,3,1055398,[]
coway,Other,B00PGBUK0I,CUCKOO Replacement Dual Motion Rubber Packing for 10-Cup IH Cooker Models | CCP-DH10,2026-06,1055398,1055398,1055398,1055398,889,0,0,889,,,,1,1,1055398,[]
coway,Other,B00PGC9R42,CUCKOO Replacement Dual Motion Rubber Packing for 6-Cup IH Cooker Models | CCP-DH06,2017-03,1055398,1055398,1055398,1055398,12.28,12.28,0,12.28,,,,1,1,1055398,[]
coway,Other,B00PGC9R42,CUCKOO Replacement Dual Motion Rubber Packing for 6-Cup IH Cooker Models | CCP-DH06,2017-06,1055398,1055398,1055398,1055398,17.02,17.02,0,17.02,,,,1,1,1055398,[]
coway,Other,B00PGC9R42,CUCKOO Replacement Dual Motion Rubber Packing for 6-Cup IH Cooker Models | CCP-DH06,2017-07,1055398,1055398,1055398,1055398,498.29,17.02,0,498.29,,,,1,2,1055398,[]
coway,Other,B00PGC9R42,CUCKOO Replacement Dual Motion Rubber Packing for 6-Cup IH Cooker Models | CCP-DH06,2017-08,1055398,1055398,1055398,1055398,422.01,17.02,0,422.01,,,,1,2,1055398,[]
coway,Other,B00PGC9R42,CUCKOO Replacement Dual Motion Rubber Packing for 6-Cup IH Cooker Models | CCP-DH06,2017-09,1055398,1055398,1055398,1055398,17.01,17.01,0,17.01,,,,1,3,1055398,[]
coway,Other,B00PGC9R42,CUCKOO Replacement Dual Motion Rubber Packing for 6-Cup IH Cooker Models | CCP-DH06,2017-10,1055398,1055398,1055398,1055398,17,17,0,17,,,,1,1,1055398,[]
coway,Other,B00PGC9R42,CUCKOO Replacement Dual Motion Rubber Packing for 6-Cup IH Cooker Models | CCP-DH06,2017-11,1055398,1055398,1055398,1055398,12.26,12.26,0,12.26,,,,1,1,1055398,[]
coway,Other,B00PGC9R42,CUCKOO Replacement Dual Motion Rubber Packing for 6-Cup IH Cooker Models | CCP-DH06,2017-12,1055398,1055398,1055398,1055398,12.22,12.22,0,12.22,,,,1,1,1055398,[]
coway,Other,B00PGC9R42,CUCKOO Replacement Dual Motion Rubber Packing for 6-Cup IH Cooker Models | CCP-DH06,2018-01,1055398,1055398,1055398,1055398,15.85,15.85,0,15.85,,,,1,2,1055398,[]
coway,Other,B00PGC9R42,CUCKOO Replacement Dual Motion Rubber Packing for 6-Cup IH Cooker Models | CCP-DH06,2018-02,1055398,1055398,1055398,1055398,23.400000000000002,23.400000000000002,0,23.400000000000002,,,,1,3,1055398,[]
coway,Other,B00PGC9R42,CUCKOO Replacement Dual Motion Rubber Packing for 6-Cup IH Cooker Models | CCP-DH06,2018-03,1055398,1055398,1055398,1055398,18.435,18.435,0,18.435,,,,1,4,1055398,[]
coway,Other,B00PGC9R42,CUCKOO Replacement Dual Motion Rubber Packing for 6-Cup IH Cooker Models | CCP-DH06,2018-04,1055398,1055398,1055398,1055398,16.97,16.97,0,16.97,,,,1,1,1055398,[]
coway,Other,B00PGC9R42,CUCKOO Replacement Dual Motion Rubber Packing for 6-Cup IH Cooker Models | CCP-DH06,2018-05,1055398,1055398,1055398,1055398,16.97,16.97,0,16.97,,,,1,1,1055398,[]
coway,Other,B00PGC9R42,CUCKOO Replacement Dual Motion Rubber Packing for 6-Cup IH Cooker Models | CCP-DH06,2018-06,1055398,1055398,1055398,1055398,13.43,13.43,0,13.43,,,,1,4,1055398,[]
coway,Other,B00PGC9R42,CUCKOO Replacement Dual Motion Rubber Packing for 6-Cup IH Cooker Models | CCP-DH06,2018-07,1055398,1055398,1055398,1055398,12.722999999999999,12.722999999999999,0,12.722999999999999,,,,1,10,1055398,[]
coway,Other,B00PGC9R42,CUCKOO Replacement Dual Motion Rubber Packing for 6-Cup IH Cooker Models | CCP-DH06,2018-08,1055398,1055398,1055398,1055398,13.399999999999999,13.399999999999999,0,13.399999999999999,,,,1,4,1055398,[]
coway,Other,B00PGC9R42,CUCKOO Replacement Dual Motion Rubber Packing for 6-Cup IH Cooker Models | CCP-DH06,2018-09,1055398,1055398,1055398,1055398,13.332222222222223,13.332222222222223,0,13.332222222222223,,,,1,9,1055398,[]
coway,Other,B00PGC9R42,CUCKOO Replacement Dual Motion Rubber Packing for 6-Cup IH Cooker Models | CCP-DH06,2018-10,1055398,1055398,1055398,1055398,13.703333333333333,13.703333333333333,0,13.703333333333333,,,,1,3,1055398,[]
coway,Other,B00PGC9R42,CUCKOO Replacement Dual Motion Rubber Packing for 6-Cup IH Cooker Models | CCP-DH06,2018-11,1055398,1055398,1055398,1055398,13.485,13.485,0,13.485,,,,1,2,1055398,[]
coway,Other,B00PGC9R42,CUCKOO Replacement Dual Motion Rubber Packing for 6-Cup IH Cooker Models | CCP-DH06,2018-12,1055398,1055398,1055398,1055398,15.98,15.98,0,15.98,,,,1,1,1055398,[]
coway,Other,B00PGC9R42,CUCKOO Replacement Dual Motion Rubber Packing for 6-Cup IH Cooker Models | CCP-DH06,2019-01,1055398,1055398,1055398,1055398,16.2275,16.2275,0,16.2275,,,,1,4,1055398,[]
coway,Other,B00PGC9R42,CUCKOO Replacement Dual Motion Rubber Packing for 6-Cup IH Cooker Models | CCP-DH06,2019-02,1055398,1055398,1055398,1055398,16.97,16.97,0,16.97,,,,1,1,1055398,[]
coway,Other,B00PGC9R42,CUCKOO Replacement Dual Motion Rubber Packing for 6-Cup IH Cooker Models | CCP-DH06,2019-03,1055398,1055398,1055398,1055398,251.31333333333336,16.97,0,251.31333333333336,,,,1,3,1055398,[]
coway,Other,B00PGC9R42,CUCKOO Replacement Dual Motion Rubber Packing for 6-Cup IH Cooker Models | CCP-DH06,2019-04,1055398,1055398,1055398,1055398,15.865,15.865,0,15.865,,,,1,2,1055398,[]
coway,Other,B00PGC9R42,CUCKOO Replacement Dual Motion Rubber Packing for 6-Cup IH Cooker Models | CCP-DH06,2019-05,1055398,1055398,1055398,1055398,15.825,15.825,0,15.825,,,,1,2,1055398,[]
coway,Other,B00PGC9R42,CUCKOO Replacement Dual Motion Rubber Packing for 6-Cup IH Cooker Models | CCP-DH06,2019-06,1055398,1055398,1055398,1055398,16.7975,16.7975,0,16.7975,,,,1,4,1055398,[]
coway,Other,B00PGC9R42,CUCKOO Replacement Dual Motion Rubber Packing for 6-Cup IH Cooker Models | CCP-DH06,2019-07,1055398,1055398,1055398,1055398,15.66,15.66,0,15.66,,,,1,1,1055398,[]
coway,Other,B00PGC9R42,CUCKOO Replacement Dual Motion Rubber Packing for 6-Cup IH Cooker Models | CCP-DH06,2019-08,1055398,1055398,1055398,1055398,15.58,15.58,0,15.58,,,,1,3,1055398,[]
coway,Other,B00PGC9R42,CUCKOO Replacement Dual Motion Rubber Packing for 6-Cup IH Cooker Models | CCP-DH06,2019-09,1055398,1055398,1055398,1055398,15.58,15.58,0,15.58,,,,1,1,1055398,[]
coway,Other,B00PGC9R42,CUCKOO Replacement Dual Motion Rubber Packing for 6-Cup IH Cooker Models | CCP-DH06,2019-10,1055398,1055398,1055398,1055398,15.58,15.58,0,15.58,,,,1,1,1055398,[]
coway,Other,B00PGC9R42,CUCKOO Replacement Dual Motion Rubber Packing for 6-Cup IH Cooker Models | CCP-DH06,2019-11,1055398,1055398,1055398,1055398,15.353333333333333,15.353333333333333,0,15.353333333333333,,,,1,3,1055398,[]
coway,Other,B00PGC9R42,CUCKOO Replacement Dual Motion Rubber Packing for 6-Cup IH Cooker Models | CCP-DH06,2020-02,1055398,1055398,1055398,1055398,19.49,19.49,0,19.49,,,,1,2,1055398,[]
coway,Other,B00PGC9R42,CUCKOO Replacement Dual Motion Rubber Packing for 6-Cup IH Cooker Models | CCP-DH06,2020-03,1055398,1055398,1055398,1055398,21.609999999999996,21.609999999999996,0,21.609999999999996,,,,1,4,1055398,[]
coway,Other,B00PGC9R42,CUCKOO Replacement Dual Motion Rubber Packing for 6-Cup IH Cooker Models | CCP-DH06,2020-04,1055398,1055398,1055398,1055398,22.867499999999996,22.867499999999996,0,22.867499999999996,,,,1,4,1055398,[]
coway,Other,B00PGC9R42,CUCKOO Replacement Dual Motion Rubber Packing for 6-Cup IH Cooker Models | CCP-DH06,2020-05,1055398,1055398,1055398,1055398,24.6175,24.6175,0,24.6175,,,,1,4,1055398,[]
coway,Other,B00PGC9R42,CUCKOO Replacement Dual Motion Rubber Packing for 6-Cup IH Cooker Models | CCP-DH06,2020-06,1055398,1055398,1055398,1055398,26.99,26.99,0,26.99,,,,1,1,1055398,[]
coway,Other,B00PGC9R42,CUCKOO Replacement Dual Motion Rubber Packing for 6-Cup IH Cooker Models | CCP-DH06,2020-07,1055398,1055398,1055398,1055398,27.33,27.33,0,27.33,,,,1,3,1055398,[]
coway,Other,B00PGC9R42,CUCKOO Replacement Dual Motion Rubber Packing for 6-Cup IH Cooker Models | CCP-DH06,2020-08,1055398,1055398,1055398,1055398,28.215555555555557,28.215555555555557,0,28.215555555555557,,,,1,9,1055398,[]
coway,Other,B00PGC9R42,CUCKOO Replacement Dual Motion Rubber Packing for 6-Cup IH Cooker Models | CCP-DH06,2020-09,1055398,1055398,1055398,1055398,27.978571428571428,27.978571428571428,0,27.978571428571428,,,,1,7,1055398,[]
coway,Other,B00PGC9R42,CUCKOO Replacement Dual Motion Rubber Packing for 6-Cup IH Cooker Models | CCP-DH06,2020-10,1055398,1055398,1055398,1055398,27.323333333333334,27.323333333333334,0,27.323333333333334,,,,1,6,1055398,[]
coway,Other,B00PGC9R42,CUCKOO Replacement Dual Motion Rubber Packing for 6-Cup IH Cooker Models | CCP-DH06,2020-11,1055398,1055398,1055398,1055398,26.282857142857146,26.282857142857146,0,26.282857142857146,,,,1,7,1055398,[]
coway,Other,B00PGC9R42,CUCKOO Replacement Dual Motion Rubber Packing for 6-Cup IH Cooker Models | CCP-DH06,2020-12,1055398,1055398,1055398,1055398,19.99,19.99,0,19.99,,,,1,1,1055398,[]
coway,Other,B00PGC9R42,CUCKOO Replacement Dual Motion Rubber Packing for 6-Cup IH Cooker Models | CCP-DH06,2021-01,1055398,1055398,1055398,1055398,26.5,26.5,0,26.5,,,,1,2,1055398,[]
coway,Other,B00PGC9R42,CUCKOO Replacement Dual Motion Rubber Packing for 6-Cup IH Cooker Models | CCP-DH06,2021-03,1055398,1055398,1055398,1055398,26.333333333333332,26.333333333333332,0,26.333333333333332,,,,1,3,1055398,[]
coway,Other,B00PGC9R42,CUCKOO Replacement Dual Motion Rubber Packing for 6-Cup IH Cooker Models | CCP-DH06,2021-04,1055398,1055398,1055398,1055398,24.113999999999997,24.113999999999997,0,24.113999999999997,,,,1,5,1055398,[]
coway,Other,B00PGC9R42,CUCKOO Replacement Dual Motion Rubber Packing for 6-Cup IH Cooker Models | CCP-DH06,2021-05,1055398,1055398,1055398,1055398,24.987142857142857,24.987142857142857,0,24.987142857142857,,,,1,7,1055398,[]
coway,Other,B00PGC9R42,CUCKOO Replacement Dual Motion Rubber Packing for 6-Cup IH Cooker Models | CCP-DH06,2021-08,1055398,1055398,1055398,1055398,316.9866666666667,24.98,0,316.9866666666667,,,,1,3,1055398,[]
coway,Other,B00PGC9R42,CUCKOO Replacement Dual Motion Rubber Packing for 6-Cup IH Cooker Models | CCP-DH06,2021-10,1055398,1055398,1055398,1055398,450.49,24.98,0,450.49,,,,1,2,1055398,[]
coway,Other,B00PGC9R42,CUCKOO Replacement Dual Motion Rubber Packing for 6-Cup IH Cooker Models | CCP-DH06,2021-11,1055398,1055398,1055398,1055398,25.994999999999997,25.994999999999997,0,25.994999999999997,,,,1,2,1055398,[]
coway,Other,B00PGC9R42,CUCKOO Replacement Dual Motion Rubber Packing for 6-Cup IH Cooker Models | CCP-DH06,2021-12,1055398,1055398,1055398,1055398,25.740000000000002,25.740000000000002,0,25.740000000000002,,,,1,4,1055398,[]
coway,Other,B00PGC9R42,CUCKOO Replacement Dual Motion Rubber Packing for 6-Cup IH Cooker Models | CCP-DH06,2022-01,1055398,1055398,1055398,1055398,24.98,24.98,0,24.98,,,,1,1,1055398,[]
coway,Other,B00PGC9R42,CUCKOO Replacement Dual Motion Rubber Packing for 6-Cup IH Cooker Models | CCP-DH06,2022-03,1055398,1055398,1055398,1055398,27.33,27.33,0,27.33,,,,1,3,1055398,[]
coway,Other,B00PGC9R42,CUCKOO Replacement Dual Motion Rubber Packing for 6-Cup IH Cooker Models | CCP-DH06,2022-04,1055398,1055398,1055398,1055398,27.99,27.99,0,27.99,,,,1,1,1055398,[]
coway,Other,B00PGC9R42,CUCKOO Replacement Dual Motion Rubber Packing for 6-Cup IH Cooker Models | CCP-DH06,2022-05,1055398,1055398,1055398,1055398,28.3,28.3,0,28.3,,,,1,5,1055398,[]
coway,Other,B00PGC9R42,CUCKOO Replacement Dual Motion Rubber Packing for 6-Cup IH Cooker Models | CCP-DH06,2022-06,1055398,1055398,1055398,1055398,26.295000000000005,26.295000000000005,24.99,26.295000000000005,,,,1,10,1055398,[]
coway,Other,B00PGC9R42,CUCKOO Replacement Dual Motion Rubber Packing for 6-Cup IH Cooker Models | CCP-DH06,2022-07,1055398,1055398,1055398,1055398,25.764444444444447,25.764444444444447,0,25.764444444444447,,,,1,9,1055398,[]
coway,Other,B00PGC9R42,CUCKOO Replacement Dual Motion Rubber Packing for 6-Cup IH Cooker Models | CCP-DH06,2022-08,1055398,1055398,1055398,1055398,511.485,24.97,0,511.485,,,,1,2,1055398,[]
coway,Other,B00PGC9R42,CUCKOO Replacement Dual Motion Rubber Packing for 6-Cup IH Cooker Models | CCP-DH06,2022-09,1055398,1055398,1055398,1055398,380.1228571428571,25.465,0,380.1228571428571,,,,1,7,1055398,[]
coway,Other,B00PGC9R42,CUCKOO Replacement Dual Motion Rubber Packing for 6-Cup IH Cooker Models | CCP-DH06,2022-10,1055398,1055398,1055398,1055398,17.6025,24.9075,0,17.6025,,,,1,4,1055398,[]
coway,Other,B00PGC9R42,CUCKOO Replacement Dual Motion Rubber Packing for 6-Cup IH Cooker Models | CCP-DH06,2022-11,1055398,1055398,1055398,1055398,21.919999999999998,24.884999999999998,0,21.919999999999998,,,,1,5,1055398,[]
coway,Other,B00PGC9R42,CUCKOO Replacement Dual Motion Rubber Packing for 6-Cup IH Cooker Models | CCP-DH06,2022-12,1055398,1055398,1055398,1055398,24.832857142857144,24.832857142857144,0,24.832857142857144,,,,1,7,1055398,[]
coway,Other,B00PGC9R42,CUCKOO Replacement Dual Motion Rubber Packing for 6-Cup IH Cooker Models | CCP-DH06,2023-01,1055398,1055398,1055398,1055398,28.99,28.99,0,28.99,,,,1,1,1055398,[]
coway,Other,B00PGC9R42,CUCKOO Replacement Dual Motion Rubber Packing for 6-Cup IH Cooker Models | CCP-DH06,2023-02,1055398,1055398,1055398,1055398,34.7,34.7,0,34.7,,,,1,1,1055398,[]
coway,Other,B00PGC9R42,CUCKOO Replacement Dual Motion Rubber Packing for 6-Cup IH Cooker Models | CCP-DH06,2023-03,1055398,1055398,1055398,1055398,24.863333333333333,24.863333333333333,0,24.863333333333333,,,,1,3,1055398,[]
coway,Other,B00PGC9R42,CUCKOO Replacement Dual Motion Rubber Packing for 6-Cup IH Cooker Models | CCP-DH06,2023-04,1055398,1055398,1055398,1055398,25.593333333333334,25.593333333333334,24.895,25.593333333333334,,,,1,3,1055398,[]
coway,Other,B00PGC9R42,CUCKOO Replacement Dual Motion Rubber Packing for 6-Cup IH Cooker Models | CCP-DH06,2023-05,1055398,1055398,1055398,1055398,313.03000000000003,24.8,0,313.03000000000003,,,,1,3,1055398,[]
coway,Other,B00PGC9R42,CUCKOO Replacement Dual Motion Rubber Packing for 6-Cup IH Cooker Models | CCP-DH06,2023-06,1055398,1055398,1055398,1055398,25.127391304347828,25.127391304347828,24.958500000000004,25.127391304347828,,,,1,23,1055398,[]
coway,Other,B00PGC9R42,CUCKOO Replacement Dual Motion Rubber Packing for 6-Cup IH Cooker Models | CCP-DH06,2023-07,1055398,1055398,1055398,1055398,24.930909090909086,24.930909090909086,24.941578947368416,24.930909090909086,,,,1,22,1055398,[]
coway,Other,B00PGC9R42,CUCKOO Replacement Dual Motion Rubber Packing for 6-Cup IH Cooker Models | CCP-DH06,2023-08,1055398,1055398,1055398,1055398,24.929259259259265,24.929259259259265,24.950000000000006,24.929259259259265,,,,1,27,1055398,[]
coway,Other,B00PGC9R42,CUCKOO Replacement Dual Motion Rubber Packing for 6-Cup IH Cooker Models | CCP-DH06,2023-09,1055398,1055398,1055398,1055398,24.891000000000002,24.891000000000002,24.882222222222225,24.891000000000002,,,,1,10,1055398,[]
coway,Other,B00PGC9R42,CUCKOO Replacement Dual Motion Rubber Packing for 6-Cup IH Cooker Models | CCP-DH06,2023-10,1055398,1055398,1055398,1055398,24.91,24.91,24.965,24.91,,,,1,3,1055398,[]
coway,Other,B00PGC9R42,CUCKOO Replacement Dual Motion Rubber Packing for 6-Cup IH Cooker Models | CCP-DH06,2024-01,1055398,1055398,1055398,1055398,24.948,24.948,24.983333333333334,24.948,,,,1,5,1055398,[]
coway,Other,B00PGC9R42,CUCKOO Replacement Dual Motion Rubber Packing for 6-Cup IH Cooker Models | CCP-DH06,2024-02,1055398,1055398,1055398,1055398,24.985,24.985,24.985,24.985,,,,1,2,1055398,[]
coway,Other,B00PGC9R42,CUCKOO Replacement Dual Motion Rubber Packing for 6-Cup IH Cooker Models | CCP-DH06,2024-03,1055398,1055398,1055398,1055398,25.944999999999997,25.944999999999997,0,25.944999999999997,,,,1,4,1055398,[]
coway,Other,B00PGC9R42,CUCKOO Replacement Dual Motion Rubber Packing for 6-Cup IH Cooker Models | CCP-DH06,2024-07,1055398,1055398,1055398,1055398,24.99,24.99,0,24.99,,,,1,1,1055398,[]
coway,Other,B00PGC9R42,CUCKOO Replacement Dual Motion Rubber Packing for 6-Cup IH Cooker Models | CCP-DH06,2024-08,1055398,1055398,1055398,1055398,14.99,14.99,14.99,14.99,,,,1,1,1055398,[]
coway,Other,B00PGC9R42,CUCKOO Replacement Dual Motion Rubber Packing for 6-Cup IH Cooker Models | CCP-DH06,2024-09,1055398,1055398,1055398,1055398,24.99,24.99,24.99,24.99,,,,1,1,1055398,[]
coway,Other,B00PGC9R42,CUCKOO Replacement Dual Motion Rubber Packing for 6-Cup IH Cooker Models | CCP-DH06,2025-03,1055398,1055398,1055398,1055398,26.99,26.99,0,26.99,,,,1,2,1055398,[]
coway,Other,B00PGC9R42,CUCKOO Replacement Dual Motion Rubber Packing for 6-Cup IH Cooker Models | CCP-DH06,2025-04,1055398,1055398,1055398,1055398,24.99,24.99,0,24.99,,,,1,1,1055398,[]
coway,Other,B00PGC9R42,CUCKOO Replacement Dual Motion Rubber Packing for 6-Cup IH Cooker Models | CCP-DH06,2025-05,1055398,1055398,1055398,1055398,24.99142857142857,24.99142857142857,19.99,24.99142857142857,,,,1,7,1055398,[]
coway,Other,B00PGC9R42,CUCKOO Replacement Dual Motion Rubber Packing for 6-Cup IH Cooker Models | CCP-DH06,2025-06,1055398,1055398,1055398,1055398,24.589999999999996,24.589999999999996,14.99,24.589999999999996,,,,1,5,1055398,[]
coway,Other,B00PGC9R42,CUCKOO Replacement Dual Motion Rubber Packing for 6-Cup IH Cooker Models | CCP-DH06,2026-01,1055398,1055398,1055398,1055398,26.990000000000002,26.990000000000002,0,26.990000000000002,,,,1,2,1055398,[]
coway,Other,B00PGC9R42,CUCKOO Replacement Dual Motion Rubber Packing for 6-Cup IH Cooker Models | CCP-DH06,2026-02,1055398,1055398,1055398,1055398,28.674999999999997,28.674999999999997,0,28.674999999999997,,,,1,2,1055398,[]
coway,Other,B00PGC9R42,CUCKOO Replacement Dual Motion Rubber Packing for 6-Cup IH Cooker Models | CCP-DH06,2026-03,1055398,1055398,1055398,1055398,24.012941176470587,24.012941176470587,24.012941176470587,24.012941176470587,,,,1,17,1055398,[]
coway,Other,B00PGC9R42,CUCKOO Replacement Dual Motion Rubber Packing for 6-Cup IH Cooker Models | CCP-DH06,2026-04,1055398,1055398,1055398,1055398,23.703750000000003,23.703750000000003,22.60666666666667,23.703750000000003,,,,1,8,1055398,[]
coway,Other,B00PGC9R42,CUCKOO Replacement Dual Motion Rubber Packing for 6-Cup IH Cooker Models | CCP-DH06,2026-05,1055398,1055398,1055398,1055398,22.411666666666665,24.32,24.32,22.411666666666665,,,,1,6,1055398,[]
coway,Other,B00U1XN4L8,"CUCKOO Commercial Rice Cooker & Warmer, Extra Large Rice Cooker 30-Cup Uncooked / 60-Cup Cooked, Professional Industrial Grain Cooker with Large Capacity, Easy One-Touch Operation, Silver (CR-3032)",2017-03,16310091,16310091,16310091,16310091,249.99,249.99,0,249.99,,,,1,1,16310091,[]
coway,Other,B00U1XN4L8,"CUCKOO Commercial Rice Cooker & Warmer, Extra Large Rice Cooker 30-Cup Uncooked / 60-Cup Cooked, Professional Industrial Grain Cooker with Large Capacity, Easy One-Touch Operation, Silver (CR-3032)",2017-11,16310091,16310091,16310091,16310091,314.4,314.4,0,314.4,,,,1,2,16310091,[]
coway,Other,B00U1XN4L8,"CUCKOO Commercial Rice Cooker & Warmer, Extra Large Rice Cooker 30-Cup Uncooked / 60-Cup Cooked, Professional Industrial Grain Cooker with Large Capacity, Easy One-Touch Operation, Silver (CR-3032)",2018-04,16310091,16310091,16310091,16310091,249.99,249.99,0,249.99,,,,1,1,16310091,[]
coway,Other,B00U1XN4L8,"CUCKOO Commercial Rice Cooker & Warmer, Extra Large Rice Cooker 30-Cup Uncooked / 60-Cup Cooked, Professional Industrial Grain Cooker with Large Capacity, Easy One-Touch Operation, Silver (CR-3032)",2018-06,16310091,16310091,16310091,16310091,249.99,249.99,0,249.99,,,,1,3,16310091,[]
coway,Other,B00U1XN4L8,"CUCKOO Commercial Rice Cooker & Warmer, Extra Large Rice Cooker 30-Cup Uncooked / 60-Cup Cooked, Professional Industrial Grain Cooker with Large Capacity, Easy One-Touch Operation, Silver (CR-3032)",2018-07,16310091,16310091,16310091,16310091,249.985,249.985,0,249.985,,,,1,2,16310091,[]
coway,Other,B00U1XN4L8,"CUCKOO Commercial Rice Cooker & Warmer, Extra Large Rice Cooker 30-Cup Uncooked / 60-Cup Cooked, Professional Industrial Grain Cooker with Large Capacity, Easy One-Touch Operation, Silver (CR-3032)",2018-08,16310091,16310091,16310091,16310091,250,250,0,250,,,,1,1,16310091,[]
coway,Other,B00U1XN4L8,"CUCKOO Commercial Rice Cooker & Warmer, Extra Large Rice Cooker 30-Cup Uncooked / 60-Cup Cooked, Professional Industrial Grain Cooker with Large Capacity, Easy One-Touch Operation, Silver (CR-3032)",2018-10,16310091,16310091,16310091,16310091,249.98,249.98,0,249.98,,,,1,1,16310091,[]
coway,Other,B00U1XN4L8,"CUCKOO Commercial Rice Cooker & Warmer, Extra Large Rice Cooker 30-Cup Uncooked / 60-Cup Cooked, Professional Industrial Grain Cooker with Large Capacity, Easy One-Touch Operation, Silver (CR-3032)",2018-11,16310091,16310091,16310091,16310091,248.995,248.995,0,248.995,,,,1,2,16310091,[]
coway,Other,B00U1XN4L8,"CUCKOO Commercial Rice Cooker & Warmer, Extra Large Rice Cooker 30-Cup Uncooked / 60-Cup Cooked, Professional Industrial Grain Cooker with Large Capacity, Easy One-Touch Operation, Silver (CR-3032)",2018-12,16310091,16310091,16310091,16310091,249,249,0,249,,,,1,1,16310091,[]
coway,Other,B00U1XN4L8,"CUCKOO Commercial Rice Cooker & Warmer, Extra Large Rice Cooker 30-Cup Uncooked / 60-Cup Cooked, Professional Industrial Grain Cooker with Large Capacity, Easy One-Touch Operation, Silver (CR-3032)",2019-01,16310091,16310091,16310091,16310091,248.99,248.99,0,248.99,,,,1,1,16310091,[]
coway,Other,B00U1XN4L8,"CUCKOO Commercial Rice Cooker & Warmer, Extra Large Rice Cooker 30-Cup Uncooked / 60-Cup Cooked, Professional Industrial Grain Cooker with Large Capacity, Easy One-Touch Operation, Silver (CR-3032)",2019-02,16310091,16310091,16310091,16310091,254.99,254.99,0,254.99,,,,1,2,16310091,[]
coway,Other,B00U1XN4L8,"CUCKOO Commercial Rice Cooker & Warmer, Extra Large Rice Cooker 30-Cup Uncooked / 60-Cup Cooked, Professional Industrial Grain Cooker with Large Capacity, Easy One-Touch Operation, Silver (CR-3032)",2019-03,16310091,16310091,16310091,16310091,249.99,249.99,0,249.99,,,,1,1,16310091,[]
coway,Other,B00U1XN4L8,"CUCKOO Commercial Rice Cooker & Warmer, Extra Large Rice Cooker 30-Cup Uncooked / 60-Cup Cooked, Professional Industrial Grain Cooker with Large Capacity, Easy One-Touch Operation, Silver (CR-3032)",2019-04,16310091,16310091,16310091,16310091,224.99,224.99,0,224.99,,,,1,2,16310091,[]
coway,Other,B00U1XN4L8,"CUCKOO Commercial Rice Cooker & Warmer, Extra Large Rice Cooker 30-Cup Uncooked / 60-Cup Cooked, Professional Industrial Grain Cooker with Large Capacity, Easy One-Touch Operation, Silver (CR-3032)",2019-05,16310091,16310091,16310091,16310091,232.99,232.99,0,232.99,,,,1,3,16310091,[]
coway,Other,B00U1XN4L8,"CUCKOO Commercial Rice Cooker & Warmer, Extra Large Rice Cooker 30-Cup Uncooked / 60-Cup Cooked, Professional Industrial Grain Cooker with Large Capacity, Easy One-Touch Operation, Silver (CR-3032)",2019-06,16310091,16310091,16310091,16310091,204.99,204.99,0,204.99,,,,1,2,16310091,[]
coway,Other,B00U1XN4L8,"CUCKOO Commercial Rice Cooker & Warmer, Extra Large Rice Cooker 30-Cup Uncooked / 60-Cup Cooked, Professional Industrial Grain Cooker with Large Capacity, Easy One-Touch Operation, Silver (CR-3032)",2019-08,16310091,16310091,16310091,16310091,249.99,249.99,0,249.99,,,,1,1,16310091,[]
coway,Other,B00U1XN4L8,"CUCKOO Commercial Rice Cooker & Warmer, Extra Large Rice Cooker 30-Cup Uncooked / 60-Cup Cooked, Professional Industrial Grain Cooker with Large Capacity, Easy One-Touch Operation, Silver (CR-3032)",2019-11,16310091,16310091,16310091,16310091,189.99,189.99,0,189.99,,,,1,1,16310091,[]
coway,Other,B00U1XN4L8,"CUCKOO Commercial Rice Cooker & Warmer, Extra Large Rice Cooker 30-Cup Uncooked / 60-Cup Cooked, Professional Industrial Grain Cooker with Large Capacity, Easy One-Touch Operation, Silver (CR-3032)",2020-02,16310091,16310091,16310091,16310091,171.47500000000002,0,0,171.47500000000002,,,,1,2,16310091,[]
coway,Other,B00U1XN4L8,"CUCKOO Commercial Rice Cooker & Warmer, Extra Large Rice Cooker 30-Cup Uncooked / 60-Cup Cooked, Professional Industrial Grain Cooker with Large Capacity, Easy One-Touch Operation, Silver (CR-3032)",2020-03,16310091,16310091,16310091,16310091,229.99,229.99,0,229.99,,,,1,2,16310091,[]
coway,Other,B00U1XN4L8,"CUCKOO Commercial Rice Cooker & Warmer, Extra Large Rice Cooker 30-Cup Uncooked / 60-Cup Cooked, Professional Industrial Grain Cooker with Large Capacity, Easy One-Touch Operation, Silver (CR-3032)",2020-04,16310091,16310091,16310091,16310091,224.99,224.99,209.99,224.99,,,,1,2,16310091,[]
coway,Other,B00U1XN4L8,"CUCKOO Commercial Rice Cooker & Warmer, Extra Large Rice Cooker 30-Cup Uncooked / 60-Cup Cooked, Professional Industrial Grain Cooker with Large Capacity, Easy One-Touch Operation, Silver (CR-3032)",2020-08,16310091,16310091,16310091,16310091,166.24,0,0,166.24,,,,1,1,16310091,[]
coway,Other,B00U1XN4L8,"CUCKOO Commercial Rice Cooker & Warmer, Extra Large Rice Cooker 30-Cup Uncooked / 60-Cup Cooked, Professional Industrial Grain Cooker with Large Capacity, Easy One-Touch Operation, Silver (CR-3032)",2020-12,16310091,16310091,16310091,16310091,195.1,0,0,195.1,,,,1,1,16310091,[]
coway,Other,B00U1XN4L8,"CUCKOO Commercial Rice Cooker & Warmer, Extra Large Rice Cooker 30-Cup Uncooked / 60-Cup Cooked, Professional Industrial Grain Cooker with Large Capacity, Easy One-Touch Operation, Silver (CR-3032)",2021-03,16310091,16310091,16310091,16310091,367.44,367.44,0,367.44,,,,1,2,16310091,[]
coway,Other,B00U1XN4L8,"CUCKOO Commercial Rice Cooker & Warmer, Extra Large Rice Cooker 30-Cup Uncooked / 60-Cup Cooked, Professional Industrial Grain Cooker with Large Capacity, Easy One-Touch Operation, Silver (CR-3032)",2021-05,16310091,16310091,16310091,16310091,268.83,268.83,0,268.83,,,,1,1,16310091,[]
coway,Other,B00U1XN4L8,"CUCKOO Commercial Rice Cooker & Warmer, Extra Large Rice Cooker 30-Cup Uncooked / 60-Cup Cooked, Professional Industrial Grain Cooker with Large Capacity, Easy One-Touch Operation, Silver (CR-3032)",2021-06,16310091,16310091,16310091,16310091,383.81333333333333,383.81333333333333,0,383.81333333333333,,,,1,3,16310091,[]
coway,Other,B00U1XN4L8,"CUCKOO Commercial Rice Cooker & Warmer, Extra Large Rice Cooker 30-Cup Uncooked / 60-Cup Cooked, Professional Industrial Grain Cooker with Large Capacity, Easy One-Touch Operation, Silver (CR-3032)",2021-07,16310091,16310091,16310091,16310091,252.24,252.24,0,252.24,,,,1,4,16310091,[]
coway,Other,B00U1XN4L8,"CUCKOO Commercial Rice Cooker & Warmer, Extra Large Rice Cooker 30-Cup Uncooked / 60-Cup Cooked, Professional Industrial Grain Cooker with Large Capacity, Easy One-Touch Operation, Silver (CR-3032)",2021-08,16310091,16310091,16310091,16310091,464.75,464.75,0,464.75,,,,1,3,16310091,[]
coway,Other,B00U1XN4L8,"CUCKOO Commercial Rice Cooker & Warmer, Extra Large Rice Cooker 30-Cup Uncooked / 60-Cup Cooked, Professional Industrial Grain Cooker with Large Capacity, Easy One-Touch Operation, Silver (CR-3032)",2021-09,16310091,16310091,16310091,16310091,411.7,411.7,0,411.7,,,,1,3,16310091,[]
coway,Other,B00U1XN4L8,"CUCKOO Commercial Rice Cooker & Warmer, Extra Large Rice Cooker 30-Cup Uncooked / 60-Cup Cooked, Professional Industrial Grain Cooker with Large Capacity, Easy One-Touch Operation, Silver (CR-3032)",2021-10,16310091,16310091,16310091,16310091,319.99,319.99,0,319.99,,,,1,1,16310091,[]
coway,Other,B00U1XN4L8,"CUCKOO Commercial Rice Cooker & Warmer, Extra Large Rice Cooker 30-Cup Uncooked / 60-Cup Cooked, Professional Industrial Grain Cooker with Large Capacity, Easy One-Touch Operation, Silver (CR-3032)",2021-11,16310091,16310091,16310091,16310091,445.98,445.98,0,445.98,,,,1,1,16310091,[]
coway,Other,B00U1XN4L8,"CUCKOO Commercial Rice Cooker & Warmer, Extra Large Rice Cooker 30-Cup Uncooked / 60-Cup Cooked, Professional Industrial Grain Cooker with Large Capacity, Easy One-Touch Operation, Silver (CR-3032)",2021-12,16310091,16310091,16310091,16310091,329.99,329.99,0,329.99,,,,1,1,16310091,[]
coway,Other,B00U1XN4L8,"CUCKOO Commercial Rice Cooker & Warmer, Extra Large Rice Cooker 30-Cup Uncooked / 60-Cup Cooked, Professional Industrial Grain Cooker with Large Capacity, Easy One-Touch Operation, Silver (CR-3032)",2022-01,16310091,16310091,16310091,16310091,206.44,0,0,206.44,,,,1,1,16310091,[]
coway,Other,B00U1XN4L8,"CUCKOO Commercial Rice Cooker & Warmer, Extra Large Rice Cooker 30-Cup Uncooked / 60-Cup Cooked, Professional Industrial Grain Cooker with Large Capacity, Easy One-Touch Operation, Silver (CR-3032)",2022-03,16310091,16310091,16310091,16310091,349.99,349.99,0,349.99,,,,1,2,16310091,[]
coway,Other,B00U1XN4L8,"CUCKOO Commercial Rice Cooker & Warmer, Extra Large Rice Cooker 30-Cup Uncooked / 60-Cup Cooked, Professional Industrial Grain Cooker with Large Capacity, Easy One-Touch Operation, Silver (CR-3032)",2022-05,16310091,16310091,16310091,16310091,230.49,230.49,0,230.49,,,,1,2,16310091,[]
coway,Other,B00U1XN4L8,"CUCKOO Commercial Rice Cooker & Warmer, Extra Large Rice Cooker 30-Cup Uncooked / 60-Cup Cooked, Professional Industrial Grain Cooker with Large Capacity, Easy One-Touch Operation, Silver (CR-3032)",2022-06,16310091,16310091,16310091,16310091,254.995,254.995,0,254.995,,,,1,4,16310091,[]
coway,Other,B00U1XN4L8,"CUCKOO Commercial Rice Cooker & Warmer, Extra Large Rice Cooker 30-Cup Uncooked / 60-Cup Cooked, Professional Industrial Grain Cooker with Large Capacity, Easy One-Touch Operation, Silver (CR-3032)",2022-07,16310091,16310091,16310091,16310091,222.82666666666668,243.394,0,222.82666666666668,,,,1,6,16310091,[]
coway,Other,B00U1XN4L8,"CUCKOO Commercial Rice Cooker & Warmer, Extra Large Rice Cooker 30-Cup Uncooked / 60-Cup Cooked, Professional Industrial Grain Cooker with Large Capacity, Easy One-Touch Operation, Silver (CR-3032)",2022-08,16310091,16310091,16310091,16310091,183.51,299.99,0,183.51,,,,1,5,16310091,[]
coway,Other,B00U1XN4L8,"CUCKOO Commercial Rice Cooker & Warmer, Extra Large Rice Cooker 30-Cup Uncooked / 60-Cup Cooked, Professional Industrial Grain Cooker with Large Capacity, Easy One-Touch Operation, Silver (CR-3032)",2022-09,16310091,16310091,16310091,16310091,176.14000000000001,0,0,176.14000000000001,,,,1,4,16310091,[]
coway,Other,B00U1XN4L8,"CUCKOO Commercial Rice Cooker & Warmer, Extra Large Rice Cooker 30-Cup Uncooked / 60-Cup Cooked, Professional Industrial Grain Cooker with Large Capacity, Easy One-Touch Operation, Silver (CR-3032)",2022-10,16310091,16310091,16310091,16310091,175.425,0,0,175.425,,,,1,2,16310091,[]
coway,Other,B00U1XN4L8,"CUCKOO Commercial Rice Cooker & Warmer, Extra Large Rice Cooker 30-Cup Uncooked / 60-Cup Cooked, Professional Industrial Grain Cooker with Large Capacity, Easy One-Touch Operation, Silver (CR-3032)",2022-11,16310091,16310091,16310091,16310091,221.495,0,0,221.495,,,,1,2,16310091,[]
coway,Other,B00U1XN4L8,"CUCKOO Commercial Rice Cooker & Warmer, Extra Large Rice Cooker 30-Cup Uncooked / 60-Cup Cooked, Professional Industrial Grain Cooker with Large Capacity, Easy One-Touch Operation, Silver (CR-3032)",2022-12,16310091,16310091,16310091,16310091,186.56400000000002,249.99,0,186.56400000000002,,,,1,5,16310091,[]
coway,Other,B00U1XN4L8,"CUCKOO Commercial Rice Cooker & Warmer, Extra Large Rice Cooker 30-Cup Uncooked / 60-Cup Cooked, Professional Industrial Grain Cooker with Large Capacity, Easy One-Touch Operation, Silver (CR-3032)",2023-01,16310091,16310091,16310091,16310091,171.89666666666668,216.65666666666667,0,171.89666666666668,,,,1,9,16310091,[]
coway,Other,B00U1XN4L8,"CUCKOO Commercial Rice Cooker & Warmer, Extra Large Rice Cooker 30-Cup Uncooked / 60-Cup Cooked, Professional Industrial Grain Cooker with Large Capacity, Easy One-Touch Operation, Silver (CR-3032)",2023-02,16310091,16310091,16310091,16310091,198.38333333333333,227.99,0,198.38333333333333,,,,1,6,16310091,[]
coway,Other,B00U1XN4L8,"CUCKOO Commercial Rice Cooker & Warmer, Extra Large Rice Cooker 30-Cup Uncooked / 60-Cup Cooked, Professional Industrial Grain Cooker with Large Capacity, Easy One-Touch Operation, Silver (CR-3032)",2023-03,16310091,16310091,16310091,16310091,183.075,224.495,0,183.075,,,,1,4,16310091,[]
coway,Other,B00U1XN4L8,"CUCKOO Commercial Rice Cooker & Warmer, Extra Large Rice Cooker 30-Cup Uncooked / 60-Cup Cooked, Professional Industrial Grain Cooker with Large Capacity, Easy One-Touch Operation, Silver (CR-3032)",2023-04,16310091,16310091,16310091,16310091,165.40333333333334,249.99,0,165.40333333333334,,,,1,3,16310091,[]
coway,Other,B00U1XN4L8,"CUCKOO Commercial Rice Cooker & Warmer, Extra Large Rice Cooker 30-Cup Uncooked / 60-Cup Cooked, Professional Industrial Grain Cooker with Large Capacity, Easy One-Touch Operation, Silver (CR-3032)",2023-05,16310091,16310091,16310091,16310091,182.02599999999998,0,0,182.02599999999998,,,,1,5,16310091,[]
coway,Other,B00U1XN4L8,"CUCKOO Commercial Rice Cooker & Warmer, Extra Large Rice Cooker 30-Cup Uncooked / 60-Cup Cooked, Professional Industrial Grain Cooker with Large Capacity, Easy One-Touch Operation, Silver (CR-3032)",2023-06,16310091,16310091,16310091,16310091,191.4609090909091,239.49333333333334,0,191.4609090909091,,,,1,11,16310091,[]
coway,Other,B00U1XN4L8,"CUCKOO Commercial Rice Cooker & Warmer, Extra Large Rice Cooker 30-Cup Uncooked / 60-Cup Cooked, Professional Industrial Grain Cooker with Large Capacity, Easy One-Touch Operation, Silver (CR-3032)",2023-07,16310091,16310091,16310091,16310091,195.388,248.95,0,195.388,,,,1,5,16310091,[]
coway,Other,B00U1XN4L8,"CUCKOO Commercial Rice Cooker & Warmer, Extra Large Rice Cooker 30-Cup Uncooked / 60-Cup Cooked, Professional Industrial Grain Cooker with Large Capacity, Easy One-Touch Operation, Silver (CR-3032)",2023-08,16310091,16310091,16310091,16310091,226.92,269.95,0,226.92,,,,1,3,16310091,[]
coway,Other,B00U1XN4L8,"CUCKOO Commercial Rice Cooker & Warmer, Extra Large Rice Cooker 30-Cup Uncooked / 60-Cup Cooked, Professional Industrial Grain Cooker with Large Capacity, Easy One-Touch Operation, Silver (CR-3032)",2023-09,16310091,16310091,16310091,16310091,201.84285714285716,241.786,0,201.84285714285716,,,,1,7,16310091,[]
coway,Other,B00U1XN4L8,"CUCKOO Commercial Rice Cooker & Warmer, Extra Large Rice Cooker 30-Cup Uncooked / 60-Cup Cooked, Professional Industrial Grain Cooker with Large Capacity, Easy One-Touch Operation, Silver (CR-3032)",2023-10,16310091,16310091,16310091,16310091,182.31714285714287,234.99,0,182.31714285714287,,,,1,7,16310091,[]
coway,Other,B00U1XN4L8,"CUCKOO Commercial Rice Cooker & Warmer, Extra Large Rice Cooker 30-Cup Uncooked / 60-Cup Cooked, Professional Industrial Grain Cooker with Large Capacity, Easy One-Touch Operation, Silver (CR-3032)",2023-11,16310091,16310091,16310091,16310091,160.19,269.9,0,160.19,,,,1,3,16310091,[]
coway,Other,B00U1XN4L8,"CUCKOO Commercial Rice Cooker & Warmer, Extra Large Rice Cooker 30-Cup Uncooked / 60-Cup Cooked, Professional Industrial Grain Cooker with Large Capacity, Easy One-Touch Operation, Silver (CR-3032)",2023-12,16310091,16310091,16310091,16310091,170.58333333333334,0,0,170.58333333333334,,,,1,3,16310091,[]
coway,Other,B00U1XN4L8,"CUCKOO Commercial Rice Cooker & Warmer, Extra Large Rice Cooker 30-Cup Uncooked / 60-Cup Cooked, Professional Industrial Grain Cooker with Large Capacity, Easy One-Touch Operation, Silver (CR-3032)",2024-01,16310091,16310091,16310091,16310091,165.0125,218,0,165.0125,,,,1,4,16310091,[]
coway,Other,B00U1XN4L8,"CUCKOO Commercial Rice Cooker & Warmer, Extra Large Rice Cooker 30-Cup Uncooked / 60-Cup Cooked, Professional Industrial Grain Cooker with Large Capacity, Easy One-Touch Operation, Silver (CR-3032)",2024-02,16310091,16310091,16310091,16310091,183.584,248.47,0,183.584,,,,1,5,16310091,[]
coway,Other,B00U1XN4L8,"CUCKOO Commercial Rice Cooker & Warmer, Extra Large Rice Cooker 30-Cup Uncooked / 60-Cup Cooked, Professional Industrial Grain Cooker with Large Capacity, Easy One-Touch Operation, Silver (CR-3032)",2024-03,16310091,16310091,16310091,16310091,185.74666666666667,0,0,185.74666666666667,,,,1,3,16310091,[]
coway,Other,B00U1XN4L8,"CUCKOO Commercial Rice Cooker & Warmer, Extra Large Rice Cooker 30-Cup Uncooked / 60-Cup Cooked, Professional Industrial Grain Cooker with Large Capacity, Easy One-Touch Operation, Silver (CR-3032)",2024-04,16310091,16310091,16310091,16310091,191.02249999999998,203.995,0,191.02249999999998,,,,1,4,16310091,[]
coway,Other,B00U1XN4L8,"CUCKOO Commercial Rice Cooker & Warmer, Extra Large Rice Cooker 30-Cup Uncooked / 60-Cup Cooked, Professional Industrial Grain Cooker with Large Capacity, Easy One-Touch Operation, Silver (CR-3032)",2024-05,16310091,16310091,16310091,16310091,184.8175,219.99,0,184.8175,,,,1,4,16310091,[]
coway,Other,B00U1XN4L8,"CUCKOO Commercial Rice Cooker & Warmer, Extra Large Rice Cooker 30-Cup Uncooked / 60-Cup Cooked, Professional Industrial Grain Cooker with Large Capacity, Easy One-Touch Operation, Silver (CR-3032)",2024-06,16310091,16310091,16310091,16310091,179.92875,216.54250000000002,0,179.92875,,,,1,8,16310091,[]
coway,Other,B00U1XN4L8,"CUCKOO Commercial Rice Cooker & Warmer, Extra Large Rice Cooker 30-Cup Uncooked / 60-Cup Cooked, Professional Industrial Grain Cooker with Large Capacity, Easy One-Touch Operation, Silver (CR-3032)",2024-07,16310091,16310091,16310091,16310091,222.74,236.39857142857142,0,222.74,,,,1,8,16310091,[]
coway,Other,B00U1XN4L8,"CUCKOO Commercial Rice Cooker & Warmer, Extra Large Rice Cooker 30-Cup Uncooked / 60-Cup Cooked, Professional Industrial Grain Cooker with Large Capacity, Easy One-Touch Operation, Silver (CR-3032)",2024-08,16310091,16310091,16310091,16310091,193.8542857142857,220.35583333333332,0,193.8542857142857,,,,1,14,16310091,[]
coway,Other,B00U1XN4L8,"CUCKOO Commercial Rice Cooker & Warmer, Extra Large Rice Cooker 30-Cup Uncooked / 60-Cup Cooked, Professional Industrial Grain Cooker with Large Capacity, Easy One-Touch Operation, Silver (CR-3032)",2024-09,16310091,16310091,16310091,16310091,196.44454545454545,238.40142857142857,0,196.44454545454545,,,,1,11,16310091,[]
coway,Other,B00U1XN4L8,"CUCKOO Commercial Rice Cooker & Warmer, Extra Large Rice Cooker 30-Cup Uncooked / 60-Cup Cooked, Professional Industrial Grain Cooker with Large Capacity, Easy One-Touch Operation, Silver (CR-3032)",2024-10,16310091,16310091,16310091,16310091,181.87599999999998,208.1342857142857,0,181.87599999999998,,,,1,10,16310091,[]
coway,Other,B00U1XN4L8,"CUCKOO Commercial Rice Cooker & Warmer, Extra Large Rice Cooker 30-Cup Uncooked / 60-Cup Cooked, Professional Industrial Grain Cooker with Large Capacity, Easy One-Touch Operation, Silver (CR-3032)",2024-11,16310091,16310091,16310091,16310091,204.24222222222218,214.47851851851848,0,204.24222222222218,,,,1,27,16310091,[]
coway,Other,B00U1XN4L8,"CUCKOO Commercial Rice Cooker & Warmer, Extra Large Rice Cooker 30-Cup Uncooked / 60-Cup Cooked, Professional Industrial Grain Cooker with Large Capacity, Easy One-Touch Operation, Silver (CR-3032)",2024-12,16310091,16310091,16310091,16310091,198.85312499999998,222.002,0,198.85312499999998,,,,1,16,16310091,[]
coway,Other,B00U1XN4L8,"CUCKOO Commercial Rice Cooker & Warmer, Extra Large Rice Cooker 30-Cup Uncooked / 60-Cup Cooked, Professional Industrial Grain Cooker with Large Capacity, Easy One-Touch Operation, Silver (CR-3032)",2025-01,16310091,16310091,16310091,16310091,207.0704545454545,231.9615789473684,0,207.0704545454545,,,,1,22,16310091,[]
coway,Other,B00U1XN4L8,"CUCKOO Commercial Rice Cooker & Warmer, Extra Large Rice Cooker 30-Cup Uncooked / 60-Cup Cooked, Professional Industrial Grain Cooker with Large Capacity, Easy One-Touch Operation, Silver (CR-3032)",2025-02,16310091,16310091,16310091,16310091,220.58692307692309,247.44285714285715,0,220.58692307692309,,,,1,13,16310091,[]
coway,Other,B00U1XN4L8,"CUCKOO Commercial Rice Cooker & Warmer, Extra Large Rice Cooker 30-Cup Uncooked / 60-Cup Cooked, Professional Industrial Grain Cooker with Large Capacity, Easy One-Touch Operation, Silver (CR-3032)",2025-03,16310091,16310091,16310091,16310091,232.250625,243.6621428571429,0,232.250625,,,,1,16,16310091,[]
coway,Other,B00U1XN4L8,"CUCKOO Commercial Rice Cooker & Warmer, Extra Large Rice Cooker 30-Cup Uncooked / 60-Cup Cooked, Professional Industrial Grain Cooker with Large Capacity, Easy One-Touch Operation, Silver (CR-3032)",2025-04,16310091,16310091,16310091,16310091,231.5677777777778,337.28499999999997,0,231.5677777777778,,,,1,9,16310091,[]
coway,Other,B00U1XN4L8,"CUCKOO Commercial Rice Cooker & Warmer, Extra Large Rice Cooker 30-Cup Uncooked / 60-Cup Cooked, Professional Industrial Grain Cooker with Large Capacity, Easy One-Touch Operation, Silver (CR-3032)",2025-05,16310091,16310091,16310091,16310091,200.3311111111111,234.99,234.99,200.3311111111111,,,,1,9,16310091,[]
coway,Other,B00U1XN4L8,"CUCKOO Commercial Rice Cooker & Warmer, Extra Large Rice Cooker 30-Cup Uncooked / 60-Cup Cooked, Professional Industrial Grain Cooker with Large Capacity, Easy One-Touch Operation, Silver (CR-3032)",2025-06,16310091,16310091,16310091,16310091,201.2566666666667,0,0,201.2566666666667,,,,1,6,16310091,[]
coway,Other,B00U1XN4L8,"CUCKOO Commercial Rice Cooker & Warmer, Extra Large Rice Cooker 30-Cup Uncooked / 60-Cup Cooked, Professional Industrial Grain Cooker with Large Capacity, Easy One-Touch Operation, Silver (CR-3032)",2025-07,16310091,16310091,16310091,16310091,221.20374999999999,274.9925,0,221.20374999999999,,,,1,8,16310091,[]
coway,Other,B00U1XN4L8,"CUCKOO Commercial Rice Cooker & Warmer, Extra Large Rice Cooker 30-Cup Uncooked / 60-Cup Cooked, Professional Industrial Grain Cooker with Large Capacity, Easy One-Touch Operation, Silver (CR-3032)",2025-08,16310091,16310091,16310091,16310091,190.64799999999997,0,0,190.64799999999997,,,,1,5,16310091,[]
coway,Other,B00U1XN4L8,"CUCKOO Commercial Rice Cooker & Warmer, Extra Large Rice Cooker 30-Cup Uncooked / 60-Cup Cooked, Professional Industrial Grain Cooker with Large Capacity, Easy One-Touch Operation, Silver (CR-3032)",2025-09,16310091,16310091,16310091,16310091,224.29909090909095,251.98625,0,224.29909090909095,,,,1,11,16310091,[]
coway,Other,B00U1XN4L8,"CUCKOO Commercial Rice Cooker & Warmer, Extra Large Rice Cooker 30-Cup Uncooked / 60-Cup Cooked, Professional Industrial Grain Cooker with Large Capacity, Easy One-Touch Operation, Silver (CR-3032)",2025-10,16310091,16310091,16310091,16310091,203.37050000000002,254.41400000000004,243.638,203.37050000000002,,,,1,20,16310091,[]
coway,Other,B00U1XN4L8,"CUCKOO Commercial Rice Cooker & Warmer, Extra Large Rice Cooker 30-Cup Uncooked / 60-Cup Cooked, Professional Industrial Grain Cooker with Large Capacity, Easy One-Touch Operation, Silver (CR-3032)",2025-11,16310091,16310091,16310091,16310091,204.57500000000002,232.99125,220.65666666666667,204.57500000000002,,,,1,14,16310091,[]
coway,Other,B00U1XN4L8,"CUCKOO Commercial Rice Cooker & Warmer, Extra Large Rice Cooker 30-Cup Uncooked / 60-Cup Cooked, Professional Industrial Grain Cooker with Large Capacity, Easy One-Touch Operation, Silver (CR-3032)",2025-12,16310091,16310091,16310091,16310091,177.44,0,0,177.44,,,,1,2,16310091,[]
coway,Other,B00U1XN4L8,"CUCKOO Commercial Rice Cooker & Warmer, Extra Large Rice Cooker 30-Cup Uncooked / 60-Cup Cooked, Professional Industrial Grain Cooker with Large Capacity, Easy One-Touch Operation, Silver (CR-3032)",2026-01,16310091,16310091,16310091,16310091,197.14,219.99,219.99,197.14,,,,1,2,16310091,[]
coway,Other,B00U1XN4L8,"CUCKOO Commercial Rice Cooker & Warmer, Extra Large Rice Cooker 30-Cup Uncooked / 60-Cup Cooked, Professional Industrial Grain Cooker with Large Capacity, Easy One-Touch Operation, Silver (CR-3032)",2026-02,16310091,16310091,16310091,16310091,207.34846153846152,274.98333333333335,274.98333333333335,207.34846153846152,,,,1,13,16310091,[]
coway,Other,B00U1XN4L8,"CUCKOO Commercial Rice Cooker & Warmer, Extra Large Rice Cooker 30-Cup Uncooked / 60-Cup Cooked, Professional Industrial Grain Cooker with Large Capacity, Easy One-Touch Operation, Silver (CR-3032)",2026-03,16310091,16310091,16310091,16310091,208.21000000000004,0,0,208.21000000000004,,,,1,11,16310091,[]
coway,Other,B00U1XN4L8,"CUCKOO Commercial Rice Cooker & Warmer, Extra Large Rice Cooker 30-Cup Uncooked / 60-Cup Cooked, Professional Industrial Grain Cooker with Large Capacity, Easy One-Touch Operation, Silver (CR-3032)",2026-04,16310091,16310091,16310091,16310091,241.61,269.985,269.985,241.61,,,,1,8,16310091,[]
coway,Other,B00U1XN4L8,"CUCKOO Commercial Rice Cooker & Warmer, Extra Large Rice Cooker 30-Cup Uncooked / 60-Cup Cooked, Professional Industrial Grain Cooker with Large Capacity, Easy One-Touch Operation, Silver (CR-3032)",2026-05,16310091,16310091,16310091,16310091,220.2642857142857,299.99,299.99,220.2642857142857,,,,1,7,16310091,[]
coway,Other,B00U1XN4L8,"CUCKOO Commercial Rice Cooker & Warmer, Extra Large Rice Cooker 30-Cup Uncooked / 60-Cup Cooked, Professional Industrial Grain Cooker with Large Capacity, Easy One-Touch Operation, Silver (CR-3032)",2026-06,16310091,16310091,16310091,16310091,222.15,0,0,222.15,,,,1,1,16310091,[]
coway,Other,B00XQEM2BM,"CUCKOO High Pressure Rice Cooker 10-Cup Uncooked / 20-Cup Cooked with Nonstick Inner Pot, Large Rice Maker with 13 Menu Options and Steam Plate, Fuzzy Logic Tech, Voice Guide, White (CRP-P1009SW)",2016-12,284507,284507,284507,284507,279.99,279.99,0,279.99,,,,1,1,284507,[]
coway,Other,B00XQEM2BM,"CUCKOO High Pressure Rice Cooker 10-Cup Uncooked / 20-Cup Cooked with Nonstick Inner Pot, Large Rice Maker with 13 Menu Options and Steam Plate, Fuzzy Logic Tech, Voice Guide, White (CRP-P1009SW)",2017-03,284507,284507,284507,284507,223.99,279.98,0,223.99,,,,1,1,284507,[]
coway,Other,B00XQEM2BM,"CUCKOO High Pressure Rice Cooker 10-Cup Uncooked / 20-Cup Cooked with Nonstick Inner Pot, Large Rice Maker with 13 Menu Options and Steam Plate, Fuzzy Logic Tech, Voice Guide, White (CRP-P1009SW)",2017-04,284507,284507,284507,284507,224,304.99,0,224,,,,1,1,284507,[]
coway,Other,B00XQEM2BM,"CUCKOO High Pressure Rice Cooker 10-Cup Uncooked / 20-Cup Cooked with Nonstick Inner Pot, Large Rice Maker with 13 Menu Options and Steam Plate, Fuzzy Logic Tech, Voice Guide, White (CRP-P1009SW)",2017-06,284507,284507,284507,284507,941.26,941.26,0,941.26,,,,1,2,284507,[]
coway,Other,B00XQEM2BM,"CUCKOO High Pressure Rice Cooker 10-Cup Uncooked / 20-Cup Cooked with Nonstick Inner Pot, Large Rice Maker with 13 Menu Options and Steam Plate, Fuzzy Logic Tech, Voice Guide, White (CRP-P1009SW)",2017-07,284507,284507,284507,284507,894.22,894.22,0,894.22,,,,1,1,284507,[]
coway,Other,B00XQEM2BM,"CUCKOO High Pressure Rice Cooker 10-Cup Uncooked / 20-Cup Cooked with Nonstick Inner Pot, Large Rice Maker with 13 Menu Options and Steam Plate, Fuzzy Logic Tech, Voice Guide, White (CRP-P1009SW)",2017-08,284507,284507,284507,284507,826.305,889.5379999999999,0,826.305,,,,1,10,284507,[]
coway,Other,B00XQEM2BM,"CUCKOO High Pressure Rice Cooker 10-Cup Uncooked / 20-Cup Cooked with Nonstick Inner Pot, Large Rice Maker with 13 Menu Options and Steam Plate, Fuzzy Logic Tech, Voice Guide, White (CRP-P1009SW)",2017-09,284507,284507,284507,284507,857.5777777777778,857.5777777777778,0,857.5777777777778,,,,1,9,284507,[]
coway,Other,B00XQEM2BM,"CUCKOO High Pressure Rice Cooker 10-Cup Uncooked / 20-Cup Cooked with Nonstick Inner Pot, Large Rice Maker with 13 Menu Options and Steam Plate, Fuzzy Logic Tech, Voice Guide, White (CRP-P1009SW)",2017-10,284507,284507,284507,284507,860.7500000000001,860.7500000000001,0,860.7500000000001,,,,1,9,284507,[]
coway,Other,B00XQEM2BM,"CUCKOO High Pressure Rice Cooker 10-Cup Uncooked / 20-Cup Cooked with Nonstick Inner Pot, Large Rice Maker with 13 Menu Options and Steam Plate, Fuzzy Logic Tech, Voice Guide, White (CRP-P1009SW)",2017-11,284507,284507,284507,284507,803.8777777777779,803.8777777777779,0,803.8777777777779,,,,1,9,284507,[]
coway,Other,B00XQEM2BM,"CUCKOO High Pressure Rice Cooker 10-Cup Uncooked / 20-Cup Cooked with Nonstick Inner Pot, Large Rice Maker with 13 Menu Options and Steam Plate, Fuzzy Logic Tech, Voice Guide, White (CRP-P1009SW)",2017-12,284507,284507,284507,284507,497.2377777777778,497.2377777777778,0,497.2377777777778,,,,1,9,284507,[]
coway,Other,B00XQEM2BM,"CUCKOO High Pressure Rice Cooker 10-Cup Uncooked / 20-Cup Cooked with Nonstick Inner Pot, Large Rice Maker with 13 Menu Options and Steam Plate, Fuzzy Logic Tech, Voice Guide, White (CRP-P1009SW)",2018-01,284507,284507,284507,284507,625.5788888888889,625.5788888888889,0,625.5788888888889,,,,1,9,284507,[]
coway,Other,B00XQEM2BM,"CUCKOO High Pressure Rice Cooker 10-Cup Uncooked / 20-Cup Cooked with Nonstick Inner Pot, Large Rice Maker with 13 Menu Options and Steam Plate, Fuzzy Logic Tech, Voice Guide, White (CRP-P1009SW)",2018-02,284507,284507,284507,284507,314.5,314.5,0,314.5,,,,1,2,284507,[]
coway,Other,B00XQEM2BM,"CUCKOO High Pressure Rice Cooker 10-Cup Uncooked / 20-Cup Cooked with Nonstick Inner Pot, Large Rice Maker with 13 Menu Options and Steam Plate, Fuzzy Logic Tech, Voice Guide, White (CRP-P1009SW)",2018-03,284507,284507,284507,284507,387.3225,387.3225,0,387.3225,,,,1,4,284507,[]
coway,Other,B00XQEM2BM,"CUCKOO High Pressure Rice Cooker 10-Cup Uncooked / 20-Cup Cooked with Nonstick Inner Pot, Large Rice Maker with 13 Menu Options and Steam Plate, Fuzzy Logic Tech, Voice Guide, White (CRP-P1009SW)",2018-04,284507,284507,284507,284507,316.46666666666664,316.46666666666664,0,316.46666666666664,,,,1,3,284507,[]
coway,Other,B00XQEM2BM,"CUCKOO High Pressure Rice Cooker 10-Cup Uncooked / 20-Cup Cooked with Nonstick Inner Pot, Large Rice Maker with 13 Menu Options and Steam Plate, Fuzzy Logic Tech, Voice Guide, White (CRP-P1009SW)",2018-05,284507,284507,284507,284507,320.554,320.554,0,320.554,,,,1,5,284507,[]
coway,Other,B00XQEM2BM,"CUCKOO High Pressure Rice Cooker 10-Cup Uncooked / 20-Cup Cooked with Nonstick Inner Pot, Large Rice Maker with 13 Menu Options and Steam Plate, Fuzzy Logic Tech, Voice Guide, White (CRP-P1009SW)",2018-06,284507,284507,284507,284507,293.3725,293.3725,0,293.3725,,,,1,4,284507,[]
coway,Other,B00XQEM2BM,"CUCKOO High Pressure Rice Cooker 10-Cup Uncooked / 20-Cup Cooked with Nonstick Inner Pot, Large Rice Maker with 13 Menu Options and Steam Plate, Fuzzy Logic Tech, Voice Guide, White (CRP-P1009SW)",2018-07,284507,284507,284507,284507,307.9666666666667,307.9666666666667,0,307.9666666666667,,,,1,3,284507,[]
coway,Other,B00XQEM2BM,"CUCKOO High Pressure Rice Cooker 10-Cup Uncooked / 20-Cup Cooked with Nonstick Inner Pot, Large Rice Maker with 13 Menu Options and Steam Plate, Fuzzy Logic Tech, Voice Guide, White (CRP-P1009SW)",2018-08,284507,284507,284507,284507,279.99,279.99,0,279.99,,,,1,2,284507,[]
coway,Other,B00XQEM2BM,"CUCKOO High Pressure Rice Cooker 10-Cup Uncooked / 20-Cup Cooked with Nonstick Inner Pot, Large Rice Maker with 13 Menu Options and Steam Plate, Fuzzy Logic Tech, Voice Guide, White (CRP-P1009SW)",2018-10,284507,284507,284507,284507,325.3,325.3,0,325.3,,,,1,1,284507,[]
coway,Other,B00XQEM2BM,"CUCKOO High Pressure Rice Cooker 10-Cup Uncooked / 20-Cup Cooked with Nonstick Inner Pot, Large Rice Maker with 13 Menu Options and Steam Plate, Fuzzy Logic Tech, Voice Guide, White (CRP-P1009SW)",2018-12,284507,284507,284507,284507,298.65333333333336,298.65333333333336,0,298.65333333333336,,,,1,3,284507,[]
coway,Other,B00XQEM2BM,"CUCKOO High Pressure Rice Cooker 10-Cup Uncooked / 20-Cup Cooked with Nonstick Inner Pot, Large Rice Maker with 13 Menu Options and Steam Plate, Fuzzy Logic Tech, Voice Guide, White (CRP-P1009SW)",2019-01,284507,284507,284507,284507,331.3,331.3,0,331.3,,,,1,1,284507,[]
coway,Other,B00XQEM2BM,"CUCKOO High Pressure Rice Cooker 10-Cup Uncooked / 20-Cup Cooked with Nonstick Inner Pot, Large Rice Maker with 13 Menu Options and Steam Plate, Fuzzy Logic Tech, Voice Guide, White (CRP-P1009SW)",2019-03,284507,284507,284507,284507,255.86,255.86,0,255.86,,,,1,1,284507,[]
coway,Other,B00XQEM2BM,"CUCKOO High Pressure Rice Cooker 10-Cup Uncooked / 20-Cup Cooked with Nonstick Inner Pot, Large Rice Maker with 13 Menu Options and Steam Plate, Fuzzy Logic Tech, Voice Guide, White (CRP-P1009SW)",2019-05,284507,284507,284507,284507,299.19,299.19,0,299.19,,,,1,1,284507,[]
coway,Other,B00XQEM2BM,"CUCKOO High Pressure Rice Cooker 10-Cup Uncooked / 20-Cup Cooked with Nonstick Inner Pot, Large Rice Maker with 13 Menu Options and Steam Plate, Fuzzy Logic Tech, Voice Guide, White (CRP-P1009SW)",2019-06,284507,284507,284507,284507,321.8566666666666,321.8566666666666,0,321.8566666666666,,,,1,3,284507,[]
coway,Other,B00XQEM2BM,"CUCKOO High Pressure Rice Cooker 10-Cup Uncooked / 20-Cup Cooked with Nonstick Inner Pot, Large Rice Maker with 13 Menu Options and Steam Plate, Fuzzy Logic Tech, Voice Guide, White (CRP-P1009SW)",2019-07,284507,284507,284507,284507,267.21,310.33,0,267.21,,,,1,2,284507,[]
coway,Other,B00XQEM2BM,"CUCKOO High Pressure Rice Cooker 10-Cup Uncooked / 20-Cup Cooked with Nonstick Inner Pot, Large Rice Maker with 13 Menu Options and Steam Plate, Fuzzy Logic Tech, Voice Guide, White (CRP-P1009SW)",2019-08,284507,284507,284507,284507,305.044,305.044,0,305.044,,,,1,5,284507,[]
coway,Other,B00XQEM2BM,"CUCKOO High Pressure Rice Cooker 10-Cup Uncooked / 20-Cup Cooked with Nonstick Inner Pot, Large Rice Maker with 13 Menu Options and Steam Plate, Fuzzy Logic Tech, Voice Guide, White (CRP-P1009SW)",2019-09,284507,284507,284507,284507,500,500,0,500,,,,1,1,284507,[]
coway,Other,B00XQEM2BM,"CUCKOO High Pressure Rice Cooker 10-Cup Uncooked / 20-Cup Cooked with Nonstick Inner Pot, Large Rice Maker with 13 Menu Options and Steam Plate, Fuzzy Logic Tech, Voice Guide, White (CRP-P1009SW)",2020-02,284507,284507,284507,284507,368.23,368.23,0,368.23,,,,1,1,284507,[]
coway,Other,B00XQEM2BM,"CUCKOO High Pressure Rice Cooker 10-Cup Uncooked / 20-Cup Cooked with Nonstick Inner Pot, Large Rice Maker with 13 Menu Options and Steam Plate, Fuzzy Logic Tech, Voice Guide, White (CRP-P1009SW)",2020-03,284507,284507,284507,284507,279.98,279.98,0,279.98,,,,1,1,284507,[]
coway,Other,B00XQEM2BM,"CUCKOO High Pressure Rice Cooker 10-Cup Uncooked / 20-Cup Cooked with Nonstick Inner Pot, Large Rice Maker with 13 Menu Options and Steam Plate, Fuzzy Logic Tech, Voice Guide, White (CRP-P1009SW)",2020-04,284507,284507,284507,284507,249.99,249.99,0,249.99,,,,1,1,284507,[]
coway,Other,B00XQEM2BM,"CUCKOO High Pressure Rice Cooker 10-Cup Uncooked / 20-Cup Cooked with Nonstick Inner Pot, Large Rice Maker with 13 Menu Options and Steam Plate, Fuzzy Logic Tech, Voice Guide, White (CRP-P1009SW)",2020-05,284507,284507,284507,284507,259.99,259.99,0,259.99,,,,1,1,284507,[]
coway,Other,B00XQEM2BM,"CUCKOO High Pressure Rice Cooker 10-Cup Uncooked / 20-Cup Cooked with Nonstick Inner Pot, Large Rice Maker with 13 Menu Options and Steam Plate, Fuzzy Logic Tech, Voice Guide, White (CRP-P1009SW)",2020-06,284507,284507,284507,284507,249.99,249.99,0,249.99,,,,1,2,284507,[]
coway,Other,B00XQEM2BM,"CUCKOO High Pressure Rice Cooker 10-Cup Uncooked / 20-Cup Cooked with Nonstick Inner Pot, Large Rice Maker with 13 Menu Options and Steam Plate, Fuzzy Logic Tech, Voice Guide, White (CRP-P1009SW)",2020-07,284507,284507,284507,284507,276.96500000000003,276.96500000000003,273.94,276.96500000000003,,,,1,2,284507,[]
coway,Other,B00XQEM2BM,"CUCKOO High Pressure Rice Cooker 10-Cup Uncooked / 20-Cup Cooked with Nonstick Inner Pot, Large Rice Maker with 13 Menu Options and Steam Plate, Fuzzy Logic Tech, Voice Guide, White (CRP-P1009SW)",2020-08,284507,284507,284507,284507,324.62666666666667,324.62666666666667,272.9,324.62666666666667,,,,1,3,284507,[]
coway,Other,B00XQEM2BM,"CUCKOO High Pressure Rice Cooker 10-Cup Uncooked / 20-Cup Cooked with Nonstick Inner Pot, Large Rice Maker with 13 Menu Options and Steam Plate, Fuzzy Logic Tech, Voice Guide, White (CRP-P1009SW)",2020-09,284507,284507,284507,284507,280.475,280.475,272.91,280.475,,,,1,6,284507,[]
coway,Other,B00XQEM2BM,"CUCKOO High Pressure Rice Cooker 10-Cup Uncooked / 20-Cup Cooked with Nonstick Inner Pot, Large Rice Maker with 13 Menu Options and Steam Plate, Fuzzy Logic Tech, Voice Guide, White (CRP-P1009SW)",2020-12,284507,284507,284507,284507,314.185,314.185,279.99,314.185,,,,1,2,284507,[]
coway,Other,B00XQEM2BM,"CUCKOO High Pressure Rice Cooker 10-Cup Uncooked / 20-Cup Cooked with Nonstick Inner Pot, Large Rice Maker with 13 Menu Options and Steam Plate, Fuzzy Logic Tech, Voice Guide, White (CRP-P1009SW)",2021-01,284507,284507,284507,284507,239.37333333333333,239.065,0,239.37333333333333,,,,1,3,284507,[]
coway,Other,B00XQEM2BM,"CUCKOO High Pressure Rice Cooker 10-Cup Uncooked / 20-Cup Cooked with Nonstick Inner Pot, Large Rice Maker with 13 Menu Options and Steam Plate, Fuzzy Logic Tech, Voice Guide, White (CRP-P1009SW)",2021-02,284507,284507,284507,284507,279.485,279.485,0,279.485,,,,1,2,284507,[]
coway,Other,B00XQEM2BM,"CUCKOO High Pressure Rice Cooker 10-Cup Uncooked / 20-Cup Cooked with Nonstick Inner Pot, Large Rice Maker with 13 Menu Options and Steam Plate, Fuzzy Logic Tech, Voice Guide, White (CRP-P1009SW)",2021-03,284507,284507,284507,284507,337.245,337.245,0,337.245,,,,1,6,284507,[]
coway,Other,B00XQEM2BM,"CUCKOO High Pressure Rice Cooker 10-Cup Uncooked / 20-Cup Cooked with Nonstick Inner Pot, Large Rice Maker with 13 Menu Options and Steam Plate, Fuzzy Logic Tech, Voice Guide, White (CRP-P1009SW)",2021-04,284507,284507,284507,284507,348.35400000000004,348.35400000000004,0,348.35400000000004,,,,1,5,284507,[]
coway,Other,B00XQEM2BM,"CUCKOO High Pressure Rice Cooker 10-Cup Uncooked / 20-Cup Cooked with Nonstick Inner Pot, Large Rice Maker with 13 Menu Options and Steam Plate, Fuzzy Logic Tech, Voice Guide, White (CRP-P1009SW)",2021-06,284507,284507,284507,284507,356.24142857142857,356.24142857142857,0,356.24142857142857,,,,1,7,284507,[]
coway,Other,B00XQEM2BM,"CUCKOO High Pressure Rice Cooker 10-Cup Uncooked / 20-Cup Cooked with Nonstick Inner Pot, Large Rice Maker with 13 Menu Options and Steam Plate, Fuzzy Logic Tech, Voice Guide, White (CRP-P1009SW)",2021-07,284507,284507,284507,284507,343.18,343.18,0,343.18,,,,1,3,284507,[]
coway,Other,B00XQEM2BM,"CUCKOO High Pressure Rice Cooker 10-Cup Uncooked / 20-Cup Cooked with Nonstick Inner Pot, Large Rice Maker with 13 Menu Options and Steam Plate, Fuzzy Logic Tech, Voice Guide, White (CRP-P1009SW)",2021-08,284507,284507,284507,284507,218.76999999999998,266.325,0,218.76999999999998,,,,1,6,284507,[]
coway,Other,B00XQEM2BM,"CUCKOO High Pressure Rice Cooker 10-Cup Uncooked / 20-Cup Cooked with Nonstick Inner Pot, Large Rice Maker with 13 Menu Options and Steam Plate, Fuzzy Logic Tech, Voice Guide, White (CRP-P1009SW)",2021-09,284507,284507,284507,284507,266.8355555555555,266.8355555555555,0,266.8355555555555,,,,1,9,284507,[]
coway,Other,B00XQEM2BM,"CUCKOO High Pressure Rice Cooker 10-Cup Uncooked / 20-Cup Cooked with Nonstick Inner Pot, Large Rice Maker with 13 Menu Options and Steam Plate, Fuzzy Logic Tech, Voice Guide, White (CRP-P1009SW)",2021-10,284507,284507,284507,284507,278.7271428571429,291.84999999999997,0,278.7271428571429,,,,1,7,284507,[]
coway,Other,B00XQEM2BM,"CUCKOO High Pressure Rice Cooker 10-Cup Uncooked / 20-Cup Cooked with Nonstick Inner Pot, Large Rice Maker with 13 Menu Options and Steam Plate, Fuzzy Logic Tech, Voice Guide, White (CRP-P1009SW)",2021-11,284507,284507,284507,284507,391.495,391.495,0,391.495,,,,1,2,284507,[]
coway,Other,B00XQEM2BM,"CUCKOO High Pressure Rice Cooker 10-Cup Uncooked / 20-Cup Cooked with Nonstick Inner Pot, Large Rice Maker with 13 Menu Options and Steam Plate, Fuzzy Logic Tech, Voice Guide, White (CRP-P1009SW)",2021-12,284507,284507,284507,284507,308.65999999999997,308.65999999999997,0,308.65999999999997,,,,1,2,284507,[]
coway,Other,B00XQEM2BM,"CUCKOO High Pressure Rice Cooker 10-Cup Uncooked / 20-Cup Cooked with Nonstick Inner Pot, Large Rice Maker with 13 Menu Options and Steam Plate, Fuzzy Logic Tech, Voice Guide, White (CRP-P1009SW)",2022-01,284507,284507,284507,284507,288.39,288.39,0,288.39,,,,1,10,284507,[]
coway,Other,B00XQEM2BM,"CUCKOO High Pressure Rice Cooker 10-Cup Uncooked / 20-Cup Cooked with Nonstick Inner Pot, Large Rice Maker with 13 Menu Options and Steam Plate, Fuzzy Logic Tech, Voice Guide, White (CRP-P1009SW)",2022-02,284507,284507,284507,284507,247.755,290.0757142857143,0,247.755,,,,1,8,284507,[]
coway,Other,B00XQEM2BM,"CUCKOO High Pressure Rice Cooker 10-Cup Uncooked / 20-Cup Cooked with Nonstick Inner Pot, Large Rice Maker with 13 Menu Options and Steam Plate, Fuzzy Logic Tech, Voice Guide, White (CRP-P1009SW)",2022-03,284507,284507,284507,284507,260.2878260869565,290.41799999999984,0,260.2878260869565,,,,1,23,284507,[]
coway,Other,B00XQEM2BM,"CUCKOO High Pressure Rice Cooker 10-Cup Uncooked / 20-Cup Cooked with Nonstick Inner Pot, Large Rice Maker with 13 Menu Options and Steam Plate, Fuzzy Logic Tech, Voice Guide, White (CRP-P1009SW)",2022-04,284507,284507,284507,284507,265.59592592592577,279.98999999999984,0,265.59592592592577,,,,1,27,284507,[]
coway,Other,B00XQEM2BM,"CUCKOO High Pressure Rice Cooker 10-Cup Uncooked / 20-Cup Cooked with Nonstick Inner Pot, Large Rice Maker with 13 Menu Options and Steam Plate, Fuzzy Logic Tech, Voice Guide, White (CRP-P1009SW)",2022-05,284507,284507,284507,284507,271.60615384615375,280.1442307692306,0,271.60615384615375,,,,1,26,284507,[]
coway,Other,B00XQEM2BM,"CUCKOO High Pressure Rice Cooker 10-Cup Uncooked / 20-Cup Cooked with Nonstick Inner Pot, Large Rice Maker with 13 Menu Options and Steam Plate, Fuzzy Logic Tech, Voice Guide, White (CRP-P1009SW)",2022-06,284507,284507,284507,284507,267.24142857142857,301.36545454545455,0,267.24142857142857,,,,1,14,284507,[]
coway,Other,B00XQEM2BM,"CUCKOO High Pressure Rice Cooker 10-Cup Uncooked / 20-Cup Cooked with Nonstick Inner Pot, Large Rice Maker with 13 Menu Options and Steam Plate, Fuzzy Logic Tech, Voice Guide, White (CRP-P1009SW)",2022-07,284507,284507,284507,284507,288.02833333333325,295.2888888888888,0,288.02833333333325,,,,1,18,284507,[]
coway,Other,B00XQEM2BM,"CUCKOO High Pressure Rice Cooker 10-Cup Uncooked / 20-Cup Cooked with Nonstick Inner Pot, Large Rice Maker with 13 Menu Options and Steam Plate, Fuzzy Logic Tech, Voice Guide, White (CRP-P1009SW)",2022-08,284507,284507,284507,284507,256.4144999999999,279.7815789473683,0,256.4144999999999,,,,1,20,284507,[]
coway,Other,B00XQEM2BM,"CUCKOO High Pressure Rice Cooker 10-Cup Uncooked / 20-Cup Cooked with Nonstick Inner Pot, Large Rice Maker with 13 Menu Options and Steam Plate, Fuzzy Logic Tech, Voice Guide, White (CRP-P1009SW)",2022-09,284507,284507,284507,284507,253.84071428571423,281.8492857142856,0,253.84071428571423,,,,1,14,284507,[]
coway,Other,B00XQEM2BM,"CUCKOO High Pressure Rice Cooker 10-Cup Uncooked / 20-Cup Cooked with Nonstick Inner Pot, Large Rice Maker with 13 Menu Options and Steam Plate, Fuzzy Logic Tech, Voice Guide, White (CRP-P1009SW)",2022-10,284507,284507,284507,284507,262.59954545454536,281.27666666666653,0,262.59954545454536,,,,1,22,284507,[]
coway,Other,B00XQEM2BM,"CUCKOO High Pressure Rice Cooker 10-Cup Uncooked / 20-Cup Cooked with Nonstick Inner Pot, Large Rice Maker with 13 Menu Options and Steam Plate, Fuzzy Logic Tech, Voice Guide, White (CRP-P1009SW)",2022-11,284507,284507,284507,284507,247.4442857142857,281.24,0,247.4442857142857,,,,1,7,284507,[]
coway,Other,B00XQEM2BM,"CUCKOO High Pressure Rice Cooker 10-Cup Uncooked / 20-Cup Cooked with Nonstick Inner Pot, Large Rice Maker with 13 Menu Options and Steam Plate, Fuzzy Logic Tech, Voice Guide, White (CRP-P1009SW)",2022-12,284507,284507,284507,284507,206.0425,219.99,0,206.0425,,,,1,8,284507,[]
coway,Other,B00XQEM2BM,"CUCKOO High Pressure Rice Cooker 10-Cup Uncooked / 20-Cup Cooked with Nonstick Inner Pot, Large Rice Maker with 13 Menu Options and Steam Plate, Fuzzy Logic Tech, Voice Guide, White (CRP-P1009SW)",2023-01,284507,284507,284507,284507,224.37833333333333,338.43,0,224.37833333333333,,,,1,6,284507,[]
coway,Other,B00XQEM2BM,"CUCKOO High Pressure Rice Cooker 10-Cup Uncooked / 20-Cup Cooked with Nonstick Inner Pot, Large Rice Maker with 13 Menu Options and Steam Plate, Fuzzy Logic Tech, Voice Guide, White (CRP-P1009SW)",2023-02,284507,284507,284507,284507,210.79,272.36,0,210.79,,,,1,4,284507,[]
coway,Other,B00XQEM2BM,"CUCKOO High Pressure Rice Cooker 10-Cup Uncooked / 20-Cup Cooked with Nonstick Inner Pot, Large Rice Maker with 13 Menu Options and Steam Plate, Fuzzy Logic Tech, Voice Guide, White (CRP-P1009SW)",2023-03,284507,284507,284507,284507,215.90142857142857,239.99,0,215.90142857142857,,,,1,7,284507,[]
coway,Other,B00XQEM2BM,"CUCKOO High Pressure Rice Cooker 10-Cup Uncooked / 20-Cup Cooked with Nonstick Inner Pot, Large Rice Maker with 13 Menu Options and Steam Plate, Fuzzy Logic Tech, Voice Guide, White (CRP-P1009SW)",2023-04,284507,284507,284507,284507,207.61666666666667,0,0,207.61666666666667,,,,1,3,284507,[]
coway,Other,B00XQEM2BM,"CUCKOO High Pressure Rice Cooker 10-Cup Uncooked / 20-Cup Cooked with Nonstick Inner Pot, Large Rice Maker with 13 Menu Options and Steam Plate, Fuzzy Logic Tech, Voice Guide, White (CRP-P1009SW)",2023-05,284507,284507,284507,284507,201.84875000000002,241.192,0,201.84875000000002,,,,1,8,284507,[]
coway,Other,B00XQEM2BM,"CUCKOO High Pressure Rice Cooker 10-Cup Uncooked / 20-Cup Cooked with Nonstick Inner Pot, Large Rice Maker with 13 Menu Options and Steam Plate, Fuzzy Logic Tech, Voice Guide, White (CRP-P1009SW)",2023-06,284507,284507,284507,284507,158.6375,0,0,158.6375,,,,1,4,284507,[]
coway,Other,B00XQEM2BM,"CUCKOO High Pressure Rice Cooker 10-Cup Uncooked / 20-Cup Cooked with Nonstick Inner Pot, Large Rice Maker with 13 Menu Options and Steam Plate, Fuzzy Logic Tech, Voice Guide, White (CRP-P1009SW)",2023-07,284507,284507,284507,284507,217.58333333333334,261.66,0,217.58333333333334,,,,1,6,284507,[]
coway,Other,B00XQEM2BM,"CUCKOO High Pressure Rice Cooker 10-Cup Uncooked / 20-Cup Cooked with Nonstick Inner Pot, Large Rice Maker with 13 Menu Options and Steam Plate, Fuzzy Logic Tech, Voice Guide, White (CRP-P1009SW)",2023-08,284507,284507,284507,284507,205.9121428571428,250.59,0,205.9121428571428,,,,1,14,284507,[]
coway,Other,B00XQEM2BM,"CUCKOO High Pressure Rice Cooker 10-Cup Uncooked / 20-Cup Cooked with Nonstick Inner Pot, Large Rice Maker with 13 Menu Options and Steam Plate, Fuzzy Logic Tech, Voice Guide, White (CRP-P1009SW)",2023-09,284507,284507,284507,284507,222.69833333333335,260.559,0,222.69833333333335,,,,1,12,284507,[]
coway,Other,B00XQEM2BM,"CUCKOO High Pressure Rice Cooker 10-Cup Uncooked / 20-Cup Cooked with Nonstick Inner Pot, Large Rice Maker with 13 Menu Options and Steam Plate, Fuzzy Logic Tech, Voice Guide, White (CRP-P1009SW)",2023-10,284507,284507,284507,284507,191.95800000000003,244.9925,0,191.95800000000003,,,,1,10,284507,[]
coway,Other,B00XQEM2BM,"CUCKOO High Pressure Rice Cooker 10-Cup Uncooked / 20-Cup Cooked with Nonstick Inner Pot, Large Rice Maker with 13 Menu Options and Steam Plate, Fuzzy Logic Tech, Voice Guide, White (CRP-P1009SW)",2023-11,284507,284507,284507,284507,173.75857142857146,223.74,0,173.75857142857146,,,,1,7,284507,[]
coway,Other,B00XQEM2BM,"CUCKOO High Pressure Rice Cooker 10-Cup Uncooked / 20-Cup Cooked with Nonstick Inner Pot, Large Rice Maker with 13 Menu Options and Steam Plate, Fuzzy Logic Tech, Voice Guide, White (CRP-P1009SW)",2023-12,284507,284507,284507,284507,206.73000000000002,237.79000000000002,0,206.73000000000002,,,,1,11,284507,[]
coway,Other,B00XQEM2BM,"CUCKOO High Pressure Rice Cooker 10-Cup Uncooked / 20-Cup Cooked with Nonstick Inner Pot, Large Rice Maker with 13 Menu Options and Steam Plate, Fuzzy Logic Tech, Voice Guide, White (CRP-P1009SW)",2024-01,284507,284507,284507,284507,183.8975,279.99,0,183.8975,,,,1,8,284507,[]
coway,Other,B00XQEM2BM,"CUCKOO High Pressure Rice Cooker 10-Cup Uncooked / 20-Cup Cooked with Nonstick Inner Pot, Large Rice Maker with 13 Menu Options and Steam Plate, Fuzzy Logic Tech, Voice Guide, White (CRP-P1009SW)",2024-02,284507,284507,284507,284507,132.535,0,0,132.535,,,,1,4,284507,[]
coway,Other,B00XQEM2BM,"CUCKOO High Pressure Rice Cooker 10-Cup Uncooked / 20-Cup Cooked with Nonstick Inner Pot, Large Rice Maker with 13 Menu Options and Steam Plate, Fuzzy Logic Tech, Voice Guide, White (CRP-P1009SW)",2024-03,284507,284507,284507,284507,155.34,299.99,0,155.34,,,,1,6,284507,[]
coway,Other,B00XQEM2BM,"CUCKOO High Pressure Rice Cooker 10-Cup Uncooked / 20-Cup Cooked with Nonstick Inner Pot, Large Rice Maker with 13 Menu Options and Steam Plate, Fuzzy Logic Tech, Voice Guide, White (CRP-P1009SW)",2024-04,284507,284507,284507,284507,138.17,0,0,138.17,,,,1,5,284507,[]
coway,Other,B00XQEM2BM,"CUCKOO High Pressure Rice Cooker 10-Cup Uncooked / 20-Cup Cooked with Nonstick Inner Pot, Large Rice Maker with 13 Menu Options and Steam Plate, Fuzzy Logic Tech, Voice Guide, White (CRP-P1009SW)",2024-05,284507,284507,284507,284507,163.03285714285715,234.99,0,163.03285714285715,,,,1,7,284507,[]
coway,Other,B00XQEM2BM,"CUCKOO High Pressure Rice Cooker 10-Cup Uncooked / 20-Cup Cooked with Nonstick Inner Pot, Large Rice Maker with 13 Menu Options and Steam Plate, Fuzzy Logic Tech, Voice Guide, White (CRP-P1009SW)",2024-06,284507,284507,284507,284507,156.22600000000003,299.99,0,156.22600000000003,,,,1,5,284507,[]
coway,Other,B00XQEM2BM,"CUCKOO High Pressure Rice Cooker 10-Cup Uncooked / 20-Cup Cooked with Nonstick Inner Pot, Large Rice Maker with 13 Menu Options and Steam Plate, Fuzzy Logic Tech, Voice Guide, White (CRP-P1009SW)",2024-07,284507,284507,284507,284507,155.96777777777777,267.296,0,155.96777777777777,,,,1,9,284507,[]
coway,Other,B00XQEM2BM,"CUCKOO High Pressure Rice Cooker 10-Cup Uncooked / 20-Cup Cooked with Nonstick Inner Pot, Large Rice Maker with 13 Menu Options and Steam Plate, Fuzzy Logic Tech, Voice Guide, White (CRP-P1009SW)",2024-08,284507,284507,284507,284507,148.32125,279.99,0,148.32125,,,,1,8,284507,[]
coway,Other,B00XQEM2BM,"CUCKOO High Pressure Rice Cooker 10-Cup Uncooked / 20-Cup Cooked with Nonstick Inner Pot, Large Rice Maker with 13 Menu Options and Steam Plate, Fuzzy Logic Tech, Voice Guide, White (CRP-P1009SW)",2024-09,284507,284507,284507,284507,164.08625,256.994,0,164.08625,,,,1,8,284507,[]
coway,Other,B00XQEM2BM,"CUCKOO High Pressure Rice Cooker 10-Cup Uncooked / 20-Cup Cooked with Nonstick Inner Pot, Large Rice Maker with 13 Menu Options and Steam Plate, Fuzzy Logic Tech, Voice Guide, White (CRP-P1009SW)",2024-10,284507,284507,284507,284507,142.73999999999998,289.99,0,142.73999999999998,,,,1,6,284507,[]
coway,Other,B00XQEM2BM,"CUCKOO High Pressure Rice Cooker 10-Cup Uncooked / 20-Cup Cooked with Nonstick Inner Pot, Large Rice Maker with 13 Menu Options and Steam Plate, Fuzzy Logic Tech, Voice Guide, White (CRP-P1009SW)",2024-11,284507,284507,284507,284507,188.6466666666667,229.44,0,188.6466666666667,,,,1,15,284507,[]
coway,Other,B00XQEM2BM,"CUCKOO High Pressure Rice Cooker 10-Cup Uncooked / 20-Cup Cooked with Nonstick Inner Pot, Large Rice Maker with 13 Menu Options and Steam Plate, Fuzzy Logic Tech, Voice Guide, White (CRP-P1009SW)",2024-12,284507,284507,284507,284507,175.96818181818182,238.99,0,175.96818181818182,,,,1,11,284507,[]
coway,Other,B00XQEM2BM,"CUCKOO High Pressure Rice Cooker 10-Cup Uncooked / 20-Cup Cooked with Nonstick Inner Pot, Large Rice Maker with 13 Menu Options and Steam Plate, Fuzzy Logic Tech, Voice Guide, White (CRP-P1009SW)",2025-01,284507,284507,284507,284507,211.75076923076924,243.48833333333334,0,211.75076923076924,,,,1,13,284507,[]
coway,Other,B00XQEM2BM,"CUCKOO High Pressure Rice Cooker 10-Cup Uncooked / 20-Cup Cooked with Nonstick Inner Pot, Large Rice Maker with 13 Menu Options and Steam Plate, Fuzzy Logic Tech, Voice Guide, White (CRP-P1009SW)",2025-02,284507,284507,284507,284507,156.95999999999998,204.892,0,156.95999999999998,,,,1,9,284507,[]
coway,Other,B00XQEM2BM,"CUCKOO High Pressure Rice Cooker 10-Cup Uncooked / 20-Cup Cooked with Nonstick Inner Pot, Large Rice Maker with 13 Menu Options and Steam Plate, Fuzzy Logic Tech, Voice Guide, White (CRP-P1009SW)",2025-03,284507,284507,284507,284507,186.79222222222222,263.2146666666667,0,186.79222222222222,,,,1,18,284507,[]
coway,Other,B00XQEM2BM,"CUCKOO High Pressure Rice Cooker 10-Cup Uncooked / 20-Cup Cooked with Nonstick Inner Pot, Large Rice Maker with 13 Menu Options and Steam Plate, Fuzzy Logic Tech, Voice Guide, White (CRP-P1009SW)",2025-04,284507,284507,284507,284507,148.11083333333332,324.8075,0,148.11083333333332,,,,1,12,284507,[]
coway,Other,B00XQEM2BM,"CUCKOO High Pressure Rice Cooker 10-Cup Uncooked / 20-Cup Cooked with Nonstick Inner Pot, Large Rice Maker with 13 Menu Options and Steam Plate, Fuzzy Logic Tech, Voice Guide, White (CRP-P1009SW)",2025-05,284507,284507,284507,284507,116.52833333333335,0,0,116.52833333333335,,,,1,6,284507,[]
coway,Other,B00XQEM2BM,"CUCKOO High Pressure Rice Cooker 10-Cup Uncooked / 20-Cup Cooked with Nonstick Inner Pot, Large Rice Maker with 13 Menu Options and Steam Plate, Fuzzy Logic Tech, Voice Guide, White (CRP-P1009SW)",2025-06,284507,284507,284507,284507,124.53333333333332,0,0,124.53333333333332,,,,1,6,284507,[]
coway,Other,B00XQEM2BM,"CUCKOO High Pressure Rice Cooker 10-Cup Uncooked / 20-Cup Cooked with Nonstick Inner Pot, Large Rice Maker with 13 Menu Options and Steam Plate, Fuzzy Logic Tech, Voice Guide, White (CRP-P1009SW)",2025-07,284507,284507,284507,284507,139.8175,246.65666666666667,179.99,139.8175,,,,1,8,284507,[]
coway,Other,B00XQEM2BM,"CUCKOO High Pressure Rice Cooker 10-Cup Uncooked / 20-Cup Cooked with Nonstick Inner Pot, Large Rice Maker with 13 Menu Options and Steam Plate, Fuzzy Logic Tech, Voice Guide, White (CRP-P1009SW)",2025-08,284507,284507,284507,284507,139.83571428571426,240.79,0,139.83571428571426,,,,1,7,284507,[]
coway,Other,B00XQEM2BM,"CUCKOO High Pressure Rice Cooker 10-Cup Uncooked / 20-Cup Cooked with Nonstick Inner Pot, Large Rice Maker with 13 Menu Options and Steam Plate, Fuzzy Logic Tech, Voice Guide, White (CRP-P1009SW)",2025-09,284507,284507,284507,284507,194.84799999999998,279.39,0,194.84799999999998,,,,1,15,284507,[]
coway,Other,B00XQEM2BM,"CUCKOO High Pressure Rice Cooker 10-Cup Uncooked / 20-Cup Cooked with Nonstick Inner Pot, Large Rice Maker with 13 Menu Options and Steam Plate, Fuzzy Logic Tech, Voice Guide, White (CRP-P1009SW)",2025-10,284507,284507,284507,284507,196.58624999999995,244.01545454545456,204.24,196.58624999999995,,,,1,16,284507,[]
coway,Other,B00XQEM2BM,"CUCKOO High Pressure Rice Cooker 10-Cup Uncooked / 20-Cup Cooked with Nonstick Inner Pot, Large Rice Maker with 13 Menu Options and Steam Plate, Fuzzy Logic Tech, Voice Guide, White (CRP-P1009SW)",2025-11,284507,284507,284507,284507,179.78400000000002,222.28555555555556,222.28555555555556,179.78400000000002,,,,1,15,284507,[]
coway,Other,B00XQEM2BM,"CUCKOO High Pressure Rice Cooker 10-Cup Uncooked / 20-Cup Cooked with Nonstick Inner Pot, Large Rice Maker with 13 Menu Options and Steam Plate, Fuzzy Logic Tech, Voice Guide, White (CRP-P1009SW)",2025-12,284507,284507,284507,284507,176.5325,225.39000000000001,225.39000000000001,176.5325,,,,1,12,284507,[]
coway,Other,B00XQEM2BM,"CUCKOO High Pressure Rice Cooker 10-Cup Uncooked / 20-Cup Cooked with Nonstick Inner Pot, Large Rice Maker with 13 Menu Options and Steam Plate, Fuzzy Logic Tech, Voice Guide, White (CRP-P1009SW)",2026-01,284507,284507,284507,284507,155.09285714285716,238.49,238.49,155.09285714285716,,,,1,7,284507,[]
coway,Other,B00XQEM2BM,"CUCKOO High Pressure Rice Cooker 10-Cup Uncooked / 20-Cup Cooked with Nonstick Inner Pot, Large Rice Maker with 13 Menu Options and Steam Plate, Fuzzy Logic Tech, Voice Guide, White (CRP-P1009SW)",2026-02,284507,284507,284507,284507,195.90000000000003,244.99,244.99,195.90000000000003,,,,1,8,284507,[]
coway,Other,B00XQEM2BM,"CUCKOO High Pressure Rice Cooker 10-Cup Uncooked / 20-Cup Cooked with Nonstick Inner Pot, Large Rice Maker with 13 Menu Options and Steam Plate, Fuzzy Logic Tech, Voice Guide, White (CRP-P1009SW)",2026-03,284507,284507,284507,284507,150.83285714285716,196.99,196.99,150.83285714285716,,,,1,7,284507,[]
coway,Other,B00XQEM2BM,"CUCKOO High Pressure Rice Cooker 10-Cup Uncooked / 20-Cup Cooked with Nonstick Inner Pot, Large Rice Maker with 13 Menu Options and Steam Plate, Fuzzy Logic Tech, Voice Guide, White (CRP-P1009SW)",2026-04,284507,284507,284507,284507,179.73166666666668,254.16,237.49,179.73166666666668,,,,1,12,284507,[]
coway,Other,B00XQEM2BM,"CUCKOO High Pressure Rice Cooker 10-Cup Uncooked / 20-Cup Cooked with Nonstick Inner Pot, Large Rice Maker with 13 Menu Options and Steam Plate, Fuzzy Logic Tech, Voice Guide, White (CRP-P1009SW)",2026-05,284507,284507,284507,284507,162.64166666666668,224.165,224.235,162.64166666666668,,,,1,12,284507,[]
coway,Other,B00XQEM2BM,"CUCKOO High Pressure Rice Cooker 10-Cup Uncooked / 20-Cup Cooked with Nonstick Inner Pot, Large Rice Maker with 13 Menu Options and Steam Plate, Fuzzy Logic Tech, Voice Guide, White (CRP-P1009SW)",2026-06,284507,284507,284507,284507,191.76,239.99,239.99,191.76,,,,1,2,284507,[]
coway,Other,B00XQEM2E4,"CUCKOO High Pressure Rice Cooker 10-Cup Uncooked / 20-Cup Cooked with Nonstick Inner Pot, Large Rice Maker with 13 Menu Options and Steam Plate, Fuzzy Logic Tech, Voice Guide, Black (CRP-P1009SB)",2016-11,284507,284507,284507,284507,279.99,279.99,0,279.99,,,,1,1,284507,[]
coway,Other,B00XQEM2E4,"CUCKOO High Pressure Rice Cooker 10-Cup Uncooked / 20-Cup Cooked with Nonstick Inner Pot, Large Rice Maker with 13 Menu Options and Steam Plate, Fuzzy Logic Tech, Voice Guide, Black (CRP-P1009SB)",2016-12,284507,284507,284507,284507,223.99,278.99,0,223.99,,,,1,1,284507,[]
coway,Other,B00XQEM2E4,"CUCKOO High Pressure Rice Cooker 10-Cup Uncooked / 20-Cup Cooked with Nonstick Inner Pot, Large Rice Maker with 13 Menu Options and Steam Plate, Fuzzy Logic Tech, Voice Guide, Black (CRP-P1009SB)",2017-04,284507,284507,284507,284507,263.19,279.99,0,263.19,,,,1,2,284507,[]
coway,Other,B00XQEM2E4,"CUCKOO High Pressure Rice Cooker 10-Cup Uncooked / 20-Cup Cooked with Nonstick Inner Pot, Large Rice Maker with 13 Menu Options and Steam Plate, Fuzzy Logic Tech, Voice Guide, Black (CRP-P1009SB)",2017-05,284507,284507,284507,284507,216.56,293.17,0,216.56,,,,1,2,284507,[]
coway,Other,B00XQEM2E4,"CUCKOO High Pressure Rice Cooker 10-Cup Uncooked / 20-Cup Cooked with Nonstick Inner Pot, Large Rice Maker with 13 Menu Options and Steam Plate, Fuzzy Logic Tech, Voice Guide, Black (CRP-P1009SB)",2017-06,284507,284507,284507,284507,505.65200000000004,685.138,0,505.65200000000004,,,,1,5,284507,[]
coway,Other,B00XQEM2E4,"CUCKOO High Pressure Rice Cooker 10-Cup Uncooked / 20-Cup Cooked with Nonstick Inner Pot, Large Rice Maker with 13 Menu Options and Steam Plate, Fuzzy Logic Tech, Voice Guide, Black (CRP-P1009SB)",2017-07,284507,284507,284507,284507,223.54,883.53,0,223.54,,,,1,1,284507,[]
coway,Other,B00XQEM2E4,"CUCKOO High Pressure Rice Cooker 10-Cup Uncooked / 20-Cup Cooked with Nonstick Inner Pot, Large Rice Maker with 13 Menu Options and Steam Plate, Fuzzy Logic Tech, Voice Guide, Black (CRP-P1009SB)",2017-08,284507,284507,284507,284507,918.6342857142857,918.6342857142857,0,918.6342857142857,,,,1,7,284507,[]
coway,Other,B00XQEM2E4,"CUCKOO High Pressure Rice Cooker 10-Cup Uncooked / 20-Cup Cooked with Nonstick Inner Pot, Large Rice Maker with 13 Menu Options and Steam Plate, Fuzzy Logic Tech, Voice Guide, Black (CRP-P1009SB)",2017-09,284507,284507,284507,284507,787.64375,787.64375,0,787.64375,,,,1,8,284507,[]
coway,Other,B00XQEM2E4,"CUCKOO High Pressure Rice Cooker 10-Cup Uncooked / 20-Cup Cooked with Nonstick Inner Pot, Large Rice Maker with 13 Menu Options and Steam Plate, Fuzzy Logic Tech, Voice Guide, Black (CRP-P1009SB)",2017-10,284507,284507,284507,284507,952.8271428571428,952.8271428571428,0,952.8271428571428,,,,1,7,284507,[]
coway,Other,B00XQEM2E4,"CUCKOO High Pressure Rice Cooker 10-Cup Uncooked / 20-Cup Cooked with Nonstick Inner Pot, Large Rice Maker with 13 Menu Options and Steam Plate, Fuzzy Logic Tech, Voice Guide, Black (CRP-P1009SB)",2017-11,284507,284507,284507,284507,646.0142857142857,646.0142857142857,0,646.0142857142857,,,,1,7,284507,[]
coway,Other,B00XQEM2E4,"CUCKOO High Pressure Rice Cooker 10-Cup Uncooked / 20-Cup Cooked with Nonstick Inner Pot, Large Rice Maker with 13 Menu Options and Steam Plate, Fuzzy Logic Tech, Voice Guide, Black (CRP-P1009SB)",2017-12,284507,284507,284507,284507,682.45,682.45,0,682.45,,,,1,9,284507,[]
coway,Other,B00XQEM2E4,"CUCKOO High Pressure Rice Cooker 10-Cup Uncooked / 20-Cup Cooked with Nonstick Inner Pot, Large Rice Maker with 13 Menu Options and Steam Plate, Fuzzy Logic Tech, Voice Guide, Black (CRP-P1009SB)",2018-01,284507,284507,284507,284507,827.67125,827.67125,0,827.67125,,,,1,8,284507,[]
coway,Other,B00XQEM2E4,"CUCKOO High Pressure Rice Cooker 10-Cup Uncooked / 20-Cup Cooked with Nonstick Inner Pot, Large Rice Maker with 13 Menu Options and Steam Plate, Fuzzy Logic Tech, Voice Guide, Black (CRP-P1009SB)",2018-02,284507,284507,284507,284507,355.13399999999996,355.13399999999996,0,355.13399999999996,,,,1,5,284507,[]
coway,Other,B00XQEM2E4,"CUCKOO High Pressure Rice Cooker 10-Cup Uncooked / 20-Cup Cooked with Nonstick Inner Pot, Large Rice Maker with 13 Menu Options and Steam Plate, Fuzzy Logic Tech, Voice Guide, Black (CRP-P1009SB)",2018-03,284507,284507,284507,284507,328.0566666666667,328.0566666666667,0,328.0566666666667,,,,1,3,284507,[]
coway,Other,B00XQEM2E4,"CUCKOO High Pressure Rice Cooker 10-Cup Uncooked / 20-Cup Cooked with Nonstick Inner Pot, Large Rice Maker with 13 Menu Options and Steam Plate, Fuzzy Logic Tech, Voice Guide, Black (CRP-P1009SB)",2018-04,284507,284507,284507,284507,295.78,295.78,0,295.78,,,,1,4,284507,[]
coway,Other,B00XQEM2E4,"CUCKOO High Pressure Rice Cooker 10-Cup Uncooked / 20-Cup Cooked with Nonstick Inner Pot, Large Rice Maker with 13 Menu Options and Steam Plate, Fuzzy Logic Tech, Voice Guide, Black (CRP-P1009SB)",2018-05,284507,284507,284507,284507,292.11,292.11,0,292.11,,,,1,2,284507,[]
coway,Other,B00XQEM2E4,"CUCKOO High Pressure Rice Cooker 10-Cup Uncooked / 20-Cup Cooked with Nonstick Inner Pot, Large Rice Maker with 13 Menu Options and Steam Plate, Fuzzy Logic Tech, Voice Guide, Black (CRP-P1009SB)",2018-06,284507,284507,284507,284507,333.395,333.395,0,333.395,,,,1,4,284507,[]
coway,Other,B00XQEM2E4,"CUCKOO High Pressure Rice Cooker 10-Cup Uncooked / 20-Cup Cooked with Nonstick Inner Pot, Large Rice Maker with 13 Menu Options and Steam Plate, Fuzzy Logic Tech, Voice Guide, Black (CRP-P1009SB)",2018-07,284507,284507,284507,284507,326.65000000000003,326.65000000000003,0,326.65000000000003,,,,1,3,284507,[]
coway,Other,B00XQEM2E4,"CUCKOO High Pressure Rice Cooker 10-Cup Uncooked / 20-Cup Cooked with Nonstick Inner Pot, Large Rice Maker with 13 Menu Options and Steam Plate, Fuzzy Logic Tech, Voice Guide, Black (CRP-P1009SB)",2018-08,284507,284507,284507,284507,365.9157142857143,365.9157142857143,0,365.9157142857143,,,,1,7,284507,[]
coway,Other,B00XQEM2E4,"CUCKOO High Pressure Rice Cooker 10-Cup Uncooked / 20-Cup Cooked with Nonstick Inner Pot, Large Rice Maker with 13 Menu Options and Steam Plate, Fuzzy Logic Tech, Voice Guide, Black (CRP-P1009SB)",2018-09,284507,284507,284507,284507,331.0775,331.0775,0,331.0775,,,,1,4,284507,[]
coway,Other,B00XQEM2E4,"CUCKOO High Pressure Rice Cooker 10-Cup Uncooked / 20-Cup Cooked with Nonstick Inner Pot, Large Rice Maker with 13 Menu Options and Steam Plate, Fuzzy Logic Tech, Voice Guide, Black (CRP-P1009SB)",2018-10,284507,284507,284507,284507,352.45,352.45,0,352.45,,,,1,1,284507,[]
coway,Other,B00XQEM2E4,"CUCKOO High Pressure Rice Cooker 10-Cup Uncooked / 20-Cup Cooked with Nonstick Inner Pot, Large Rice Maker with 13 Menu Options and Steam Plate, Fuzzy Logic Tech, Voice Guide, Black (CRP-P1009SB)",2018-12,284507,284507,284507,284507,400,400,0,400,,,,1,1,284507,[]
coway,Other,B00XQEM2E4,"CUCKOO High Pressure Rice Cooker 10-Cup Uncooked / 20-Cup Cooked with Nonstick Inner Pot, Large Rice Maker with 13 Menu Options and Steam Plate, Fuzzy Logic Tech, Voice Guide, Black (CRP-P1009SB)",2019-02,284507,284507,284507,284507,279.99,279.99,0,279.99,,,,1,1,284507,[]
coway,Other,B00XQEM2E4,"CUCKOO High Pressure Rice Cooker 10-Cup Uncooked / 20-Cup Cooked with Nonstick Inner Pot, Large Rice Maker with 13 Menu Options and Steam Plate, Fuzzy Logic Tech, Voice Guide, Black (CRP-P1009SB)",2019-03,284507,284507,284507,284507,389.99,389.99,0,389.99,,,,1,2,284507,[]
coway,Other,B00XQEM2E4,"CUCKOO High Pressure Rice Cooker 10-Cup Uncooked / 20-Cup Cooked with Nonstick Inner Pot, Large Rice Maker with 13 Menu Options and Steam Plate, Fuzzy Logic Tech, Voice Guide, Black (CRP-P1009SB)",2019-04,284507,284507,284507,284507,335.985,335.985,0,335.985,,,,1,2,284507,[]
coway,Other,B00XQEM2E4,"CUCKOO High Pressure Rice Cooker 10-Cup Uncooked / 20-Cup Cooked with Nonstick Inner Pot, Large Rice Maker with 13 Menu Options and Steam Plate, Fuzzy Logic Tech, Voice Guide, Black (CRP-P1009SB)",2019-05,284507,284507,284507,284507,337.63,337.63,0,337.63,,,,1,4,284507,[]
coway,Other,B00XQEM2E4,"CUCKOO High Pressure Rice Cooker 10-Cup Uncooked / 20-Cup Cooked with Nonstick Inner Pot, Large Rice Maker with 13 Menu Options and Steam Plate, Fuzzy Logic Tech, Voice Guide, Black (CRP-P1009SB)",2019-06,284507,284507,284507,284507,330.1,330.1,0,330.1,,,,1,1,284507,[]
coway,Other,B00XQEM2E4,"CUCKOO High Pressure Rice Cooker 10-Cup Uncooked / 20-Cup Cooked with Nonstick Inner Pot, Large Rice Maker with 13 Menu Options and Steam Plate, Fuzzy Logic Tech, Voice Guide, Black (CRP-P1009SB)",2019-07,284507,284507,284507,284507,258.20500000000004,258.20500000000004,0,258.20500000000004,,,,1,2,284507,[]
coway,Other,B00XQEM2E4,"CUCKOO High Pressure Rice Cooker 10-Cup Uncooked / 20-Cup Cooked with Nonstick Inner Pot, Large Rice Maker with 13 Menu Options and Steam Plate, Fuzzy Logic Tech, Voice Guide, Black (CRP-P1009SB)",2019-08,284507,284507,284507,284507,269.99,269.99,0,269.99,,,,1,1,284507,[]
coway,Other,B00XQEM2E4,"CUCKOO High Pressure Rice Cooker 10-Cup Uncooked / 20-Cup Cooked with Nonstick Inner Pot, Large Rice Maker with 13 Menu Options and Steam Plate, Fuzzy Logic Tech, Voice Guide, Black (CRP-P1009SB)",2019-10,284507,284507,284507,284507,339.64,339.64,0,339.64,,,,1,1,284507,[]
coway,Other,B00XQEM2E4,"CUCKOO High Pressure Rice Cooker 10-Cup Uncooked / 20-Cup Cooked with Nonstick Inner Pot, Large Rice Maker with 13 Menu Options and Steam Plate, Fuzzy Logic Tech, Voice Guide, Black (CRP-P1009SB)",2020-03,284507,284507,284507,284507,279.99,279.99,0,279.99,,,,1,1,284507,[]
coway,Other,B00XQEM2E4,"CUCKOO High Pressure Rice Cooker 10-Cup Uncooked / 20-Cup Cooked with Nonstick Inner Pot, Large Rice Maker with 13 Menu Options and Steam Plate, Fuzzy Logic Tech, Voice Guide, Black (CRP-P1009SB)",2020-04,284507,284507,284507,284507,269.99,269.99,0,269.99,,,,1,1,284507,[]
coway,Other,B00XQEM2E4,"CUCKOO High Pressure Rice Cooker 10-Cup Uncooked / 20-Cup Cooked with Nonstick Inner Pot, Large Rice Maker with 13 Menu Options and Steam Plate, Fuzzy Logic Tech, Voice Guide, Black (CRP-P1009SB)",2020-07,284507,284507,284507,284507,280,280,280,280,,,,1,1,284507,[]
coway,Other,B00XQEM2E4,"CUCKOO High Pressure Rice Cooker 10-Cup Uncooked / 20-Cup Cooked with Nonstick Inner Pot, Large Rice Maker with 13 Menu Options and Steam Plate, Fuzzy Logic Tech, Voice Guide, Black (CRP-P1009SB)",2020-08,284507,284507,284507,284507,354.99,354.99,0,354.99,,,,1,1,284507,[]
coway,Other,B00XQEM2E4,"CUCKOO High Pressure Rice Cooker 10-Cup Uncooked / 20-Cup Cooked with Nonstick Inner Pot, Large Rice Maker with 13 Menu Options and Steam Plate, Fuzzy Logic Tech, Voice Guide, Black (CRP-P1009SB)",2021-01,284507,284507,284507,284507,188.15,188.15,0,188.15,,,,1,1,284507,[]
coway,Other,B00XQEM2E4,"CUCKOO High Pressure Rice Cooker 10-Cup Uncooked / 20-Cup Cooked with Nonstick Inner Pot, Large Rice Maker with 13 Menu Options and Steam Plate, Fuzzy Logic Tech, Voice Guide, Black (CRP-P1009SB)",2021-02,284507,284507,284507,284507,192.07,192.07,0,192.07,,,,1,1,284507,[]
coway,Other,B00XQEM2E4,"CUCKOO High Pressure Rice Cooker 10-Cup Uncooked / 20-Cup Cooked with Nonstick Inner Pot, Large Rice Maker with 13 Menu Options and Steam Plate, Fuzzy Logic Tech, Voice Guide, Black (CRP-P1009SB)",2021-08,284507,284507,284507,284507,287.495,287.495,0,287.495,,,,1,2,284507,[]
coway,Other,B00XQEM2E4,"CUCKOO High Pressure Rice Cooker 10-Cup Uncooked / 20-Cup Cooked with Nonstick Inner Pot, Large Rice Maker with 13 Menu Options and Steam Plate, Fuzzy Logic Tech, Voice Guide, Black (CRP-P1009SB)",2021-09,284507,284507,284507,284507,280,280,0,280,,,,1,1,284507,[]
coway,Other,B00XQEM2E4,"CUCKOO High Pressure Rice Cooker 10-Cup Uncooked / 20-Cup Cooked with Nonstick Inner Pot, Large Rice Maker with 13 Menu Options and Steam Plate, Fuzzy Logic Tech, Voice Guide, Black (CRP-P1009SB)",2021-10,284507,284507,284507,284507,207.78400000000002,0,0,207.78400000000002,,,,1,5,284507,[]
coway,Other,B00XQEM2E4,"CUCKOO High Pressure Rice Cooker 10-Cup Uncooked / 20-Cup Cooked with Nonstick Inner Pot, Large Rice Maker with 13 Menu Options and Steam Plate, Fuzzy Logic Tech, Voice Guide, Black (CRP-P1009SB)",2021-11,284507,284507,284507,284507,253.65750000000003,271.5466666666667,0,253.65750000000003,,,,1,4,284507,[]
coway,Other,B00XQEM2E4,"CUCKOO High Pressure Rice Cooker 10-Cup Uncooked / 20-Cup Cooked with Nonstick Inner Pot, Large Rice Maker with 13 Menu Options and Steam Plate, Fuzzy Logic Tech, Voice Guide, Black (CRP-P1009SB)",2021-12,284507,284507,284507,284507,261.3925,261.3925,0,261.3925,,,,1,4,284507,[]
coway,Other,B00XQEM2E4,"CUCKOO High Pressure Rice Cooker 10-Cup Uncooked / 20-Cup Cooked with Nonstick Inner Pot, Large Rice Maker with 13 Menu Options and Steam Plate, Fuzzy Logic Tech, Voice Guide, Black (CRP-P1009SB)",2022-01,284507,284507,284507,284507,283.46500000000003,283.46500000000003,0,283.46500000000003,,,,1,8,284507,[]
coway,Other,B00XQEM2E4,"CUCKOO High Pressure Rice Cooker 10-Cup Uncooked / 20-Cup Cooked with Nonstick Inner Pot, Large Rice Maker with 13 Menu Options and Steam Plate, Fuzzy Logic Tech, Voice Guide, Black (CRP-P1009SB)",2022-02,284507,284507,284507,284507,261.9811111111111,281.4014285714286,0,261.9811111111111,,,,1,9,284507,[]
coway,Other,B00XQEM2E4,"CUCKOO High Pressure Rice Cooker 10-Cup Uncooked / 20-Cup Cooked with Nonstick Inner Pot, Large Rice Maker with 13 Menu Options and Steam Plate, Fuzzy Logic Tech, Voice Guide, Black (CRP-P1009SB)",2022-03,284507,284507,284507,284507,258.5727777777777,279.8279999999999,0,258.5727777777777,,,,1,18,284507,[]
coway,Other,B00XQEM2E4,"CUCKOO High Pressure Rice Cooker 10-Cup Uncooked / 20-Cup Cooked with Nonstick Inner Pot, Large Rice Maker with 13 Menu Options and Steam Plate, Fuzzy Logic Tech, Voice Guide, Black (CRP-P1009SB)",2022-04,284507,284507,284507,284507,257.4765384615384,282.7963999999999,0,257.4765384615384,,,,1,26,284507,[]
coway,Other,B00XQEM2E4,"CUCKOO High Pressure Rice Cooker 10-Cup Uncooked / 20-Cup Cooked with Nonstick Inner Pot, Large Rice Maker with 13 Menu Options and Steam Plate, Fuzzy Logic Tech, Voice Guide, Black (CRP-P1009SB)",2022-05,284507,284507,284507,284507,249.58249999999998,273.66647058823526,0,249.58249999999998,,,,1,20,284507,[]
coway,Other,B00XQEM2E4,"CUCKOO High Pressure Rice Cooker 10-Cup Uncooked / 20-Cup Cooked with Nonstick Inner Pot, Large Rice Maker with 13 Menu Options and Steam Plate, Fuzzy Logic Tech, Voice Guide, Black (CRP-P1009SB)",2022-06,284507,284507,284507,284507,211.1114285714286,279.97,0,211.1114285714286,,,,1,7,284507,[]
coway,Other,B00XQEM2E4,"CUCKOO High Pressure Rice Cooker 10-Cup Uncooked / 20-Cup Cooked with Nonstick Inner Pot, Large Rice Maker with 13 Menu Options and Steam Plate, Fuzzy Logic Tech, Voice Guide, Black (CRP-P1009SB)",2022-07,284507,284507,284507,284507,273.67428571428565,279.9530769230769,0,273.67428571428565,,,,1,14,284507,[]
coway,Other,B00XQEM2E4,"CUCKOO High Pressure Rice Cooker 10-Cup Uncooked / 20-Cup Cooked with Nonstick Inner Pot, Large Rice Maker with 13 Menu Options and Steam Plate, Fuzzy Logic Tech, Voice Guide, Black (CRP-P1009SB)",2022-08,284507,284507,284507,284507,260.06318181818176,279.9068181818181,0,260.06318181818176,,,,1,22,284507,[]
coway,Other,B00XQEM2E4,"CUCKOO High Pressure Rice Cooker 10-Cup Uncooked / 20-Cup Cooked with Nonstick Inner Pot, Large Rice Maker with 13 Menu Options and Steam Plate, Fuzzy Logic Tech, Voice Guide, Black (CRP-P1009SB)",2022-09,284507,284507,284507,284507,261.23799999999994,280.3423999999999,0,261.23799999999994,,,,1,25,284507,[]
coway,Other,B00XQEM2E4,"CUCKOO High Pressure Rice Cooker 10-Cup Uncooked / 20-Cup Cooked with Nonstick Inner Pot, Large Rice Maker with 13 Menu Options and Steam Plate, Fuzzy Logic Tech, Voice Guide, Black (CRP-P1009SB)",2022-10,284507,284507,284507,284507,270.8976470588235,280.6917647058823,0,270.8976470588235,,,,1,17,284507,[]
coway,Other,B00XQEM2E4,"CUCKOO High Pressure Rice Cooker 10-Cup Uncooked / 20-Cup Cooked with Nonstick Inner Pot, Large Rice Maker with 13 Menu Options and Steam Plate, Fuzzy Logic Tech, Voice Guide, Black (CRP-P1009SB)",2022-11,284507,284507,284507,284507,250.82166666666663,279.82875,0,250.82166666666663,,,,1,12,284507,[]
coway,Other,B00XQEM2E4,"CUCKOO High Pressure Rice Cooker 10-Cup Uncooked / 20-Cup Cooked with Nonstick Inner Pot, Large Rice Maker with 13 Menu Options and Steam Plate, Fuzzy Logic Tech, Voice Guide, Black (CRP-P1009SB)",2022-12,284507,284507,284507,284507,216.44111111111113,269.8066666666667,0,216.44111111111113,,,,1,9,284507,[]
coway,Other,B00XQEM2E4,"CUCKOO High Pressure Rice Cooker 10-Cup Uncooked / 20-Cup Cooked with Nonstick Inner Pot, Large Rice Maker with 13 Menu Options and Steam Plate, Fuzzy Logic Tech, Voice Guide, Black (CRP-P1009SB)",2023-01,284507,284507,284507,284507,247.76666666666665,279.975,0,247.76666666666665,,,,1,6,284507,[]
coway,Other,B00XQEM2E4,"CUCKOO High Pressure Rice Cooker 10-Cup Uncooked / 20-Cup Cooked with Nonstick Inner Pot, Large Rice Maker with 13 Menu Options and Steam Plate, Fuzzy Logic Tech, Voice Guide, Black (CRP-P1009SB)",2023-02,284507,284507,284507,284507,255.32666666666668,279.975,0,255.32666666666668,,,,1,3,284507,[]
coway,Other,B00XQEM2E4,"CUCKOO High Pressure Rice Cooker 10-Cup Uncooked / 20-Cup Cooked with Nonstick Inner Pot, Large Rice Maker with 13 Menu Options and Steam Plate, Fuzzy Logic Tech, Voice Guide, Black (CRP-P1009SB)",2023-04,284507,284507,284507,284507,220.16636363636363,278.68,0,220.16636363636363,,,,1,11,284507,[]
coway,Other,B00XQEM2E4,"CUCKOO High Pressure Rice Cooker 10-Cup Uncooked / 20-Cup Cooked with Nonstick Inner Pot, Large Rice Maker with 13 Menu Options and Steam Plate, Fuzzy Logic Tech, Voice Guide, Black (CRP-P1009SB)",2023-05,284507,284507,284507,284507,260.2735294117647,273.77187499999997,0,260.2735294117647,,,,1,17,284507,[]
coway,Other,B00XQEM2E4,"CUCKOO High Pressure Rice Cooker 10-Cup Uncooked / 20-Cup Cooked with Nonstick Inner Pot, Large Rice Maker with 13 Menu Options and Steam Plate, Fuzzy Logic Tech, Voice Guide, Black (CRP-P1009SB)",2023-06,284507,284507,284507,284507,263.5734782608695,278.7821739130434,0,263.5734782608695,,,,1,23,284507,[]
coway,Other,B00XQEM2E4,"CUCKOO High Pressure Rice Cooker 10-Cup Uncooked / 20-Cup Cooked with Nonstick Inner Pot, Large Rice Maker with 13 Menu Options and Steam Plate, Fuzzy Logic Tech, Voice Guide, Black (CRP-P1009SB)",2023-07,284507,284507,284507,284507,172.17333333333332,0,0,172.17333333333332,,,,1,6,284507,[]
coway,Other,B00XQEM2E4,"CUCKOO High Pressure Rice Cooker 10-Cup Uncooked / 20-Cup Cooked with Nonstick Inner Pot, Large Rice Maker with 13 Menu Options and Steam Plate, Fuzzy Logic Tech, Voice Guide, Black (CRP-P1009SB)",2023-08,284507,284507,284507,284507,193.48454545454544,269.95,0,193.48454545454544,,,,1,11,284507,[]
coway,Other,B00XQEM2E4,"CUCKOO High Pressure Rice Cooker 10-Cup Uncooked / 20-Cup Cooked with Nonstick Inner Pot, Large Rice Maker with 13 Menu Options and Steam Plate, Fuzzy Logic Tech, Voice Guide, Black (CRP-P1009SB)",2023-09,284507,284507,284507,284507,187.3375,286.485,0,187.3375,,,,1,8,284507,[]
coway,Other,B00XQEM2E4,"CUCKOO High Pressure Rice Cooker 10-Cup Uncooked / 20-Cup Cooked with Nonstick Inner Pot, Large Rice Maker with 13 Menu Options and Steam Plate, Fuzzy Logic Tech, Voice Guide, Black (CRP-P1009SB)",2023-10,284507,284507,284507,284507,204.84857142857143,251,0,204.84857142857143,,,,1,7,284507,[]
coway,Other,B00XQEM2E4,"CUCKOO High Pressure Rice Cooker 10-Cup Uncooked / 20-Cup Cooked with Nonstick Inner Pot, Large Rice Maker with 13 Menu Options and Steam Plate, Fuzzy Logic Tech, Voice Guide, Black (CRP-P1009SB)",2023-11,284507,284507,284507,284507,279.96500000000003,279.96500000000003,0,279.96500000000003,,,,1,2,284507,[]
coway,Other,B00XQEM2E4,"CUCKOO High Pressure Rice Cooker 10-Cup Uncooked / 20-Cup Cooked with Nonstick Inner Pot, Large Rice Maker with 13 Menu Options and Steam Plate, Fuzzy Logic Tech, Voice Guide, Black (CRP-P1009SB)",2023-12,284507,284507,284507,284507,213.32333333333335,219.99,0,213.32333333333335,,,,1,3,284507,[]
coway,Other,B00XQEM2E4,"CUCKOO High Pressure Rice Cooker 10-Cup Uncooked / 20-Cup Cooked with Nonstick Inner Pot, Large Rice Maker with 13 Menu Options and Steam Plate, Fuzzy Logic Tech, Voice Guide, Black (CRP-P1009SB)",2024-01,284507,284507,284507,284507,235.99,254.99,0,235.99,,,,1,5,284507,[]
coway,Other,B00XQEM2E4,"CUCKOO High Pressure Rice Cooker 10-Cup Uncooked / 20-Cup Cooked with Nonstick Inner Pot, Large Rice Maker with 13 Menu Options and Steam Plate, Fuzzy Logic Tech, Voice Guide, Black (CRP-P1009SB)",2024-02,284507,284507,284507,284507,226.65666666666667,239.99,0,226.65666666666667,,,,1,3,284507,[]
coway,Other,B00XQEM2E4,"CUCKOO High Pressure Rice Cooker 10-Cup Uncooked / 20-Cup Cooked with Nonstick Inner Pot, Large Rice Maker with 13 Menu Options and Steam Plate, Fuzzy Logic Tech, Voice Guide, Black (CRP-P1009SB)",2024-03,284507,284507,284507,284507,237.72,239.99,0,237.72,,,,1,2,284507,[]
coway,Other,B00XQEM2E4,"CUCKOO High Pressure Rice Cooker 10-Cup Uncooked / 20-Cup Cooked with Nonstick Inner Pot, Large Rice Maker with 13 Menu Options and Steam Plate, Fuzzy Logic Tech, Voice Guide, Black (CRP-P1009SB)",2024-04,284507,284507,284507,284507,219.99,0,0,219.99,,,,1,1,284507,[]
coway,Other,B00XQEM2E4,"CUCKOO High Pressure Rice Cooker 10-Cup Uncooked / 20-Cup Cooked with Nonstick Inner Pot, Large Rice Maker with 13 Menu Options and Steam Plate, Fuzzy Logic Tech, Voice Guide, Black (CRP-P1009SB)",2024-05,284507,284507,284507,284507,223.4766666666667,234.99,0,223.4766666666667,,,,1,3,284507,[]
coway,Other,B00XQEM2E4,"CUCKOO High Pressure Rice Cooker 10-Cup Uncooked / 20-Cup Cooked with Nonstick Inner Pot, Large Rice Maker with 13 Menu Options and Steam Plate, Fuzzy Logic Tech, Voice Guide, Black (CRP-P1009SB)",2024-07,284507,284507,284507,284507,279.99,279.99,0,279.99,,,,1,1,284507,[]
coway,Other,B00XQEM2E4,"CUCKOO High Pressure Rice Cooker 10-Cup Uncooked / 20-Cup Cooked with Nonstick Inner Pot, Large Rice Maker with 13 Menu Options and Steam Plate, Fuzzy Logic Tech, Voice Guide, Black (CRP-P1009SB)",2024-08,284507,284507,284507,284507,191.99,0,0,191.99,,,,1,1,284507,[]
coway,Other,B00XQEM2E4,"CUCKOO High Pressure Rice Cooker 10-Cup Uncooked / 20-Cup Cooked with Nonstick Inner Pot, Large Rice Maker with 13 Menu Options and Steam Plate, Fuzzy Logic Tech, Voice Guide, Black (CRP-P1009SB)",2024-09,284507,284507,284507,284507,268.7325,268.7325,0,268.7325,,,,1,4,284507,[]
coway,Other,B00XQEM2E4,"CUCKOO High Pressure Rice Cooker 10-Cup Uncooked / 20-Cup Cooked with Nonstick Inner Pot, Large Rice Maker with 13 Menu Options and Steam Plate, Fuzzy Logic Tech, Voice Guide, Black (CRP-P1009SB)",2024-10,284507,284507,284507,284507,279.97,279.97,0,279.97,,,,1,2,284507,[]
coway,Other,B00XQEM2E4,"CUCKOO High Pressure Rice Cooker 10-Cup Uncooked / 20-Cup Cooked with Nonstick Inner Pot, Large Rice Maker with 13 Menu Options and Steam Plate, Fuzzy Logic Tech, Voice Guide, Black (CRP-P1009SB)",2024-11,284507,284507,284507,284507,228.72250000000003,228.72250000000003,0,228.72250000000003,,,,1,4,284507,[]
coway,Other,B00XQEM2E4,"CUCKOO High Pressure Rice Cooker 10-Cup Uncooked / 20-Cup Cooked with Nonstick Inner Pot, Large Rice Maker with 13 Menu Options and Steam Plate, Fuzzy Logic Tech, Voice Guide, Black (CRP-P1009SB)",2024-12,284507,284507,284507,284507,214.9723076923077,217.53363636363636,0,214.9723076923077,,,,1,13,284507,[]
coway,Other,B00XQEM2E4,"CUCKOO High Pressure Rice Cooker 10-Cup Uncooked / 20-Cup Cooked with Nonstick Inner Pot, Large Rice Maker with 13 Menu Options and Steam Plate, Fuzzy Logic Tech, Voice Guide, Black (CRP-P1009SB)",2025-01,284507,284507,284507,284507,213.60285714285715,212.74,181.99,213.60285714285715,,,,1,7,284507,[]
coway,Other,B00XQEM2E4,"CUCKOO High Pressure Rice Cooker 10-Cup Uncooked / 20-Cup Cooked with Nonstick Inner Pot, Large Rice Maker with 13 Menu Options and Steam Plate, Fuzzy Logic Tech, Voice Guide, Black (CRP-P1009SB)",2025-02,284507,284507,284507,284507,208.54749999999999,230.77599999999998,0,208.54749999999999,,,,1,8,284507,[]
coway,Other,B00XQEM2E4,"CUCKOO High Pressure Rice Cooker 10-Cup Uncooked / 20-Cup Cooked with Nonstick Inner Pot, Large Rice Maker with 13 Menu Options and Steam Plate, Fuzzy Logic Tech, Voice Guide, Black (CRP-P1009SB)",2025-03,284507,284507,284507,284507,233.26866666666663,270.25166666666667,0,233.26866666666663,,,,1,15,284507,[]
coway,Other,B00XQEM2E4,"CUCKOO High Pressure Rice Cooker 10-Cup Uncooked / 20-Cup Cooked with Nonstick Inner Pot, Large Rice Maker with 13 Menu Options and Steam Plate, Fuzzy Logic Tech, Voice Guide, Black (CRP-P1009SB)",2025-04,284507,284507,284507,284507,183.40076923076924,245.5614285714286,0,183.40076923076924,,,,1,13,284507,[]
coway,Other,B00XQEM2E4,"CUCKOO High Pressure Rice Cooker 10-Cup Uncooked / 20-Cup Cooked with Nonstick Inner Pot, Large Rice Maker with 13 Menu Options and Steam Plate, Fuzzy Logic Tech, Voice Guide, Black (CRP-P1009SB)",2025-05,284507,284507,284507,284507,203.36874999999995,225.5708333333333,196.99,203.36874999999995,,,,1,16,284507,[]
coway,Other,B00XQEM2E4,"CUCKOO High Pressure Rice Cooker 10-Cup Uncooked / 20-Cup Cooked with Nonstick Inner Pot, Large Rice Maker with 13 Menu Options and Steam Plate, Fuzzy Logic Tech, Voice Guide, Black (CRP-P1009SB)",2025-06,284507,284507,284507,284507,240.04705882352937,237.99,209.99,240.04705882352937,,,,1,17,284507,[]
coway,Other,B00XQEM2E4,"CUCKOO High Pressure Rice Cooker 10-Cup Uncooked / 20-Cup Cooked with Nonstick Inner Pot, Large Rice Maker with 13 Menu Options and Steam Plate, Fuzzy Logic Tech, Voice Guide, Black (CRP-P1009SB)",2025-07,284507,284507,284507,284507,190.23294117647058,219.53545454545457,189.99,190.23294117647058,,,,1,17,284507,[]
coway,Other,B00XQEM2E4,"CUCKOO High Pressure Rice Cooker 10-Cup Uncooked / 20-Cup Cooked with Nonstick Inner Pot, Large Rice Maker with 13 Menu Options and Steam Plate, Fuzzy Logic Tech, Voice Guide, Black (CRP-P1009SB)",2025-08,284507,284507,284507,284507,214.41294117647058,250.29666666666665,0,214.41294117647058,,,,1,17,284507,[]
coway,Other,B00XQEM2E4,"CUCKOO High Pressure Rice Cooker 10-Cup Uncooked / 20-Cup Cooked with Nonstick Inner Pot, Large Rice Maker with 13 Menu Options and Steam Plate, Fuzzy Logic Tech, Voice Guide, Black (CRP-P1009SB)",2025-09,284507,284507,284507,284507,236.30279999999996,263.045238095238,0,236.30279999999996,,,,1,25,284507,[]
coway,Other,B00XQEM2E4,"CUCKOO High Pressure Rice Cooker 10-Cup Uncooked / 20-Cup Cooked with Nonstick Inner Pot, Large Rice Maker with 13 Menu Options and Steam Plate, Fuzzy Logic Tech, Voice Guide, Black (CRP-P1009SB)",2025-10,284507,284507,284507,284507,209.48571428571424,230.41666666666663,209.20142857142858,209.48571428571424,,,,1,21,284507,[]
coway,Other,B00XQEM2E4,"CUCKOO High Pressure Rice Cooker 10-Cup Uncooked / 20-Cup Cooked with Nonstick Inner Pot, Large Rice Maker with 13 Menu Options and Steam Plate, Fuzzy Logic Tech, Voice Guide, Black (CRP-P1009SB)",2025-11,284507,284507,284507,284507,181.54916666666668,243.18375,217.344,181.54916666666668,,,,1,12,284507,[]
coway,Other,B00XQEM2E4,"CUCKOO High Pressure Rice Cooker 10-Cup Uncooked / 20-Cup Cooked with Nonstick Inner Pot, Large Rice Maker with 13 Menu Options and Steam Plate, Fuzzy Logic Tech, Voice Guide, Black (CRP-P1009SB)",2025-12,284507,284507,284507,284507,174.8526666666667,195.61571428571432,195.61571428571432,174.8526666666667,,,,1,15,284507,[]
coway,Other,B00XQEM2E4,"CUCKOO High Pressure Rice Cooker 10-Cup Uncooked / 20-Cup Cooked with Nonstick Inner Pot, Large Rice Maker with 13 Menu Options and Steam Plate, Fuzzy Logic Tech, Voice Guide, Black (CRP-P1009SB)",2026-01,284507,284507,284507,284507,194.7770588235294,240.76916666666668,241.43818181818185,194.7770588235294,,,,1,17,284507,[]
coway,Other,B00XQEM2E4,"CUCKOO High Pressure Rice Cooker 10-Cup Uncooked / 20-Cup Cooked with Nonstick Inner Pot, Large Rice Maker with 13 Menu Options and Steam Plate, Fuzzy Logic Tech, Voice Guide, Black (CRP-P1009SB)",2026-02,284507,284507,284507,284507,195.032,235.96857142857144,235.96857142857144,195.032,,,,1,10,284507,[]
coway,Other,B00XQEM2E4,"CUCKOO High Pressure Rice Cooker 10-Cup Uncooked / 20-Cup Cooked with Nonstick Inner Pot, Large Rice Maker with 13 Menu Options and Steam Plate, Fuzzy Logic Tech, Voice Guide, Black (CRP-P1009SB)",2026-03,284507,284507,284507,284507,178.7592857142857,232.15833333333333,232.15833333333333,178.7592857142857,,,,1,14,284507,[]
coway,Other,B00XQEM2E4,"CUCKOO High Pressure Rice Cooker 10-Cup Uncooked / 20-Cup Cooked with Nonstick Inner Pot, Large Rice Maker with 13 Menu Options and Steam Plate, Fuzzy Logic Tech, Voice Guide, Black (CRP-P1009SB)",2026-04,284507,284507,284507,284507,165.55375,239.985,239.985,165.55375,,,,1,8,284507,[]
coway,Other,B00XQEM2E4,"CUCKOO High Pressure Rice Cooker 10-Cup Uncooked / 20-Cup Cooked with Nonstick Inner Pot, Large Rice Maker with 13 Menu Options and Steam Plate, Fuzzy Logic Tech, Voice Guide, Black (CRP-P1009SB)",2026-05,284507,284507,284507,284507,156.8557142857143,204.985,204.985,156.8557142857143,,,,1,7,284507,[]
coway,Other,B00XQEM2E4,"CUCKOO High Pressure Rice Cooker 10-Cup Uncooked / 20-Cup Cooked with Nonstick Inner Pot, Large Rice Maker with 13 Menu Options and Steam Plate, Fuzzy Logic Tech, Voice Guide, Black (CRP-P1009SB)",2026-06,284507,284507,284507,284507,216.255,279.98,279.98,216.255,,,,1,2,284507,[]
coway,Other,B019486ADO,Cuckoo Electric Heating Rice Cooker CR-0671V (Violet/White),2017-07,284507,284507,284507,284507,73.35,73.35,0,73.35,,,,1,1,284507,[]
coway,Other,B019486ADO,Cuckoo Electric Heating Rice Cooker CR-0671V (Violet/White),2017-08,284507,284507,284507,284507,59.82,59.82,0,59.82,,,,1,1,284507,[]
coway,Other,B019486ADO,Cuckoo Electric Heating Rice Cooker CR-0671V (Violet/White),2017-11,284507,284507,284507,284507,69,69,0,69,,,,1,1,284507,[]
coway,Other,B019486ADO,Cuckoo Electric Heating Rice Cooker CR-0671V (Violet/White),2017-12,284507,284507,284507,284507,68.99,68.99,0,68.99,,,,1,1,284507,[]
coway,Other,B019486ADO,Cuckoo Electric Heating Rice Cooker CR-0671V (Violet/White),2018-01,284507,284507,284507,284507,67.49,67.49,0,67.49,,,,1,1,284507,[]
coway,Other,B019486ADO,Cuckoo Electric Heating Rice Cooker CR-0671V (Violet/White),2018-05,284507,284507,284507,284507,67.36,67.36,0,67.36,,,,1,3,284507,[]
coway,Other,B019486ADO,Cuckoo Electric Heating Rice Cooker CR-0671V (Violet/White),2018-06,284507,284507,284507,284507,67.10166666666667,67.10166666666667,0,67.10166666666667,,,,1,12,284507,[]
coway,Other,B019486ADO,Cuckoo Electric Heating Rice Cooker CR-0671V (Violet/White),2018-07,284507,284507,284507,284507,66.81666666666666,66.81666666666666,0,66.81666666666666,,,,1,15,284507,[]
coway,Other,B019486ADO,Cuckoo Electric Heating Rice Cooker CR-0671V (Violet/White),2018-08,284507,284507,284507,284507,99.43,99.43,0,99.43,,,,1,8,284507,[]
coway,Other,B019486ADO,Cuckoo Electric Heating Rice Cooker CR-0671V (Violet/White),2018-09,284507,284507,284507,284507,67.69,67.69,0,67.69,,,,1,3,284507,[]
coway,Other,B019486ADO,Cuckoo Electric Heating Rice Cooker CR-0671V (Violet/White),2018-10,284507,284507,284507,284507,65.545,65.545,0,65.545,,,,1,4,284507,[]
coway,Other,B019486ADO,Cuckoo Electric Heating Rice Cooker CR-0671V (Violet/White),2018-11,284507,284507,284507,284507,56.97,56.97,0,56.97,,,,1,3,284507,[]
coway,Other,B019486ADO,Cuckoo Electric Heating Rice Cooker CR-0671V (Violet/White),2018-12,284507,284507,284507,284507,70.08000000000001,70.08000000000001,0,70.08000000000001,,,,1,4,284507,[]
coway,Other,B019486ADO,Cuckoo Electric Heating Rice Cooker CR-0671V (Violet/White),2019-01,284507,284507,284507,284507,64.95,64.95,0,64.95,,,,1,1,284507,[]
coway,Other,B019486ADO,Cuckoo Electric Heating Rice Cooker CR-0671V (Violet/White),2019-02,284507,284507,284507,284507,57.95,57.95,0,57.95,,,,1,1,284507,[]
coway,Other,B019486ADO,Cuckoo Electric Heating Rice Cooker CR-0671V (Violet/White),2019-03,284507,284507,284507,284507,69.04333333333334,69.04333333333334,0,69.04333333333334,,,,1,3,284507,[]
coway,Other,B019486ADO,Cuckoo Electric Heating Rice Cooker CR-0671V (Violet/White),2019-04,284507,284507,284507,284507,60.05999999999999,60.05999999999999,0,60.05999999999999,,,,1,5,284507,[]
coway,Other,B019486ADO,Cuckoo Electric Heating Rice Cooker CR-0671V (Violet/White),2019-05,284507,284507,284507,284507,58.102,58.102,0,58.102,,,,1,5,284507,[]
coway,Other,B019486ADO,Cuckoo Electric Heating Rice Cooker CR-0671V (Violet/White),2019-06,284507,284507,284507,284507,59.525000000000006,59.525000000000006,0,59.525000000000006,,,,1,4,284507,[]
coway,Other,B019486ADO,Cuckoo Electric Heating Rice Cooker CR-0671V (Violet/White),2019-07,284507,284507,284507,284507,58.99000000000001,58.99000000000001,0,58.99000000000001,,,,1,6,284507,[]
coway,Other,B019486ADO,Cuckoo Electric Heating Rice Cooker CR-0671V (Violet/White),2019-08,284507,284507,284507,284507,60.865,60.865,0,60.865,,,,1,4,284507,[]
coway,Other,B019486ADO,Cuckoo Electric Heating Rice Cooker CR-0671V (Violet/White),2019-09,284507,284507,284507,284507,76.185,76.185,0,76.185,,,,1,2,284507,[]
coway,Other,B019486ADO,Cuckoo Electric Heating Rice Cooker CR-0671V (Violet/White),2019-10,284507,284507,284507,284507,60.21333333333333,60.21333333333333,0,60.21333333333333,,,,1,3,284507,[]
coway,Other,B019486ADO,Cuckoo Electric Heating Rice Cooker CR-0671V (Violet/White),2019-11,284507,284507,284507,284507,66.34666666666665,66.34666666666665,0,66.34666666666665,,,,1,3,284507,[]
coway,Other,B019486ADO,Cuckoo Electric Heating Rice Cooker CR-0671V (Violet/White),2019-12,284507,284507,284507,284507,105.04,105.04,0,105.04,,,,1,1,284507,[]
coway,Other,B019486ADO,Cuckoo Electric Heating Rice Cooker CR-0671V (Violet/White),2020-01,284507,284507,284507,284507,67.32,67.32,0,67.32,,,,1,3,284507,[]
coway,Other,B019486ADO,Cuckoo Electric Heating Rice Cooker CR-0671V (Violet/White),2020-02,284507,284507,284507,284507,67.26,67.26,0,67.26,,,,1,4,284507,[]
coway,Other,B019486ADO,Cuckoo Electric Heating Rice Cooker CR-0671V (Violet/White),2020-03,284507,284507,284507,284507,69.67,69.67,0,69.67,,,,1,3,284507,[]
coway,Other,B019486ADO,Cuckoo Electric Heating Rice Cooker CR-0671V (Violet/White),2020-08,284507,284507,284507,284507,80.99,80.99,0,80.99,,,,1,1,284507,[]
coway,Other,B019486ADO,Cuckoo Electric Heating Rice Cooker CR-0671V (Violet/White),2020-09,284507,284507,284507,284507,75.99,75.99,0,75.99,,,,1,1,284507,[]
coway,Other,B019486ADO,Cuckoo Electric Heating Rice Cooker CR-0671V (Violet/White),2020-10,284507,284507,284507,284507,60.957142857142856,60.957142857142856,0,60.957142857142856,,,,1,7,284507,[]
coway,Other,B019486ADO,Cuckoo Electric Heating Rice Cooker CR-0671V (Violet/White),2020-11,284507,284507,284507,284507,53.456666666666656,65.53999999999999,0,53.456666666666656,,,,1,3,284507,[]
coway,Other,B019486ADO,Cuckoo Electric Heating Rice Cooker CR-0671V (Violet/White),2020-12,284507,284507,284507,284507,69.125,69.125,0,69.125,,,,1,4,284507,[]
coway,Other,B019486ADO,Cuckoo Electric Heating Rice Cooker CR-0671V (Violet/White),2021-01,284507,284507,284507,284507,62.97333333333333,62.97333333333333,0,62.97333333333333,,,,1,6,284507,[]
coway,Other,B019486ADO,Cuckoo Electric Heating Rice Cooker CR-0671V (Violet/White),2021-02,284507,284507,284507,284507,65.59,65.59,0,65.59,,,,1,2,284507,[]
coway,Other,B019486ADO,Cuckoo Electric Heating Rice Cooker CR-0671V (Violet/White),2021-04,284507,284507,284507,284507,62.77,62.77,0,62.77,,,,1,4,284507,[]
coway,Other,B019486ADO,Cuckoo Electric Heating Rice Cooker CR-0671V (Violet/White),2021-05,284507,284507,284507,284507,103.91999999999999,103.91999999999999,0,103.91999999999999,,,,1,2,284507,[]
coway,Other,B019486ADO,Cuckoo Electric Heating Rice Cooker CR-0671V (Violet/White),2021-06,284507,284507,284507,284507,149.97,149.97,0,149.97,,,,1,1,284507,[]
coway,Other,B019486ADO,Cuckoo Electric Heating Rice Cooker CR-0671V (Violet/White),2021-08,284507,284507,284507,284507,124.975,124.975,0,124.975,,,,1,2,284507,[]
coway,Other,B019486ADO,Cuckoo Electric Heating Rice Cooker CR-0671V (Violet/White),2021-09,284507,284507,284507,284507,125.97999999999999,125.97999999999999,0,125.97999999999999,,,,1,5,284507,[]
coway,Other,B019486ADO,Cuckoo Electric Heating Rice Cooker CR-0671V (Violet/White),2021-12,284507,284507,284507,284507,99,99,0,99,,,,1,1,284507,[]
coway,Other,B019486ADO,Cuckoo Electric Heating Rice Cooker CR-0671V (Violet/White),2022-01,284507,284507,284507,284507,138.65666666666667,138.65666666666667,0,138.65666666666667,,,,1,3,284507,[]
coway,Other,B019486ADO,Cuckoo Electric Heating Rice Cooker CR-0671V (Violet/White),2022-02,284507,284507,284507,284507,102.49000000000001,102.49000000000001,0,102.49000000000001,,,,1,11,284507,[]
coway,Other,B019486ADO,Cuckoo Electric Heating Rice Cooker CR-0671V (Violet/White),2022-03,284507,284507,284507,284507,72.03833333333334,72.03833333333334,0,72.03833333333334,,,,1,6,284507,[]
coway,Other,B019486ADO,Cuckoo Electric Heating Rice Cooker CR-0671V (Violet/White),2022-04,284507,284507,284507,284507,120.70750000000001,120.70750000000001,0,120.70750000000001,,,,1,20,284507,[]
coway,Other,B019486ADO,Cuckoo Electric Heating Rice Cooker CR-0671V (Violet/White),2022-05,284507,284507,284507,284507,91.955,91.955,0,91.955,,,,1,6,284507,[]
coway,Other,B019486ADO,Cuckoo Electric Heating Rice Cooker CR-0671V (Violet/White),2022-06,284507,284507,284507,284507,76.61285714285715,76.61285714285715,0,76.61285714285715,,,,1,7,284507,[]
coway,Other,B019486ADO,Cuckoo Electric Heating Rice Cooker CR-0671V (Violet/White),2022-07,284507,284507,284507,284507,70.39000000000001,76.97600000000001,0,70.39000000000001,,,,1,5,284507,[]
coway,Other,B019486ADO,Cuckoo Electric Heating Rice Cooker CR-0671V (Violet/White),2022-08,284507,284507,284507,284507,113.99,113.99,0,113.99,,,,1,1,284507,[]
coway,Other,B019486ADO,Cuckoo Electric Heating Rice Cooker CR-0671V (Violet/White),2022-09,284507,284507,284507,284507,99,99,0,99,,,,1,1,284507,[]
coway,Other,B019486ADO,Cuckoo Electric Heating Rice Cooker CR-0671V (Violet/White),2022-10,284507,284507,284507,284507,88.25,88.25,0,88.25,,,,1,1,284507,[]
coway,Other,B019486ADO,Cuckoo Electric Heating Rice Cooker CR-0671V (Violet/White),2022-11,284507,284507,284507,284507,29.515,0,0,29.515,,,,1,2,284507,[]
coway,Other,B019486ADO,Cuckoo Electric Heating Rice Cooker CR-0671V (Violet/White),2022-12,284507,284507,284507,284507,29.32,0,0,29.32,,,,1,1,284507,[]
coway,Other,B019486ADO,Cuckoo Electric Heating Rice Cooker CR-0671V (Violet/White),2023-01,284507,284507,284507,284507,49.89,49.89,0,49.89,,,,1,1,284507,[]
coway,Other,B019486ADO,Cuckoo Electric Heating Rice Cooker CR-0671V (Violet/White),2023-07,284507,284507,284507,284507,33.6,0,0,33.6,,,,1,1,284507,[]
coway,Other,B019486ADO,Cuckoo Electric Heating Rice Cooker CR-0671V (Violet/White),2023-08,284507,284507,284507,284507,30.77,0,0,30.77,,,,1,1,284507,[]
coway,Other,B019486ADO,Cuckoo Electric Heating Rice Cooker CR-0671V (Violet/White),2023-09,284507,284507,284507,284507,35.887499999999996,0,0,35.887499999999996,,,,1,4,284507,[]
coway,Other,B019486ADO,Cuckoo Electric Heating Rice Cooker CR-0671V (Violet/White),2023-10,284507,284507,284507,284507,69.89,69.89,0,69.89,,,,1,1,284507,[]
coway,Other,B019486ADO,Cuckoo Electric Heating Rice Cooker CR-0671V (Violet/White),2023-11,284507,284507,284507,284507,60.725,71,0,60.725,,,,1,2,284507,[]
coway,Other,B019486ADO,Cuckoo Electric Heating Rice Cooker CR-0671V (Violet/White),2023-12,284507,284507,284507,284507,49.0825,0,0,49.0825,,,,1,4,284507,[]
coway,Other,B019486ADO,Cuckoo Electric Heating Rice Cooker CR-0671V (Violet/White),2024-01,284507,284507,284507,284507,40.485,0,0,40.485,,,,1,2,284507,[]
coway,Other,B019486ADO,Cuckoo Electric Heating Rice Cooker CR-0671V (Violet/White),2024-02,284507,284507,284507,284507,41.540000000000006,0,0,41.540000000000006,,,,1,2,284507,[]
coway,Other,B019486ADO,Cuckoo Electric Heating Rice Cooker CR-0671V (Violet/White),2024-03,284507,284507,284507,284507,35.035000000000004,0,0,35.035000000000004,,,,1,4,284507,[]
coway,Other,B019486ADO,Cuckoo Electric Heating Rice Cooker CR-0671V (Violet/White),2024-04,284507,284507,284507,284507,35.185,0,0,35.185,,,,1,2,284507,[]
coway,Other,B019486ADO,Cuckoo Electric Heating Rice Cooker CR-0671V (Violet/White),2024-05,284507,284507,284507,284507,48.13666666666666,71,0,48.13666666666666,,,,1,3,284507,[]
coway,Other,B019486ADO,Cuckoo Electric Heating Rice Cooker CR-0671V (Violet/White),2024-06,284507,284507,284507,284507,36.019999999999996,33.95,0,36.019999999999996,,,,1,5,284507,[]
coway,Other,B019486ADO,Cuckoo Electric Heating Rice Cooker CR-0671V (Violet/White),2024-07,284507,284507,284507,284507,37.25,0,0,37.25,,,,1,2,284507,[]
coway,Other,B019486ADO,Cuckoo Electric Heating Rice Cooker CR-0671V (Violet/White),2024-08,284507,284507,284507,284507,32.22,0,0,32.22,,,,1,1,284507,[]
coway,Other,B019486ADO,Cuckoo Electric Heating Rice Cooker CR-0671V (Violet/White),2024-09,284507,284507,284507,284507,31.26,0,0,31.26,,,,1,5,284507,[]
coway,Other,B019486ADO,Cuckoo Electric Heating Rice Cooker CR-0671V (Violet/White),2024-10,284507,284507,284507,284507,32.45428571428571,0,0,32.45428571428571,,,,1,7,284507,[]
coway,Other,B019486ADO,Cuckoo Electric Heating Rice Cooker CR-0671V (Violet/White),2024-11,284507,284507,284507,284507,32.42,0,0,32.42,,,,1,4,284507,[]
coway,Other,B019486ADO,Cuckoo Electric Heating Rice Cooker CR-0671V (Violet/White),2024-12,284507,284507,284507,284507,30.387999999999998,0,0,30.387999999999998,,,,1,5,284507,[]
coway,Other,B019486ADO,Cuckoo Electric Heating Rice Cooker CR-0671V (Violet/White),2025-01,284507,284507,284507,284507,34.802499999999995,0,0,34.802499999999995,,,,1,8,284507,[]
coway,Other,B019486ADO,Cuckoo Electric Heating Rice Cooker CR-0671V (Violet/White),2025-02,284507,284507,284507,284507,38.093333333333334,0,0,38.093333333333334,,,,1,3,284507,[]
coway,Other,B019486ADO,Cuckoo Electric Heating Rice Cooker CR-0671V (Violet/White),2025-03,284507,284507,284507,284507,38.87428571428571,0,0,38.87428571428571,,,,1,7,284507,[]
coway,Other,B019486ADO,Cuckoo Electric Heating Rice Cooker CR-0671V (Violet/White),2025-04,284507,284507,284507,284507,35.940000000000005,0,0,35.940000000000005,,,,1,5,284507,[]
coway,Other,B019486ADO,Cuckoo Electric Heating Rice Cooker CR-0671V (Violet/White),2025-05,284507,284507,284507,284507,37.239999999999995,0,0,37.239999999999995,,,,1,9,284507,[]
coway,Other,B019486ADO,Cuckoo Electric Heating Rice Cooker CR-0671V (Violet/White),2025-06,284507,284507,284507,284507,41.472,0,0,41.472,,,,1,5,284507,[]
coway,Other,B019486ADO,Cuckoo Electric Heating Rice Cooker CR-0671V (Violet/White),2025-07,284507,284507,284507,284507,42.5475,0,0,42.5475,,,,1,4,284507,[]
coway,Other,B019486ADO,Cuckoo Electric Heating Rice Cooker CR-0671V (Violet/White),2025-08,284507,284507,284507,284507,36.349999999999994,0,0,36.349999999999994,,,,1,4,284507,[]
coway,Other,B019486ADO,Cuckoo Electric Heating Rice Cooker CR-0671V (Violet/White),2025-09,284507,284507,284507,284507,40.06,61.74,61.74,40.06,,,,1,8,284507,[]
coway,Other,B019486ADO,Cuckoo Electric Heating Rice Cooker CR-0671V (Violet/White),2025-10,284507,284507,284507,284507,45.76714285714286,57.419999999999995,57.419999999999995,45.76714285714286,,,,1,7,284507,[]
coway,Other,B019486ADO,Cuckoo Electric Heating Rice Cooker CR-0671V (Violet/White),2025-11,284507,284507,284507,284507,44.633750000000006,49.656,49.656,44.633750000000006,,,,1,8,284507,[]
coway,Other,B019486ADO,Cuckoo Electric Heating Rice Cooker CR-0671V (Violet/White),2025-12,284507,284507,284507,284507,46.68555555555556,55.7525,55.7525,46.68555555555556,,,,1,9,284507,[]
coway,Other,B019486ADO,Cuckoo Electric Heating Rice Cooker CR-0671V (Violet/White),2026-01,284507,284507,284507,284507,56.63,60.839,60.839,56.63,,,,1,13,284507,[]
coway,Other,B019486ADO,Cuckoo Electric Heating Rice Cooker CR-0671V (Violet/White),2026-02,284507,284507,284507,284507,57.3975,62.416666666666664,62.416666666666664,57.3975,,,,1,4,284507,[]
coway,Other,B019486ADO,Cuckoo Electric Heating Rice Cooker CR-0671V (Violet/White),2026-03,284507,284507,284507,284507,56.943333333333335,61.165,61.165,56.943333333333335,,,,1,9,284507,[]
coway,Other,B019486ADO,Cuckoo Electric Heating Rice Cooker CR-0671V (Violet/White),2026-04,284507,284507,284507,284507,58.667142857142856,65.19399999999999,65.19399999999999,58.667142857142856,,,,1,7,284507,[]
coway,Other,B019486ADO,Cuckoo Electric Heating Rice Cooker CR-0671V (Violet/White),2026-05,284507,284507,284507,284507,54.25,64.02799999999999,64.02799999999999,54.25,,,,1,6,284507,[]
coway,Other,B019486ADO,Cuckoo Electric Heating Rice Cooker CR-0671V (Violet/White),2026-06,284507,284507,284507,284507,79.8,79.8,79.8,79.8,,,,1,1,284507,[]
coway,Other,B01JRTZVVM,"CUCKOO High Pressure Rice Cooker 6-Cup Uncooked / 12-Cup Cooked with Nonstick Inner Pot, Versatile Rice Maker with 12 Menu Options and Steam Plate, Fuzzy Logic Tech, Voice Guide, Black (CRP-P0609S)",2017-01,284507,284507,284507,284507,259.99,259.99,0,259.99,,,,1,1,284507,[]
coway,Other,B01JRTZVVM,"CUCKOO High Pressure Rice Cooker 6-Cup Uncooked / 12-Cup Cooked with Nonstick Inner Pot, Versatile Rice Maker with 12 Menu Options and Steam Plate, Fuzzy Logic Tech, Voice Guide, Black (CRP-P0609S)",2017-02,284507,284507,284507,284507,259.99,259.99,0,259.99,,,,1,1,284507,[]
coway,Other,B01JRTZVVM,"CUCKOO High Pressure Rice Cooker 6-Cup Uncooked / 12-Cup Cooked with Nonstick Inner Pot, Versatile Rice Maker with 12 Menu Options and Steam Plate, Fuzzy Logic Tech, Voice Guide, Black (CRP-P0609S)",2017-04,284507,284507,284507,284507,269.99,269.99,0,269.99,,,,1,1,284507,[]
coway,Other,B01JRTZVVM,"CUCKOO High Pressure Rice Cooker 6-Cup Uncooked / 12-Cup Cooked with Nonstick Inner Pot, Versatile Rice Maker with 12 Menu Options and Steam Plate, Fuzzy Logic Tech, Voice Guide, Black (CRP-P0609S)",2017-05,284507,284507,284507,284507,279.42,279.42,250.99,279.42,,,,1,3,284507,[]
coway,Other,B01JRTZVVM,"CUCKOO High Pressure Rice Cooker 6-Cup Uncooked / 12-Cup Cooked with Nonstick Inner Pot, Versatile Rice Maker with 12 Menu Options and Steam Plate, Fuzzy Logic Tech, Voice Guide, Black (CRP-P0609S)",2017-06,284507,284507,284507,284507,270.70500000000004,270.70500000000004,251.99,270.70500000000004,,,,1,4,284507,[]
coway,Other,B01JRTZVVM,"CUCKOO High Pressure Rice Cooker 6-Cup Uncooked / 12-Cup Cooked with Nonstick Inner Pot, Versatile Rice Maker with 12 Menu Options and Steam Plate, Fuzzy Logic Tech, Voice Guide, Black (CRP-P0609S)",2017-07,284507,284507,284507,284507,297.0925,297.0925,259.99,297.0925,,,,1,4,284507,[]
coway,Other,B01JRTZVVM,"CUCKOO High Pressure Rice Cooker 6-Cup Uncooked / 12-Cup Cooked with Nonstick Inner Pot, Versatile Rice Maker with 12 Menu Options and Steam Plate, Fuzzy Logic Tech, Voice Guide, Black (CRP-P0609S)",2017-08,284507,284507,284507,284507,258.5,258.5,258.5,258.5,,,,1,1,284507,[]
coway,Other,B01JRTZVVM,"CUCKOO High Pressure Rice Cooker 6-Cup Uncooked / 12-Cup Cooked with Nonstick Inner Pot, Versatile Rice Maker with 12 Menu Options and Steam Plate, Fuzzy Logic Tech, Voice Guide, Black (CRP-P0609S)",2017-09,284507,284507,284507,284507,241.07999999999998,241.07999999999998,241.07999999999998,241.07999999999998,,,,1,2,284507,[]
coway,Other,B01JRTZVVM,"CUCKOO High Pressure Rice Cooker 6-Cup Uncooked / 12-Cup Cooked with Nonstick Inner Pot, Versatile Rice Maker with 12 Menu Options and Steam Plate, Fuzzy Logic Tech, Voice Guide, Black (CRP-P0609S)",2017-10,284507,284507,284507,284507,217.098,217.098,217.098,217.098,,,,1,5,284507,[]
coway,Other,B01JRTZVVM,"CUCKOO High Pressure Rice Cooker 6-Cup Uncooked / 12-Cup Cooked with Nonstick Inner Pot, Versatile Rice Maker with 12 Menu Options and Steam Plate, Fuzzy Logic Tech, Voice Guide, Black (CRP-P0609S)",2017-11,284507,284507,284507,284507,381.30727272727285,381.30727272727285,231.5666666666667,381.30727272727285,,,,1,11,284507,[]
coway,Other,B01JRTZVVM,"CUCKOO High Pressure Rice Cooker 6-Cup Uncooked / 12-Cup Cooked with Nonstick Inner Pot, Versatile Rice Maker with 12 Menu Options and Steam Plate, Fuzzy Logic Tech, Voice Guide, Black (CRP-P0609S)",2017-12,284507,284507,284507,284507,604.969,604.969,0,604.969,,,,1,10,284507,[]
coway,Other,B01JRTZVVM,"CUCKOO High Pressure Rice Cooker 6-Cup Uncooked / 12-Cup Cooked with Nonstick Inner Pot, Versatile Rice Maker with 12 Menu Options and Steam Plate, Fuzzy Logic Tech, Voice Guide, Black (CRP-P0609S)",2018-01,284507,284507,284507,284507,384.98,384.98,0,384.98,,,,1,5,284507,[]
coway,Other,B01JRTZVVM,"CUCKOO High Pressure Rice Cooker 6-Cup Uncooked / 12-Cup Cooked with Nonstick Inner Pot, Versatile Rice Maker with 12 Menu Options and Steam Plate, Fuzzy Logic Tech, Voice Guide, Black (CRP-P0609S)",2018-02,284507,284507,284507,284507,314.73249999999996,314.73249999999996,0,314.73249999999996,,,,1,4,284507,[]
coway,Other,B01JRTZVVM,"CUCKOO High Pressure Rice Cooker 6-Cup Uncooked / 12-Cup Cooked with Nonstick Inner Pot, Versatile Rice Maker with 12 Menu Options and Steam Plate, Fuzzy Logic Tech, Voice Guide, Black (CRP-P0609S)",2018-03,284507,284507,284507,284507,269.25166666666667,269.25166666666667,0,269.25166666666667,,,,1,6,284507,[]
coway,Other,B01JRTZVVM,"CUCKOO High Pressure Rice Cooker 6-Cup Uncooked / 12-Cup Cooked with Nonstick Inner Pot, Versatile Rice Maker with 12 Menu Options and Steam Plate, Fuzzy Logic Tech, Voice Guide, Black (CRP-P0609S)",2018-04,284507,284507,284507,284507,261.88399999999996,261.88399999999996,0,261.88399999999996,,,,1,5,284507,[]
coway,Other,B01JRTZVVM,"CUCKOO High Pressure Rice Cooker 6-Cup Uncooked / 12-Cup Cooked with Nonstick Inner Pot, Versatile Rice Maker with 12 Menu Options and Steam Plate, Fuzzy Logic Tech, Voice Guide, Black (CRP-P0609S)",2018-05,284507,284507,284507,284507,261.21250000000003,261.21250000000003,0,261.21250000000003,,,,1,4,284507,[]
coway,Other,B01JRTZVVM,"CUCKOO High Pressure Rice Cooker 6-Cup Uncooked / 12-Cup Cooked with Nonstick Inner Pot, Versatile Rice Maker with 12 Menu Options and Steam Plate, Fuzzy Logic Tech, Voice Guide, Black (CRP-P0609S)",2018-06,284507,284507,284507,284507,259.3455555555555,259.3455555555555,0,259.3455555555555,,,,1,9,284507,[]
coway,Other,B01JRTZVVM,"CUCKOO High Pressure Rice Cooker 6-Cup Uncooked / 12-Cup Cooked with Nonstick Inner Pot, Versatile Rice Maker with 12 Menu Options and Steam Plate, Fuzzy Logic Tech, Voice Guide, Black (CRP-P0609S)",2018-07,284507,284507,284507,284507,261.08000000000004,261.08000000000004,0,261.08000000000004,,,,1,4,284507,[]
coway,Other,B01JRTZVVM,"CUCKOO High Pressure Rice Cooker 6-Cup Uncooked / 12-Cup Cooked with Nonstick Inner Pot, Versatile Rice Maker with 12 Menu Options and Steam Plate, Fuzzy Logic Tech, Voice Guide, Black (CRP-P0609S)",2018-08,284507,284507,284507,284507,325.2583333333333,325.2583333333333,0,325.2583333333333,,,,1,6,284507,[]
coway,Other,B01JRTZVVM,"CUCKOO High Pressure Rice Cooker 6-Cup Uncooked / 12-Cup Cooked with Nonstick Inner Pot, Versatile Rice Maker with 12 Menu Options and Steam Plate, Fuzzy Logic Tech, Voice Guide, Black (CRP-P0609S)",2018-09,284507,284507,284507,284507,310.16,310.16,236,310.16,,,,1,6,284507,[]
coway,Other,B01JRTZVVM,"CUCKOO High Pressure Rice Cooker 6-Cup Uncooked / 12-Cup Cooked with Nonstick Inner Pot, Versatile Rice Maker with 12 Menu Options and Steam Plate, Fuzzy Logic Tech, Voice Guide, Black (CRP-P0609S)",2018-10,284507,284507,284507,284507,260.00142857142856,260.00142857142856,243.7625,260.00142857142856,,,,1,7,284507,[]
coway,Other,B01JRTZVVM,"CUCKOO High Pressure Rice Cooker 6-Cup Uncooked / 12-Cup Cooked with Nonstick Inner Pot, Versatile Rice Maker with 12 Menu Options and Steam Plate, Fuzzy Logic Tech, Voice Guide, Black (CRP-P0609S)",2018-11,284507,284507,284507,284507,230.51999999999998,230.51999999999998,236.215,230.51999999999998,,,,1,4,284507,[]
coway,Other,B01JRTZVVM,"CUCKOO High Pressure Rice Cooker 6-Cup Uncooked / 12-Cup Cooked with Nonstick Inner Pot, Versatile Rice Maker with 12 Menu Options and Steam Plate, Fuzzy Logic Tech, Voice Guide, Black (CRP-P0609S)",2018-12,284507,284507,284507,284507,283.035,283.035,246.07,283.035,,,,1,8,284507,[]
coway,Other,B01JRTZVVM,"CUCKOO High Pressure Rice Cooker 6-Cup Uncooked / 12-Cup Cooked with Nonstick Inner Pot, Versatile Rice Maker with 12 Menu Options and Steam Plate, Fuzzy Logic Tech, Voice Guide, Black (CRP-P0609S)",2019-01,284507,284507,284507,284507,231.99,231.99,231.99,231.99,,,,1,6,284507,[]
coway,Other,B01JRTZVVM,"CUCKOO High Pressure Rice Cooker 6-Cup Uncooked / 12-Cup Cooked with Nonstick Inner Pot, Versatile Rice Maker with 12 Menu Options and Steam Plate, Fuzzy Logic Tech, Voice Guide, Black (CRP-P0609S)",2019-02,284507,284507,284507,284507,270.945,270.945,259.95,270.945,,,,1,4,284507,[]
coway,Other,B01JRTZVVM,"CUCKOO High Pressure Rice Cooker 6-Cup Uncooked / 12-Cup Cooked with Nonstick Inner Pot, Versatile Rice Maker with 12 Menu Options and Steam Plate, Fuzzy Logic Tech, Voice Guide, Black (CRP-P0609S)",2019-03,284507,284507,284507,284507,332.985,332.985,0,332.985,,,,1,4,284507,[]
coway,Other,B01JRTZVVM,"CUCKOO High Pressure Rice Cooker 6-Cup Uncooked / 12-Cup Cooked with Nonstick Inner Pot, Versatile Rice Maker with 12 Menu Options and Steam Plate, Fuzzy Logic Tech, Voice Guide, Black (CRP-P0609S)",2019-04,284507,284507,284507,284507,246.782,259.31,259.31,246.782,,,,1,5,284507,[]
coway,Other,B01JRTZVVM,"CUCKOO High Pressure Rice Cooker 6-Cup Uncooked / 12-Cup Cooked with Nonstick Inner Pot, Versatile Rice Maker with 12 Menu Options and Steam Plate, Fuzzy Logic Tech, Voice Guide, Black (CRP-P0609S)",2019-05,284507,284507,284507,284507,225.28999999999996,233.76777777777775,233.76777777777775,225.28999999999996,,,,1,10,284507,[]
coway,Other,B01JRTZVVM,"CUCKOO High Pressure Rice Cooker 6-Cup Uncooked / 12-Cup Cooked with Nonstick Inner Pot, Versatile Rice Maker with 12 Menu Options and Steam Plate, Fuzzy Logic Tech, Voice Guide, Black (CRP-P0609S)",2019-06,284507,284507,284507,284507,224.98666666666668,239.485,218.99,224.98666666666668,,,,1,3,284507,[]
coway,Other,B01JRTZVVM,"CUCKOO High Pressure Rice Cooker 6-Cup Uncooked / 12-Cup Cooked with Nonstick Inner Pot, Versatile Rice Maker with 12 Menu Options and Steam Plate, Fuzzy Logic Tech, Voice Guide, Black (CRP-P0609S)",2019-07,284507,284507,284507,284507,259.99,259.99,259.99,259.99,,,,1,1,284507,[]
coway,Other,B01JRTZVVM,"CUCKOO High Pressure Rice Cooker 6-Cup Uncooked / 12-Cup Cooked with Nonstick Inner Pot, Versatile Rice Maker with 12 Menu Options and Steam Plate, Fuzzy Logic Tech, Voice Guide, Black (CRP-P0609S)",2019-08,284507,284507,284507,284507,250.99,250.99,243.48,250.99,,,,1,2,284507,[]
coway,Other,B01JRTZVVM,"CUCKOO High Pressure Rice Cooker 6-Cup Uncooked / 12-Cup Cooked with Nonstick Inner Pot, Versatile Rice Maker with 12 Menu Options and Steam Plate, Fuzzy Logic Tech, Voice Guide, Black (CRP-P0609S)",2019-09,284507,284507,284507,284507,259.98,259.98,259.99,259.98,,,,1,1,284507,[]
coway,Other,B01JRTZVVM,"CUCKOO High Pressure Rice Cooker 6-Cup Uncooked / 12-Cup Cooked with Nonstick Inner Pot, Versatile Rice Maker with 12 Menu Options and Steam Plate, Fuzzy Logic Tech, Voice Guide, Black (CRP-P0609S)",2019-11,284507,284507,284507,284507,244.99,244.99,233.48,244.99,,,,1,2,284507,[]
coway,Other,B01JRTZVVM,"CUCKOO High Pressure Rice Cooker 6-Cup Uncooked / 12-Cup Cooked with Nonstick Inner Pot, Versatile Rice Maker with 12 Menu Options and Steam Plate, Fuzzy Logic Tech, Voice Guide, Black (CRP-P0609S)",2019-12,284507,284507,284507,284507,259.99,259.99,259.99,259.99,,,,1,1,284507,[]
coway,Other,B01JRTZVVM,"CUCKOO High Pressure Rice Cooker 6-Cup Uncooked / 12-Cup Cooked with Nonstick Inner Pot, Versatile Rice Maker with 12 Menu Options and Steam Plate, Fuzzy Logic Tech, Voice Guide, Black (CRP-P0609S)",2020-01,284507,284507,284507,284507,226.97428571428568,226.97428571428568,227.23333333333335,226.97428571428568,,,,1,7,284507,[]
coway,Other,B01JRTZVVM,"CUCKOO High Pressure Rice Cooker 6-Cup Uncooked / 12-Cup Cooked with Nonstick Inner Pot, Versatile Rice Maker with 12 Menu Options and Steam Plate, Fuzzy Logic Tech, Voice Guide, Black (CRP-P0609S)",2020-02,284507,284507,284507,284507,254.224,254.224,245.285,254.224,,,,1,5,284507,[]
coway,Other,B01JRTZVVM,"CUCKOO High Pressure Rice Cooker 6-Cup Uncooked / 12-Cup Cooked with Nonstick Inner Pot, Versatile Rice Maker with 12 Menu Options and Steam Plate, Fuzzy Logic Tech, Voice Guide, Black (CRP-P0609S)",2020-03,284507,284507,284507,284507,254.68400000000003,254.68400000000003,251.15333333333334,254.68400000000003,,,,1,5,284507,[]
coway,Other,B01JRTZVVM,"CUCKOO High Pressure Rice Cooker 6-Cup Uncooked / 12-Cup Cooked with Nonstick Inner Pot, Versatile Rice Maker with 12 Menu Options and Steam Plate, Fuzzy Logic Tech, Voice Guide, Black (CRP-P0609S)",2020-04,284507,284507,284507,284507,229.99,229.99,0,229.99,,,,1,1,284507,[]
coway,Other,B01JRTZVVM,"CUCKOO High Pressure Rice Cooker 6-Cup Uncooked / 12-Cup Cooked with Nonstick Inner Pot, Versatile Rice Maker with 12 Menu Options and Steam Plate, Fuzzy Logic Tech, Voice Guide, Black (CRP-P0609S)",2020-05,284507,284507,284507,284507,232.21,232.21,232.21,232.21,,,,1,4,284507,[]
coway,Other,B01JRTZVVM,"CUCKOO High Pressure Rice Cooker 6-Cup Uncooked / 12-Cup Cooked with Nonstick Inner Pot, Versatile Rice Maker with 12 Menu Options and Steam Plate, Fuzzy Logic Tech, Voice Guide, Black (CRP-P0609S)",2020-06,284507,284507,284507,284507,225.23,225.23,225.23,225.23,,,,1,4,284507,[]
coway,Other,B01JRTZVVM,"CUCKOO High Pressure Rice Cooker 6-Cup Uncooked / 12-Cup Cooked with Nonstick Inner Pot, Versatile Rice Maker with 12 Menu Options and Steam Plate, Fuzzy Logic Tech, Voice Guide, Black (CRP-P0609S)",2020-07,284507,284507,284507,284507,217.51733333333334,217.51733333333334,217.51733333333334,217.51733333333334,,,,1,15,284507,[]
coway,Other,B01JRTZVVM,"CUCKOO High Pressure Rice Cooker 6-Cup Uncooked / 12-Cup Cooked with Nonstick Inner Pot, Versatile Rice Maker with 12 Menu Options and Steam Plate, Fuzzy Logic Tech, Voice Guide, Black (CRP-P0609S)",2020-08,284507,284507,284507,284507,264.99,264.99,264.99,264.99,,,,1,2,284507,[]
coway,Other,B01JRTZVVM,"CUCKOO High Pressure Rice Cooker 6-Cup Uncooked / 12-Cup Cooked with Nonstick Inner Pot, Versatile Rice Maker with 12 Menu Options and Steam Plate, Fuzzy Logic Tech, Voice Guide, Black (CRP-P0609S)",2020-09,284507,284507,284507,284507,233.2875,233.2875,233.2875,233.2875,,,,1,4,284507,[]
coway,Other,B01JRTZVVM,"CUCKOO High Pressure Rice Cooker 6-Cup Uncooked / 12-Cup Cooked with Nonstick Inner Pot, Versatile Rice Maker with 12 Menu Options and Steam Plate, Fuzzy Logic Tech, Voice Guide, Black (CRP-P0609S)",2020-10,284507,284507,284507,284507,250.96333333333334,250.96333333333334,246.45,250.96333333333334,,,,1,3,284507,[]
coway,Other,B01JRTZVVM,"CUCKOO High Pressure Rice Cooker 6-Cup Uncooked / 12-Cup Cooked with Nonstick Inner Pot, Versatile Rice Maker with 12 Menu Options and Steam Plate, Fuzzy Logic Tech, Voice Guide, Black (CRP-P0609S)",2020-11,284507,284507,284507,284507,259.99,259.99,259.99,259.99,,,,1,1,284507,[]
coway,Other,B01JRTZVVM,"CUCKOO High Pressure Rice Cooker 6-Cup Uncooked / 12-Cup Cooked with Nonstick Inner Pot, Versatile Rice Maker with 12 Menu Options and Steam Plate, Fuzzy Logic Tech, Voice Guide, Black (CRP-P0609S)",2021-01,284507,284507,284507,284507,259.99,259.99,259.99,259.99,,,,1,1,284507,[]
coway,Other,B01JRTZVVM,"CUCKOO High Pressure Rice Cooker 6-Cup Uncooked / 12-Cup Cooked with Nonstick Inner Pot, Versatile Rice Maker with 12 Menu Options and Steam Plate, Fuzzy Logic Tech, Voice Guide, Black (CRP-P0609S)",2021-02,284507,284507,284507,284507,216.57,216.57,0,216.57,,,,1,1,284507,[]
coway,Other,B01JRTZVVM,"CUCKOO High Pressure Rice Cooker 6-Cup Uncooked / 12-Cup Cooked with Nonstick Inner Pot, Versatile Rice Maker with 12 Menu Options and Steam Plate, Fuzzy Logic Tech, Voice Guide, Black (CRP-P0609S)",2021-04,284507,284507,284507,284507,232.314,232.314,232.895,232.314,,,,1,5,284507,[]
coway,Other,B01JRTZVVM,"CUCKOO High Pressure Rice Cooker 6-Cup Uncooked / 12-Cup Cooked with Nonstick Inner Pot, Versatile Rice Maker with 12 Menu Options and Steam Plate, Fuzzy Logic Tech, Voice Guide, Black (CRP-P0609S)",2021-05,284507,284507,284507,284507,232.52333333333334,232.52333333333334,232.83999999999997,232.52333333333334,,,,1,9,284507,[]
coway,Other,B01JRTZVVM,"CUCKOO High Pressure Rice Cooker 6-Cup Uncooked / 12-Cup Cooked with Nonstick Inner Pot, Versatile Rice Maker with 12 Menu Options and Steam Plate, Fuzzy Logic Tech, Voice Guide, Black (CRP-P0609S)",2021-06,284507,284507,284507,284507,234.92583333333332,234.92583333333332,234.92583333333332,234.92583333333332,,,,1,12,284507,[]
coway,Other,B01JRTZVVM,"CUCKOO High Pressure Rice Cooker 6-Cup Uncooked / 12-Cup Cooked with Nonstick Inner Pot, Versatile Rice Maker with 12 Menu Options and Steam Plate, Fuzzy Logic Tech, Voice Guide, Black (CRP-P0609S)",2021-07,284507,284507,284507,284507,252.065,252.065,252.065,252.065,,,,1,4,284507,[]
coway,Other,B01JRTZVVM,"CUCKOO High Pressure Rice Cooker 6-Cup Uncooked / 12-Cup Cooked with Nonstick Inner Pot, Versatile Rice Maker with 12 Menu Options and Steam Plate, Fuzzy Logic Tech, Voice Guide, Black (CRP-P0609S)",2021-08,284507,284507,284507,284507,241.5475,241.5475,244.19714285714286,241.5475,,,,1,8,284507,[]
coway,Other,B01JRTZVVM,"CUCKOO High Pressure Rice Cooker 6-Cup Uncooked / 12-Cup Cooked with Nonstick Inner Pot, Versatile Rice Maker with 12 Menu Options and Steam Plate, Fuzzy Logic Tech, Voice Guide, Black (CRP-P0609S)",2021-09,284507,284507,284507,284507,250.42000000000002,250.42000000000002,251.65333333333334,250.42000000000002,,,,1,7,284507,[]
coway,Other,B01JRTZVVM,"CUCKOO High Pressure Rice Cooker 6-Cup Uncooked / 12-Cup Cooked with Nonstick Inner Pot, Versatile Rice Maker with 12 Menu Options and Steam Plate, Fuzzy Logic Tech, Voice Guide, Black (CRP-P0609S)",2021-10,284507,284507,284507,284507,240.98000000000002,240.98000000000002,241.37166666666667,240.98000000000002,,,,1,6,284507,[]
coway,Other,B01JRTZVVM,"CUCKOO High Pressure Rice Cooker 6-Cup Uncooked / 12-Cup Cooked with Nonstick Inner Pot, Versatile Rice Maker with 12 Menu Options and Steam Plate, Fuzzy Logic Tech, Voice Guide, Black (CRP-P0609S)",2021-11,284507,284507,284507,284507,230.24249999999998,230.24249999999998,229.85578947368418,230.24249999999998,,,,1,20,284507,[]
coway,Other,B01JRTZVVM,"CUCKOO High Pressure Rice Cooker 6-Cup Uncooked / 12-Cup Cooked with Nonstick Inner Pot, Versatile Rice Maker with 12 Menu Options and Steam Plate, Fuzzy Logic Tech, Voice Guide, Black (CRP-P0609S)",2021-12,284507,284507,284507,284507,249.495,249.495,249.99,249.495,,,,1,2,284507,[]
coway,Other,B01JRTZVVM,"CUCKOO High Pressure Rice Cooker 6-Cup Uncooked / 12-Cup Cooked with Nonstick Inner Pot, Versatile Rice Maker with 12 Menu Options and Steam Plate, Fuzzy Logic Tech, Voice Guide, Black (CRP-P0609S)",2022-01,284507,284507,284507,284507,253.49,253.49,257.98,253.49,,,,1,2,284507,[]
coway,Other,B01JRTZVVM,"CUCKOO High Pressure Rice Cooker 6-Cup Uncooked / 12-Cup Cooked with Nonstick Inner Pot, Versatile Rice Maker with 12 Menu Options and Steam Plate, Fuzzy Logic Tech, Voice Guide, Black (CRP-P0609S)",2022-02,284507,284507,284507,284507,232.59500000000003,254.3166666666667,253.72250000000003,232.59500000000003,,,,1,8,284507,[]
coway,Other,B01JRTZVVM,"CUCKOO High Pressure Rice Cooker 6-Cup Uncooked / 12-Cup Cooked with Nonstick Inner Pot, Versatile Rice Maker with 12 Menu Options and Steam Plate, Fuzzy Logic Tech, Voice Guide, Black (CRP-P0609S)",2022-03,284507,284507,284507,284507,183.18,235.31333333333336,248.97,183.18,,,,1,7,284507,[]
coway,Other,B01JRTZVVM,"CUCKOO High Pressure Rice Cooker 6-Cup Uncooked / 12-Cup Cooked with Nonstick Inner Pot, Versatile Rice Maker with 12 Menu Options and Steam Plate, Fuzzy Logic Tech, Voice Guide, Black (CRP-P0609S)",2022-04,284507,284507,284507,284507,202.10500000000002,245.98666666666668,254.48000000000002,202.10500000000002,,,,1,8,284507,[]
coway,Other,B01JRTZVVM,"CUCKOO High Pressure Rice Cooker 6-Cup Uncooked / 12-Cup Cooked with Nonstick Inner Pot, Versatile Rice Maker with 12 Menu Options and Steam Plate, Fuzzy Logic Tech, Voice Guide, Black (CRP-P0609S)",2022-05,284507,284507,284507,284507,177.88666666666666,220.66166666666666,206.2525,177.88666666666666,,,,1,12,284507,[]
coway,Other,B01JRTZVVM,"CUCKOO High Pressure Rice Cooker 6-Cup Uncooked / 12-Cup Cooked with Nonstick Inner Pot, Versatile Rice Maker with 12 Menu Options and Steam Plate, Fuzzy Logic Tech, Voice Guide, Black (CRP-P0609S)",2022-06,284507,284507,284507,284507,157.67538461538464,200.56333333333336,208.00625000000002,157.67538461538464,,,,1,13,284507,[]
coway,Other,B01JRTZVVM,"CUCKOO High Pressure Rice Cooker 6-Cup Uncooked / 12-Cup Cooked with Nonstick Inner Pot, Versatile Rice Maker with 12 Menu Options and Steam Plate, Fuzzy Logic Tech, Voice Guide, Black (CRP-P0609S)",2022-07,284507,284507,284507,284507,175.23411764705884,226.51333333333332,225.8275,175.23411764705884,,,,1,17,284507,[]
coway,Other,B01JRTZVVM,"CUCKOO High Pressure Rice Cooker 6-Cup Uncooked / 12-Cup Cooked with Nonstick Inner Pot, Versatile Rice Maker with 12 Menu Options and Steam Plate, Fuzzy Logic Tech, Voice Guide, Black (CRP-P0609S)",2022-08,284507,284507,284507,284507,182.45999999999998,224.85,234.02727272727273,182.45999999999998,,,,1,20,284507,[]
coway,Other,B01JRTZVVM,"CUCKOO High Pressure Rice Cooker 6-Cup Uncooked / 12-Cup Cooked with Nonstick Inner Pot, Versatile Rice Maker with 12 Menu Options and Steam Plate, Fuzzy Logic Tech, Voice Guide, Black (CRP-P0609S)",2022-09,284507,284507,284507,284507,193.61545454545455,235.202,235.202,193.61545454545455,,,,1,11,284507,[]
coway,Other,B01JRTZVVM,"CUCKOO High Pressure Rice Cooker 6-Cup Uncooked / 12-Cup Cooked with Nonstick Inner Pot, Versatile Rice Maker with 12 Menu Options and Steam Plate, Fuzzy Logic Tech, Voice Guide, Black (CRP-P0609S)",2022-10,284507,284507,284507,284507,200.02,242.55307692307696,248.51999999999998,200.02,,,,1,17,284507,[]
coway,Other,B01JRTZVVM,"CUCKOO High Pressure Rice Cooker 6-Cup Uncooked / 12-Cup Cooked with Nonstick Inner Pot, Versatile Rice Maker with 12 Menu Options and Steam Plate, Fuzzy Logic Tech, Voice Guide, Black (CRP-P0609S)",2022-11,284507,284507,284507,284507,183.35444444444445,259.99,259.99,183.35444444444445,,,,1,9,284507,[]
coway,Other,B01JRTZVVM,"CUCKOO High Pressure Rice Cooker 6-Cup Uncooked / 12-Cup Cooked with Nonstick Inner Pot, Versatile Rice Maker with 12 Menu Options and Steam Plate, Fuzzy Logic Tech, Voice Guide, Black (CRP-P0609S)",2022-12,284507,284507,284507,284507,188.4257142857143,243.92,245.885,188.4257142857143,,,,1,7,284507,[]
coway,Other,B01JRTZVVM,"CUCKOO High Pressure Rice Cooker 6-Cup Uncooked / 12-Cup Cooked with Nonstick Inner Pot, Versatile Rice Maker with 12 Menu Options and Steam Plate, Fuzzy Logic Tech, Voice Guide, Black (CRP-P0609S)",2023-01,284507,284507,284507,284507,168.74222222222224,227.9875,228,168.74222222222224,,,,1,9,284507,[]
coway,Other,B01JRTZVVM,"CUCKOO High Pressure Rice Cooker 6-Cup Uncooked / 12-Cup Cooked with Nonstick Inner Pot, Versatile Rice Maker with 12 Menu Options and Steam Plate, Fuzzy Logic Tech, Voice Guide, Black (CRP-P0609S)",2023-02,284507,284507,284507,284507,193.38833333333332,239.1775,251.68800000000002,193.38833333333332,,,,1,12,284507,[]
coway,Other,B01JRTZVVM,"CUCKOO High Pressure Rice Cooker 6-Cup Uncooked / 12-Cup Cooked with Nonstick Inner Pot, Versatile Rice Maker with 12 Menu Options and Steam Plate, Fuzzy Logic Tech, Voice Guide, Black (CRP-P0609S)",2023-03,284507,284507,284507,284507,201.86749999999998,241.78500000000003,249.04999999999998,201.86749999999998,,,,1,12,284507,[]
coway,Other,B01JRTZVVM,"CUCKOO High Pressure Rice Cooker 6-Cup Uncooked / 12-Cup Cooked with Nonstick Inner Pot, Versatile Rice Maker with 12 Menu Options and Steam Plate, Fuzzy Logic Tech, Voice Guide, Black (CRP-P0609S)",2023-04,284507,284507,284507,284507,216.284375,239.53,235.04166666666666,216.284375,,,,1,16,284507,[]
coway,Other,B01JRTZVVM,"CUCKOO High Pressure Rice Cooker 6-Cup Uncooked / 12-Cup Cooked with Nonstick Inner Pot, Versatile Rice Maker with 12 Menu Options and Steam Plate, Fuzzy Logic Tech, Voice Guide, Black (CRP-P0609S)",2023-05,284507,284507,284507,284507,171.54000000000002,222.4925,201.175,171.54000000000002,,,,1,10,284507,[]
coway,Other,B01JRTZVVM,"CUCKOO High Pressure Rice Cooker 6-Cup Uncooked / 12-Cup Cooked with Nonstick Inner Pot, Versatile Rice Maker with 12 Menu Options and Steam Plate, Fuzzy Logic Tech, Voice Guide, Black (CRP-P0609S)",2023-06,284507,284507,284507,284507,190.21238095238093,209.07578947368415,215.35266666666664,190.21238095238093,,,,1,21,284507,[]
coway,Other,B01JRTZVVM,"CUCKOO High Pressure Rice Cooker 6-Cup Uncooked / 12-Cup Cooked with Nonstick Inner Pot, Versatile Rice Maker with 12 Menu Options and Steam Plate, Fuzzy Logic Tech, Voice Guide, Black (CRP-P0609S)",2023-07,284507,284507,284507,284507,169.5511111111111,217.58166666666662,223.39333333333335,169.5511111111111,,,,1,9,284507,[]
coway,Other,B01JRTZVVM,"CUCKOO High Pressure Rice Cooker 6-Cup Uncooked / 12-Cup Cooked with Nonstick Inner Pot, Versatile Rice Maker with 12 Menu Options and Steam Plate, Fuzzy Logic Tech, Voice Guide, Black (CRP-P0609S)",2023-08,284507,284507,284507,284507,158.21777777777777,0,0,158.21777777777777,,,,1,9,284507,[]
coway,Other,B01JRTZVVM,"CUCKOO High Pressure Rice Cooker 6-Cup Uncooked / 12-Cup Cooked with Nonstick Inner Pot, Versatile Rice Maker with 12 Menu Options and Steam Plate, Fuzzy Logic Tech, Voice Guide, Black (CRP-P0609S)",2023-09,284507,284507,284507,284507,210.60100000000003,251.205,225.235,210.60100000000003,,,,1,10,284507,[]
coway,Other,B01JRTZVVM,"CUCKOO High Pressure Rice Cooker 6-Cup Uncooked / 12-Cup Cooked with Nonstick Inner Pot, Versatile Rice Maker with 12 Menu Options and Steam Plate, Fuzzy Logic Tech, Voice Guide, Black (CRP-P0609S)",2023-10,284507,284507,284507,284507,198.39357142857145,222.18,221.47750000000002,198.39357142857145,,,,1,14,284507,[]
coway,Other,B01JRTZVVM,"CUCKOO High Pressure Rice Cooker 6-Cup Uncooked / 12-Cup Cooked with Nonstick Inner Pot, Versatile Rice Maker with 12 Menu Options and Steam Plate, Fuzzy Logic Tech, Voice Guide, Black (CRP-P0609S)",2023-11,284507,284507,284507,284507,161.91133333333337,202.20111111111112,203.55749999999998,161.91133333333337,,,,1,15,284507,[]
coway,Other,B01JRTZVVM,"CUCKOO High Pressure Rice Cooker 6-Cup Uncooked / 12-Cup Cooked with Nonstick Inner Pot, Versatile Rice Maker with 12 Menu Options and Steam Plate, Fuzzy Logic Tech, Voice Guide, Black (CRP-P0609S)",2023-12,284507,284507,284507,284507,191.15666666666667,234.16333333333333,0,191.15666666666667,,,,1,12,284507,[]
coway,Other,B01JRTZVVM,"CUCKOO High Pressure Rice Cooker 6-Cup Uncooked / 12-Cup Cooked with Nonstick Inner Pot, Versatile Rice Maker with 12 Menu Options and Steam Plate, Fuzzy Logic Tech, Voice Guide, Black (CRP-P0609S)",2024-01,284507,284507,284507,284507,191.75277777777782,229.8369230769231,223.44599999999997,191.75277777777782,,,,1,18,284507,[]
coway,Other,B01JRTZVVM,"CUCKOO High Pressure Rice Cooker 6-Cup Uncooked / 12-Cup Cooked with Nonstick Inner Pot, Versatile Rice Maker with 12 Menu Options and Steam Plate, Fuzzy Logic Tech, Voice Guide, Black (CRP-P0609S)",2024-02,284507,284507,284507,284507,208.49062500000005,249.96133333333333,229.68,208.49062500000005,,,,1,16,284507,[]
coway,Other,B01JRTZVVM,"CUCKOO High Pressure Rice Cooker 6-Cup Uncooked / 12-Cup Cooked with Nonstick Inner Pot, Versatile Rice Maker with 12 Menu Options and Steam Plate, Fuzzy Logic Tech, Voice Guide, Black (CRP-P0609S)",2024-03,284507,284507,284507,284507,182.13,256.425,0,182.13,,,,1,10,284507,[]
coway,Other,B01JRTZVVM,"CUCKOO High Pressure Rice Cooker 6-Cup Uncooked / 12-Cup Cooked with Nonstick Inner Pot, Versatile Rice Maker with 12 Menu Options and Steam Plate, Fuzzy Logic Tech, Voice Guide, Black (CRP-P0609S)",2024-04,284507,284507,284507,284507,195.09777777777776,256.25666666666666,206.87,195.09777777777776,,,,1,9,284507,[]
coway,Other,B01JRTZVVM,"CUCKOO High Pressure Rice Cooker 6-Cup Uncooked / 12-Cup Cooked with Nonstick Inner Pot, Versatile Rice Maker with 12 Menu Options and Steam Plate, Fuzzy Logic Tech, Voice Guide, Black (CRP-P0609S)",2024-05,284507,284507,284507,284507,198.23857142857142,246.439,223.9466666666667,198.23857142857142,,,,1,14,284507,[]
coway,Other,B01JRTZVVM,"CUCKOO High Pressure Rice Cooker 6-Cup Uncooked / 12-Cup Cooked with Nonstick Inner Pot, Versatile Rice Maker with 12 Menu Options and Steam Plate, Fuzzy Logic Tech, Voice Guide, Black (CRP-P0609S)",2024-06,284507,284507,284507,284507,152.73222222222222,233.782,197.49,152.73222222222222,,,,1,9,284507,[]
coway,Other,B01JRTZVVM,"CUCKOO High Pressure Rice Cooker 6-Cup Uncooked / 12-Cup Cooked with Nonstick Inner Pot, Versatile Rice Maker with 12 Menu Options and Steam Plate, Fuzzy Logic Tech, Voice Guide, Black (CRP-P0609S)",2024-07,284507,284507,284507,284507,152.06285714285715,205.2733333333333,187.1525,152.06285714285715,,,,1,14,284507,[]
coway,Other,B01JRTZVVM,"CUCKOO High Pressure Rice Cooker 6-Cup Uncooked / 12-Cup Cooked with Nonstick Inner Pot, Versatile Rice Maker with 12 Menu Options and Steam Plate, Fuzzy Logic Tech, Voice Guide, Black (CRP-P0609S)",2024-08,284507,284507,284507,284507,143.01727272727274,236.20333333333335,229.305,143.01727272727274,,,,1,11,284507,[]
coway,Other,B01JRTZVVM,"CUCKOO High Pressure Rice Cooker 6-Cup Uncooked / 12-Cup Cooked with Nonstick Inner Pot, Versatile Rice Maker with 12 Menu Options and Steam Plate, Fuzzy Logic Tech, Voice Guide, Black (CRP-P0609S)",2024-09,284507,284507,284507,284507,180.31428571428575,232.82,231.265,180.31428571428575,,,,1,14,284507,[]
coway,Other,B01JRTZVVM,"CUCKOO High Pressure Rice Cooker 6-Cup Uncooked / 12-Cup Cooked with Nonstick Inner Pot, Versatile Rice Maker with 12 Menu Options and Steam Plate, Fuzzy Logic Tech, Voice Guide, Black (CRP-P0609S)",2024-10,284507,284507,284507,284507,170.15625,202.214,178.70000000000002,170.15625,,,,1,8,284507,[]
coway,Other,B01JRTZVVM,"CUCKOO High Pressure Rice Cooker 6-Cup Uncooked / 12-Cup Cooked with Nonstick Inner Pot, Versatile Rice Maker with 12 Menu Options and Steam Plate, Fuzzy Logic Tech, Voice Guide, Black (CRP-P0609S)",2024-11,284507,284507,284507,284507,163.94882352941173,193.73615384615383,191.465,163.94882352941173,,,,1,17,284507,[]
coway,Other,B01JRTZVVM,"CUCKOO High Pressure Rice Cooker 6-Cup Uncooked / 12-Cup Cooked with Nonstick Inner Pot, Versatile Rice Maker with 12 Menu Options and Steam Plate, Fuzzy Logic Tech, Voice Guide, Black (CRP-P0609S)",2024-12,284507,284507,284507,284507,172.07333333333335,222.41428571428574,182.49,172.07333333333335,,,,1,9,284507,[]
coway,Other,B01JRTZVVM,"CUCKOO High Pressure Rice Cooker 6-Cup Uncooked / 12-Cup Cooked with Nonstick Inner Pot, Versatile Rice Maker with 12 Menu Options and Steam Plate, Fuzzy Logic Tech, Voice Guide, Black (CRP-P0609S)",2025-01,284507,284507,284507,284507,202.90285714285716,239.64666666666668,240.26,202.90285714285716,,,,1,14,284507,[]
coway,Other,B01JRTZVVM,"CUCKOO High Pressure Rice Cooker 6-Cup Uncooked / 12-Cup Cooked with Nonstick Inner Pot, Versatile Rice Maker with 12 Menu Options and Steam Plate, Fuzzy Logic Tech, Voice Guide, Black (CRP-P0609S)",2025-02,284507,284507,284507,284507,184.23777777777775,230.3,222.88,184.23777777777775,,,,1,9,284507,[]
coway,Other,B01JRTZVVM,"CUCKOO High Pressure Rice Cooker 6-Cup Uncooked / 12-Cup Cooked with Nonstick Inner Pot, Versatile Rice Maker with 12 Menu Options and Steam Plate, Fuzzy Logic Tech, Voice Guide, Black (CRP-P0609S)",2025-03,284507,284507,284507,284507,186.75535714285706,200.6714285714285,200.6714285714285,186.75535714285706,,,,1,28,284507,[]
coway,Other,B01JRTZVVM,"CUCKOO High Pressure Rice Cooker 6-Cup Uncooked / 12-Cup Cooked with Nonstick Inner Pot, Versatile Rice Maker with 12 Menu Options and Steam Plate, Fuzzy Logic Tech, Voice Guide, Black (CRP-P0609S)",2025-04,284507,284507,284507,284507,135.71428571428572,215.41333333333333,194.17,135.71428571428572,,,,1,14,284507,[]
coway,Other,B01JRTZVVM,"CUCKOO High Pressure Rice Cooker 6-Cup Uncooked / 12-Cup Cooked with Nonstick Inner Pot, Versatile Rice Maker with 12 Menu Options and Steam Plate, Fuzzy Logic Tech, Voice Guide, Black (CRP-P0609S)",2025-05,284507,284507,284507,284507,165.67294117647057,195.37583333333336,190.31,165.67294117647057,,,,1,17,284507,[]
coway,Other,B01JRTZVVM,"CUCKOO High Pressure Rice Cooker 6-Cup Uncooked / 12-Cup Cooked with Nonstick Inner Pot, Versatile Rice Maker with 12 Menu Options and Steam Plate, Fuzzy Logic Tech, Voice Guide, Black (CRP-P0609S)",2025-06,284507,284507,284507,284507,181.26173913043476,215.69450000000006,218.15157894736848,181.26173913043476,,,,1,23,284507,[]
coway,Other,B01JRTZVVM,"CUCKOO High Pressure Rice Cooker 6-Cup Uncooked / 12-Cup Cooked with Nonstick Inner Pot, Versatile Rice Maker with 12 Menu Options and Steam Plate, Fuzzy Logic Tech, Voice Guide, Black (CRP-P0609S)",2025-07,284507,284507,284507,284507,171.37333333333328,204.41999999999996,200.75,171.37333333333328,,,,1,21,284507,[]
coway,Other,B01JRTZVVM,"CUCKOO High Pressure Rice Cooker 6-Cup Uncooked / 12-Cup Cooked with Nonstick Inner Pot, Versatile Rice Maker with 12 Menu Options and Steam Plate, Fuzzy Logic Tech, Voice Guide, Black (CRP-P0609S)",2025-08,284507,284507,284507,284507,189.44944444444445,227.71727272727267,222.49,189.44944444444445,,,,1,18,284507,[]
coway,Other,B01JRTZVVM,"CUCKOO High Pressure Rice Cooker 6-Cup Uncooked / 12-Cup Cooked with Nonstick Inner Pot, Versatile Rice Maker with 12 Menu Options and Steam Plate, Fuzzy Logic Tech, Voice Guide, Black (CRP-P0609S)",2025-09,284507,284507,284507,284507,199.00639999999993,226.12039999999993,211.12666666666667,199.00639999999993,,,,1,25,284507,[]
coway,Other,B01JRTZVVM,"CUCKOO High Pressure Rice Cooker 6-Cup Uncooked / 12-Cup Cooked with Nonstick Inner Pot, Versatile Rice Maker with 12 Menu Options and Steam Plate, Fuzzy Logic Tech, Voice Guide, Black (CRP-P0609S)",2025-10,284507,284507,284507,284507,157.77428571428572,198.96111111111108,190.1076923076923,157.77428571428572,,,,1,21,284507,[]
coway,Other,B01JRTZVVM,"CUCKOO High Pressure Rice Cooker 6-Cup Uncooked / 12-Cup Cooked with Nonstick Inner Pot, Versatile Rice Maker with 12 Menu Options and Steam Plate, Fuzzy Logic Tech, Voice Guide, Black (CRP-P0609S)",2025-11,284507,284507,284507,284507,165.08388888888888,220.95499999999998,197.388,165.08388888888888,,,,1,18,284507,[]
coway,Other,B01JRTZVVM,"CUCKOO High Pressure Rice Cooker 6-Cup Uncooked / 12-Cup Cooked with Nonstick Inner Pot, Versatile Rice Maker with 12 Menu Options and Steam Plate, Fuzzy Logic Tech, Voice Guide, Black (CRP-P0609S)",2025-12,284507,284507,284507,284507,161.32666666666668,193.98999999999998,188.84714285714287,161.32666666666668,,,,1,18,284507,[]
coway,Other,B01JRTZVVM,"CUCKOO High Pressure Rice Cooker 6-Cup Uncooked / 12-Cup Cooked with Nonstick Inner Pot, Versatile Rice Maker with 12 Menu Options and Steam Plate, Fuzzy Logic Tech, Voice Guide, Black (CRP-P0609S)",2026-01,284507,284507,284507,284507,147.71636363636364,202.49,178.74,147.71636363636364,,,,1,11,284507,[]
coway,Other,B01JRTZVVM,"CUCKOO High Pressure Rice Cooker 6-Cup Uncooked / 12-Cup Cooked with Nonstick Inner Pot, Versatile Rice Maker with 12 Menu Options and Steam Plate, Fuzzy Logic Tech, Voice Guide, Black (CRP-P0609S)",2026-02,284507,284507,284507,284507,197.11062500000003,234.35545454545453,226.43666666666667,197.11062500000003,,,,1,16,284507,[]
coway,Other,B01JRTZVVM,"CUCKOO High Pressure Rice Cooker 6-Cup Uncooked / 12-Cup Cooked with Nonstick Inner Pot, Versatile Rice Maker with 12 Menu Options and Steam Plate, Fuzzy Logic Tech, Voice Guide, Black (CRP-P0609S)",2026-03,284507,284507,284507,284507,178.08666666666667,223.84714285714287,223.84714285714287,178.08666666666667,,,,1,12,284507,[]
coway,Other,B01JRTZVVM,"CUCKOO High Pressure Rice Cooker 6-Cup Uncooked / 12-Cup Cooked with Nonstick Inner Pot, Versatile Rice Maker with 12 Menu Options and Steam Plate, Fuzzy Logic Tech, Voice Guide, Black (CRP-P0609S)",2026-04,284507,284507,284507,284507,161.999,242.985,242.985,161.999,,,,1,10,284507,[]
coway,Other,B01JRTZVVM,"CUCKOO High Pressure Rice Cooker 6-Cup Uncooked / 12-Cup Cooked with Nonstick Inner Pot, Versatile Rice Maker with 12 Menu Options and Steam Plate, Fuzzy Logic Tech, Voice Guide, Black (CRP-P0609S)",2026-05,284507,284507,284507,284507,157.52888888888887,226.49,226.49,157.52888888888887,,,,1,9,284507,[]
coway,Other,B01JRTZVVM,"CUCKOO High Pressure Rice Cooker 6-Cup Uncooked / 12-Cup Cooked with Nonstick Inner Pot, Versatile Rice Maker with 12 Menu Options and Steam Plate, Fuzzy Logic Tech, Voice Guide, Black (CRP-P0609S)",2026-06,284507,284507,284507,284507,209.99,209.99,209.99,209.99,,,,1,1,284507,[]
coway,Other,B01LYLW8P6,"CUCKOO Basic Rice Cooker 6-Cup Uncooked / 12-Cup Cooked, Versatile Rice Maker with Non-Stick Inner Pot, Easy to Use, Auto Keep Warm, White/Purple (CR-0671V)",2017-08,284507,284507,284507,284507,49.99,49.99,49.99,49.99,,,,1,1,284507,[]
coway,Other,B01LYLW8P6,"CUCKOO Basic Rice Cooker 6-Cup Uncooked / 12-Cup Cooked, Versatile Rice Maker with Non-Stick Inner Pot, Easy to Use, Auto Keep Warm, White/Purple (CR-0671V)",2017-09,284507,284507,284507,284507,49.99,49.99,0,49.99,,,,1,1,284507,[]
coway,Other,B01LYLW8P6,"CUCKOO Basic Rice Cooker 6-Cup Uncooked / 12-Cup Cooked, Versatile Rice Maker with Non-Stick Inner Pot, Easy to Use, Auto Keep Warm, White/Purple (CR-0671V)",2017-12,284507,284507,284507,284507,49.99,49.99,0,49.99,,,,1,1,284507,[]
coway,Other,B01LYLW8P6,"CUCKOO Basic Rice Cooker 6-Cup Uncooked / 12-Cup Cooked, Versatile Rice Maker with Non-Stick Inner Pot, Easy to Use, Auto Keep Warm, White/Purple (CR-0671V)",2018-02,284507,284507,284507,284507,68.1,68.1,0,68.1,,,,1,1,284507,[]
coway,Other,B01LYLW8P6,"CUCKOO Basic Rice Cooker 6-Cup Uncooked / 12-Cup Cooked, Versatile Rice Maker with Non-Stick Inner Pot, Easy to Use, Auto Keep Warm, White/Purple (CR-0671V)",2018-05,284507,284507,284507,284507,40.79,0,0,40.79,,,,1,3,284507,[]
coway,Other,B01LYLW8P6,"CUCKOO Basic Rice Cooker 6-Cup Uncooked / 12-Cup Cooked, Versatile Rice Maker with Non-Stick Inner Pot, Easy to Use, Auto Keep Warm, White/Purple (CR-0671V)",2018-06,284507,284507,284507,284507,34.839999999999996,49.99,0,34.839999999999996,,,,1,4,284507,[]
coway,Other,B01LYLW8P6,"CUCKOO Basic Rice Cooker 6-Cup Uncooked / 12-Cup Cooked, Versatile Rice Maker with Non-Stick Inner Pot, Easy to Use, Auto Keep Warm, White/Purple (CR-0671V)",2018-09,284507,284507,284507,284507,56.435,78.03,0,56.435,,,,1,2,284507,[]
coway,Other,B01LYLW8P6,"CUCKOO Basic Rice Cooker 6-Cup Uncooked / 12-Cup Cooked, Versatile Rice Maker with Non-Stick Inner Pot, Easy to Use, Auto Keep Warm, White/Purple (CR-0671V)",2018-12,284507,284507,284507,284507,55.99,55.99,55.99,55.99,,,,1,1,284507,[]
coway,Other,B01LYLW8P6,"CUCKOO Basic Rice Cooker 6-Cup Uncooked / 12-Cup Cooked, Versatile Rice Maker with Non-Stick Inner Pot, Easy to Use, Auto Keep Warm, White/Purple (CR-0671V)",2019-01,284507,284507,284507,284507,53.49,53.49,53.49,53.49,,,,1,2,284507,[]
coway,Other,B01LYLW8P6,"CUCKOO Basic Rice Cooker 6-Cup Uncooked / 12-Cup Cooked, Versatile Rice Maker with Non-Stick Inner Pot, Easy to Use, Auto Keep Warm, White/Purple (CR-0671V)",2019-02,284507,284507,284507,284507,49.99,49.99,49.99,49.99,,,,1,1,284507,[]
coway,Other,B01LYLW8P6,"CUCKOO Basic Rice Cooker 6-Cup Uncooked / 12-Cup Cooked, Versatile Rice Maker with Non-Stick Inner Pot, Easy to Use, Auto Keep Warm, White/Purple (CR-0671V)",2019-03,284507,284507,284507,284507,54.49,54.49,54.49,54.49,,,,1,1,284507,[]
coway,Other,B01LYLW8P6,"CUCKOO Basic Rice Cooker 6-Cup Uncooked / 12-Cup Cooked, Versatile Rice Maker with Non-Stick Inner Pot, Easy to Use, Auto Keep Warm, White/Purple (CR-0671V)",2019-04,284507,284507,284507,284507,55.49,55.49,55.49,55.49,,,,1,1,284507,[]
coway,Other,B01LYLW8P6,"CUCKOO Basic Rice Cooker 6-Cup Uncooked / 12-Cup Cooked, Versatile Rice Maker with Non-Stick Inner Pot, Easy to Use, Auto Keep Warm, White/Purple (CR-0671V)",2019-05,284507,284507,284507,284507,52.24,52.24,52.24,52.24,,,,1,2,284507,[]
coway,Other,B01LYLW8P6,"CUCKOO Basic Rice Cooker 6-Cup Uncooked / 12-Cup Cooked, Versatile Rice Maker with Non-Stick Inner Pot, Easy to Use, Auto Keep Warm, White/Purple (CR-0671V)",2019-06,284507,284507,284507,284507,47.99,47.99,47.99,47.99,,,,1,3,284507,[]
coway,Other,B01LYLW8P6,"CUCKOO Basic Rice Cooker 6-Cup Uncooked / 12-Cup Cooked, Versatile Rice Maker with Non-Stick Inner Pot, Easy to Use, Auto Keep Warm, White/Purple (CR-0671V)",2019-07,284507,284507,284507,284507,49.99,49.99,49.99,49.99,,,,1,1,284507,[]
coway,Other,B01LYLW8P6,"CUCKOO Basic Rice Cooker 6-Cup Uncooked / 12-Cup Cooked, Versatile Rice Maker with Non-Stick Inner Pot, Easy to Use, Auto Keep Warm, White/Purple (CR-0671V)",2019-10,284507,284507,284507,284507,55.99,55.99,55.99,55.99,,,,1,1,284507,[]
coway,Other,B01LYLW8P6,"CUCKOO Basic Rice Cooker 6-Cup Uncooked / 12-Cup Cooked, Versatile Rice Maker with Non-Stick Inner Pot, Easy to Use, Auto Keep Warm, White/Purple (CR-0671V)",2019-11,284507,284507,284507,284507,51.96333333333333,51.96333333333333,51.96333333333333,51.96333333333333,,,,1,3,284507,[]
coway,Other,B01LYLW8P6,"CUCKOO Basic Rice Cooker 6-Cup Uncooked / 12-Cup Cooked, Versatile Rice Maker with Non-Stick Inner Pot, Easy to Use, Auto Keep Warm, White/Purple (CR-0671V)",2019-12,284507,284507,284507,284507,49.99,49.99,49.99,49.99,,,,1,1,284507,[]
coway,Other,B01LYLW8P6,"CUCKOO Basic Rice Cooker 6-Cup Uncooked / 12-Cup Cooked, Versatile Rice Maker with Non-Stick Inner Pot, Easy to Use, Auto Keep Warm, White/Purple (CR-0671V)",2020-01,284507,284507,284507,284507,53.77,53.77,53.77,53.77,,,,1,4,284507,[]
coway,Other,B01LYLW8P6,"CUCKOO Basic Rice Cooker 6-Cup Uncooked / 12-Cup Cooked, Versatile Rice Maker with Non-Stick Inner Pot, Easy to Use, Auto Keep Warm, White/Purple (CR-0671V)",2020-02,284507,284507,284507,284507,55.620000000000005,55.620000000000005,55.620000000000005,55.620000000000005,,,,1,3,284507,[]
coway,Other,B01LYLW8P6,"CUCKOO Basic Rice Cooker 6-Cup Uncooked / 12-Cup Cooked, Versatile Rice Maker with Non-Stick Inner Pot, Easy to Use, Auto Keep Warm, White/Purple (CR-0671V)",2020-03,284507,284507,284507,284507,49.99,49.99,49.99,49.99,,,,1,4,284507,[]
coway,Other,B01LYLW8P6,"CUCKOO Basic Rice Cooker 6-Cup Uncooked / 12-Cup Cooked, Versatile Rice Maker with Non-Stick Inner Pot, Easy to Use, Auto Keep Warm, White/Purple (CR-0671V)",2020-11,284507,284507,284507,284507,79,79,0,79,,,,1,1,284507,[]
coway,Other,B01LYLW8P6,"CUCKOO Basic Rice Cooker 6-Cup Uncooked / 12-Cup Cooked, Versatile Rice Maker with Non-Stick Inner Pot, Easy to Use, Auto Keep Warm, White/Purple (CR-0671V)",2021-04,284507,284507,284507,284507,43.95666666666667,47.49,0,43.95666666666667,,,,1,3,284507,[]
coway,Other,B01LYLW8P6,"CUCKOO Basic Rice Cooker 6-Cup Uncooked / 12-Cup Cooked, Versatile Rice Maker with Non-Stick Inner Pot, Easy to Use, Auto Keep Warm, White/Purple (CR-0671V)",2021-06,284507,284507,284507,284507,94.27,94.27,0,94.27,,,,1,1,284507,[]
coway,Other,B01LYLW8P6,"CUCKOO Basic Rice Cooker 6-Cup Uncooked / 12-Cup Cooked, Versatile Rice Maker with Non-Stick Inner Pot, Easy to Use, Auto Keep Warm, White/Purple (CR-0671V)",2021-07,284507,284507,284507,284507,103.84333333333335,103.84333333333335,0,103.84333333333335,,,,1,6,284507,[]
coway,Other,B01LYLW8P6,"CUCKOO Basic Rice Cooker 6-Cup Uncooked / 12-Cup Cooked, Versatile Rice Maker with Non-Stick Inner Pot, Easy to Use, Auto Keep Warm, White/Purple (CR-0671V)",2021-08,284507,284507,284507,284507,103.39999999999999,103.39999999999999,0,103.39999999999999,,,,1,3,284507,[]
coway,Other,B01LYLW8P6,"CUCKOO Basic Rice Cooker 6-Cup Uncooked / 12-Cup Cooked, Versatile Rice Maker with Non-Stick Inner Pot, Easy to Use, Auto Keep Warm, White/Purple (CR-0671V)",2021-09,284507,284507,284507,284507,92.61333333333334,92.61333333333334,67.62,92.61333333333334,,,,1,3,284507,[]
coway,Other,B01LYLW8P6,"CUCKOO Basic Rice Cooker 6-Cup Uncooked / 12-Cup Cooked, Versatile Rice Maker with Non-Stick Inner Pot, Easy to Use, Auto Keep Warm, White/Purple (CR-0671V)",2021-11,284507,284507,284507,284507,49.99,49.99,49.99,49.99,,,,1,1,284507,[]
coway,Other,B01LYLW8P6,"CUCKOO Basic Rice Cooker 6-Cup Uncooked / 12-Cup Cooked, Versatile Rice Maker with Non-Stick Inner Pot, Easy to Use, Auto Keep Warm, White/Purple (CR-0671V)",2022-02,284507,284507,284507,284507,80.74,80.74,0,80.74,,,,1,1,284507,[]
coway,Other,B01LYLW8P6,"CUCKOO Basic Rice Cooker 6-Cup Uncooked / 12-Cup Cooked, Versatile Rice Maker with Non-Stick Inner Pot, Easy to Use, Auto Keep Warm, White/Purple (CR-0671V)",2022-03,284507,284507,284507,284507,64.945,64.945,49.89,64.945,,,,1,2,284507,[]
coway,Other,B01LYLW8P6,"CUCKOO Basic Rice Cooker 6-Cup Uncooked / 12-Cup Cooked, Versatile Rice Maker with Non-Stick Inner Pot, Easy to Use, Auto Keep Warm, White/Purple (CR-0671V)",2022-04,284507,284507,284507,284507,56.54600000000001,61.235,58.31666666666667,56.54600000000001,,,,1,5,284507,[]
coway,Other,B01LYLW8P6,"CUCKOO Basic Rice Cooker 6-Cup Uncooked / 12-Cup Cooked, Versatile Rice Maker with Non-Stick Inner Pot, Easy to Use, Auto Keep Warm, White/Purple (CR-0671V)",2022-05,284507,284507,284507,284507,73.47200000000001,73.47200000000001,49.99,73.47200000000001,,,,1,5,284507,[]
coway,Other,B01LYLW8P6,"CUCKOO Basic Rice Cooker 6-Cup Uncooked / 12-Cup Cooked, Versatile Rice Maker with Non-Stick Inner Pot, Easy to Use, Auto Keep Warm, White/Purple (CR-0671V)",2022-06,284507,284507,284507,284507,63.563750000000006,66.57428571428572,57.715,63.563750000000006,,,,1,8,284507,[]
coway,Other,B01LYLW8P6,"CUCKOO Basic Rice Cooker 6-Cup Uncooked / 12-Cup Cooked, Versatile Rice Maker with Non-Stick Inner Pot, Easy to Use, Auto Keep Warm, White/Purple (CR-0671V)",2022-07,284507,284507,284507,284507,58.22833333333333,65.78,57.656666666666666,58.22833333333333,,,,1,6,284507,[]
coway,Other,B01LYLW8P6,"CUCKOO Basic Rice Cooker 6-Cup Uncooked / 12-Cup Cooked, Versatile Rice Maker with Non-Stick Inner Pot, Easy to Use, Auto Keep Warm, White/Purple (CR-0671V)",2022-08,284507,284507,284507,284507,62.12166666666667,65.792,51.99,62.12166666666667,,,,1,6,284507,[]
coway,Other,B01LYLW8P6,"CUCKOO Basic Rice Cooker 6-Cup Uncooked / 12-Cup Cooked, Versatile Rice Maker with Non-Stick Inner Pot, Easy to Use, Auto Keep Warm, White/Purple (CR-0671V)",2022-09,284507,284507,284507,284507,48.915000000000006,52.88,52.88,48.915000000000006,,,,1,2,284507,[]
coway,Other,B01LYLW8P6,"CUCKOO Basic Rice Cooker 6-Cup Uncooked / 12-Cup Cooked, Versatile Rice Maker with Non-Stick Inner Pot, Easy to Use, Auto Keep Warm, White/Purple (CR-0671V)",2022-10,284507,284507,284507,284507,44.93,49.94,49.94,44.93,,,,1,3,284507,[]
coway,Other,B01LYLW8P6,"CUCKOO Basic Rice Cooker 6-Cup Uncooked / 12-Cup Cooked, Versatile Rice Maker with Non-Stick Inner Pot, Easy to Use, Auto Keep Warm, White/Purple (CR-0671V)",2022-11,284507,284507,284507,284507,41.239999999999995,48.99,0,41.239999999999995,,,,1,4,284507,[]
coway,Other,B01LYLW8P6,"CUCKOO Basic Rice Cooker 6-Cup Uncooked / 12-Cup Cooked, Versatile Rice Maker with Non-Stick Inner Pot, Easy to Use, Auto Keep Warm, White/Purple (CR-0671V)",2022-12,284507,284507,284507,284507,38.916666666666664,58.97,58.97,38.916666666666664,,,,1,6,284507,[]
coway,Other,B01LYLW8P6,"CUCKOO Basic Rice Cooker 6-Cup Uncooked / 12-Cup Cooked, Versatile Rice Maker with Non-Stick Inner Pot, Easy to Use, Auto Keep Warm, White/Purple (CR-0671V)",2023-01,284507,284507,284507,284507,42.983636363636364,51.053999999999995,49.68000000000001,42.983636363636364,,,,1,11,284507,[]
coway,Other,B01LYLW8P6,"CUCKOO Basic Rice Cooker 6-Cup Uncooked / 12-Cup Cooked, Versatile Rice Maker with Non-Stick Inner Pot, Easy to Use, Auto Keep Warm, White/Purple (CR-0671V)",2023-02,284507,284507,284507,284507,47.90285714285715,56.22,49.87,47.90285714285715,,,,1,7,284507,[]
coway,Other,B01LYLW8P6,"CUCKOO Basic Rice Cooker 6-Cup Uncooked / 12-Cup Cooked, Versatile Rice Maker with Non-Stick Inner Pot, Easy to Use, Auto Keep Warm, White/Purple (CR-0671V)",2023-03,284507,284507,284507,284507,45.288333333333334,49.629999999999995,49.88666666666668,45.288333333333334,,,,1,6,284507,[]
coway,Other,B01LYLW8P6,"CUCKOO Basic Rice Cooker 6-Cup Uncooked / 12-Cup Cooked, Versatile Rice Maker with Non-Stick Inner Pot, Easy to Use, Auto Keep Warm, White/Purple (CR-0671V)",2023-04,284507,284507,284507,284507,44.135,49.885000000000005,49.885000000000005,44.135,,,,1,6,284507,[]
coway,Other,B01LYLW8P6,"CUCKOO Basic Rice Cooker 6-Cup Uncooked / 12-Cup Cooked, Versatile Rice Maker with Non-Stick Inner Pot, Easy to Use, Auto Keep Warm, White/Purple (CR-0671V)",2023-05,284507,284507,284507,284507,49.88,49.88,49.88,49.88,,,,1,1,284507,[]
coway,Other,B01LYLW8P6,"CUCKOO Basic Rice Cooker 6-Cup Uncooked / 12-Cup Cooked, Versatile Rice Maker with Non-Stick Inner Pot, Easy to Use, Auto Keep Warm, White/Purple (CR-0671V)",2023-06,284507,284507,284507,284507,41.545,0,0,41.545,,,,1,2,284507,[]
coway,Other,B01LYLW8P6,"CUCKOO Basic Rice Cooker 6-Cup Uncooked / 12-Cup Cooked, Versatile Rice Maker with Non-Stick Inner Pot, Easy to Use, Auto Keep Warm, White/Purple (CR-0671V)",2023-07,284507,284507,284507,284507,35.4825,39.375,39.375,35.4825,,,,1,4,284507,[]
coway,Other,B01LYLW8P6,"CUCKOO Basic Rice Cooker 6-Cup Uncooked / 12-Cup Cooked, Versatile Rice Maker with Non-Stick Inner Pot, Easy to Use, Auto Keep Warm, White/Purple (CR-0671V)",2023-08,284507,284507,284507,284507,40.375,40.375,40.75,40.375,,,,1,2,284507,[]
coway,Other,B01LYLW8P6,"CUCKOO Basic Rice Cooker 6-Cup Uncooked / 12-Cup Cooked, Versatile Rice Maker with Non-Stick Inner Pot, Easy to Use, Auto Keep Warm, White/Purple (CR-0671V)",2023-09,284507,284507,284507,284507,49.50588235294117,53.93142857142856,52.407692307692294,49.50588235294117,,,,1,17,284507,[]
coway,Other,B01LYLW8P6,"CUCKOO Basic Rice Cooker 6-Cup Uncooked / 12-Cup Cooked, Versatile Rice Maker with Non-Stick Inner Pot, Easy to Use, Auto Keep Warm, White/Purple (CR-0671V)",2023-10,284507,284507,284507,284507,50.615,70.795,70.795,50.615,,,,1,6,284507,[]
coway,Other,B01LYLW8P6,"CUCKOO Basic Rice Cooker 6-Cup Uncooked / 12-Cup Cooked, Versatile Rice Maker with Non-Stick Inner Pot, Easy to Use, Auto Keep Warm, White/Purple (CR-0671V)",2023-11,284507,284507,284507,284507,49.651666666666664,59.99,59.99,49.651666666666664,,,,1,6,284507,[]
coway,Other,B01LYLW8P6,"CUCKOO Basic Rice Cooker 6-Cup Uncooked / 12-Cup Cooked, Versatile Rice Maker with Non-Stick Inner Pot, Easy to Use, Auto Keep Warm, White/Purple (CR-0671V)",2023-12,284507,284507,284507,284507,37.836666666666666,48.685,48.685,37.836666666666666,,,,1,6,284507,[]
coway,Other,B01LYLW8P6,"CUCKOO Basic Rice Cooker 6-Cup Uncooked / 12-Cup Cooked, Versatile Rice Maker with Non-Stick Inner Pot, Easy to Use, Auto Keep Warm, White/Purple (CR-0671V)",2024-01,284507,284507,284507,284507,38.985,0,0,38.985,,,,1,4,284507,[]
coway,Other,B01LYLW8P6,"CUCKOO Basic Rice Cooker 6-Cup Uncooked / 12-Cup Cooked, Versatile Rice Maker with Non-Stick Inner Pot, Easy to Use, Auto Keep Warm, White/Purple (CR-0671V)",2024-02,284507,284507,284507,284507,35.57666666666666,0,0,35.57666666666666,,,,1,3,284507,[]
coway,Other,B01LYLW8P6,"CUCKOO Basic Rice Cooker 6-Cup Uncooked / 12-Cup Cooked, Versatile Rice Maker with Non-Stick Inner Pot, Easy to Use, Auto Keep Warm, White/Purple (CR-0671V)",2024-03,284507,284507,284507,284507,49.7775,79.99,0,49.7775,,,,1,4,284507,[]
coway,Other,B01LYLW8P6,"CUCKOO Basic Rice Cooker 6-Cup Uncooked / 12-Cup Cooked, Versatile Rice Maker with Non-Stick Inner Pot, Easy to Use, Auto Keep Warm, White/Purple (CR-0671V)",2024-04,284507,284507,284507,284507,45.3725,80,0,45.3725,,,,1,4,284507,[]
coway,Other,B01LYLW8P6,"CUCKOO Basic Rice Cooker 6-Cup Uncooked / 12-Cup Cooked, Versatile Rice Maker with Non-Stick Inner Pot, Easy to Use, Auto Keep Warm, White/Purple (CR-0671V)",2024-05,284507,284507,284507,284507,40.92,44.02,44.02,40.92,,,,1,2,284507,[]
coway,Other,B01LYLW8P6,"CUCKOO Basic Rice Cooker 6-Cup Uncooked / 12-Cup Cooked, Versatile Rice Maker with Non-Stick Inner Pot, Easy to Use, Auto Keep Warm, White/Purple (CR-0671V)",2024-06,284507,284507,284507,284507,39.526666666666664,43.99,43.99,39.526666666666664,,,,1,3,284507,[]
coway,Other,B01LYLW8P6,"CUCKOO Basic Rice Cooker 6-Cup Uncooked / 12-Cup Cooked, Versatile Rice Maker with Non-Stick Inner Pot, Easy to Use, Auto Keep Warm, White/Purple (CR-0671V)",2024-07,284507,284507,284507,284507,37.194,44.02,44.02,37.194,,,,1,5,284507,[]
coway,Other,B01LYLW8P6,"CUCKOO Basic Rice Cooker 6-Cup Uncooked / 12-Cup Cooked, Versatile Rice Maker with Non-Stick Inner Pot, Easy to Use, Auto Keep Warm, White/Purple (CR-0671V)",2024-08,284507,284507,284507,284507,43.17,53.333333333333336,53.333333333333336,43.17,,,,1,9,284507,[]
coway,Other,B01LYLW8P6,"CUCKOO Basic Rice Cooker 6-Cup Uncooked / 12-Cup Cooked, Versatile Rice Maker with Non-Stick Inner Pot, Easy to Use, Auto Keep Warm, White/Purple (CR-0671V)",2024-09,284507,284507,284507,284507,43.42666666666667,46.43,46.43,43.42666666666667,,,,1,3,284507,[]
coway,Other,B01LYLW8P6,"CUCKOO Basic Rice Cooker 6-Cup Uncooked / 12-Cup Cooked, Versatile Rice Maker with Non-Stick Inner Pot, Easy to Use, Auto Keep Warm, White/Purple (CR-0671V)",2024-10,284507,284507,284507,284507,46.566,49.71,49.71,46.566,,,,1,5,284507,[]
coway,Other,B01LYLW8P6,"CUCKOO Basic Rice Cooker 6-Cup Uncooked / 12-Cup Cooked, Versatile Rice Maker with Non-Stick Inner Pot, Easy to Use, Auto Keep Warm, White/Purple (CR-0671V)",2024-11,284507,284507,284507,284507,30.928000000000004,79.99,0,30.928000000000004,,,,1,5,284507,[]
coway,Other,B01LYLW8P6,"CUCKOO Basic Rice Cooker 6-Cup Uncooked / 12-Cup Cooked, Versatile Rice Maker with Non-Stick Inner Pot, Easy to Use, Auto Keep Warm, White/Purple (CR-0671V)",2024-12,284507,284507,284507,284507,33.6,37.99,37.99,33.6,,,,1,5,284507,[]
coway,Other,B01LYLW8P6,"CUCKOO Basic Rice Cooker 6-Cup Uncooked / 12-Cup Cooked, Versatile Rice Maker with Non-Stick Inner Pot, Easy to Use, Auto Keep Warm, White/Purple (CR-0671V)",2025-01,284507,284507,284507,284507,48.12571428571429,50.51666666666667,56.04333333333333,48.12571428571429,,,,1,7,284507,[]
coway,Other,B01LYLW8P6,"CUCKOO Basic Rice Cooker 6-Cup Uncooked / 12-Cup Cooked, Versatile Rice Maker with Non-Stick Inner Pot, Easy to Use, Auto Keep Warm, White/Purple (CR-0671V)",2025-02,284507,284507,284507,284507,30.8475,64.99,0,30.8475,,,,1,4,284507,[]
coway,Other,B01LYLW8P6,"CUCKOO Basic Rice Cooker 6-Cup Uncooked / 12-Cup Cooked, Versatile Rice Maker with Non-Stick Inner Pot, Easy to Use, Auto Keep Warm, White/Purple (CR-0671V)",2025-03,284507,284507,284507,284507,40.28,54.545,54.545,40.28,,,,1,8,284507,[]
coway,Other,B01LYLW8P6,"CUCKOO Basic Rice Cooker 6-Cup Uncooked / 12-Cup Cooked, Versatile Rice Maker with Non-Stick Inner Pot, Easy to Use, Auto Keep Warm, White/Purple (CR-0671V)",2025-04,284507,284507,284507,284507,53.128,57.612,57.612,53.128,,,,1,5,284507,[]
coway,Other,B01LYLW8P6,"CUCKOO Basic Rice Cooker 6-Cup Uncooked / 12-Cup Cooked, Versatile Rice Maker with Non-Stick Inner Pot, Easy to Use, Auto Keep Warm, White/Purple (CR-0671V)",2025-05,284507,284507,284507,284507,70.70714285714287,70.70714285714287,59.49,70.70714285714287,,,,1,7,284507,[]
coway,Other,B01LYLW8P6,"CUCKOO Basic Rice Cooker 6-Cup Uncooked / 12-Cup Cooked, Versatile Rice Maker with Non-Stick Inner Pot, Easy to Use, Auto Keep Warm, White/Purple (CR-0671V)",2025-06,284507,284507,284507,284507,61.49,61.656666666666666,62.489999999999995,61.49,,,,1,4,284507,[]
coway,Other,B01LYLW8P6,"CUCKOO Basic Rice Cooker 6-Cup Uncooked / 12-Cup Cooked, Versatile Rice Maker with Non-Stick Inner Pot, Easy to Use, Auto Keep Warm, White/Purple (CR-0671V)",2025-07,284507,284507,284507,284507,56.088,56.088,56.8625,56.088,,,,1,5,284507,[]
coway,Other,B01LYLW8P6,"CUCKOO Basic Rice Cooker 6-Cup Uncooked / 12-Cup Cooked, Versatile Rice Maker with Non-Stick Inner Pot, Easy to Use, Auto Keep Warm, White/Purple (CR-0671V)",2025-08,284507,284507,284507,284507,52.29875,59.47857142857142,59.47857142857142,52.29875,,,,1,8,284507,[]
coway,Other,B01LYLW8P6,"CUCKOO Basic Rice Cooker 6-Cup Uncooked / 12-Cup Cooked, Versatile Rice Maker with Non-Stick Inner Pot, Easy to Use, Auto Keep Warm, White/Purple (CR-0671V)",2025-09,284507,284507,284507,284507,55.790000000000006,73.74,67.49,55.790000000000006,,,,1,5,284507,[]
coway,Other,B01LYLW8P6,"CUCKOO Basic Rice Cooker 6-Cup Uncooked / 12-Cup Cooked, Versatile Rice Maker with Non-Stick Inner Pot, Easy to Use, Auto Keep Warm, White/Purple (CR-0671V)",2025-10,284507,284507,284507,284507,53.66125000000001,70.82666666666667,70.82666666666667,53.66125000000001,,,,1,8,284507,[]
coway,Other,B01LYLW8P6,"CUCKOO Basic Rice Cooker 6-Cup Uncooked / 12-Cup Cooked, Versatile Rice Maker with Non-Stick Inner Pot, Easy to Use, Auto Keep Warm, White/Purple (CR-0671V)",2025-11,284507,284507,284507,284507,50.09111111111111,58.39,58.39,50.09111111111111,,,,1,9,284507,[]
coway,Other,B01LYLW8P6,"CUCKOO Basic Rice Cooker 6-Cup Uncooked / 12-Cup Cooked, Versatile Rice Maker with Non-Stick Inner Pot, Easy to Use, Auto Keep Warm, White/Purple (CR-0671V)",2025-12,284507,284507,284507,284507,50.37375,58.457499999999996,58.457499999999996,50.37375,,,,1,8,284507,[]
coway,Other,B01LYLW8P6,"CUCKOO Basic Rice Cooker 6-Cup Uncooked / 12-Cup Cooked, Versatile Rice Maker with Non-Stick Inner Pot, Easy to Use, Auto Keep Warm, White/Purple (CR-0671V)",2026-01,284507,284507,284507,284507,50.1125,80.45666666666666,75.69,50.1125,,,,1,8,284507,[]
coway,Other,B01LYLW8P6,"CUCKOO Basic Rice Cooker 6-Cup Uncooked / 12-Cup Cooked, Versatile Rice Maker with Non-Stick Inner Pot, Easy to Use, Auto Keep Warm, White/Purple (CR-0671V)",2026-02,284507,284507,284507,284507,45.256,68,68,45.256,,,,1,5,284507,[]
coway,Other,B01LYLW8P6,"CUCKOO Basic Rice Cooker 6-Cup Uncooked / 12-Cup Cooked, Versatile Rice Maker with Non-Stick Inner Pot, Easy to Use, Auto Keep Warm, White/Purple (CR-0671V)",2026-03,284507,284507,284507,284507,54.65625000000001,68.59,68.59,54.65625000000001,,,,1,8,284507,[]
coway,Other,B01LYLW8P6,"CUCKOO Basic Rice Cooker 6-Cup Uncooked / 12-Cup Cooked, Versatile Rice Maker with Non-Stick Inner Pot, Easy to Use, Auto Keep Warm, White/Purple (CR-0671V)",2026-04,284507,284507,284507,284507,56.2725,79.99,79.99,56.2725,,,,1,4,284507,[]
coway,Other,B01LYLW8P6,"CUCKOO Basic Rice Cooker 6-Cup Uncooked / 12-Cup Cooked, Versatile Rice Maker with Non-Stick Inner Pot, Easy to Use, Auto Keep Warm, White/Purple (CR-0671V)",2026-05,284507,284507,284507,284507,49.725,73.99,73.99,49.725,,,,1,6,284507,[]
coway,Other,B01LYLW8P6,"CUCKOO Basic Rice Cooker 6-Cup Uncooked / 12-Cup Cooked, Versatile Rice Maker with Non-Stick Inner Pot, Easy to Use, Auto Keep Warm, White/Purple (CR-0671V)",2026-06,284507,284507,284507,284507,79.99,79.99,79.99,79.99,,,,1,1,284507,[]
coway,Other,B01MQWFGKG,"CUCKOO Micom Rice Cooker 6 Cup Uncooked / 12 Cup Cooked, Fuzzy Logic Rice Maker with Delay Timer & Keep Warm Setting, Versatile Food Steamer for Cooking, Non-Stick Inner Pot, Red (CR-0655F)",2017-04,284507,284507,284507,284507,79.99,79.99,79.99,79.99,,,,1,2,284507,[]
coway,Other,B01MQWFGKG,"CUCKOO Micom Rice Cooker 6 Cup Uncooked / 12 Cup Cooked, Fuzzy Logic Rice Maker with Delay Timer & Keep Warm Setting, Versatile Food Steamer for Cooking, Non-Stick Inner Pot, Red (CR-0655F)",2017-10,284507,284507,284507,284507,79.11000000000001,79.11000000000001,79.11000000000001,79.11000000000001,,,,1,5,284507,[]
coway,Other,B01MQWFGKG,"CUCKOO Micom Rice Cooker 6 Cup Uncooked / 12 Cup Cooked, Fuzzy Logic Rice Maker with Delay Timer & Keep Warm Setting, Versatile Food Steamer for Cooking, Non-Stick Inner Pot, Red (CR-0655F)",2017-11,284507,284507,284507,284507,348.2283333333333,348.2283333333333,79.66499999999999,348.2283333333333,,,,1,6,284507,[]
coway,Other,B01MQWFGKG,"CUCKOO Micom Rice Cooker 6 Cup Uncooked / 12 Cup Cooked, Fuzzy Logic Rice Maker with Delay Timer & Keep Warm Setting, Versatile Food Steamer for Cooking, Non-Stick Inner Pot, Red (CR-0655F)",2017-12,284507,284507,284507,284507,480.4542857142857,480.4542857142857,0,480.4542857142857,,,,1,7,284507,[]
coway,Other,B01MQWFGKG,"CUCKOO Micom Rice Cooker 6 Cup Uncooked / 12 Cup Cooked, Fuzzy Logic Rice Maker with Delay Timer & Keep Warm Setting, Versatile Food Steamer for Cooking, Non-Stick Inner Pot, Red (CR-0655F)",2018-01,284507,284507,284507,284507,341.15999999999997,341.15999999999997,83.85,341.15999999999997,,,,1,4,284507,[]
coway,Other,B01MQWFGKG,"CUCKOO Micom Rice Cooker 6 Cup Uncooked / 12 Cup Cooked, Fuzzy Logic Rice Maker with Delay Timer & Keep Warm Setting, Versatile Food Steamer for Cooking, Non-Stick Inner Pot, Red (CR-0655F)",2018-02,284507,284507,284507,284507,97.01285714285713,97.01285714285713,84.325,97.01285714285713,,,,1,7,284507,[]
coway,Other,B01MQWFGKG,"CUCKOO Micom Rice Cooker 6 Cup Uncooked / 12 Cup Cooked, Fuzzy Logic Rice Maker with Delay Timer & Keep Warm Setting, Versatile Food Steamer for Cooking, Non-Stick Inner Pot, Red (CR-0655F)",2018-03,284507,284507,284507,284507,106.31,106.31,84.8,106.31,,,,1,3,284507,[]
coway,Other,B01MQWFGKG,"CUCKOO Micom Rice Cooker 6 Cup Uncooked / 12 Cup Cooked, Fuzzy Logic Rice Maker with Delay Timer & Keep Warm Setting, Versatile Food Steamer for Cooking, Non-Stick Inner Pot, Red (CR-0655F)",2018-04,284507,284507,284507,284507,105.58666666666666,105.58666666666666,84.61,105.58666666666666,,,,1,3,284507,[]
coway,Other,B01MQWFGKG,"CUCKOO Micom Rice Cooker 6 Cup Uncooked / 12 Cup Cooked, Fuzzy Logic Rice Maker with Delay Timer & Keep Warm Setting, Versatile Food Steamer for Cooking, Non-Stick Inner Pot, Red (CR-0655F)",2018-05,284507,284507,284507,284507,89.67333333333333,89.67333333333333,82.74,89.67333333333333,,,,1,3,284507,[]
coway,Other,B01MQWFGKG,"CUCKOO Micom Rice Cooker 6 Cup Uncooked / 12 Cup Cooked, Fuzzy Logic Rice Maker with Delay Timer & Keep Warm Setting, Versatile Food Steamer for Cooking, Non-Stick Inner Pot, Red (CR-0655F)",2018-06,284507,284507,284507,284507,99.28999999999999,99.28999999999999,79.99,99.28999999999999,,,,1,4,284507,[]
coway,Other,B01MQWFGKG,"CUCKOO Micom Rice Cooker 6 Cup Uncooked / 12 Cup Cooked, Fuzzy Logic Rice Maker with Delay Timer & Keep Warm Setting, Versatile Food Steamer for Cooking, Non-Stick Inner Pot, Red (CR-0655F)",2018-07,284507,284507,284507,284507,108.44,108.44,0,108.44,,,,1,6,284507,[]
coway,Other,B01MQWFGKG,"CUCKOO Micom Rice Cooker 6 Cup Uncooked / 12 Cup Cooked, Fuzzy Logic Rice Maker with Delay Timer & Keep Warm Setting, Versatile Food Steamer for Cooking, Non-Stick Inner Pot, Red (CR-0655F)",2018-08,284507,284507,284507,284507,130.30875,130.30875,0,130.30875,,,,1,8,284507,[]
coway,Other,B01MQWFGKG,"CUCKOO Micom Rice Cooker 6 Cup Uncooked / 12 Cup Cooked, Fuzzy Logic Rice Maker with Delay Timer & Keep Warm Setting, Versatile Food Steamer for Cooking, Non-Stick Inner Pot, Red (CR-0655F)",2018-09,284507,284507,284507,284507,101.19200000000001,101.19200000000001,0,101.19200000000001,,,,1,5,284507,[]
coway,Other,B01MQWFGKG,"CUCKOO Micom Rice Cooker 6 Cup Uncooked / 12 Cup Cooked, Fuzzy Logic Rice Maker with Delay Timer & Keep Warm Setting, Versatile Food Steamer for Cooking, Non-Stick Inner Pot, Red (CR-0655F)",2018-10,284507,284507,284507,284507,119.59,119.59,0,119.59,,,,1,2,284507,[]
coway,Other,B01MQWFGKG,"CUCKOO Micom Rice Cooker 6 Cup Uncooked / 12 Cup Cooked, Fuzzy Logic Rice Maker with Delay Timer & Keep Warm Setting, Versatile Food Steamer for Cooking, Non-Stick Inner Pot, Red (CR-0655F)",2018-11,284507,284507,284507,284507,109.3725,109.3725,0,109.3725,,,,1,4,284507,[]
coway,Other,B01MQWFGKG,"CUCKOO Micom Rice Cooker 6 Cup Uncooked / 12 Cup Cooked, Fuzzy Logic Rice Maker with Delay Timer & Keep Warm Setting, Versatile Food Steamer for Cooking, Non-Stick Inner Pot, Red (CR-0655F)",2018-12,284507,284507,284507,284507,114.91375,114.91375,78.24,114.91375,,,,1,8,284507,[]
coway,Other,B01MQWFGKG,"CUCKOO Micom Rice Cooker 6 Cup Uncooked / 12 Cup Cooked, Fuzzy Logic Rice Maker with Delay Timer & Keep Warm Setting, Versatile Food Steamer for Cooking, Non-Stick Inner Pot, Red (CR-0655F)",2019-01,284507,284507,284507,284507,88.21249999999999,88.21249999999999,88.21249999999999,88.21249999999999,,,,1,8,284507,[]
coway,Other,B01MQWFGKG,"CUCKOO Micom Rice Cooker 6 Cup Uncooked / 12 Cup Cooked, Fuzzy Logic Rice Maker with Delay Timer & Keep Warm Setting, Versatile Food Steamer for Cooking, Non-Stick Inner Pot, Red (CR-0655F)",2019-02,284507,284507,284507,284507,112.99,112.99,112.99,112.99,,,,1,1,284507,[]
coway,Other,B01MQWFGKG,"CUCKOO Micom Rice Cooker 6 Cup Uncooked / 12 Cup Cooked, Fuzzy Logic Rice Maker with Delay Timer & Keep Warm Setting, Versatile Food Steamer for Cooking, Non-Stick Inner Pot, Red (CR-0655F)",2019-03,284507,284507,284507,284507,144.495,144.495,89.99,144.495,,,,1,2,284507,[]
coway,Other,B01MQWFGKG,"CUCKOO Micom Rice Cooker 6 Cup Uncooked / 12 Cup Cooked, Fuzzy Logic Rice Maker with Delay Timer & Keep Warm Setting, Versatile Food Steamer for Cooking, Non-Stick Inner Pot, Red (CR-0655F)",2019-04,284507,284507,284507,284507,91.715,91.715,83.32333333333332,91.715,,,,1,4,284507,[]
coway,Other,B01MQWFGKG,"CUCKOO Micom Rice Cooker 6 Cup Uncooked / 12 Cup Cooked, Fuzzy Logic Rice Maker with Delay Timer & Keep Warm Setting, Versatile Food Steamer for Cooking, Non-Stick Inner Pot, Red (CR-0655F)",2019-07,284507,284507,284507,284507,78.4325,78.4325,76.345,78.4325,,,,1,4,284507,[]
coway,Other,B01MQWFGKG,"CUCKOO Micom Rice Cooker 6 Cup Uncooked / 12 Cup Cooked, Fuzzy Logic Rice Maker with Delay Timer & Keep Warm Setting, Versatile Food Steamer for Cooking, Non-Stick Inner Pot, Red (CR-0655F)",2019-08,284507,284507,284507,284507,82.295,82.295,82.295,82.295,,,,1,2,284507,[]
coway,Other,B01MQWFGKG,"CUCKOO Micom Rice Cooker 6 Cup Uncooked / 12 Cup Cooked, Fuzzy Logic Rice Maker with Delay Timer & Keep Warm Setting, Versatile Food Steamer for Cooking, Non-Stick Inner Pot, Red (CR-0655F)",2019-09,284507,284507,284507,284507,89.99,89.99,89.99,89.99,,,,1,1,284507,[]
coway,Other,B01MQWFGKG,"CUCKOO Micom Rice Cooker 6 Cup Uncooked / 12 Cup Cooked, Fuzzy Logic Rice Maker with Delay Timer & Keep Warm Setting, Versatile Food Steamer for Cooking, Non-Stick Inner Pot, Red (CR-0655F)",2019-10,284507,284507,284507,284507,101.49,101.49,101.49,101.49,,,,1,2,284507,[]
coway,Other,B01MQWFGKG,"CUCKOO Micom Rice Cooker 6 Cup Uncooked / 12 Cup Cooked, Fuzzy Logic Rice Maker with Delay Timer & Keep Warm Setting, Versatile Food Steamer for Cooking, Non-Stick Inner Pot, Red (CR-0655F)",2019-11,284507,284507,284507,284507,108.5975,108.5975,78.46333333333332,108.5975,,,,1,4,284507,[]
coway,Other,B01MQWFGKG,"CUCKOO Micom Rice Cooker 6 Cup Uncooked / 12 Cup Cooked, Fuzzy Logic Rice Maker with Delay Timer & Keep Warm Setting, Versatile Food Steamer for Cooking, Non-Stick Inner Pot, Red (CR-0655F)",2019-12,284507,284507,284507,284507,86.345,86.345,86.345,86.345,,,,1,2,284507,[]
coway,Other,B01MQWFGKG,"CUCKOO Micom Rice Cooker 6 Cup Uncooked / 12 Cup Cooked, Fuzzy Logic Rice Maker with Delay Timer & Keep Warm Setting, Versatile Food Steamer for Cooking, Non-Stick Inner Pot, Red (CR-0655F)",2020-01,284507,284507,284507,284507,78.46333333333332,78.46333333333332,78.46333333333332,78.46333333333332,,,,1,3,284507,[]
coway,Other,B01MQWFGKG,"CUCKOO Micom Rice Cooker 6 Cup Uncooked / 12 Cup Cooked, Fuzzy Logic Rice Maker with Delay Timer & Keep Warm Setting, Versatile Food Steamer for Cooking, Non-Stick Inner Pot, Red (CR-0655F)",2020-02,284507,284507,284507,284507,72.47666666666666,72.47666666666666,87.21000000000001,72.47666666666666,,,,1,3,284507,[]
coway,Other,B01MQWFGKG,"CUCKOO Micom Rice Cooker 6 Cup Uncooked / 12 Cup Cooked, Fuzzy Logic Rice Maker with Delay Timer & Keep Warm Setting, Versatile Food Steamer for Cooking, Non-Stick Inner Pot, Red (CR-0655F)",2020-03,284507,284507,284507,284507,79.4325,79.4325,79.35285714285715,79.4325,,,,1,8,284507,[]
coway,Other,B01MQWFGKG,"CUCKOO Micom Rice Cooker 6 Cup Uncooked / 12 Cup Cooked, Fuzzy Logic Rice Maker with Delay Timer & Keep Warm Setting, Versatile Food Steamer for Cooking, Non-Stick Inner Pot, Red (CR-0655F)",2020-04,284507,284507,284507,284507,85.74333333333334,85.74333333333334,85.74333333333334,85.74333333333334,,,,1,3,284507,[]
coway,Other,B01MQWFGKG,"CUCKOO Micom Rice Cooker 6 Cup Uncooked / 12 Cup Cooked, Fuzzy Logic Rice Maker with Delay Timer & Keep Warm Setting, Versatile Food Steamer for Cooking, Non-Stick Inner Pot, Red (CR-0655F)",2020-05,284507,284507,284507,284507,78.29,78.29,80.98666666666666,78.29,,,,1,3,284507,[]
coway,Other,B01MQWFGKG,"CUCKOO Micom Rice Cooker 6 Cup Uncooked / 12 Cup Cooked, Fuzzy Logic Rice Maker with Delay Timer & Keep Warm Setting, Versatile Food Steamer for Cooking, Non-Stick Inner Pot, Red (CR-0655F)",2020-06,284507,284507,284507,284507,99.12875000000001,99.12875000000001,99.12875000000001,99.12875000000001,,,,1,8,284507,[]
coway,Other,B01MQWFGKG,"CUCKOO Micom Rice Cooker 6 Cup Uncooked / 12 Cup Cooked, Fuzzy Logic Rice Maker with Delay Timer & Keep Warm Setting, Versatile Food Steamer for Cooking, Non-Stick Inner Pot, Red (CR-0655F)",2020-07,284507,284507,284507,284507,110.95125000000002,110.95125000000002,110.95125000000002,110.95125000000002,,,,1,16,284507,[]
coway,Other,B01MQWFGKG,"CUCKOO Micom Rice Cooker 6 Cup Uncooked / 12 Cup Cooked, Fuzzy Logic Rice Maker with Delay Timer & Keep Warm Setting, Versatile Food Steamer for Cooking, Non-Stick Inner Pot, Red (CR-0655F)",2020-08,284507,284507,284507,284507,105.57333333333335,110.78875000000002,128.09933333333336,105.57333333333335,,,,1,18,284507,[]
coway,Other,B01MQWFGKG,"CUCKOO Micom Rice Cooker 6 Cup Uncooked / 12 Cup Cooked, Fuzzy Logic Rice Maker with Delay Timer & Keep Warm Setting, Versatile Food Steamer for Cooking, Non-Stick Inner Pot, Red (CR-0655F)",2020-09,284507,284507,284507,284507,87.71333333333332,89.47545454545455,89.91454545454545,87.71333333333332,,,,1,12,284507,[]
coway,Other,B01MQWFGKG,"CUCKOO Micom Rice Cooker 6 Cup Uncooked / 12 Cup Cooked, Fuzzy Logic Rice Maker with Delay Timer & Keep Warm Setting, Versatile Food Steamer for Cooking, Non-Stick Inner Pot, Red (CR-0655F)",2020-10,284507,284507,284507,284507,93.56642857142859,99.2675,99.52416666666666,93.56642857142859,,,,1,14,284507,[]
coway,Other,B01MQWFGKG,"CUCKOO Micom Rice Cooker 6 Cup Uncooked / 12 Cup Cooked, Fuzzy Logic Rice Maker with Delay Timer & Keep Warm Setting, Versatile Food Steamer for Cooking, Non-Stick Inner Pot, Red (CR-0655F)",2020-11,284507,284507,284507,284507,95.70904761904761,105.10499999999999,105.10499999999999,95.70904761904761,,,,1,21,284507,[]
coway,Other,B01MQWFGKG,"CUCKOO Micom Rice Cooker 6 Cup Uncooked / 12 Cup Cooked, Fuzzy Logic Rice Maker with Delay Timer & Keep Warm Setting, Versatile Food Steamer for Cooking, Non-Stick Inner Pot, Red (CR-0655F)",2020-12,284507,284507,284507,284507,105.97666666666669,109.0794117647059,105.196875,105.97666666666669,,,,1,18,284507,[]
coway,Other,B01MQWFGKG,"CUCKOO Micom Rice Cooker 6 Cup Uncooked / 12 Cup Cooked, Fuzzy Logic Rice Maker with Delay Timer & Keep Warm Setting, Versatile Food Steamer for Cooking, Non-Stick Inner Pot, Red (CR-0655F)",2021-01,284507,284507,284507,284507,114.86318181818181,114.86318181818181,108.31529411764707,114.86318181818181,,,,1,22,284507,[]
coway,Other,B01MQWFGKG,"CUCKOO Micom Rice Cooker 6 Cup Uncooked / 12 Cup Cooked, Fuzzy Logic Rice Maker with Delay Timer & Keep Warm Setting, Versatile Food Steamer for Cooking, Non-Stick Inner Pot, Red (CR-0655F)",2021-02,284507,284507,284507,284507,110.60533333333332,110.60533333333332,110.60533333333332,110.60533333333332,,,,1,15,284507,[]
coway,Other,B01MQWFGKG,"CUCKOO Micom Rice Cooker 6 Cup Uncooked / 12 Cup Cooked, Fuzzy Logic Rice Maker with Delay Timer & Keep Warm Setting, Versatile Food Steamer for Cooking, Non-Stick Inner Pot, Red (CR-0655F)",2021-03,284507,284507,284507,284507,102.145,102.145,105.07538461538462,102.145,,,,1,14,284507,[]
coway,Other,B01MQWFGKG,"CUCKOO Micom Rice Cooker 6 Cup Uncooked / 12 Cup Cooked, Fuzzy Logic Rice Maker with Delay Timer & Keep Warm Setting, Versatile Food Steamer for Cooking, Non-Stick Inner Pot, Red (CR-0655F)",2021-04,284507,284507,284507,284507,94.894,94.894,94.894,94.894,,,,1,5,284507,[]
coway,Other,B01MQWFGKG,"CUCKOO Micom Rice Cooker 6 Cup Uncooked / 12 Cup Cooked, Fuzzy Logic Rice Maker with Delay Timer & Keep Warm Setting, Versatile Food Steamer for Cooking, Non-Stick Inner Pot, Red (CR-0655F)",2021-05,284507,284507,284507,284507,90.29666666666667,90.29666666666667,80.44999999999999,90.29666666666667,,,,1,3,284507,[]
coway,Other,B01MQWFGKG,"CUCKOO Micom Rice Cooker 6 Cup Uncooked / 12 Cup Cooked, Fuzzy Logic Rice Maker with Delay Timer & Keep Warm Setting, Versatile Food Steamer for Cooking, Non-Stick Inner Pot, Red (CR-0655F)",2021-06,284507,284507,284507,284507,85.41307692307693,87.17250000000001,87.16818181818184,85.41307692307693,,,,1,13,284507,[]
coway,Other,B01MQWFGKG,"CUCKOO Micom Rice Cooker 6 Cup Uncooked / 12 Cup Cooked, Fuzzy Logic Rice Maker with Delay Timer & Keep Warm Setting, Versatile Food Steamer for Cooking, Non-Stick Inner Pot, Red (CR-0655F)",2021-07,284507,284507,284507,284507,85.09400000000001,85.09400000000001,87.85499999999999,85.09400000000001,,,,1,5,284507,[]
coway,Other,B01MQWFGKG,"CUCKOO Micom Rice Cooker 6 Cup Uncooked / 12 Cup Cooked, Fuzzy Logic Rice Maker with Delay Timer & Keep Warm Setting, Versatile Food Steamer for Cooking, Non-Stick Inner Pot, Red (CR-0655F)",2021-08,284507,284507,284507,284507,86.42666666666666,86.42666666666666,86.42666666666666,86.42666666666666,,,,1,6,284507,[]
coway,Other,B01MQWFGKG,"CUCKOO Micom Rice Cooker 6 Cup Uncooked / 12 Cup Cooked, Fuzzy Logic Rice Maker with Delay Timer & Keep Warm Setting, Versatile Food Steamer for Cooking, Non-Stick Inner Pot, Red (CR-0655F)",2021-09,284507,284507,284507,284507,85.47,85.47,85.69333333333333,85.47,,,,1,5,284507,[]
coway,Other,B01MQWFGKG,"CUCKOO Micom Rice Cooker 6 Cup Uncooked / 12 Cup Cooked, Fuzzy Logic Rice Maker with Delay Timer & Keep Warm Setting, Versatile Food Steamer for Cooking, Non-Stick Inner Pot, Red (CR-0655F)",2021-10,284507,284507,284507,284507,75.91304347826087,75.91304347826087,78.59818181818183,75.91304347826087,,,,1,23,284507,[]
coway,Other,B01MQWFGKG,"CUCKOO Micom Rice Cooker 6 Cup Uncooked / 12 Cup Cooked, Fuzzy Logic Rice Maker with Delay Timer & Keep Warm Setting, Versatile Food Steamer for Cooking, Non-Stick Inner Pot, Red (CR-0655F)",2021-11,284507,284507,284507,284507,103.76538461538463,103.76538461538463,108.98454545454545,103.76538461538463,,,,1,13,284507,[]
coway,Other,B01MQWFGKG,"CUCKOO Micom Rice Cooker 6 Cup Uncooked / 12 Cup Cooked, Fuzzy Logic Rice Maker with Delay Timer & Keep Warm Setting, Versatile Food Steamer for Cooking, Non-Stick Inner Pot, Red (CR-0655F)",2021-12,284507,284507,284507,284507,103.68588235294118,106.62705882352941,106.308125,103.68588235294118,,,,1,17,284507,[]
coway,Other,B01MQWFGKG,"CUCKOO Micom Rice Cooker 6 Cup Uncooked / 12 Cup Cooked, Fuzzy Logic Rice Maker with Delay Timer & Keep Warm Setting, Versatile Food Steamer for Cooking, Non-Stick Inner Pot, Red (CR-0655F)",2022-01,284507,284507,284507,284507,107.77823529411766,107.77823529411766,106.39000000000001,107.77823529411766,,,,1,17,284507,[]
coway,Other,B01MQWFGKG,"CUCKOO Micom Rice Cooker 6 Cup Uncooked / 12 Cup Cooked, Fuzzy Logic Rice Maker with Delay Timer & Keep Warm Setting, Versatile Food Steamer for Cooking, Non-Stick Inner Pot, Red (CR-0655F)",2022-02,284507,284507,284507,284507,80.83555555555556,93.26571428571428,93.26571428571428,80.83555555555556,,,,1,9,284507,[]
coway,Other,B01MQWFGKG,"CUCKOO Micom Rice Cooker 6 Cup Uncooked / 12 Cup Cooked, Fuzzy Logic Rice Maker with Delay Timer & Keep Warm Setting, Versatile Food Steamer for Cooking, Non-Stick Inner Pot, Red (CR-0655F)",2022-03,284507,284507,284507,284507,68.1275,86.974,87.47,68.1275,,,,1,16,284507,[]
coway,Other,B01MQWFGKG,"CUCKOO Micom Rice Cooker 6 Cup Uncooked / 12 Cup Cooked, Fuzzy Logic Rice Maker with Delay Timer & Keep Warm Setting, Versatile Food Steamer for Cooking, Non-Stick Inner Pot, Red (CR-0655F)",2022-04,284507,284507,284507,284507,65.32199999999999,82.8725,83.83333333333333,65.32199999999999,,,,1,10,284507,[]
coway,Other,B01MQWFGKG,"CUCKOO Micom Rice Cooker 6 Cup Uncooked / 12 Cup Cooked, Fuzzy Logic Rice Maker with Delay Timer & Keep Warm Setting, Versatile Food Steamer for Cooking, Non-Stick Inner Pot, Red (CR-0655F)",2022-05,284507,284507,284507,284507,69.50857142857141,88.48777777777778,89.29875,69.50857142857141,,,,1,14,284507,[]
coway,Other,B01MQWFGKG,"CUCKOO Micom Rice Cooker 6 Cup Uncooked / 12 Cup Cooked, Fuzzy Logic Rice Maker with Delay Timer & Keep Warm Setting, Versatile Food Steamer for Cooking, Non-Stick Inner Pot, Red (CR-0655F)",2022-06,284507,284507,284507,284507,74.75500000000001,84.34214285714287,81.48333333333333,74.75500000000001,,,,1,16,284507,[]
coway,Other,B01MQWFGKG,"CUCKOO Micom Rice Cooker 6 Cup Uncooked / 12 Cup Cooked, Fuzzy Logic Rice Maker with Delay Timer & Keep Warm Setting, Versatile Food Steamer for Cooking, Non-Stick Inner Pot, Red (CR-0655F)",2022-07,284507,284507,284507,284507,73.773,87.81166666666667,87.43,73.773,,,,1,10,284507,[]
coway,Other,B01MQWFGKG,"CUCKOO Micom Rice Cooker 6 Cup Uncooked / 12 Cup Cooked, Fuzzy Logic Rice Maker with Delay Timer & Keep Warm Setting, Versatile Food Steamer for Cooking, Non-Stick Inner Pot, Red (CR-0655F)",2022-08,284507,284507,284507,284507,80.315,86.2,89.35,80.315,,,,1,4,284507,[]
coway,Other,B01MQWFGKG,"CUCKOO Micom Rice Cooker 6 Cup Uncooked / 12 Cup Cooked, Fuzzy Logic Rice Maker with Delay Timer & Keep Warm Setting, Versatile Food Steamer for Cooking, Non-Stick Inner Pot, Red (CR-0655F)",2022-09,284507,284507,284507,284507,61.85,0,0,61.85,,,,1,1,284507,[]
coway,Other,B01MQWFGKG,"CUCKOO Micom Rice Cooker 6 Cup Uncooked / 12 Cup Cooked, Fuzzy Logic Rice Maker with Delay Timer & Keep Warm Setting, Versatile Food Steamer for Cooking, Non-Stick Inner Pot, Red (CR-0655F)",2022-10,284507,284507,284507,284507,63.31777777777778,70.36666666666667,71.55000000000001,63.31777777777778,,,,1,9,284507,[]
coway,Other,B01MQWFGKG,"CUCKOO Micom Rice Cooker 6 Cup Uncooked / 12 Cup Cooked, Fuzzy Logic Rice Maker with Delay Timer & Keep Warm Setting, Versatile Food Steamer for Cooking, Non-Stick Inner Pot, Red (CR-0655F)",2022-11,284507,284507,284507,284507,68.98249999999999,88.89,88.89,68.98249999999999,,,,1,4,284507,[]
coway,Other,B01MQWFGKG,"CUCKOO Micom Rice Cooker 6 Cup Uncooked / 12 Cup Cooked, Fuzzy Logic Rice Maker with Delay Timer & Keep Warm Setting, Versatile Food Steamer for Cooking, Non-Stick Inner Pot, Red (CR-0655F)",2022-12,284507,284507,284507,284507,74.08600000000001,87.71,86.95,74.08600000000001,,,,1,5,284507,[]
coway,Other,B01MQWFGKG,"CUCKOO Micom Rice Cooker 6 Cup Uncooked / 12 Cup Cooked, Fuzzy Logic Rice Maker with Delay Timer & Keep Warm Setting, Versatile Food Steamer for Cooking, Non-Stick Inner Pot, Red (CR-0655F)",2023-01,284507,284507,284507,284507,64.67055555555554,80.74333333333334,80.83333333333334,64.67055555555554,,,,1,18,284507,[]
coway,Other,B01MQWFGKG,"CUCKOO Micom Rice Cooker 6 Cup Uncooked / 12 Cup Cooked, Fuzzy Logic Rice Maker with Delay Timer & Keep Warm Setting, Versatile Food Steamer for Cooking, Non-Stick Inner Pot, Red (CR-0655F)",2023-02,284507,284507,284507,284507,70.4392857142857,87.37249999999999,86.32000000000001,70.4392857142857,,,,1,14,284507,[]
coway,Other,B01MQWFGKG,"CUCKOO Micom Rice Cooker 6 Cup Uncooked / 12 Cup Cooked, Fuzzy Logic Rice Maker with Delay Timer & Keep Warm Setting, Versatile Food Steamer for Cooking, Non-Stick Inner Pot, Red (CR-0655F)",2023-03,284507,284507,284507,284507,79.47818181818182,89.92222222222223,89.92222222222223,79.47818181818182,,,,1,11,284507,[]
coway,Other,B01MQWFGKG,"CUCKOO Micom Rice Cooker 6 Cup Uncooked / 12 Cup Cooked, Fuzzy Logic Rice Maker with Delay Timer & Keep Warm Setting, Versatile Food Steamer for Cooking, Non-Stick Inner Pot, Red (CR-0655F)",2023-04,284507,284507,284507,284507,76.78299999999999,89.15714285714286,89.15714285714286,76.78299999999999,,,,1,10,284507,[]
coway,Other,B01MQWFGKG,"CUCKOO Micom Rice Cooker 6 Cup Uncooked / 12 Cup Cooked, Fuzzy Logic Rice Maker with Delay Timer & Keep Warm Setting, Versatile Food Steamer for Cooking, Non-Stick Inner Pot, Red (CR-0655F)",2023-05,284507,284507,284507,284507,58.665,0,0,58.665,,,,1,6,284507,[]
coway,Other,B01MQWFGKG,"CUCKOO Micom Rice Cooker 6 Cup Uncooked / 12 Cup Cooked, Fuzzy Logic Rice Maker with Delay Timer & Keep Warm Setting, Versatile Food Steamer for Cooking, Non-Stick Inner Pot, Red (CR-0655F)",2023-06,284507,284507,284507,284507,57.384,65,0,57.384,,,,1,5,284507,[]
coway,Other,B01MQWFGKG,"CUCKOO Micom Rice Cooker 6 Cup Uncooked / 12 Cup Cooked, Fuzzy Logic Rice Maker with Delay Timer & Keep Warm Setting, Versatile Food Steamer for Cooking, Non-Stick Inner Pot, Red (CR-0655F)",2023-07,284507,284507,284507,284507,59.531000000000006,0,0,59.531000000000006,,,,1,10,284507,[]
coway,Other,B01MQWFGKG,"CUCKOO Micom Rice Cooker 6 Cup Uncooked / 12 Cup Cooked, Fuzzy Logic Rice Maker with Delay Timer & Keep Warm Setting, Versatile Food Steamer for Cooking, Non-Stick Inner Pot, Red (CR-0655F)",2023-08,284507,284507,284507,284507,64.48666666666666,88.12,0,64.48666666666666,,,,1,6,284507,[]
coway,Other,B01MQWFGKG,"CUCKOO Micom Rice Cooker 6 Cup Uncooked / 12 Cup Cooked, Fuzzy Logic Rice Maker with Delay Timer & Keep Warm Setting, Versatile Food Steamer for Cooking, Non-Stick Inner Pot, Red (CR-0655F)",2023-09,284507,284507,284507,284507,66.33571428571427,85.2775,88.11,66.33571428571427,,,,1,7,284507,[]
coway,Other,B01MQWFGKG,"CUCKOO Micom Rice Cooker 6 Cup Uncooked / 12 Cup Cooked, Fuzzy Logic Rice Maker with Delay Timer & Keep Warm Setting, Versatile Food Steamer for Cooking, Non-Stick Inner Pot, Red (CR-0655F)",2023-10,284507,284507,284507,284507,66.29285714285714,86.55,83.11,66.29285714285714,,,,1,7,284507,[]
coway,Other,B01MQWFGKG,"CUCKOO Micom Rice Cooker 6 Cup Uncooked / 12 Cup Cooked, Fuzzy Logic Rice Maker with Delay Timer & Keep Warm Setting, Versatile Food Steamer for Cooking, Non-Stick Inner Pot, Red (CR-0655F)",2023-11,284507,284507,284507,284507,63.47083333333333,98.08250000000001,79.98,63.47083333333333,,,,1,12,284507,[]
coway,Other,B01MQWFGKG,"CUCKOO Micom Rice Cooker 6 Cup Uncooked / 12 Cup Cooked, Fuzzy Logic Rice Maker with Delay Timer & Keep Warm Setting, Versatile Food Steamer for Cooking, Non-Stick Inner Pot, Red (CR-0655F)",2023-12,284507,284507,284507,284507,72.7425,93.17857142857143,72.43,72.7425,,,,1,12,284507,[]
coway,Other,B01MQWFGKG,"CUCKOO Micom Rice Cooker 6 Cup Uncooked / 12 Cup Cooked, Fuzzy Logic Rice Maker with Delay Timer & Keep Warm Setting, Versatile Food Steamer for Cooking, Non-Stick Inner Pot, Red (CR-0655F)",2024-01,284507,284507,284507,284507,70.88000000000001,84.72875,70.976,70.88000000000001,,,,1,12,284507,[]
coway,Other,B01MQWFGKG,"CUCKOO Micom Rice Cooker 6 Cup Uncooked / 12 Cup Cooked, Fuzzy Logic Rice Maker with Delay Timer & Keep Warm Setting, Versatile Food Steamer for Cooking, Non-Stick Inner Pot, Red (CR-0655F)",2024-02,284507,284507,284507,284507,80.989375,94.31545454545453,0,80.989375,,,,1,16,284507,[]
coway,Other,B01MQWFGKG,"CUCKOO Micom Rice Cooker 6 Cup Uncooked / 12 Cup Cooked, Fuzzy Logic Rice Maker with Delay Timer & Keep Warm Setting, Versatile Food Steamer for Cooking, Non-Stick Inner Pot, Red (CR-0655F)",2024-03,284507,284507,284507,284507,75.12199999999999,94.88499999999999,0,75.12199999999999,,,,1,10,284507,[]
coway,Other,B01MQWFGKG,"CUCKOO Micom Rice Cooker 6 Cup Uncooked / 12 Cup Cooked, Fuzzy Logic Rice Maker with Delay Timer & Keep Warm Setting, Versatile Food Steamer for Cooking, Non-Stick Inner Pot, Red (CR-0655F)",2024-04,284507,284507,284507,284507,57.61333333333333,82.43333333333332,71.53,57.61333333333333,,,,1,9,284507,[]
coway,Other,B01MQWFGKG,"CUCKOO Micom Rice Cooker 6 Cup Uncooked / 12 Cup Cooked, Fuzzy Logic Rice Maker with Delay Timer & Keep Warm Setting, Versatile Food Steamer for Cooking, Non-Stick Inner Pot, Red (CR-0655F)",2024-05,284507,284507,284507,284507,57.199999999999996,89.80000000000001,89.65,57.199999999999996,,,,1,8,284507,[]
coway,Other,B01MQWFGKG,"CUCKOO Micom Rice Cooker 6 Cup Uncooked / 12 Cup Cooked, Fuzzy Logic Rice Maker with Delay Timer & Keep Warm Setting, Versatile Food Steamer for Cooking, Non-Stick Inner Pot, Red (CR-0655F)",2024-06,284507,284507,284507,284507,52.08857142857143,66.99,66.99,52.08857142857143,,,,1,7,284507,[]
coway,Other,B01MQWFGKG,"CUCKOO Micom Rice Cooker 6 Cup Uncooked / 12 Cup Cooked, Fuzzy Logic Rice Maker with Delay Timer & Keep Warm Setting, Versatile Food Steamer for Cooking, Non-Stick Inner Pot, Red (CR-0655F)",2024-07,284507,284507,284507,284507,44.00555555555556,84.99,0,44.00555555555556,,,,1,9,284507,[]
coway,Other,B01MQWFGKG,"CUCKOO Micom Rice Cooker 6 Cup Uncooked / 12 Cup Cooked, Fuzzy Logic Rice Maker with Delay Timer & Keep Warm Setting, Versatile Food Steamer for Cooking, Non-Stick Inner Pot, Red (CR-0655F)",2024-08,284507,284507,284507,284507,53.435833333333335,71.538,71.35499999999999,53.435833333333335,,,,1,12,284507,[]
coway,Other,B01MQWFGKG,"CUCKOO Micom Rice Cooker 6 Cup Uncooked / 12 Cup Cooked, Fuzzy Logic Rice Maker with Delay Timer & Keep Warm Setting, Versatile Food Steamer for Cooking, Non-Stick Inner Pot, Red (CR-0655F)",2024-09,284507,284507,284507,284507,59.14333333333334,75.00714285714285,75.21285714285715,59.14333333333334,,,,1,12,284507,[]
coway,Other,B01MQWFGKG,"CUCKOO Micom Rice Cooker 6 Cup Uncooked / 12 Cup Cooked, Fuzzy Logic Rice Maker with Delay Timer & Keep Warm Setting, Versatile Food Steamer for Cooking, Non-Stick Inner Pot, Red (CR-0655F)",2024-10,284507,284507,284507,284507,54.56285714285714,80.32333333333334,70.39,54.56285714285714,,,,1,14,284507,[]
coway,Other,B01MQWFGKG,"CUCKOO Micom Rice Cooker 6 Cup Uncooked / 12 Cup Cooked, Fuzzy Logic Rice Maker with Delay Timer & Keep Warm Setting, Versatile Food Steamer for Cooking, Non-Stick Inner Pot, Red (CR-0655F)",2024-11,284507,284507,284507,284507,49.835,72.4975,70,49.835,,,,1,8,284507,[]
coway,Other,B01MQWFGKG,"CUCKOO Micom Rice Cooker 6 Cup Uncooked / 12 Cup Cooked, Fuzzy Logic Rice Maker with Delay Timer & Keep Warm Setting, Versatile Food Steamer for Cooking, Non-Stick Inner Pot, Red (CR-0655F)",2024-12,284507,284507,284507,284507,59.106666666666676,77.74,62.489999999999995,59.106666666666676,,,,1,12,284507,[]
coway,Other,B01MQWFGKG,"CUCKOO Micom Rice Cooker 6 Cup Uncooked / 12 Cup Cooked, Fuzzy Logic Rice Maker with Delay Timer & Keep Warm Setting, Versatile Food Steamer for Cooking, Non-Stick Inner Pot, Red (CR-0655F)",2025-01,284507,284507,284507,284507,63.61833333333333,83.12833333333333,77.93333333333334,63.61833333333333,,,,1,12,284507,[]
coway,Other,B01MQWFGKG,"CUCKOO Micom Rice Cooker 6 Cup Uncooked / 12 Cup Cooked, Fuzzy Logic Rice Maker with Delay Timer & Keep Warm Setting, Versatile Food Steamer for Cooking, Non-Stick Inner Pot, Red (CR-0655F)",2025-02,284507,284507,284507,284507,60.57428571428572,81.97666666666667,77.99,60.57428571428572,,,,1,7,284507,[]
coway,Other,B01MQWFGKG,"CUCKOO Micom Rice Cooker 6 Cup Uncooked / 12 Cup Cooked, Fuzzy Logic Rice Maker with Delay Timer & Keep Warm Setting, Versatile Food Steamer for Cooking, Non-Stick Inner Pot, Red (CR-0655F)",2025-03,284507,284507,284507,284507,55.00375,69.99,69.99,55.00375,,,,1,8,284507,[]
coway,Other,B01MQWFGKG,"CUCKOO Micom Rice Cooker 6 Cup Uncooked / 12 Cup Cooked, Fuzzy Logic Rice Maker with Delay Timer & Keep Warm Setting, Versatile Food Steamer for Cooking, Non-Stick Inner Pot, Red (CR-0655F)",2025-04,284507,284507,284507,284507,54.58333333333332,76.53666666666668,76.53666666666668,54.58333333333332,,,,1,12,284507,[]
coway,Other,B01MQWFGKG,"CUCKOO Micom Rice Cooker 6 Cup Uncooked / 12 Cup Cooked, Fuzzy Logic Rice Maker with Delay Timer & Keep Warm Setting, Versatile Food Steamer for Cooking, Non-Stick Inner Pot, Red (CR-0655F)",2025-05,284507,284507,284507,284507,56.38545454545454,84.97,84.97,56.38545454545454,,,,1,11,284507,[]
coway,Other,B01MQWFGKG,"CUCKOO Micom Rice Cooker 6 Cup Uncooked / 12 Cup Cooked, Fuzzy Logic Rice Maker with Delay Timer & Keep Warm Setting, Versatile Food Steamer for Cooking, Non-Stick Inner Pot, Red (CR-0655F)",2025-06,284507,284507,284507,284507,72.12,90.11,88.46333333333332,72.12,,,,1,14,284507,[]
coway,Other,B01MQWFGKG,"CUCKOO Micom Rice Cooker 6 Cup Uncooked / 12 Cup Cooked, Fuzzy Logic Rice Maker with Delay Timer & Keep Warm Setting, Versatile Food Steamer for Cooking, Non-Stick Inner Pot, Red (CR-0655F)",2025-07,284507,284507,284507,284507,69.99066666666666,79.45583333333333,79.86181818181818,69.99066666666666,,,,1,15,284507,[]
coway,Other,B01MQWFGKG,"CUCKOO Micom Rice Cooker 6 Cup Uncooked / 12 Cup Cooked, Fuzzy Logic Rice Maker with Delay Timer & Keep Warm Setting, Versatile Food Steamer for Cooking, Non-Stick Inner Pot, Red (CR-0655F)",2025-08,284507,284507,284507,284507,69.21142857142858,76.1,76.1,69.21142857142858,,,,1,21,284507,[]
coway,Other,B01MQWFGKG,"CUCKOO Micom Rice Cooker 6 Cup Uncooked / 12 Cup Cooked, Fuzzy Logic Rice Maker with Delay Timer & Keep Warm Setting, Versatile Food Steamer for Cooking, Non-Stick Inner Pot, Red (CR-0655F)",2025-09,284507,284507,284507,284507,78.7325,99.64875,96.74285714285715,78.7325,,,,1,12,284507,[]
coway,Other,B01MQWFGKG,"CUCKOO Micom Rice Cooker 6 Cup Uncooked / 12 Cup Cooked, Fuzzy Logic Rice Maker with Delay Timer & Keep Warm Setting, Versatile Food Steamer for Cooking, Non-Stick Inner Pot, Red (CR-0655F)",2025-10,284507,284507,284507,284507,74.511875,97.691,97.691,74.511875,,,,1,16,284507,[]
coway,Other,B01MQWFGKG,"CUCKOO Micom Rice Cooker 6 Cup Uncooked / 12 Cup Cooked, Fuzzy Logic Rice Maker with Delay Timer & Keep Warm Setting, Versatile Food Steamer for Cooking, Non-Stick Inner Pot, Red (CR-0655F)",2025-11,284507,284507,284507,284507,68.91846153846154,89.89,89.89,68.91846153846154,,,,1,13,284507,[]
coway,Other,B01MQWFGKG,"CUCKOO Micom Rice Cooker 6 Cup Uncooked / 12 Cup Cooked, Fuzzy Logic Rice Maker with Delay Timer & Keep Warm Setting, Versatile Food Steamer for Cooking, Non-Stick Inner Pot, Red (CR-0655F)",2025-12,284507,284507,284507,284507,97.085,113.83210526315787,86.49,97.085,,,,1,24,284507,[]
coway,Other,B01MQWFGKG,"CUCKOO Micom Rice Cooker 6 Cup Uncooked / 12 Cup Cooked, Fuzzy Logic Rice Maker with Delay Timer & Keep Warm Setting, Versatile Food Steamer for Cooking, Non-Stick Inner Pot, Red (CR-0655F)",2026-01,284507,284507,284507,284507,72.38000000000001,116.38999999999999,110.49,72.38000000000001,,,,1,21,284507,[]
coway,Other,B01MQWFGKG,"CUCKOO Micom Rice Cooker 6 Cup Uncooked / 12 Cup Cooked, Fuzzy Logic Rice Maker with Delay Timer & Keep Warm Setting, Versatile Food Steamer for Cooking, Non-Stick Inner Pot, Red (CR-0655F)",2026-02,284507,284507,284507,284507,74.5425,103.672,103.672,74.5425,,,,1,12,284507,[]
coway,Other,B01MQWFGKG,"CUCKOO Micom Rice Cooker 6 Cup Uncooked / 12 Cup Cooked, Fuzzy Logic Rice Maker with Delay Timer & Keep Warm Setting, Versatile Food Steamer for Cooking, Non-Stick Inner Pot, Red (CR-0655F)",2026-03,284507,284507,284507,284507,77.55928571428569,96.32333333333332,96.32333333333332,77.55928571428569,,,,1,14,284507,[]
coway,Other,B01MQWFGKG,"CUCKOO Micom Rice Cooker 6 Cup Uncooked / 12 Cup Cooked, Fuzzy Logic Rice Maker with Delay Timer & Keep Warm Setting, Versatile Food Steamer for Cooking, Non-Stick Inner Pot, Red (CR-0655F)",2026-04,284507,284507,284507,284507,63.318,0,0,63.318,,,,1,5,284507,[]
coway,Other,B01MQWFGKG,"CUCKOO Micom Rice Cooker 6 Cup Uncooked / 12 Cup Cooked, Fuzzy Logic Rice Maker with Delay Timer & Keep Warm Setting, Versatile Food Steamer for Cooking, Non-Stick Inner Pot, Red (CR-0655F)",2026-05,284507,284507,284507,284507,69.01125,0,0,69.01125,,,,1,8,284507,[]
coway,Other,B01MQWFGKG,"CUCKOO Micom Rice Cooker 6 Cup Uncooked / 12 Cup Cooked, Fuzzy Logic Rice Maker with Delay Timer & Keep Warm Setting, Versatile Food Steamer for Cooking, Non-Stick Inner Pot, Red (CR-0655F)",2026-06,284507,284507,284507,284507,66.48,0,0,66.48,,,,1,1,284507,[]
coway,Other,B01N21414D,"Cuckoo CRP-HY1083F 10 Cup Pressure Rice Cooker, 110V, Black by Cuckoo",2018-01,-1,-1,-1,-1,479.99,479.99,0,479.99,,,,1,1,-1,[]
coway,Other,B01N21414D,"Cuckoo CRP-HY1083F 10 Cup Pressure Rice Cooker, 110V, Black by Cuckoo",2018-02,-1,-1,-1,-1,866.265,866.265,0,866.265,,,,1,2,-1,[]
coway,Other,B01N21414D,"Cuckoo CRP-HY1083F 10 Cup Pressure Rice Cooker, 110V, Black by Cuckoo",2018-03,-1,-1,-1,-1,848.83,848.83,0,848.83,,,,1,1,-1,[]
coway,Other,B01N21414D,"Cuckoo CRP-HY1083F 10 Cup Pressure Rice Cooker, 110V, Black by Cuckoo",2018-04,-1,-1,-1,-1,647.53,647.53,0,647.53,,,,1,1,-1,[]
coway,Other,B01N21414D,"Cuckoo CRP-HY1083F 10 Cup Pressure Rice Cooker, 110V, Black by Cuckoo",2018-05,-1,-1,-1,-1,722.4866666666667,722.4866666666667,0,722.4866666666667,,,,1,3,-1,[]
coway,Other,B01N21414D,"Cuckoo CRP-HY1083F 10 Cup Pressure Rice Cooker, 110V, Black by Cuckoo",2018-06,-1,-1,-1,-1,481.66,481.66,0,481.66,,,,1,3,-1,[]
coway,Other,B01N21414D,"Cuckoo CRP-HY1083F 10 Cup Pressure Rice Cooker, 110V, Black by Cuckoo",2018-07,-1,-1,-1,-1,647.53,647.53,0,647.53,,,,1,1,-1,[]
coway,Other,B01N21414D,"Cuckoo CRP-HY1083F 10 Cup Pressure Rice Cooker, 110V, Black by Cuckoo",2018-08,-1,-1,-1,-1,1540.13,1540.13,0,1540.13,,,,1,2,-1,[]
coway,Other,B01N21414D,"Cuckoo CRP-HY1083F 10 Cup Pressure Rice Cooker, 110V, Black by Cuckoo",2018-09,-1,-1,-1,-1,687.3599999999999,687.3599999999999,0,687.3599999999999,,,,1,2,-1,[]
coway,Other,B01N21414D,"Cuckoo CRP-HY1083F 10 Cup Pressure Rice Cooker, 110V, Black by Cuckoo",2018-10,-1,-1,-1,-1,839.2049999999999,839.2049999999999,0,839.2049999999999,,,,1,2,-1,[]
coway,Other,B01N21414D,"Cuckoo CRP-HY1083F 10 Cup Pressure Rice Cooker, 110V, Black by Cuckoo",2018-11,-1,-1,-1,-1,652.49,652.49,0,652.49,,,,1,1,-1,[]
coway,Other,B01N21414D,"Cuckoo CRP-HY1083F 10 Cup Pressure Rice Cooker, 110V, Black by Cuckoo",2018-12,-1,-1,-1,-1,798.8100000000001,798.8100000000001,0,798.8100000000001,,,,1,3,-1,[]
coway,Other,B01N21414D,"Cuckoo CRP-HY1083F 10 Cup Pressure Rice Cooker, 110V, Black by Cuckoo",2019-01,-1,-1,-1,-1,701.86,701.86,0,701.86,,,,1,2,-1,[]
coway,Other,B01N21414D,"Cuckoo CRP-HY1083F 10 Cup Pressure Rice Cooker, 110V, Black by Cuckoo",2019-02,-1,-1,-1,-1,1007.47,1007.47,0,1007.47,,,,1,2,-1,[]
coway,Other,B01N21414D,"Cuckoo CRP-HY1083F 10 Cup Pressure Rice Cooker, 110V, Black by Cuckoo",2019-03,-1,-1,-1,-1,694.675,694.675,0,694.675,,,,1,2,-1,[]
coway,Other,B01N21414D,"Cuckoo CRP-HY1083F 10 Cup Pressure Rice Cooker, 110V, Black by Cuckoo",2019-05,-1,-1,-1,-1,674.58,674.58,0,674.58,,,,1,1,-1,[]
coway,Other,B01N21414D,"Cuckoo CRP-HY1083F 10 Cup Pressure Rice Cooker, 110V, Black by Cuckoo",2019-06,-1,-1,-1,-1,730.48,730.48,0,730.48,,,,1,1,-1,[]
coway,Other,B01N21414D,"Cuckoo CRP-HY1083F 10 Cup Pressure Rice Cooker, 110V, Black by Cuckoo",2019-07,-1,-1,-1,-1,868.54,868.54,0,868.54,,,,1,1,-1,[]
coway,Other,B01N21414D,"Cuckoo CRP-HY1083F 10 Cup Pressure Rice Cooker, 110V, Black by Cuckoo",2019-08,-1,-1,-1,-1,734.6,734.6,0,734.6,,,,1,3,-1,[]
coway,Other,B01N21414D,"Cuckoo CRP-HY1083F 10 Cup Pressure Rice Cooker, 110V, Black by Cuckoo",2019-09,-1,-1,-1,-1,685.8166666666666,685.8166666666666,0,685.8166666666666,,,,1,3,-1,[]
coway,Other,B01N21414D,"Cuckoo CRP-HY1083F 10 Cup Pressure Rice Cooker, 110V, Black by Cuckoo",2019-10,-1,-1,-1,-1,703.42,703.42,0,703.42,,,,1,1,-1,[]
coway,Other,B01N21414D,"Cuckoo CRP-HY1083F 10 Cup Pressure Rice Cooker, 110V, Black by Cuckoo",2019-11,-1,-1,-1,-1,699.52,699.52,0,699.52,,,,1,1,-1,[]
coway,Other,B01N21414D,"Cuckoo CRP-HY1083F 10 Cup Pressure Rice Cooker, 110V, Black by Cuckoo",2019-12,-1,-1,-1,-1,638.12,638.12,0,638.12,,,,1,4,-1,[]
coway,Other,B01N21414D,"Cuckoo CRP-HY1083F 10 Cup Pressure Rice Cooker, 110V, Black by Cuckoo",2020-02,-1,-1,-1,-1,679.03,679.03,0,679.03,,,,1,1,-1,[]
coway,Other,B01N21414D,"Cuckoo CRP-HY1083F 10 Cup Pressure Rice Cooker, 110V, Black by Cuckoo",2020-03,-1,-1,-1,-1,699.52,699.52,0,699.52,,,,1,1,-1,[]
coway,Other,B01N21414D,"Cuckoo CRP-HY1083F 10 Cup Pressure Rice Cooker, 110V, Black by Cuckoo",2020-07,-1,-1,-1,-1,919.98,919.98,0,919.98,,,,1,1,-1,[]
coway,Other,B01N21414D,"Cuckoo CRP-HY1083F 10 Cup Pressure Rice Cooker, 110V, Black by Cuckoo",2022-08,-1,-1,-1,-1,499.99,499.99,0,499.99,,,,1,1,-1,[]
coway,Other,B01N21414D,"Cuckoo CRP-HY1083F 10 Cup Pressure Rice Cooker, 110V, Black by Cuckoo",2022-11,-1,-1,-1,-1,489.99,489.99,0,489.99,,,,1,1,-1,[]
coway,Other,B01N21414D,"Cuckoo CRP-HY1083F 10 Cup Pressure Rice Cooker, 110V, Black by Cuckoo",2024-12,-1,-1,-1,-1,449.99,449.99,0,449.99,,,,1,1,-1,[]
coway,Other,B01N21414D,"Cuckoo CRP-HY1083F 10 Cup Pressure Rice Cooker, 110V, Black by Cuckoo",2026-01,-1,-1,-1,-1,439.99,439.99,0,439.99,,,,1,1,-1,[]
coway,Other,B071H1FXFC,"CUCKOO CRP-HS0657FW 6-Cup (Uncooked) 12-Cup (Cooked) Induction Heating Pressure Rice Cooker with Nonstick Inner Pot & 16 Menu Modes (White/Silver, Made in Korea)",2017-08,284507,284507,284507,284507,359.99,359.99,0,359.99,,,,1,1,284507,[]
coway,Other,B071H1FXFC,"CUCKOO CRP-HS0657FW 6-Cup (Uncooked) 12-Cup (Cooked) Induction Heating Pressure Rice Cooker with Nonstick Inner Pot & 16 Menu Modes (White/Silver, Made in Korea)",2017-09,284507,284507,284507,284507,323.99,0,0,323.99,,,,1,1,284507,[]
coway,Other,B071H1FXFC,"CUCKOO CRP-HS0657FW 6-Cup (Uncooked) 12-Cup (Cooked) Induction Heating Pressure Rice Cooker with Nonstick Inner Pot & 16 Menu Modes (White/Silver, Made in Korea)",2017-11,284507,284507,284507,284507,359.98,359.98,0,359.98,,,,1,1,284507,[]
coway,Other,B071H1FXFC,"CUCKOO CRP-HS0657FW 6-Cup (Uncooked) 12-Cup (Cooked) Induction Heating Pressure Rice Cooker with Nonstick Inner Pot & 16 Menu Modes (White/Silver, Made in Korea)",2017-12,284507,284507,284507,284507,359.99,359.99,0,359.99,,,,1,1,284507,[]
coway,Other,B071H1FXFC,"CUCKOO CRP-HS0657FW 6-Cup (Uncooked) 12-Cup (Cooked) Induction Heating Pressure Rice Cooker with Nonstick Inner Pot & 16 Menu Modes (White/Silver, Made in Korea)",2018-01,284507,284507,284507,284507,359.99,359.99,0,359.99,,,,1,1,284507,[]
coway,Other,B071H1FXFC,"CUCKOO CRP-HS0657FW 6-Cup (Uncooked) 12-Cup (Cooked) Induction Heating Pressure Rice Cooker with Nonstick Inner Pot & 16 Menu Modes (White/Silver, Made in Korea)",2018-03,284507,284507,284507,284507,494.42,494.42,0,494.42,,,,1,1,284507,[]
coway,Other,B071H1FXFC,"CUCKOO CRP-HS0657FW 6-Cup (Uncooked) 12-Cup (Cooked) Induction Heating Pressure Rice Cooker with Nonstick Inner Pot & 16 Menu Modes (White/Silver, Made in Korea)",2018-04,284507,284507,284507,284507,428.08000000000004,428.08000000000004,0,428.08000000000004,,,,1,4,284507,[]
coway,Other,B071H1FXFC,"CUCKOO CRP-HS0657FW 6-Cup (Uncooked) 12-Cup (Cooked) Induction Heating Pressure Rice Cooker with Nonstick Inner Pot & 16 Menu Modes (White/Silver, Made in Korea)",2018-05,284507,284507,284507,284507,512.46,512.46,0,512.46,,,,1,1,284507,[]
coway,Other,B071H1FXFC,"CUCKOO CRP-HS0657FW 6-Cup (Uncooked) 12-Cup (Cooked) Induction Heating Pressure Rice Cooker with Nonstick Inner Pot & 16 Menu Modes (White/Silver, Made in Korea)",2018-06,284507,284507,284507,284507,356.92499999999995,356.92499999999995,0,356.92499999999995,,,,1,2,284507,[]
coway,Other,B071H1FXFC,"CUCKOO CRP-HS0657FW 6-Cup (Uncooked) 12-Cup (Cooked) Induction Heating Pressure Rice Cooker with Nonstick Inner Pot & 16 Menu Modes (White/Silver, Made in Korea)",2018-07,284507,284507,284507,284507,361.09,361.09,0,361.09,,,,1,1,284507,[]
coway,Other,B071H1FXFC,"CUCKOO CRP-HS0657FW 6-Cup (Uncooked) 12-Cup (Cooked) Induction Heating Pressure Rice Cooker with Nonstick Inner Pot & 16 Menu Modes (White/Silver, Made in Korea)",2018-08,284507,284507,284507,284507,500,500,0,500,,,,1,2,284507,[]
coway,Other,B071H1FXFC,"CUCKOO CRP-HS0657FW 6-Cup (Uncooked) 12-Cup (Cooked) Induction Heating Pressure Rice Cooker with Nonstick Inner Pot & 16 Menu Modes (White/Silver, Made in Korea)",2018-10,284507,284507,284507,284507,481.22,481.22,0,481.22,,,,1,4,284507,[]
coway,Other,B071H1FXFC,"CUCKOO CRP-HS0657FW 6-Cup (Uncooked) 12-Cup (Cooked) Induction Heating Pressure Rice Cooker with Nonstick Inner Pot & 16 Menu Modes (White/Silver, Made in Korea)",2018-11,284507,284507,284507,284507,344.35,344.35,0,344.35,,,,1,2,284507,[]
coway,Other,B071H1FXFC,"CUCKOO CRP-HS0657FW 6-Cup (Uncooked) 12-Cup (Cooked) Induction Heating Pressure Rice Cooker with Nonstick Inner Pot & 16 Menu Modes (White/Silver, Made in Korea)",2018-12,284507,284507,284507,284507,535.4300000000001,535.4300000000001,0,535.4300000000001,,,,1,2,284507,[]
coway,Other,B071H1FXFC,"CUCKOO CRP-HS0657FW 6-Cup (Uncooked) 12-Cup (Cooked) Induction Heating Pressure Rice Cooker with Nonstick Inner Pot & 16 Menu Modes (White/Silver, Made in Korea)",2019-01,284507,284507,284507,284507,369.41499999999996,369.41499999999996,0,369.41499999999996,,,,1,4,284507,[]
coway,Other,B071H1FXFC,"CUCKOO CRP-HS0657FW 6-Cup (Uncooked) 12-Cup (Cooked) Induction Heating Pressure Rice Cooker with Nonstick Inner Pot & 16 Menu Modes (White/Silver, Made in Korea)",2019-02,284507,284507,284507,284507,355.99,355.99,0,355.99,,,,1,1,284507,[]
coway,Other,B071H1FXFC,"CUCKOO CRP-HS0657FW 6-Cup (Uncooked) 12-Cup (Cooked) Induction Heating Pressure Rice Cooker with Nonstick Inner Pot & 16 Menu Modes (White/Silver, Made in Korea)",2019-03,284507,284507,284507,284507,450.63800000000003,450.63800000000003,0,450.63800000000003,,,,1,5,284507,[]
coway,Other,B071H1FXFC,"CUCKOO CRP-HS0657FW 6-Cup (Uncooked) 12-Cup (Cooked) Induction Heating Pressure Rice Cooker with Nonstick Inner Pot & 16 Menu Modes (White/Silver, Made in Korea)",2019-04,284507,284507,284507,284507,395.98,395.98,0,395.98,,,,1,1,284507,[]
coway,Other,B071H1FXFC,"CUCKOO CRP-HS0657FW 6-Cup (Uncooked) 12-Cup (Cooked) Induction Heating Pressure Rice Cooker with Nonstick Inner Pot & 16 Menu Modes (White/Silver, Made in Korea)",2019-05,284507,284507,284507,284507,400.65999999999997,400.65999999999997,0,400.65999999999997,,,,1,5,284507,[]
coway,Other,B071H1FXFC,"CUCKOO CRP-HS0657FW 6-Cup (Uncooked) 12-Cup (Cooked) Induction Heating Pressure Rice Cooker with Nonstick Inner Pot & 16 Menu Modes (White/Silver, Made in Korea)",2019-06,284507,284507,284507,284507,355.168,355.168,0,355.168,,,,1,5,284507,[]
coway,Other,B071H1FXFC,"CUCKOO CRP-HS0657FW 6-Cup (Uncooked) 12-Cup (Cooked) Induction Heating Pressure Rice Cooker with Nonstick Inner Pot & 16 Menu Modes (White/Silver, Made in Korea)",2019-07,284507,284507,284507,284507,313.485,329.99,0,313.485,,,,1,2,284507,[]
coway,Other,B071H1FXFC,"CUCKOO CRP-HS0657FW 6-Cup (Uncooked) 12-Cup (Cooked) Induction Heating Pressure Rice Cooker with Nonstick Inner Pot & 16 Menu Modes (White/Silver, Made in Korea)",2019-10,284507,284507,284507,284507,359.97,359.97,0,359.97,,,,1,2,284507,[]
coway,Other,B071H1FXFC,"CUCKOO CRP-HS0657FW 6-Cup (Uncooked) 12-Cup (Cooked) Induction Heating Pressure Rice Cooker with Nonstick Inner Pot & 16 Menu Modes (White/Silver, Made in Korea)",2019-11,284507,284507,284507,284507,359.15250000000003,359.15250000000003,0,359.15250000000003,,,,1,4,284507,[]
coway,Other,B071H1FXFC,"CUCKOO CRP-HS0657FW 6-Cup (Uncooked) 12-Cup (Cooked) Induction Heating Pressure Rice Cooker with Nonstick Inner Pot & 16 Menu Modes (White/Silver, Made in Korea)",2019-12,284507,284507,284507,284507,335.946,335.946,0,335.946,,,,1,5,284507,[]
coway,Other,B071H1FXFC,"CUCKOO CRP-HS0657FW 6-Cup (Uncooked) 12-Cup (Cooked) Induction Heating Pressure Rice Cooker with Nonstick Inner Pot & 16 Menu Modes (White/Silver, Made in Korea)",2020-01,284507,284507,284507,284507,350.99,350.99,0,350.99,,,,1,2,284507,[]
coway,Other,B071H1FXFC,"CUCKOO CRP-HS0657FW 6-Cup (Uncooked) 12-Cup (Cooked) Induction Heating Pressure Rice Cooker with Nonstick Inner Pot & 16 Menu Modes (White/Silver, Made in Korea)",2020-02,284507,284507,284507,284507,359.88,359.88,0,359.88,,,,1,1,284507,[]
coway,Other,B071H1FXFC,"CUCKOO CRP-HS0657FW 6-Cup (Uncooked) 12-Cup (Cooked) Induction Heating Pressure Rice Cooker with Nonstick Inner Pot & 16 Menu Modes (White/Silver, Made in Korea)",2020-03,284507,284507,284507,284507,358.54833333333335,358.54833333333335,0,358.54833333333335,,,,1,6,284507,[]
coway,Other,B071H1FXFC,"CUCKOO CRP-HS0657FW 6-Cup (Uncooked) 12-Cup (Cooked) Induction Heating Pressure Rice Cooker with Nonstick Inner Pot & 16 Menu Modes (White/Silver, Made in Korea)",2020-04,284507,284507,284507,284507,349.52,349.52,0,349.52,,,,1,3,284507,[]
coway,Other,B071H1FXFC,"CUCKOO CRP-HS0657FW 6-Cup (Uncooked) 12-Cup (Cooked) Induction Heating Pressure Rice Cooker with Nonstick Inner Pot & 16 Menu Modes (White/Silver, Made in Korea)",2020-05,284507,284507,284507,284507,328.3985714285714,328.3985714285714,319.99,328.3985714285714,,,,1,7,284507,[]
coway,Other,B071H1FXFC,"CUCKOO CRP-HS0657FW 6-Cup (Uncooked) 12-Cup (Cooked) Induction Heating Pressure Rice Cooker with Nonstick Inner Pot & 16 Menu Modes (White/Silver, Made in Korea)",2020-06,284507,284507,284507,284507,329.9916666666667,329.9916666666667,0,329.9916666666667,,,,1,6,284507,[]
coway,Other,B071H1FXFC,"CUCKOO CRP-HS0657FW 6-Cup (Uncooked) 12-Cup (Cooked) Induction Heating Pressure Rice Cooker with Nonstick Inner Pot & 16 Menu Modes (White/Silver, Made in Korea)",2020-07,284507,284507,284507,284507,359.99,359.99,0,359.99,,,,1,1,284507,[]
coway,Other,B071H1FXFC,"CUCKOO CRP-HS0657FW 6-Cup (Uncooked) 12-Cup (Cooked) Induction Heating Pressure Rice Cooker with Nonstick Inner Pot & 16 Menu Modes (White/Silver, Made in Korea)",2020-08,284507,284507,284507,284507,293.615,359.18,0,293.615,,,,1,2,284507,[]
coway,Other,B071H1FXFC,"CUCKOO CRP-HS0657FW 6-Cup (Uncooked) 12-Cup (Cooked) Induction Heating Pressure Rice Cooker with Nonstick Inner Pot & 16 Menu Modes (White/Silver, Made in Korea)",2020-09,284507,284507,284507,284507,228.05,0,0,228.05,,,,1,1,284507,[]
coway,Other,B071H1FXFC,"CUCKOO CRP-HS0657FW 6-Cup (Uncooked) 12-Cup (Cooked) Induction Heating Pressure Rice Cooker with Nonstick Inner Pot & 16 Menu Modes (White/Silver, Made in Korea)",2020-10,284507,284507,284507,284507,310,310,0,310,,,,1,1,284507,[]
coway,Other,B071H1FXFC,"CUCKOO CRP-HS0657FW 6-Cup (Uncooked) 12-Cup (Cooked) Induction Heating Pressure Rice Cooker with Nonstick Inner Pot & 16 Menu Modes (White/Silver, Made in Korea)",2020-12,284507,284507,284507,284507,216.95,0,0,216.95,,,,1,1,284507,[]
coway,Other,B071H1FXFC,"CUCKOO CRP-HS0657FW 6-Cup (Uncooked) 12-Cup (Cooked) Induction Heating Pressure Rice Cooker with Nonstick Inner Pot & 16 Menu Modes (White/Silver, Made in Korea)",2021-01,284507,284507,284507,284507,193.61,0,0,193.61,,,,1,1,284507,[]
coway,Other,B071H1FXFC,"CUCKOO CRP-HS0657FW 6-Cup (Uncooked) 12-Cup (Cooked) Induction Heating Pressure Rice Cooker with Nonstick Inner Pot & 16 Menu Modes (White/Silver, Made in Korea)",2021-02,284507,284507,284507,284507,247.31,0,0,247.31,,,,1,1,284507,[]
coway,Other,B071H1FXFC,"CUCKOO CRP-HS0657FW 6-Cup (Uncooked) 12-Cup (Cooked) Induction Heating Pressure Rice Cooker with Nonstick Inner Pot & 16 Menu Modes (White/Silver, Made in Korea)",2021-03,284507,284507,284507,284507,296.015,359.99,0,296.015,,,,1,2,284507,[]
coway,Other,B071H1FXFC,"CUCKOO CRP-HS0657FW 6-Cup (Uncooked) 12-Cup (Cooked) Induction Heating Pressure Rice Cooker with Nonstick Inner Pot & 16 Menu Modes (White/Silver, Made in Korea)",2021-04,284507,284507,284507,284507,244.87,0,0,244.87,,,,1,3,284507,[]
coway,Other,B071H1FXFC,"CUCKOO CRP-HS0657FW 6-Cup (Uncooked) 12-Cup (Cooked) Induction Heating Pressure Rice Cooker with Nonstick Inner Pot & 16 Menu Modes (White/Silver, Made in Korea)",2021-05,284507,284507,284507,284507,305.79285714285714,359.495,0,305.79285714285714,,,,1,7,284507,[]
coway,Other,B071H1FXFC,"CUCKOO CRP-HS0657FW 6-Cup (Uncooked) 12-Cup (Cooked) Induction Heating Pressure Rice Cooker with Nonstick Inner Pot & 16 Menu Modes (White/Silver, Made in Korea)",2021-06,284507,284507,284507,284507,344.04,370.8333333333333,0,344.04,,,,1,4,284507,[]
coway,Other,B071H1FXFC,"CUCKOO CRP-HS0657FW 6-Cup (Uncooked) 12-Cup (Cooked) Induction Heating Pressure Rice Cooker with Nonstick Inner Pot & 16 Menu Modes (White/Silver, Made in Korea)",2021-07,284507,284507,284507,284507,289.02714285714285,349.95,0,289.02714285714285,,,,1,7,284507,[]
coway,Other,B071H1FXFC,"CUCKOO CRP-HS0657FW 6-Cup (Uncooked) 12-Cup (Cooked) Induction Heating Pressure Rice Cooker with Nonstick Inner Pot & 16 Menu Modes (White/Silver, Made in Korea)",2021-08,284507,284507,284507,284507,293.5554545454545,339.99,0,293.5554545454545,,,,1,11,284507,[]
coway,Other,B071H1FXFC,"CUCKOO CRP-HS0657FW 6-Cup (Uncooked) 12-Cup (Cooked) Induction Heating Pressure Rice Cooker with Nonstick Inner Pot & 16 Menu Modes (White/Silver, Made in Korea)",2021-09,284507,284507,284507,284507,268.52624999999995,0,0,268.52624999999995,,,,1,8,284507,[]
coway,Other,B071H1FXFC,"CUCKOO CRP-HS0657FW 6-Cup (Uncooked) 12-Cup (Cooked) Induction Heating Pressure Rice Cooker with Nonstick Inner Pot & 16 Menu Modes (White/Silver, Made in Korea)",2021-10,284507,284507,284507,284507,309.228947368421,367.217,0,309.228947368421,,,,1,19,284507,[]
coway,Other,B071H1FXFC,"CUCKOO CRP-HS0657FW 6-Cup (Uncooked) 12-Cup (Cooked) Induction Heating Pressure Rice Cooker with Nonstick Inner Pot & 16 Menu Modes (White/Silver, Made in Korea)",2021-11,284507,284507,284507,284507,288.0272727272727,366.52250000000004,0,288.0272727272727,,,,1,11,284507,[]
coway,Other,B071H1FXFC,"CUCKOO CRP-HS0657FW 6-Cup (Uncooked) 12-Cup (Cooked) Induction Heating Pressure Rice Cooker with Nonstick Inner Pot & 16 Menu Modes (White/Silver, Made in Korea)",2021-12,284507,284507,284507,284507,363.8525,540.5,0,363.8525,,,,1,4,284507,[]
coway,Other,B071H1FXFC,"CUCKOO CRP-HS0657FW 6-Cup (Uncooked) 12-Cup (Cooked) Induction Heating Pressure Rice Cooker with Nonstick Inner Pot & 16 Menu Modes (White/Silver, Made in Korea)",2022-01,284507,284507,284507,284507,491.709375,572.944,0,491.709375,,,,1,16,284507,[]
coway,Other,B071H1FXFC,"CUCKOO CRP-HS0657FW 6-Cup (Uncooked) 12-Cup (Cooked) Induction Heating Pressure Rice Cooker with Nonstick Inner Pot & 16 Menu Modes (White/Silver, Made in Korea)",2022-02,284507,284507,284507,284507,527.9652380952381,549.6624999999999,0,527.9652380952381,,,,1,21,284507,[]
coway,Other,B071H1FXFC,"CUCKOO CRP-HS0657FW 6-Cup (Uncooked) 12-Cup (Cooked) Induction Heating Pressure Rice Cooker with Nonstick Inner Pot & 16 Menu Modes (White/Silver, Made in Korea)",2022-03,284507,284507,284507,284507,419.355,419.355,0,419.355,,,,1,6,284507,[]
coway,Other,B071H1FXFC,"CUCKOO CRP-HS0657FW 6-Cup (Uncooked) 12-Cup (Cooked) Induction Heating Pressure Rice Cooker with Nonstick Inner Pot & 16 Menu Modes (White/Silver, Made in Korea)",2022-04,284507,284507,284507,284507,342.616,362.95799999999997,0,342.616,,,,1,5,284507,[]
coway,Other,B071H1FXFC,"CUCKOO CRP-HS0657FW 6-Cup (Uncooked) 12-Cup (Cooked) Induction Heating Pressure Rice Cooker with Nonstick Inner Pot & 16 Menu Modes (White/Silver, Made in Korea)",2022-05,284507,284507,284507,284507,360.15299999999996,397.3349999999999,0,360.15299999999996,,,,1,10,284507,[]
coway,Other,B071H1FXFC,"CUCKOO CRP-HS0657FW 6-Cup (Uncooked) 12-Cup (Cooked) Induction Heating Pressure Rice Cooker with Nonstick Inner Pot & 16 Menu Modes (White/Silver, Made in Korea)",2022-06,284507,284507,284507,284507,321.87,429.98,0,321.87,,,,1,4,284507,[]
coway,Other,B071H1FXFC,"CUCKOO CRP-HS0657FW 6-Cup (Uncooked) 12-Cup (Cooked) Induction Heating Pressure Rice Cooker with Nonstick Inner Pot & 16 Menu Modes (White/Silver, Made in Korea)",2022-07,284507,284507,284507,284507,327.1133333333333,369.22333333333336,0,327.1133333333333,,,,1,3,284507,[]
coway,Other,B071H1FXFC,"CUCKOO CRP-HS0657FW 6-Cup (Uncooked) 12-Cup (Cooked) Induction Heating Pressure Rice Cooker with Nonstick Inner Pot & 16 Menu Modes (White/Silver, Made in Korea)",2022-08,284507,284507,284507,284507,306.66,306.66,0,306.66,,,,1,3,284507,[]
coway,Other,B071H1FXFC,"CUCKOO CRP-HS0657FW 6-Cup (Uncooked) 12-Cup (Cooked) Induction Heating Pressure Rice Cooker with Nonstick Inner Pot & 16 Menu Modes (White/Silver, Made in Korea)",2022-09,284507,284507,284507,284507,235.94,359.99,0,235.94,,,,1,5,284507,[]
coway,Other,B071H1FXFC,"CUCKOO CRP-HS0657FW 6-Cup (Uncooked) 12-Cup (Cooked) Induction Heating Pressure Rice Cooker with Nonstick Inner Pot & 16 Menu Modes (White/Silver, Made in Korea)",2022-10,284507,284507,284507,284507,236.878,339.99,0,236.878,,,,1,10,284507,[]
coway,Other,B071H1FXFC,"CUCKOO CRP-HS0657FW 6-Cup (Uncooked) 12-Cup (Cooked) Induction Heating Pressure Rice Cooker with Nonstick Inner Pot & 16 Menu Modes (White/Silver, Made in Korea)",2022-11,284507,284507,284507,284507,186.14714285714285,0,0,186.14714285714285,,,,1,7,284507,[]
coway,Other,B071H1FXFC,"CUCKOO CRP-HS0657FW 6-Cup (Uncooked) 12-Cup (Cooked) Induction Heating Pressure Rice Cooker with Nonstick Inner Pot & 16 Menu Modes (White/Silver, Made in Korea)",2022-12,284507,284507,284507,284507,190.778,0,0,190.778,,,,1,5,284507,[]
coway,Other,B071H1FXFC,"CUCKOO CRP-HS0657FW 6-Cup (Uncooked) 12-Cup (Cooked) Induction Heating Pressure Rice Cooker with Nonstick Inner Pot & 16 Menu Modes (White/Silver, Made in Korea)",2023-01,284507,284507,284507,284507,232.39900000000003,329.99,0,232.39900000000003,,,,1,10,284507,[]
coway,Other,B071H1FXFC,"CUCKOO CRP-HS0657FW 6-Cup (Uncooked) 12-Cup (Cooked) Induction Heating Pressure Rice Cooker with Nonstick Inner Pot & 16 Menu Modes (White/Silver, Made in Korea)",2023-02,284507,284507,284507,284507,220.01666666666668,355.99,0,220.01666666666668,,,,1,6,284507,[]
coway,Other,B071H1FXFC,"CUCKOO CRP-HS0657FW 6-Cup (Uncooked) 12-Cup (Cooked) Induction Heating Pressure Rice Cooker with Nonstick Inner Pot & 16 Menu Modes (White/Silver, Made in Korea)",2023-03,284507,284507,284507,284507,203.65166666666667,0,0,203.65166666666667,,,,1,6,284507,[]
coway,Other,B071H1FXFC,"CUCKOO CRP-HS0657FW 6-Cup (Uncooked) 12-Cup (Cooked) Induction Heating Pressure Rice Cooker with Nonstick Inner Pot & 16 Menu Modes (White/Silver, Made in Korea)",2023-04,284507,284507,284507,284507,188.885,0,0,188.885,,,,1,4,284507,[]
coway,Other,B071H1FXFC,"CUCKOO CRP-HS0657FW 6-Cup (Uncooked) 12-Cup (Cooked) Induction Heating Pressure Rice Cooker with Nonstick Inner Pot & 16 Menu Modes (White/Silver, Made in Korea)",2023-05,284507,284507,284507,284507,189.12,252,0,189.12,,,,1,6,284507,[]
coway,Other,B071H1FXFC,"CUCKOO CRP-HS0657FW 6-Cup (Uncooked) 12-Cup (Cooked) Induction Heating Pressure Rice Cooker with Nonstick Inner Pot & 16 Menu Modes (White/Silver, Made in Korea)",2023-06,284507,284507,284507,284507,174.15666666666667,309.99,0,174.15666666666667,,,,1,6,284507,[]
coway,Other,B071H1FXFC,"CUCKOO CRP-HS0657FW 6-Cup (Uncooked) 12-Cup (Cooked) Induction Heating Pressure Rice Cooker with Nonstick Inner Pot & 16 Menu Modes (White/Silver, Made in Korea)",2023-07,284507,284507,284507,284507,176.6075,359.99,0,176.6075,,,,1,8,284507,[]
coway,Other,B071H1FXFC,"CUCKOO CRP-HS0657FW 6-Cup (Uncooked) 12-Cup (Cooked) Induction Heating Pressure Rice Cooker with Nonstick Inner Pot & 16 Menu Modes (White/Silver, Made in Korea)",2023-08,284507,284507,284507,284507,187.652,0,0,187.652,,,,1,10,284507,[]
coway,Other,B071H1FXFC,"CUCKOO CRP-HS0657FW 6-Cup (Uncooked) 12-Cup (Cooked) Induction Heating Pressure Rice Cooker with Nonstick Inner Pot & 16 Menu Modes (White/Silver, Made in Korea)",2023-09,284507,284507,284507,284507,220.16888888888892,345.99,0,220.16888888888892,,,,1,9,284507,[]
coway,Other,B071H1FXFC,"CUCKOO CRP-HS0657FW 6-Cup (Uncooked) 12-Cup (Cooked) Induction Heating Pressure Rice Cooker with Nonstick Inner Pot & 16 Menu Modes (White/Silver, Made in Korea)",2023-10,284507,284507,284507,284507,224.14,344.99,0,224.14,,,,1,8,284507,[]
coway,Other,B071H1FXFC,"CUCKOO CRP-HS0657FW 6-Cup (Uncooked) 12-Cup (Cooked) Induction Heating Pressure Rice Cooker with Nonstick Inner Pot & 16 Menu Modes (White/Silver, Made in Korea)",2023-11,284507,284507,284507,284507,187.4257142857143,0,0,187.4257142857143,,,,1,7,284507,[]
coway,Other,B071H1FXFC,"CUCKOO CRP-HS0657FW 6-Cup (Uncooked) 12-Cup (Cooked) Induction Heating Pressure Rice Cooker with Nonstick Inner Pot & 16 Menu Modes (White/Silver, Made in Korea)",2023-12,284507,284507,284507,284507,186.18500000000003,175,0,186.18500000000003,,,,1,6,284507,[]
coway,Other,B071H1FXFC,"CUCKOO CRP-HS0657FW 6-Cup (Uncooked) 12-Cup (Cooked) Induction Heating Pressure Rice Cooker with Nonstick Inner Pot & 16 Menu Modes (White/Silver, Made in Korea)",2024-01,284507,284507,284507,284507,212.81799999999998,294.99,0,212.81799999999998,,,,1,5,284507,[]
coway,Other,B071H1FXFC,"CUCKOO CRP-HS0657FW 6-Cup (Uncooked) 12-Cup (Cooked) Induction Heating Pressure Rice Cooker with Nonstick Inner Pot & 16 Menu Modes (White/Silver, Made in Korea)",2024-02,284507,284507,284507,284507,171.61874999999998,359.99,0,171.61874999999998,,,,1,8,284507,[]
coway,Other,B071H1FXFC,"CUCKOO CRP-HS0657FW 6-Cup (Uncooked) 12-Cup (Cooked) Induction Heating Pressure Rice Cooker with Nonstick Inner Pot & 16 Menu Modes (White/Silver, Made in Korea)",2024-03,284507,284507,284507,284507,149.79000000000002,0,0,149.79000000000002,,,,1,5,284507,[]
coway,Other,B071H1FXFC,"CUCKOO CRP-HS0657FW 6-Cup (Uncooked) 12-Cup (Cooked) Induction Heating Pressure Rice Cooker with Nonstick Inner Pot & 16 Menu Modes (White/Silver, Made in Korea)",2024-04,284507,284507,284507,284507,196.035,262.27000000000004,0,196.035,,,,1,6,284507,[]
coway,Other,B071H1FXFC,"CUCKOO CRP-HS0657FW 6-Cup (Uncooked) 12-Cup (Cooked) Induction Heating Pressure Rice Cooker with Nonstick Inner Pot & 16 Menu Modes (White/Silver, Made in Korea)",2024-05,284507,284507,284507,284507,199.0311111111111,359.99,0,199.0311111111111,,,,1,9,284507,[]
coway,Other,B071H1FXFC,"CUCKOO CRP-HS0657FW 6-Cup (Uncooked) 12-Cup (Cooked) Induction Heating Pressure Rice Cooker with Nonstick Inner Pot & 16 Menu Modes (White/Silver, Made in Korea)",2024-06,284507,284507,284507,284507,160.8766666666667,0,0,160.8766666666667,,,,1,6,284507,[]
coway,Other,B071H1FXFC,"CUCKOO CRP-HS0657FW 6-Cup (Uncooked) 12-Cup (Cooked) Induction Heating Pressure Rice Cooker with Nonstick Inner Pot & 16 Menu Modes (White/Silver, Made in Korea)",2024-07,284507,284507,284507,284507,212.18888888888887,328.21,0,212.18888888888887,,,,1,9,284507,[]
coway,Other,B071H1FXFC,"CUCKOO CRP-HS0657FW 6-Cup (Uncooked) 12-Cup (Cooked) Induction Heating Pressure Rice Cooker with Nonstick Inner Pot & 16 Menu Modes (White/Silver, Made in Korea)",2024-08,284507,284507,284507,284507,133.905,0,0,133.905,,,,1,4,284507,[]
coway,Other,B071H1FXFC,"CUCKOO CRP-HS0657FW 6-Cup (Uncooked) 12-Cup (Cooked) Induction Heating Pressure Rice Cooker with Nonstick Inner Pot & 16 Menu Modes (White/Silver, Made in Korea)",2024-09,284507,284507,284507,284507,174.30499999999998,312.99,0,174.30499999999998,,,,1,6,284507,[]
coway,Other,B071H1FXFC,"CUCKOO CRP-HS0657FW 6-Cup (Uncooked) 12-Cup (Cooked) Induction Heating Pressure Rice Cooker with Nonstick Inner Pot & 16 Menu Modes (White/Silver, Made in Korea)",2024-10,284507,284507,284507,284507,156.58499999999998,0,0,156.58499999999998,,,,1,4,284507,[]
coway,Other,B071H1FXFC,"CUCKOO CRP-HS0657FW 6-Cup (Uncooked) 12-Cup (Cooked) Induction Heating Pressure Rice Cooker with Nonstick Inner Pot & 16 Menu Modes (White/Silver, Made in Korea)",2024-11,284507,284507,284507,284507,244.095,324.99,0,244.095,,,,1,4,284507,[]
coway,Other,B071H1FXFC,"CUCKOO CRP-HS0657FW 6-Cup (Uncooked) 12-Cup (Cooked) Induction Heating Pressure Rice Cooker with Nonstick Inner Pot & 16 Menu Modes (White/Silver, Made in Korea)",2024-12,284507,284507,284507,284507,249.83571428571426,302.49,0,249.83571428571426,,,,1,7,284507,[]
coway,Other,B071H1FXFC,"CUCKOO CRP-HS0657FW 6-Cup (Uncooked) 12-Cup (Cooked) Induction Heating Pressure Rice Cooker with Nonstick Inner Pot & 16 Menu Modes (White/Silver, Made in Korea)",2025-01,284507,284507,284507,284507,297.7875,315.95666666666665,0,297.7875,,,,1,8,284507,[]
coway,Other,B071H1FXFC,"CUCKOO CRP-HS0657FW 6-Cup (Uncooked) 12-Cup (Cooked) Induction Heating Pressure Rice Cooker with Nonstick Inner Pot & 16 Menu Modes (White/Silver, Made in Korea)",2025-02,284507,284507,284507,284507,273.74749999999995,315.91166666666663,0,273.74749999999995,,,,1,12,284507,[]
coway,Other,B071H1FXFC,"CUCKOO CRP-HS0657FW 6-Cup (Uncooked) 12-Cup (Cooked) Induction Heating Pressure Rice Cooker with Nonstick Inner Pot & 16 Menu Modes (White/Silver, Made in Korea)",2025-03,284507,284507,284507,284507,261.2846153846154,286.905,0,261.2846153846154,,,,1,13,284507,[]
coway,Other,B071H1FXFC,"CUCKOO CRP-HS0657FW 6-Cup (Uncooked) 12-Cup (Cooked) Induction Heating Pressure Rice Cooker with Nonstick Inner Pot & 16 Menu Modes (White/Silver, Made in Korea)",2025-04,284507,284507,284507,284507,320.4916666666667,320.4916666666667,0,320.4916666666667,,,,1,6,284507,[]
coway,Other,B071H1FXFC,"CUCKOO CRP-HS0657FW 6-Cup (Uncooked) 12-Cup (Cooked) Induction Heating Pressure Rice Cooker with Nonstick Inner Pot & 16 Menu Modes (White/Silver, Made in Korea)",2025-05,284507,284507,284507,284507,245.2485714285714,304.1175,286.49,245.2485714285714,,,,1,7,284507,[]
coway,Other,B071H1FXFC,"CUCKOO CRP-HS0657FW 6-Cup (Uncooked) 12-Cup (Cooked) Induction Heating Pressure Rice Cooker with Nonstick Inner Pot & 16 Menu Modes (White/Silver, Made in Korea)",2025-06,284507,284507,284507,284507,208.12624999999997,353.3233333333333,0,208.12624999999997,,,,1,8,284507,[]
coway,Other,B071H1FXFC,"CUCKOO CRP-HS0657FW 6-Cup (Uncooked) 12-Cup (Cooked) Induction Heating Pressure Rice Cooker with Nonstick Inner Pot & 16 Menu Modes (White/Silver, Made in Korea)",2025-07,284507,284507,284507,284507,179.23666666666665,0,0,179.23666666666665,,,,1,3,284507,[]
coway,Other,B071H1FXFC,"CUCKOO CRP-HS0657FW 6-Cup (Uncooked) 12-Cup (Cooked) Induction Heating Pressure Rice Cooker with Nonstick Inner Pot & 16 Menu Modes (White/Silver, Made in Korea)",2025-10,284507,284507,284507,284507,259.425,313.30222222222216,313.30222222222216,259.425,,,,1,12,284507,[]
coway,Other,B071H1FXFC,"CUCKOO CRP-HS0657FW 6-Cup (Uncooked) 12-Cup (Cooked) Induction Heating Pressure Rice Cooker with Nonstick Inner Pot & 16 Menu Modes (White/Silver, Made in Korea)",2025-11,284507,284507,284507,284507,212.416,0,0,212.416,,,,1,5,284507,[]
coway,Other,B071H1FXFC,"CUCKOO CRP-HS0657FW 6-Cup (Uncooked) 12-Cup (Cooked) Induction Heating Pressure Rice Cooker with Nonstick Inner Pot & 16 Menu Modes (White/Silver, Made in Korea)",2025-12,284507,284507,284507,284507,225.62142857142857,0,0,225.62142857142857,,,,1,7,284507,[]
coway,Other,B071H1FXFC,"CUCKOO CRP-HS0657FW 6-Cup (Uncooked) 12-Cup (Cooked) Induction Heating Pressure Rice Cooker with Nonstick Inner Pot & 16 Menu Modes (White/Silver, Made in Korea)",2026-01,284507,284507,284507,284507,250.11333333333334,0,0,250.11333333333334,,,,1,9,284507,[]
coway,Other,B071H1FXFC,"CUCKOO CRP-HS0657FW 6-Cup (Uncooked) 12-Cup (Cooked) Induction Heating Pressure Rice Cooker with Nonstick Inner Pot & 16 Menu Modes (White/Silver, Made in Korea)",2026-02,284507,284507,284507,284507,261.6975,0,0,261.6975,,,,1,4,284507,[]
coway,Other,B071H1FXFC,"CUCKOO CRP-HS0657FW 6-Cup (Uncooked) 12-Cup (Cooked) Induction Heating Pressure Rice Cooker with Nonstick Inner Pot & 16 Menu Modes (White/Silver, Made in Korea)",2026-03,284507,284507,284507,284507,256.7416666666667,0,0,256.7416666666667,,,,1,6,284507,[]
coway,Other,B071H1FXFC,"CUCKOO CRP-HS0657FW 6-Cup (Uncooked) 12-Cup (Cooked) Induction Heating Pressure Rice Cooker with Nonstick Inner Pot & 16 Menu Modes (White/Silver, Made in Korea)",2026-04,284507,284507,284507,284507,234.23333333333335,0,0,234.23333333333335,,,,1,6,284507,[]
coway,Other,B071H1FXFC,"CUCKOO CRP-HS0657FW 6-Cup (Uncooked) 12-Cup (Cooked) Induction Heating Pressure Rice Cooker with Nonstick Inner Pot & 16 Menu Modes (White/Silver, Made in Korea)",2026-05,284507,284507,284507,284507,267.3866666666666,356.68666666666667,356.68666666666667,267.3866666666666,,,,1,12,284507,[]
coway,Other,B071H1FXFC,"CUCKOO CRP-HS0657FW 6-Cup (Uncooked) 12-Cup (Cooked) Induction Heating Pressure Rice Cooker with Nonstick Inner Pot & 16 Menu Modes (White/Silver, Made in Korea)",2026-06,284507,284507,284507,284507,345.91,345.91,345.91,345.91,,,,1,1,284507,[]
coway,Other,B0721ZMW8K,"CUCKOO High Pressure Rice Cooker 6-Cup Uncooked / 12-Cup Cooked with Induction Heating Technology, Versatile Rice Maker with 13 Menu Options and Steam Plate, Voice Guide, Dark Gray (CRP-DHSR0609FD)",2022-05,284507,284507,284507,284507,479.99,479.99,0,479.99,,,,1,1,284507,[]
coway,Other,B0721ZMW8K,"CUCKOO High Pressure Rice Cooker 6-Cup Uncooked / 12-Cup Cooked with Induction Heating Technology, Versatile Rice Maker with 13 Menu Options and Steam Plate, Voice Guide, Dark Gray (CRP-DHSR0609FD)",2022-06,284507,284507,284507,284507,420.78600000000006,529.99,0,420.78600000000006,,,,1,5,284507,[]
coway,Other,B0721ZMW8K,"CUCKOO High Pressure Rice Cooker 6-Cup Uncooked / 12-Cup Cooked with Induction Heating Technology, Versatile Rice Maker with 13 Menu Options and Steam Plate, Voice Guide, Dark Gray (CRP-DHSR0609FD)",2022-07,284507,284507,284507,284507,380.5888888888889,413.70714285714286,0,380.5888888888889,,,,1,9,284507,[]
coway,Other,B0721ZMW8K,"CUCKOO High Pressure Rice Cooker 6-Cup Uncooked / 12-Cup Cooked with Induction Heating Technology, Versatile Rice Maker with 13 Menu Options and Steam Plate, Voice Guide, Dark Gray (CRP-DHSR0609FD)",2022-08,284507,284507,284507,284507,339.066,0,0,339.066,,,,1,5,284507,[]
coway,Other,B0721ZMW8K,"CUCKOO High Pressure Rice Cooker 6-Cup Uncooked / 12-Cup Cooked with Induction Heating Technology, Versatile Rice Maker with 13 Menu Options and Steam Plate, Voice Guide, Dark Gray (CRP-DHSR0609FD)",2022-09,284507,284507,284507,284507,258.448,-1,0,258.448,,,,1,5,284507,[]
coway,Other,B0721ZMW8K,"CUCKOO High Pressure Rice Cooker 6-Cup Uncooked / 12-Cup Cooked with Induction Heating Technology, Versatile Rice Maker with 13 Menu Options and Steam Plate, Voice Guide, Dark Gray (CRP-DHSR0609FD)",2022-10,284507,284507,284507,284507,373.07250000000005,399.6383333333333,0,373.07250000000005,,,,1,12,284507,[]
coway,Other,B0721ZMW8K,"CUCKOO High Pressure Rice Cooker 6-Cup Uncooked / 12-Cup Cooked with Induction Heating Technology, Versatile Rice Maker with 13 Menu Options and Steam Plate, Voice Guide, Dark Gray (CRP-DHSR0609FD)",2022-11,284507,284507,284507,284507,227.73874999999998,179.43555555555557,0,227.73874999999998,,,,1,16,284507,[]
coway,Other,B0721ZMW8K,"CUCKOO High Pressure Rice Cooker 6-Cup Uncooked / 12-Cup Cooked with Induction Heating Technology, Versatile Rice Maker with 13 Menu Options and Steam Plate, Voice Guide, Dark Gray (CRP-DHSR0609FD)",2022-12,284507,284507,284507,284507,360.178,469.95,0,360.178,,,,1,5,284507,[]
coway,Other,B0721ZMW8K,"CUCKOO High Pressure Rice Cooker 6-Cup Uncooked / 12-Cup Cooked with Induction Heating Technology, Versatile Rice Maker with 13 Menu Options and Steam Plate, Voice Guide, Dark Gray (CRP-DHSR0609FD)",2023-01,284507,284507,284507,284507,354.9628571428571,474.99,0,354.9628571428571,,,,1,7,284507,[]
coway,Other,B0721ZMW8K,"CUCKOO High Pressure Rice Cooker 6-Cup Uncooked / 12-Cup Cooked with Induction Heating Technology, Versatile Rice Maker with 13 Menu Options and Steam Plate, Voice Guide, Dark Gray (CRP-DHSR0609FD)",2023-02,284507,284507,284507,284507,265.046,-1,0,265.046,,,,1,5,284507,[]
coway,Other,B0721ZMW8K,"CUCKOO High Pressure Rice Cooker 6-Cup Uncooked / 12-Cup Cooked with Induction Heating Technology, Versatile Rice Maker with 13 Menu Options and Steam Plate, Voice Guide, Dark Gray (CRP-DHSR0609FD)",2023-03,284507,284507,284507,284507,336.124,0,0,336.124,,,,1,5,284507,[]
coway,Other,B0721ZMW8K,"CUCKOO High Pressure Rice Cooker 6-Cup Uncooked / 12-Cup Cooked with Induction Heating Technology, Versatile Rice Maker with 13 Menu Options and Steam Plate, Voice Guide, Dark Gray (CRP-DHSR0609FD)",2023-04,284507,284507,284507,284507,316.73833333333334,450.495,0,316.73833333333334,,,,1,6,284507,[]
coway,Other,B0721ZMW8K,"CUCKOO High Pressure Rice Cooker 6-Cup Uncooked / 12-Cup Cooked with Induction Heating Technology, Versatile Rice Maker with 13 Menu Options and Steam Plate, Voice Guide, Dark Gray (CRP-DHSR0609FD)",2023-05,284507,284507,284507,284507,318.23857142857145,412.495,0,318.23857142857145,,,,1,7,284507,[]
coway,Other,B0721ZMW8K,"CUCKOO High Pressure Rice Cooker 6-Cup Uncooked / 12-Cup Cooked with Induction Heating Technology, Versatile Rice Maker with 13 Menu Options and Steam Plate, Voice Guide, Dark Gray (CRP-DHSR0609FD)",2023-06,284507,284507,284507,284507,318.6985714285714,371,0,318.6985714285714,,,,1,7,284507,[]
coway,Other,B0721ZMW8K,"CUCKOO High Pressure Rice Cooker 6-Cup Uncooked / 12-Cup Cooked with Induction Heating Technology, Versatile Rice Maker with 13 Menu Options and Steam Plate, Voice Guide, Dark Gray (CRP-DHSR0609FD)",2023-07,284507,284507,284507,284507,329.296,509.99,0,329.296,,,,1,5,284507,[]
coway,Other,B0721ZMW8K,"CUCKOO High Pressure Rice Cooker 6-Cup Uncooked / 12-Cup Cooked with Induction Heating Technology, Versatile Rice Maker with 13 Menu Options and Steam Plate, Voice Guide, Dark Gray (CRP-DHSR0609FD)",2023-08,284507,284507,284507,284507,348.7775,493.3233333333333,0,348.7775,,,,1,8,284507,[]
coway,Other,B0721ZMW8K,"CUCKOO High Pressure Rice Cooker 6-Cup Uncooked / 12-Cup Cooked with Induction Heating Technology, Versatile Rice Maker with 13 Menu Options and Steam Plate, Voice Guide, Dark Gray (CRP-DHSR0609FD)",2023-09,284507,284507,284507,284507,377.93199999999996,444.77,0,377.93199999999996,,,,1,10,284507,[]
coway,Other,B0721ZMW8K,"CUCKOO High Pressure Rice Cooker 6-Cup Uncooked / 12-Cup Cooked with Induction Heating Technology, Versatile Rice Maker with 13 Menu Options and Steam Plate, Voice Guide, Dark Gray (CRP-DHSR0609FD)",2023-10,284507,284507,284507,284507,316.262,529.99,0,316.262,,,,1,5,284507,[]
coway,Other,B0721ZMW8K,"CUCKOO High Pressure Rice Cooker 6-Cup Uncooked / 12-Cup Cooked with Induction Heating Technology, Versatile Rice Maker with 13 Menu Options and Steam Plate, Voice Guide, Dark Gray (CRP-DHSR0609FD)",2023-11,284507,284507,284507,284507,343.399,383.49,0,343.399,,,,1,10,284507,[]
coway,Other,B0721ZMW8K,"CUCKOO High Pressure Rice Cooker 6-Cup Uncooked / 12-Cup Cooked with Induction Heating Technology, Versatile Rice Maker with 13 Menu Options and Steam Plate, Voice Guide, Dark Gray (CRP-DHSR0609FD)",2023-12,284507,284507,284507,284507,307.535,0,0,307.535,,,,1,8,284507,[]
coway,Other,B0721ZMW8K,"CUCKOO High Pressure Rice Cooker 6-Cup Uncooked / 12-Cup Cooked with Induction Heating Technology, Versatile Rice Maker with 13 Menu Options and Steam Plate, Voice Guide, Dark Gray (CRP-DHSR0609FD)",2024-01,284507,284507,284507,284507,303.75,0,0,303.75,,,,1,5,284507,[]
coway,Other,B0721ZMW8K,"CUCKOO High Pressure Rice Cooker 6-Cup Uncooked / 12-Cup Cooked with Induction Heating Technology, Versatile Rice Maker with 13 Menu Options and Steam Plate, Voice Guide, Dark Gray (CRP-DHSR0609FD)",2024-02,284507,284507,284507,284507,258.15000000000003,0,0,258.15000000000003,,,,1,3,284507,[]
coway,Other,B0721ZMW8K,"CUCKOO High Pressure Rice Cooker 6-Cup Uncooked / 12-Cup Cooked with Induction Heating Technology, Versatile Rice Maker with 13 Menu Options and Steam Plate, Voice Guide, Dark Gray (CRP-DHSR0609FD)",2024-03,284507,284507,284507,284507,227.98250000000002,0,0,227.98250000000002,,,,1,4,284507,[]
coway,Other,B0721ZMW8K,"CUCKOO High Pressure Rice Cooker 6-Cup Uncooked / 12-Cup Cooked with Induction Heating Technology, Versatile Rice Maker with 13 Menu Options and Steam Plate, Voice Guide, Dark Gray (CRP-DHSR0609FD)",2024-04,284507,284507,284507,284507,239.445,342,0,239.445,,,,1,4,284507,[]
coway,Other,B0721ZMW8K,"CUCKOO High Pressure Rice Cooker 6-Cup Uncooked / 12-Cup Cooked with Induction Heating Technology, Versatile Rice Maker with 13 Menu Options and Steam Plate, Voice Guide, Dark Gray (CRP-DHSR0609FD)",2024-05,284507,284507,284507,284507,244.334,0,0,244.334,,,,1,5,284507,[]
coway,Other,B0721ZMW8K,"CUCKOO High Pressure Rice Cooker 6-Cup Uncooked / 12-Cup Cooked with Induction Heating Technology, Versatile Rice Maker with 13 Menu Options and Steam Plate, Voice Guide, Dark Gray (CRP-DHSR0609FD)",2024-06,284507,284507,284507,284507,245.115,0,0,245.115,,,,1,6,284507,[]
coway,Other,B0721ZMW8K,"CUCKOO High Pressure Rice Cooker 6-Cup Uncooked / 12-Cup Cooked with Induction Heating Technology, Versatile Rice Maker with 13 Menu Options and Steam Plate, Voice Guide, Dark Gray (CRP-DHSR0609FD)",2024-07,284507,284507,284507,284507,244.28000000000003,0,0,244.28000000000003,,,,1,4,284507,[]
coway,Other,B0721ZMW8K,"CUCKOO High Pressure Rice Cooker 6-Cup Uncooked / 12-Cup Cooked with Induction Heating Technology, Versatile Rice Maker with 13 Menu Options and Steam Plate, Voice Guide, Dark Gray (CRP-DHSR0609FD)",2024-08,284507,284507,284507,284507,256.41400000000004,0,0,256.41400000000004,,,,1,5,284507,[]
coway,Other,B0721ZMW8K,"CUCKOO High Pressure Rice Cooker 6-Cup Uncooked / 12-Cup Cooked with Induction Heating Technology, Versatile Rice Maker with 13 Menu Options and Steam Plate, Voice Guide, Dark Gray (CRP-DHSR0609FD)",2024-09,284507,284507,284507,284507,279.12,360,0,279.12,,,,1,10,284507,[]
coway,Other,B0721ZMW8K,"CUCKOO High Pressure Rice Cooker 6-Cup Uncooked / 12-Cup Cooked with Induction Heating Technology, Versatile Rice Maker with 13 Menu Options and Steam Plate, Voice Guide, Dark Gray (CRP-DHSR0609FD)",2024-10,284507,284507,284507,284507,290.35625,456.65000000000003,474.975,290.35625,,,,1,8,284507,[]
coway,Other,B0721ZMW8K,"CUCKOO High Pressure Rice Cooker 6-Cup Uncooked / 12-Cup Cooked with Induction Heating Technology, Versatile Rice Maker with 13 Menu Options and Steam Plate, Voice Guide, Dark Gray (CRP-DHSR0609FD)",2024-11,284507,284507,284507,284507,301.7942857142857,500,0,301.7942857142857,,,,1,7,284507,[]
coway,Other,B0721ZMW8K,"CUCKOO High Pressure Rice Cooker 6-Cup Uncooked / 12-Cup Cooked with Induction Heating Technology, Versatile Rice Maker with 13 Menu Options and Steam Plate, Voice Guide, Dark Gray (CRP-DHSR0609FD)",2024-12,284507,284507,284507,284507,266.92333333333335,0,0,266.92333333333335,,,,1,6,284507,[]
coway,Other,B0721ZMW8K,"CUCKOO High Pressure Rice Cooker 6-Cup Uncooked / 12-Cup Cooked with Induction Heating Technology, Versatile Rice Maker with 13 Menu Options and Steam Plate, Voice Guide, Dark Gray (CRP-DHSR0609FD)",2025-01,284507,284507,284507,284507,288.27285714285716,484.738,0,288.27285714285716,,,,1,7,284507,[]
coway,Other,B0721ZMW8K,"CUCKOO High Pressure Rice Cooker 6-Cup Uncooked / 12-Cup Cooked with Induction Heating Technology, Versatile Rice Maker with 13 Menu Options and Steam Plate, Voice Guide, Dark Gray (CRP-DHSR0609FD)",2025-02,284507,284507,284507,284507,467.58125000000007,694.5150000000001,0,467.58125000000007,,,,1,8,284507,[]
coway,Other,B0721ZMW8K,"CUCKOO High Pressure Rice Cooker 6-Cup Uncooked / 12-Cup Cooked with Induction Heating Technology, Versatile Rice Maker with 13 Menu Options and Steam Plate, Voice Guide, Dark Gray (CRP-DHSR0609FD)",2025-03,284507,284507,284507,284507,331.59444444444443,503.024,0,331.59444444444443,,,,1,9,284507,[]
coway,Other,B0721ZMW8K,"CUCKOO High Pressure Rice Cooker 6-Cup Uncooked / 12-Cup Cooked with Induction Heating Technology, Versatile Rice Maker with 13 Menu Options and Steam Plate, Voice Guide, Dark Gray (CRP-DHSR0609FD)",2025-04,284507,284507,284507,284507,506.43000000000006,566.6678947368421,0,506.43000000000006,,,,1,22,284507,[]
coway,Other,B0721ZMW8K,"CUCKOO High Pressure Rice Cooker 6-Cup Uncooked / 12-Cup Cooked with Induction Heating Technology, Versatile Rice Maker with 13 Menu Options and Steam Plate, Voice Guide, Dark Gray (CRP-DHSR0609FD)",2025-05,284507,284507,284507,284507,385.45599999999996,518.587,412.87,385.45599999999996,,,,1,15,284507,[]
coway,Other,B0721ZMW8K,"CUCKOO High Pressure Rice Cooker 6-Cup Uncooked / 12-Cup Cooked with Induction Heating Technology, Versatile Rice Maker with 13 Menu Options and Steam Plate, Voice Guide, Dark Gray (CRP-DHSR0609FD)",2025-06,284507,284507,284507,284507,248.03142857142856,450,0,248.03142857142856,,,,1,14,284507,[]
coway,Other,B0721ZMW8K,"CUCKOO High Pressure Rice Cooker 6-Cup Uncooked / 12-Cup Cooked with Induction Heating Technology, Versatile Rice Maker with 13 Menu Options and Steam Plate, Voice Guide, Dark Gray (CRP-DHSR0609FD)",2025-07,284507,284507,284507,284507,257.42125,0,0,257.42125,,,,1,8,284507,[]
coway,Other,B0721ZMW8K,"CUCKOO High Pressure Rice Cooker 6-Cup Uncooked / 12-Cup Cooked with Induction Heating Technology, Versatile Rice Maker with 13 Menu Options and Steam Plate, Voice Guide, Dark Gray (CRP-DHSR0609FD)",2025-08,284507,284507,284507,284507,256.17833333333334,0,0,256.17833333333334,,,,1,6,284507,[]
coway,Other,B0721ZMW8K,"CUCKOO High Pressure Rice Cooker 6-Cup Uncooked / 12-Cup Cooked with Induction Heating Technology, Versatile Rice Maker with 13 Menu Options and Steam Plate, Voice Guide, Dark Gray (CRP-DHSR0609FD)",2025-09,284507,284507,284507,284507,281.77500000000003,0,0,281.77500000000003,,,,1,6,284507,[]
coway,Other,B0721ZMW8K,"CUCKOO High Pressure Rice Cooker 6-Cup Uncooked / 12-Cup Cooked with Induction Heating Technology, Versatile Rice Maker with 13 Menu Options and Steam Plate, Voice Guide, Dark Gray (CRP-DHSR0609FD)",2025-10,284507,284507,284507,284507,376.309,460.07333333333327,460.07333333333327,376.309,,,,1,10,284507,[]
coway,Other,B0721ZMW8K,"CUCKOO High Pressure Rice Cooker 6-Cup Uncooked / 12-Cup Cooked with Induction Heating Technology, Versatile Rice Maker with 13 Menu Options and Steam Plate, Voice Guide, Dark Gray (CRP-DHSR0609FD)",2025-11,284507,284507,284507,284507,297.785,333.8766666666667,335.84000000000003,297.785,,,,1,6,284507,[]
coway,Other,B0721ZMW8K,"CUCKOO High Pressure Rice Cooker 6-Cup Uncooked / 12-Cup Cooked with Induction Heating Technology, Versatile Rice Maker with 13 Menu Options and Steam Plate, Voice Guide, Dark Gray (CRP-DHSR0609FD)",2025-12,284507,284507,284507,284507,270.34399999999994,391.99,391.99,270.34399999999994,,,,1,5,284507,[]
coway,Other,B0721ZMW8K,"CUCKOO High Pressure Rice Cooker 6-Cup Uncooked / 12-Cup Cooked with Induction Heating Technology, Versatile Rice Maker with 13 Menu Options and Steam Plate, Voice Guide, Dark Gray (CRP-DHSR0609FD)",2026-01,284507,284507,284507,284507,258.255,376.31,376.31,258.255,,,,1,6,284507,[]
coway,Other,B0721ZMW8K,"CUCKOO High Pressure Rice Cooker 6-Cup Uncooked / 12-Cup Cooked with Induction Heating Technology, Versatile Rice Maker with 13 Menu Options and Steam Plate, Voice Guide, Dark Gray (CRP-DHSR0609FD)",2026-02,284507,284507,284507,284507,350.6244444444444,443.62399999999997,414.5325,350.6244444444444,,,,1,9,284507,[]
coway,Other,B0721ZMW8K,"CUCKOO High Pressure Rice Cooker 6-Cup Uncooked / 12-Cup Cooked with Induction Heating Technology, Versatile Rice Maker with 13 Menu Options and Steam Plate, Voice Guide, Dark Gray (CRP-DHSR0609FD)",2026-03,284507,284507,284507,284507,373.94357142857143,470.1975,470.1975,373.94357142857143,,,,1,14,284507,[]
coway,Other,B0721ZMW8K,"CUCKOO High Pressure Rice Cooker 6-Cup Uncooked / 12-Cup Cooked with Induction Heating Technology, Versatile Rice Maker with 13 Menu Options and Steam Plate, Voice Guide, Dark Gray (CRP-DHSR0609FD)",2026-04,284507,284507,284507,284507,387.07727272727266,489.75666666666666,489.75666666666666,387.07727272727266,,,,1,11,284507,[]
coway,Other,B0721ZMW8K,"CUCKOO High Pressure Rice Cooker 6-Cup Uncooked / 12-Cup Cooked with Induction Heating Technology, Versatile Rice Maker with 13 Menu Options and Steam Plate, Voice Guide, Dark Gray (CRP-DHSR0609FD)",2026-05,284507,284507,284507,284507,313.5235714285715,410.30125,410.30125,313.5235714285715,,,,1,14,284507,[]
coway,Other,B0721ZMW8K,"CUCKOO High Pressure Rice Cooker 6-Cup Uncooked / 12-Cup Cooked with Induction Heating Technology, Versatile Rice Maker with 13 Menu Options and Steam Plate, Voice Guide, Dark Gray (CRP-DHSR0609FD)",2026-06,284507,284507,284507,284507,503.99,503.99,503.99,503.99,,,,1,1,284507,[]
coway,Other,B072NFGLSV,"CUCKOO High Pressure Rice Cooker 3-Cup Uncooked / 6-Cup Cooked with Induction Heating Technology, Small Rice Maker with 16 Menu Options and Steam Plate, Voice Guide, Gold (CRP-EHSS0309F)",2017-08,284507,284507,284507,284507,369.99,369.99,0,369.99,,,,1,1,284507,[]
coway,Other,B072NFGLSV,"CUCKOO High Pressure Rice Cooker 3-Cup Uncooked / 6-Cup Cooked with Induction Heating Technology, Small Rice Maker with 16 Menu Options and Steam Plate, Voice Guide, Gold (CRP-EHSS0309F)",2017-09,284507,284507,284507,284507,332.99,373.7,0,332.99,,,,1,1,284507,[]
coway,Other,B072NFGLSV,"CUCKOO High Pressure Rice Cooker 3-Cup Uncooked / 6-Cup Cooked with Induction Heating Technology, Small Rice Maker with 16 Menu Options and Steam Plate, Voice Guide, Gold (CRP-EHSS0309F)",2017-10,284507,284507,284507,284507,369.95,369.95,0,369.95,,,,1,1,284507,[]
coway,Other,B072NFGLSV,"CUCKOO High Pressure Rice Cooker 3-Cup Uncooked / 6-Cup Cooked with Induction Heating Technology, Small Rice Maker with 16 Menu Options and Steam Plate, Voice Guide, Gold (CRP-EHSS0309F)",2017-11,284507,284507,284507,284507,383.345,383.345,0,383.345,,,,1,2,284507,[]
coway,Other,B072NFGLSV,"CUCKOO High Pressure Rice Cooker 3-Cup Uncooked / 6-Cup Cooked with Induction Heating Technology, Small Rice Maker with 16 Menu Options and Steam Plate, Voice Guide, Gold (CRP-EHSS0309F)",2018-03,284507,284507,284507,284507,410.68,410.68,0,410.68,,,,1,1,284507,[]
coway,Other,B072NFGLSV,"CUCKOO High Pressure Rice Cooker 3-Cup Uncooked / 6-Cup Cooked with Induction Heating Technology, Small Rice Maker with 16 Menu Options and Steam Plate, Voice Guide, Gold (CRP-EHSS0309F)",2018-04,284507,284507,284507,284507,386.8666666666666,386.8666666666666,0,386.8666666666666,,,,1,3,284507,[]
coway,Other,B072NFGLSV,"CUCKOO High Pressure Rice Cooker 3-Cup Uncooked / 6-Cup Cooked with Induction Heating Technology, Small Rice Maker with 16 Menu Options and Steam Plate, Voice Guide, Gold (CRP-EHSS0309F)",2018-05,284507,284507,284507,284507,534.6,534.6,0,534.6,,,,1,3,284507,[]
coway,Other,B072NFGLSV,"CUCKOO High Pressure Rice Cooker 3-Cup Uncooked / 6-Cup Cooked with Induction Heating Technology, Small Rice Maker with 16 Menu Options and Steam Plate, Voice Guide, Gold (CRP-EHSS0309F)",2018-06,284507,284507,284507,284507,451.71142857142866,451.71142857142866,0,451.71142857142866,,,,1,7,284507,[]
coway,Other,B072NFGLSV,"CUCKOO High Pressure Rice Cooker 3-Cup Uncooked / 6-Cup Cooked with Induction Heating Technology, Small Rice Maker with 16 Menu Options and Steam Plate, Voice Guide, Gold (CRP-EHSS0309F)",2018-07,284507,284507,284507,284507,454.28000000000003,454.28000000000003,0,454.28000000000003,,,,1,7,284507,[]
coway,Other,B072NFGLSV,"CUCKOO High Pressure Rice Cooker 3-Cup Uncooked / 6-Cup Cooked with Induction Heating Technology, Small Rice Maker with 16 Menu Options and Steam Plate, Voice Guide, Gold (CRP-EHSS0309F)",2018-08,284507,284507,284507,284507,441.97444444444443,441.97444444444443,0,441.97444444444443,,,,1,9,284507,[]
coway,Other,B072NFGLSV,"CUCKOO High Pressure Rice Cooker 3-Cup Uncooked / 6-Cup Cooked with Induction Heating Technology, Small Rice Maker with 16 Menu Options and Steam Plate, Voice Guide, Gold (CRP-EHSS0309F)",2018-09,284507,284507,284507,284507,461.71500000000003,461.71500000000003,0,461.71500000000003,,,,1,4,284507,[]
coway,Other,B072NFGLSV,"CUCKOO High Pressure Rice Cooker 3-Cup Uncooked / 6-Cup Cooked with Induction Heating Technology, Small Rice Maker with 16 Menu Options and Steam Plate, Voice Guide, Gold (CRP-EHSS0309F)",2018-10,284507,284507,284507,284507,532.605,532.605,0,532.605,,,,1,4,284507,[]
coway,Other,B072NFGLSV,"CUCKOO High Pressure Rice Cooker 3-Cup Uncooked / 6-Cup Cooked with Induction Heating Technology, Small Rice Maker with 16 Menu Options and Steam Plate, Voice Guide, Gold (CRP-EHSS0309F)",2018-11,284507,284507,284507,284507,318.825,338.15999999999997,0,318.825,,,,1,2,284507,[]
coway,Other,B072NFGLSV,"CUCKOO High Pressure Rice Cooker 3-Cup Uncooked / 6-Cup Cooked with Induction Heating Technology, Small Rice Maker with 16 Menu Options and Steam Plate, Voice Guide, Gold (CRP-EHSS0309F)",2018-12,284507,284507,284507,284507,408.355,459.53999999999996,0,408.355,,,,1,6,284507,[]
coway,Other,B072NFGLSV,"CUCKOO High Pressure Rice Cooker 3-Cup Uncooked / 6-Cup Cooked with Induction Heating Technology, Small Rice Maker with 16 Menu Options and Steam Plate, Voice Guide, Gold (CRP-EHSS0309F)",2019-01,284507,284507,284507,284507,381.02666666666664,381.02666666666664,0,381.02666666666664,,,,1,3,284507,[]
coway,Other,B072NFGLSV,"CUCKOO High Pressure Rice Cooker 3-Cup Uncooked / 6-Cup Cooked with Induction Heating Technology, Small Rice Maker with 16 Menu Options and Steam Plate, Voice Guide, Gold (CRP-EHSS0309F)",2019-02,284507,284507,284507,284507,380,380,0,380,,,,1,1,284507,[]
coway,Other,B072NFGLSV,"CUCKOO High Pressure Rice Cooker 3-Cup Uncooked / 6-Cup Cooked with Induction Heating Technology, Small Rice Maker with 16 Menu Options and Steam Plate, Voice Guide, Gold (CRP-EHSS0309F)",2019-03,284507,284507,284507,284507,419.2825,419.2825,0,419.2825,,,,1,4,284507,[]
coway,Other,B072NFGLSV,"CUCKOO High Pressure Rice Cooker 3-Cup Uncooked / 6-Cup Cooked with Induction Heating Technology, Small Rice Maker with 16 Menu Options and Steam Plate, Voice Guide, Gold (CRP-EHSS0309F)",2019-04,284507,284507,284507,284507,507.085,566.8549999999999,0,507.085,,,,1,6,284507,[]
coway,Other,B072NFGLSV,"CUCKOO High Pressure Rice Cooker 3-Cup Uncooked / 6-Cup Cooked with Induction Heating Technology, Small Rice Maker with 16 Menu Options and Steam Plate, Voice Guide, Gold (CRP-EHSS0309F)",2019-05,284507,284507,284507,284507,462.8071428571428,462.8071428571428,0,462.8071428571428,,,,1,7,284507,[]
coway,Other,B072NFGLSV,"CUCKOO High Pressure Rice Cooker 3-Cup Uncooked / 6-Cup Cooked with Induction Heating Technology, Small Rice Maker with 16 Menu Options and Steam Plate, Voice Guide, Gold (CRP-EHSS0309F)",2019-06,284507,284507,284507,284507,392.0837499999999,392.0837499999999,0,392.0837499999999,,,,1,8,284507,[]
coway,Other,B072NFGLSV,"CUCKOO High Pressure Rice Cooker 3-Cup Uncooked / 6-Cup Cooked with Induction Heating Technology, Small Rice Maker with 16 Menu Options and Steam Plate, Voice Guide, Gold (CRP-EHSS0309F)",2019-07,284507,284507,284507,284507,470.6766666666667,492.595,0,470.6766666666667,,,,1,6,284507,[]
coway,Other,B072NFGLSV,"CUCKOO High Pressure Rice Cooker 3-Cup Uncooked / 6-Cup Cooked with Induction Heating Technology, Small Rice Maker with 16 Menu Options and Steam Plate, Voice Guide, Gold (CRP-EHSS0309F)",2019-08,284507,284507,284507,284507,442.256,567.43,0,442.256,,,,1,5,284507,[]
coway,Other,B072NFGLSV,"CUCKOO High Pressure Rice Cooker 3-Cup Uncooked / 6-Cup Cooked with Induction Heating Technology, Small Rice Maker with 16 Menu Options and Steam Plate, Voice Guide, Gold (CRP-EHSS0309F)",2019-09,284507,284507,284507,284507,373.845,490,0,373.845,,,,1,2,284507,[]
coway,Other,B072NFGLSV,"CUCKOO High Pressure Rice Cooker 3-Cup Uncooked / 6-Cup Cooked with Induction Heating Technology, Small Rice Maker with 16 Menu Options and Steam Plate, Voice Guide, Gold (CRP-EHSS0309F)",2019-10,284507,284507,284507,284507,423.615,423.615,0,423.615,,,,1,4,284507,[]
coway,Other,B072NFGLSV,"CUCKOO High Pressure Rice Cooker 3-Cup Uncooked / 6-Cup Cooked with Induction Heating Technology, Small Rice Maker with 16 Menu Options and Steam Plate, Voice Guide, Gold (CRP-EHSS0309F)",2019-11,284507,284507,284507,284507,390.49375000000003,435.435,0,390.49375000000003,,,,1,8,284507,[]
coway,Other,B072NFGLSV,"CUCKOO High Pressure Rice Cooker 3-Cup Uncooked / 6-Cup Cooked with Induction Heating Technology, Small Rice Maker with 16 Menu Options and Steam Plate, Voice Guide, Gold (CRP-EHSS0309F)",2019-12,284507,284507,284507,284507,444.90250000000003,444.90250000000003,0,444.90250000000003,,,,1,4,284507,[]
coway,Other,B072NFGLSV,"CUCKOO High Pressure Rice Cooker 3-Cup Uncooked / 6-Cup Cooked with Induction Heating Technology, Small Rice Maker with 16 Menu Options and Steam Plate, Voice Guide, Gold (CRP-EHSS0309F)",2020-01,284507,284507,284507,284507,369.71666666666664,369.71666666666664,0,369.71666666666664,,,,1,9,284507,[]
coway,Other,B072NFGLSV,"CUCKOO High Pressure Rice Cooker 3-Cup Uncooked / 6-Cup Cooked with Induction Heating Technology, Small Rice Maker with 16 Menu Options and Steam Plate, Voice Guide, Gold (CRP-EHSS0309F)",2020-02,284507,284507,284507,284507,358.38800000000003,369.485,0,358.38800000000003,,,,1,5,284507,[]
coway,Other,B072NFGLSV,"CUCKOO High Pressure Rice Cooker 3-Cup Uncooked / 6-Cup Cooked with Induction Heating Technology, Small Rice Maker with 16 Menu Options and Steam Plate, Voice Guide, Gold (CRP-EHSS0309F)",2020-03,284507,284507,284507,284507,352.3866666666666,368.585,0,352.3866666666666,,,,1,6,284507,[]
coway,Other,B072NFGLSV,"CUCKOO High Pressure Rice Cooker 3-Cup Uncooked / 6-Cup Cooked with Induction Heating Technology, Small Rice Maker with 16 Menu Options and Steam Plate, Voice Guide, Gold (CRP-EHSS0309F)",2020-04,284507,284507,284507,284507,368.6433333333334,368.6433333333334,0,368.6433333333334,,,,1,6,284507,[]
coway,Other,B072NFGLSV,"CUCKOO High Pressure Rice Cooker 3-Cup Uncooked / 6-Cup Cooked with Induction Heating Technology, Small Rice Maker with 16 Menu Options and Steam Plate, Voice Guide, Gold (CRP-EHSS0309F)",2020-08,284507,284507,284507,284507,305.21,369.945,0,305.21,,,,1,2,284507,[]
coway,Other,B072NFGLSV,"CUCKOO High Pressure Rice Cooker 3-Cup Uncooked / 6-Cup Cooked with Induction Heating Technology, Small Rice Maker with 16 Menu Options and Steam Plate, Voice Guide, Gold (CRP-EHSS0309F)",2020-09,284507,284507,284507,284507,290.04,0,0,290.04,,,,1,1,284507,[]
coway,Other,B072NFGLSV,"CUCKOO High Pressure Rice Cooker 3-Cup Uncooked / 6-Cup Cooked with Induction Heating Technology, Small Rice Maker with 16 Menu Options and Steam Plate, Voice Guide, Gold (CRP-EHSS0309F)",2020-10,284507,284507,284507,284507,324.9916666666667,324.9916666666667,0,324.9916666666667,,,,1,6,284507,[]
coway,Other,B072NFGLSV,"CUCKOO High Pressure Rice Cooker 3-Cup Uncooked / 6-Cup Cooked with Induction Heating Technology, Small Rice Maker with 16 Menu Options and Steam Plate, Voice Guide, Gold (CRP-EHSS0309F)",2020-11,284507,284507,284507,284507,239.56,0,0,239.56,,,,1,1,284507,[]
coway,Other,B072NFGLSV,"CUCKOO High Pressure Rice Cooker 3-Cup Uncooked / 6-Cup Cooked with Induction Heating Technology, Small Rice Maker with 16 Menu Options and Steam Plate, Voice Guide, Gold (CRP-EHSS0309F)",2020-12,284507,284507,284507,284507,368.99,368.99,0,368.99,,,,1,2,284507,[]
coway,Other,B072NFGLSV,"CUCKOO High Pressure Rice Cooker 3-Cup Uncooked / 6-Cup Cooked with Induction Heating Technology, Small Rice Maker with 16 Menu Options and Steam Plate, Voice Guide, Gold (CRP-EHSS0309F)",2021-01,284507,284507,284507,284507,370.81500000000005,370.81500000000005,0,370.81500000000005,,,,1,6,284507,[]
coway,Other,B072NFGLSV,"CUCKOO High Pressure Rice Cooker 3-Cup Uncooked / 6-Cup Cooked with Induction Heating Technology, Small Rice Maker with 16 Menu Options and Steam Plate, Voice Guide, Gold (CRP-EHSS0309F)",2021-02,284507,284507,284507,284507,327.53999999999996,371.23,0,327.53999999999996,,,,1,8,284507,[]
coway,Other,B072NFGLSV,"CUCKOO High Pressure Rice Cooker 3-Cup Uncooked / 6-Cup Cooked with Induction Heating Technology, Small Rice Maker with 16 Menu Options and Steam Plate, Voice Guide, Gold (CRP-EHSS0309F)",2021-03,284507,284507,284507,284507,303.21333333333337,0,0,303.21333333333337,,,,1,3,284507,[]
coway,Other,B072NFGLSV,"CUCKOO High Pressure Rice Cooker 3-Cup Uncooked / 6-Cup Cooked with Induction Heating Technology, Small Rice Maker with 16 Menu Options and Steam Plate, Voice Guide, Gold (CRP-EHSS0309F)",2021-04,284507,284507,284507,284507,364.9766666666667,371.97400000000005,0,364.9766666666667,,,,1,6,284507,[]
coway,Other,B072NFGLSV,"CUCKOO High Pressure Rice Cooker 3-Cup Uncooked / 6-Cup Cooked with Induction Heating Technology, Small Rice Maker with 16 Menu Options and Steam Plate, Voice Guide, Gold (CRP-EHSS0309F)",2021-05,284507,284507,284507,284507,276.03357142857146,276.53833333333336,0,276.03357142857146,,,,1,14,284507,[]
coway,Other,B072NFGLSV,"CUCKOO High Pressure Rice Cooker 3-Cup Uncooked / 6-Cup Cooked with Induction Heating Technology, Small Rice Maker with 16 Menu Options and Steam Plate, Voice Guide, Gold (CRP-EHSS0309F)",2021-06,284507,284507,284507,284507,310.9347826086956,314.77272727272725,0,310.9347826086956,,,,1,23,284507,[]
coway,Other,B072NFGLSV,"CUCKOO High Pressure Rice Cooker 3-Cup Uncooked / 6-Cup Cooked with Induction Heating Technology, Small Rice Maker with 16 Menu Options and Steam Plate, Voice Guide, Gold (CRP-EHSS0309F)",2021-07,284507,284507,284507,284507,252.0233333333333,254.5,0,252.0233333333333,,,,1,12,284507,[]
coway,Other,B072NFGLSV,"CUCKOO High Pressure Rice Cooker 3-Cup Uncooked / 6-Cup Cooked with Induction Heating Technology, Small Rice Maker with 16 Menu Options and Steam Plate, Voice Guide, Gold (CRP-EHSS0309F)",2021-08,284507,284507,284507,284507,309.405,0,0,309.405,,,,1,2,284507,[]
coway,Other,B072NFGLSV,"CUCKOO High Pressure Rice Cooker 3-Cup Uncooked / 6-Cup Cooked with Induction Heating Technology, Small Rice Maker with 16 Menu Options and Steam Plate, Voice Guide, Gold (CRP-EHSS0309F)",2021-09,284507,284507,284507,284507,294.4,0,0,294.4,,,,1,1,284507,[]
coway,Other,B072NFGLSV,"CUCKOO High Pressure Rice Cooker 3-Cup Uncooked / 6-Cup Cooked with Induction Heating Technology, Small Rice Maker with 16 Menu Options and Steam Plate, Voice Guide, Gold (CRP-EHSS0309F)",2021-10,284507,284507,284507,284507,333.50222222222226,367.87199999999996,0,333.50222222222226,,,,1,9,284507,[]
coway,Other,B072NFGLSV,"CUCKOO High Pressure Rice Cooker 3-Cup Uncooked / 6-Cup Cooked with Induction Heating Technology, Small Rice Maker with 16 Menu Options and Steam Plate, Voice Guide, Gold (CRP-EHSS0309F)",2021-11,284507,284507,284507,284507,369.99,369.99,0,369.99,,,,1,6,284507,[]
coway,Other,B072NFGLSV,"CUCKOO High Pressure Rice Cooker 3-Cup Uncooked / 6-Cup Cooked with Induction Heating Technology, Small Rice Maker with 16 Menu Options and Steam Plate, Voice Guide, Gold (CRP-EHSS0309F)",2021-12,284507,284507,284507,284507,362.92961538461526,369.98999999999984,0,362.92961538461526,,,,1,26,284507,[]
coway,Other,B072NFGLSV,"CUCKOO High Pressure Rice Cooker 3-Cup Uncooked / 6-Cup Cooked with Induction Heating Technology, Small Rice Maker with 16 Menu Options and Steam Plate, Voice Guide, Gold (CRP-EHSS0309F)",2022-01,284507,284507,284507,284507,367.9263157894736,369.9188888888888,0,367.9263157894736,,,,1,19,284507,[]
coway,Other,B072NFGLSV,"CUCKOO High Pressure Rice Cooker 3-Cup Uncooked / 6-Cup Cooked with Induction Heating Technology, Small Rice Maker with 16 Menu Options and Steam Plate, Voice Guide, Gold (CRP-EHSS0309F)",2022-02,284507,284507,284507,284507,339.826,364.31,0,339.826,,,,1,5,284507,[]
coway,Other,B072NFGLSV,"CUCKOO High Pressure Rice Cooker 3-Cup Uncooked / 6-Cup Cooked with Induction Heating Technology, Small Rice Maker with 16 Menu Options and Steam Plate, Voice Guide, Gold (CRP-EHSS0309F)",2022-03,284507,284507,284507,284507,304.0830769230769,335.3299999999999,0,304.0830769230769,,,,1,13,284507,[]
coway,Other,B072NFGLSV,"CUCKOO High Pressure Rice Cooker 3-Cup Uncooked / 6-Cup Cooked with Induction Heating Technology, Small Rice Maker with 16 Menu Options and Steam Plate, Voice Guide, Gold (CRP-EHSS0309F)",2022-05,284507,284507,284507,284507,306.1775,349.97,0,306.1775,,,,1,8,284507,[]
coway,Other,B072NFGLSV,"CUCKOO High Pressure Rice Cooker 3-Cup Uncooked / 6-Cup Cooked with Induction Heating Technology, Small Rice Maker with 16 Menu Options and Steam Plate, Voice Guide, Gold (CRP-EHSS0309F)",2022-06,284507,284507,284507,284507,311.435,339.9766666666667,0,311.435,,,,1,4,284507,[]
coway,Other,B072NFGLSV,"CUCKOO High Pressure Rice Cooker 3-Cup Uncooked / 6-Cup Cooked with Induction Heating Technology, Small Rice Maker with 16 Menu Options and Steam Plate, Voice Guide, Gold (CRP-EHSS0309F)",2022-07,284507,284507,284507,284507,283.26000000000005,293.6983333333333,0,283.26000000000005,,,,1,7,284507,[]
coway,Other,B072NFGLSV,"CUCKOO High Pressure Rice Cooker 3-Cup Uncooked / 6-Cup Cooked with Induction Heating Technology, Small Rice Maker with 16 Menu Options and Steam Plate, Voice Guide, Gold (CRP-EHSS0309F)",2022-08,284507,284507,284507,284507,267.5775,369.95,0,267.5775,,,,1,4,284507,[]
coway,Other,B072NFGLSV,"CUCKOO High Pressure Rice Cooker 3-Cup Uncooked / 6-Cup Cooked with Induction Heating Technology, Small Rice Maker with 16 Menu Options and Steam Plate, Voice Guide, Gold (CRP-EHSS0309F)",2022-09,284507,284507,284507,284507,188.03,164.495,0,188.03,,,,1,4,284507,[]
coway,Other,B072NFGLSV,"CUCKOO High Pressure Rice Cooker 3-Cup Uncooked / 6-Cup Cooked with Induction Heating Technology, Small Rice Maker with 16 Menu Options and Steam Plate, Voice Guide, Gold (CRP-EHSS0309F)",2022-10,284507,284507,284507,284507,266.63,299.97,0,266.63,,,,1,3,284507,[]
coway,Other,B072NFGLSV,"CUCKOO High Pressure Rice Cooker 3-Cup Uncooked / 6-Cup Cooked with Induction Heating Technology, Small Rice Maker with 16 Menu Options and Steam Plate, Voice Guide, Gold (CRP-EHSS0309F)",2022-11,284507,284507,284507,284507,79.35166666666667,84.26333333333334,0,79.35166666666667,,,,1,18,284507,[]
coway,Other,B072NFGLSV,"CUCKOO High Pressure Rice Cooker 3-Cup Uncooked / 6-Cup Cooked with Induction Heating Technology, Small Rice Maker with 16 Menu Options and Steam Plate, Voice Guide, Gold (CRP-EHSS0309F)",2022-12,284507,284507,284507,284507,265.4916666666667,314.8533333333333,0,265.4916666666667,,,,1,6,284507,[]
coway,Other,B072NFGLSV,"CUCKOO High Pressure Rice Cooker 3-Cup Uncooked / 6-Cup Cooked with Induction Heating Technology, Small Rice Maker with 16 Menu Options and Steam Plate, Voice Guide, Gold (CRP-EHSS0309F)",2023-01,284507,284507,284507,284507,263.668,320.87,0,263.668,,,,1,5,284507,[]
coway,Other,B072NFGLSV,"CUCKOO High Pressure Rice Cooker 3-Cup Uncooked / 6-Cup Cooked with Induction Heating Technology, Small Rice Maker with 16 Menu Options and Steam Plate, Voice Guide, Gold (CRP-EHSS0309F)",2023-02,284507,284507,284507,284507,230.38666666666666,0,0,230.38666666666666,,,,1,3,284507,[]
coway,Other,B072NFGLSV,"CUCKOO High Pressure Rice Cooker 3-Cup Uncooked / 6-Cup Cooked with Induction Heating Technology, Small Rice Maker with 16 Menu Options and Steam Plate, Voice Guide, Gold (CRP-EHSS0309F)",2023-03,284507,284507,284507,284507,272.3257142857143,378.66333333333336,0,272.3257142857143,,,,1,7,284507,[]
coway,Other,B072NFGLSV,"CUCKOO High Pressure Rice Cooker 3-Cup Uncooked / 6-Cup Cooked with Induction Heating Technology, Small Rice Maker with 16 Menu Options and Steam Plate, Voice Guide, Gold (CRP-EHSS0309F)",2023-04,284507,284507,284507,284507,236.89749999999998,389,0,236.89749999999998,,,,1,8,284507,[]
coway,Other,B072NFGLSV,"CUCKOO High Pressure Rice Cooker 3-Cup Uncooked / 6-Cup Cooked with Induction Heating Technology, Small Rice Maker with 16 Menu Options and Steam Plate, Voice Guide, Gold (CRP-EHSS0309F)",2023-05,284507,284507,284507,284507,225.09666666666666,329.5,0,225.09666666666666,,,,1,6,284507,[]
coway,Other,B072NFGLSV,"CUCKOO High Pressure Rice Cooker 3-Cup Uncooked / 6-Cup Cooked with Induction Heating Technology, Small Rice Maker with 16 Menu Options and Steam Plate, Voice Guide, Gold (CRP-EHSS0309F)",2023-06,284507,284507,284507,284507,236.952,304.99,0,236.952,,,,1,5,284507,[]
coway,Other,B072NFGLSV,"CUCKOO High Pressure Rice Cooker 3-Cup Uncooked / 6-Cup Cooked with Induction Heating Technology, Small Rice Maker with 16 Menu Options and Steam Plate, Voice Guide, Gold (CRP-EHSS0309F)",2023-07,284507,284507,284507,284507,211.97000000000003,0,0,211.97000000000003,,,,1,3,284507,[]
coway,Other,B072NFGLSV,"CUCKOO High Pressure Rice Cooker 3-Cup Uncooked / 6-Cup Cooked with Induction Heating Technology, Small Rice Maker with 16 Menu Options and Steam Plate, Voice Guide, Gold (CRP-EHSS0309F)",2023-08,284507,284507,284507,284507,218.8242857142857,0,0,218.8242857142857,,,,1,7,284507,[]
coway,Other,B072NFGLSV,"CUCKOO High Pressure Rice Cooker 3-Cup Uncooked / 6-Cup Cooked with Induction Heating Technology, Small Rice Maker with 16 Menu Options and Steam Plate, Voice Guide, Gold (CRP-EHSS0309F)",2023-09,284507,284507,284507,284507,273.96999999999997,0,0,273.96999999999997,,,,1,3,284507,[]
coway,Other,B072NFGLSV,"CUCKOO High Pressure Rice Cooker 3-Cup Uncooked / 6-Cup Cooked with Induction Heating Technology, Small Rice Maker with 16 Menu Options and Steam Plate, Voice Guide, Gold (CRP-EHSS0309F)",2023-10,284507,284507,284507,284507,268.1025,0,0,268.1025,,,,1,4,284507,[]
coway,Other,B072NFGLSV,"CUCKOO High Pressure Rice Cooker 3-Cup Uncooked / 6-Cup Cooked with Induction Heating Technology, Small Rice Maker with 16 Menu Options and Steam Plate, Voice Guide, Gold (CRP-EHSS0309F)",2023-12,284507,284507,284507,284507,294.99,294.99,0,294.99,,,,1,1,284507,[]
coway,Other,B072NFGLSV,"CUCKOO High Pressure Rice Cooker 3-Cup Uncooked / 6-Cup Cooked with Induction Heating Technology, Small Rice Maker with 16 Menu Options and Steam Plate, Voice Guide, Gold (CRP-EHSS0309F)",2024-01,284507,284507,284507,284507,175.39999999999998,0,0,175.39999999999998,,,,1,4,284507,[]
coway,Other,B072NFGLSV,"CUCKOO High Pressure Rice Cooker 3-Cup Uncooked / 6-Cup Cooked with Induction Heating Technology, Small Rice Maker with 16 Menu Options and Steam Plate, Voice Guide, Gold (CRP-EHSS0309F)",2024-02,284507,284507,284507,284507,162.352,0,0,162.352,,,,1,5,284507,[]
coway,Other,B072NFGLSV,"CUCKOO High Pressure Rice Cooker 3-Cup Uncooked / 6-Cup Cooked with Induction Heating Technology, Small Rice Maker with 16 Menu Options and Steam Plate, Voice Guide, Gold (CRP-EHSS0309F)",2024-03,284507,284507,284507,284507,155.43666666666664,0,0,155.43666666666664,,,,1,3,284507,[]
coway,Other,B072NFGLSV,"CUCKOO High Pressure Rice Cooker 3-Cup Uncooked / 6-Cup Cooked with Induction Heating Technology, Small Rice Maker with 16 Menu Options and Steam Plate, Voice Guide, Gold (CRP-EHSS0309F)",2024-04,284507,284507,284507,284507,159.85999999999999,0,0,159.85999999999999,,,,1,4,284507,[]
coway,Other,B072NFGLSV,"CUCKOO High Pressure Rice Cooker 3-Cup Uncooked / 6-Cup Cooked with Induction Heating Technology, Small Rice Maker with 16 Menu Options and Steam Plate, Voice Guide, Gold (CRP-EHSS0309F)",2024-05,284507,284507,284507,284507,165.685,0,0,165.685,,,,1,4,284507,[]
coway,Other,B072NFGLSV,"CUCKOO High Pressure Rice Cooker 3-Cup Uncooked / 6-Cup Cooked with Induction Heating Technology, Small Rice Maker with 16 Menu Options and Steam Plate, Voice Guide, Gold (CRP-EHSS0309F)",2024-06,284507,284507,284507,284507,174.42999999999998,0,0,174.42999999999998,,,,1,3,284507,[]
coway,Other,B072NFGLSV,"CUCKOO High Pressure Rice Cooker 3-Cup Uncooked / 6-Cup Cooked with Induction Heating Technology, Small Rice Maker with 16 Menu Options and Steam Plate, Voice Guide, Gold (CRP-EHSS0309F)",2024-08,284507,284507,284507,284507,199.4975,0,0,199.4975,,,,1,4,284507,[]
coway,Other,B072NFGLSV,"CUCKOO High Pressure Rice Cooker 3-Cup Uncooked / 6-Cup Cooked with Induction Heating Technology, Small Rice Maker with 16 Menu Options and Steam Plate, Voice Guide, Gold (CRP-EHSS0309F)",2024-09,284507,284507,284507,284507,166.19,0,0,166.19,,,,1,2,284507,[]
coway,Other,B072NFGLSV,"CUCKOO High Pressure Rice Cooker 3-Cup Uncooked / 6-Cup Cooked with Induction Heating Technology, Small Rice Maker with 16 Menu Options and Steam Plate, Voice Guide, Gold (CRP-EHSS0309F)",2024-10,284507,284507,284507,284507,242.19,242.19,242.19,242.19,,,,1,1,284507,[]
coway,Other,B072NFGLSV,"CUCKOO High Pressure Rice Cooker 3-Cup Uncooked / 6-Cup Cooked with Induction Heating Technology, Small Rice Maker with 16 Menu Options and Steam Plate, Voice Guide, Gold (CRP-EHSS0309F)",2024-11,284507,284507,284507,284507,222.71599999999998,302.49,0,222.71599999999998,,,,1,5,284507,[]
coway,Other,B072NFGLSV,"CUCKOO High Pressure Rice Cooker 3-Cup Uncooked / 6-Cup Cooked with Induction Heating Technology, Small Rice Maker with 16 Menu Options and Steam Plate, Voice Guide, Gold (CRP-EHSS0309F)",2024-12,284507,284507,284507,284507,277.1566666666667,277.1566666666667,0,277.1566666666667,,,,1,6,284507,[]
coway,Other,B072NFGLSV,"CUCKOO High Pressure Rice Cooker 3-Cup Uncooked / 6-Cup Cooked with Induction Heating Technology, Small Rice Maker with 16 Menu Options and Steam Plate, Voice Guide, Gold (CRP-EHSS0309F)",2025-01,284507,284507,284507,284507,191.71200000000002,311.605,0,191.71200000000002,,,,1,5,284507,[]
coway,Other,B072NFGLSV,"CUCKOO High Pressure Rice Cooker 3-Cup Uncooked / 6-Cup Cooked with Induction Heating Technology, Small Rice Maker with 16 Menu Options and Steam Plate, Voice Guide, Gold (CRP-EHSS0309F)",2025-02,284507,284507,284507,284507,289.99,289.99,0,289.99,,,,1,2,284507,[]
coway,Other,B072NFGLSV,"CUCKOO High Pressure Rice Cooker 3-Cup Uncooked / 6-Cup Cooked with Induction Heating Technology, Small Rice Maker with 16 Menu Options and Steam Plate, Voice Guide, Gold (CRP-EHSS0309F)",2025-03,284507,284507,284507,284507,246.36249999999998,344.99,0,246.36249999999998,,,,1,8,284507,[]
coway,Other,B072NFGLSV,"CUCKOO High Pressure Rice Cooker 3-Cup Uncooked / 6-Cup Cooked with Induction Heating Technology, Small Rice Maker with 16 Menu Options and Steam Plate, Voice Guide, Gold (CRP-EHSS0309F)",2025-04,284507,284507,284507,284507,162.94333333333333,259.99,0,162.94333333333333,,,,1,6,284507,[]
coway,Other,B072NFGLSV,"CUCKOO High Pressure Rice Cooker 3-Cup Uncooked / 6-Cup Cooked with Induction Heating Technology, Small Rice Maker with 16 Menu Options and Steam Plate, Voice Guide, Gold (CRP-EHSS0309F)",2025-05,284507,284507,284507,284507,369.99,369.99,0,369.99,,,,1,2,284507,[]
coway,Other,B072NFGLSV,"CUCKOO High Pressure Rice Cooker 3-Cup Uncooked / 6-Cup Cooked with Induction Heating Technology, Small Rice Maker with 16 Menu Options and Steam Plate, Voice Guide, Gold (CRP-EHSS0309F)",2025-06,284507,284507,284507,284507,239.87400000000002,314.99,0,239.87400000000002,,,,1,5,284507,[]
coway,Other,B072NFGLSV,"CUCKOO High Pressure Rice Cooker 3-Cup Uncooked / 6-Cup Cooked with Induction Heating Technology, Small Rice Maker with 16 Menu Options and Steam Plate, Voice Guide, Gold (CRP-EHSS0309F)",2025-07,284507,284507,284507,284507,180.56333333333336,0,0,180.56333333333336,,,,1,3,284507,[]
coway,Other,B072NFGLSV,"CUCKOO High Pressure Rice Cooker 3-Cup Uncooked / 6-Cup Cooked with Induction Heating Technology, Small Rice Maker with 16 Menu Options and Steam Plate, Voice Guide, Gold (CRP-EHSS0309F)",2025-08,284507,284507,284507,284507,193.505,259.99,0,193.505,,,,1,4,284507,[]
coway,Other,B072NFGLSV,"CUCKOO High Pressure Rice Cooker 3-Cup Uncooked / 6-Cup Cooked with Induction Heating Technology, Small Rice Maker with 16 Menu Options and Steam Plate, Voice Guide, Gold (CRP-EHSS0309F)",2025-10,284507,284507,284507,284507,246.62000000000003,293.19,273.99,246.62000000000003,,,,1,5,284507,[]
coway,Other,B072NFGLSV,"CUCKOO High Pressure Rice Cooker 3-Cup Uncooked / 6-Cup Cooked with Induction Heating Technology, Small Rice Maker with 16 Menu Options and Steam Plate, Voice Guide, Gold (CRP-EHSS0309F)",2025-11,284507,284507,284507,284507,229.58210526315787,271.10642857142847,262.45,229.58210526315787,,,,1,19,284507,[]
coway,Other,B072NFGLSV,"CUCKOO High Pressure Rice Cooker 3-Cup Uncooked / 6-Cup Cooked with Induction Heating Technology, Small Rice Maker with 16 Menu Options and Steam Plate, Voice Guide, Gold (CRP-EHSS0309F)",2025-12,284507,284507,284507,284507,231.6935294117647,284.6263636363636,270.115,231.6935294117647,,,,1,17,284507,[]
coway,Other,B072NFGLSV,"CUCKOO High Pressure Rice Cooker 3-Cup Uncooked / 6-Cup Cooked with Induction Heating Technology, Small Rice Maker with 16 Menu Options and Steam Plate, Voice Guide, Gold (CRP-EHSS0309F)",2026-01,284507,284507,284507,284507,208.22,0,0,208.22,,,,1,8,284507,[]
coway,Other,B072NFGLSV,"CUCKOO High Pressure Rice Cooker 3-Cup Uncooked / 6-Cup Cooked with Induction Heating Technology, Small Rice Maker with 16 Menu Options and Steam Plate, Voice Guide, Gold (CRP-EHSS0309F)",2026-02,284507,284507,284507,284507,317.63449999999995,366.65499999999986,369.985,317.63449999999995,,,,1,20,284507,[]
coway,Other,B072NFGLSV,"CUCKOO High Pressure Rice Cooker 3-Cup Uncooked / 6-Cup Cooked with Induction Heating Technology, Small Rice Maker with 16 Menu Options and Steam Plate, Voice Guide, Gold (CRP-EHSS0309F)",2026-03,284507,284507,284507,284507,218.22200000000004,313.3233333333333,399.99,218.22200000000004,,,,1,10,284507,[]
coway,Other,B072NFGLSV,"CUCKOO High Pressure Rice Cooker 3-Cup Uncooked / 6-Cup Cooked with Induction Heating Technology, Small Rice Maker with 16 Menu Options and Steam Plate, Voice Guide, Gold (CRP-EHSS0309F)",2026-04,284507,284507,284507,284507,252.68888888888887,336.6566666666667,369.99,252.68888888888887,,,,1,9,284507,[]
coway,Other,B072NFGLSV,"CUCKOO High Pressure Rice Cooker 3-Cup Uncooked / 6-Cup Cooked with Induction Heating Technology, Small Rice Maker with 16 Menu Options and Steam Plate, Voice Guide, Gold (CRP-EHSS0309F)",2026-05,284507,284507,284507,284507,240.99555555555557,359.99,359.99,240.99555555555557,,,,1,9,284507,[]
coway,Other,B072NFGLSV,"CUCKOO High Pressure Rice Cooker 3-Cup Uncooked / 6-Cup Cooked with Induction Heating Technology, Small Rice Maker with 16 Menu Options and Steam Plate, Voice Guide, Gold (CRP-EHSS0309F)",2026-06,284507,284507,284507,284507,226.12,0,0,226.12,,,,1,1,284507,[]
coway,Other,B075R7VL2Z,"CUCKOO Electric Pressure Cooker 5QT, Versatile Slow Cooker with 10 Menu Options, High Pressure Food Steamer for Cooking, Instant Multicooker with Stainless Steel Non-Stick Inner Pot (CMC-QSB501S)",2017-10,284507,284507,284507,284507,300,300,0,300,,,,1,1,284507,[]
coway,Other,B075R7VL2Z,"CUCKOO Electric Pressure Cooker 5QT, Versatile Slow Cooker with 10 Menu Options, High Pressure Food Steamer for Cooking, Instant Multicooker with Stainless Steel Non-Stick Inner Pot (CMC-QSB501S)",2017-12,284507,284507,284507,284507,199.99,199.99,0,199.99,,,,1,1,284507,[]
coway,Other,B075R7VL2Z,"CUCKOO Electric Pressure Cooker 5QT, Versatile Slow Cooker with 10 Menu Options, High Pressure Food Steamer for Cooking, Instant Multicooker with Stainless Steel Non-Stick Inner Pot (CMC-QSB501S)",2018-02,284507,284507,284507,284507,247.2,247.2,0,247.2,,,,1,1,284507,[]
coway,Other,B075R7VL2Z,"CUCKOO Electric Pressure Cooker 5QT, Versatile Slow Cooker with 10 Menu Options, High Pressure Food Steamer for Cooking, Instant Multicooker with Stainless Steel Non-Stick Inner Pot (CMC-QSB501S)",2018-03,284507,284507,284507,284507,199.98,0,0,199.98,,,,1,1,284507,[]
coway,Other,B075R7VL2Z,"CUCKOO Electric Pressure Cooker 5QT, Versatile Slow Cooker with 10 Menu Options, High Pressure Food Steamer for Cooking, Instant Multicooker with Stainless Steel Non-Stick Inner Pot (CMC-QSB501S)",2018-06,284507,284507,284507,284507,241.64000000000001,241.64000000000001,0,241.64000000000001,,,,1,3,284507,[]
coway,Other,B075R7VL2Z,"CUCKOO Electric Pressure Cooker 5QT, Versatile Slow Cooker with 10 Menu Options, High Pressure Food Steamer for Cooking, Instant Multicooker with Stainless Steel Non-Stick Inner Pot (CMC-QSB501S)",2018-07,284507,284507,284507,284507,256.74,256.74,0,256.74,,,,1,6,284507,[]
coway,Other,B075R7VL2Z,"CUCKOO Electric Pressure Cooker 5QT, Versatile Slow Cooker with 10 Menu Options, High Pressure Food Steamer for Cooking, Instant Multicooker with Stainless Steel Non-Stick Inner Pot (CMC-QSB501S)",2018-08,284507,284507,284507,284507,298.37,298.37,0,298.37,,,,1,3,284507,[]
coway,Other,B075R7VL2Z,"CUCKOO Electric Pressure Cooker 5QT, Versatile Slow Cooker with 10 Menu Options, High Pressure Food Steamer for Cooking, Instant Multicooker with Stainless Steel Non-Stick Inner Pot (CMC-QSB501S)",2018-09,284507,284507,284507,284507,281.73,281.73,0,281.73,,,,1,10,284507,[]
coway,Other,B075R7VL2Z,"CUCKOO Electric Pressure Cooker 5QT, Versatile Slow Cooker with 10 Menu Options, High Pressure Food Steamer for Cooking, Instant Multicooker with Stainless Steel Non-Stick Inner Pot (CMC-QSB501S)",2018-10,284507,284507,284507,284507,290.8233333333333,290.8233333333333,0,290.8233333333333,,,,1,3,284507,[]
coway,Other,B075R7VL2Z,"CUCKOO Electric Pressure Cooker 5QT, Versatile Slow Cooker with 10 Menu Options, High Pressure Food Steamer for Cooking, Instant Multicooker with Stainless Steel Non-Stick Inner Pot (CMC-QSB501S)",2018-11,284507,284507,284507,284507,177.02857142857144,188.39000000000001,0,177.02857142857144,,,,1,7,284507,[]
coway,Other,B075R7VL2Z,"CUCKOO Electric Pressure Cooker 5QT, Versatile Slow Cooker with 10 Menu Options, High Pressure Food Steamer for Cooking, Instant Multicooker with Stainless Steel Non-Stick Inner Pot (CMC-QSB501S)",2018-12,284507,284507,284507,284507,238.82875,238.82875,0,238.82875,,,,1,8,284507,[]
coway,Other,B075R7VL2Z,"CUCKOO Electric Pressure Cooker 5QT, Versatile Slow Cooker with 10 Menu Options, High Pressure Food Steamer for Cooking, Instant Multicooker with Stainless Steel Non-Stick Inner Pot (CMC-QSB501S)",2019-01,284507,284507,284507,284507,190.11499999999998,190.11499999999998,0,190.11499999999998,,,,1,14,284507,[]
coway,Other,B075R7VL2Z,"CUCKOO Electric Pressure Cooker 5QT, Versatile Slow Cooker with 10 Menu Options, High Pressure Food Steamer for Cooking, Instant Multicooker with Stainless Steel Non-Stick Inner Pot (CMC-QSB501S)",2019-02,284507,284507,284507,284507,194.08749999999998,194.08749999999998,0,194.08749999999998,,,,1,12,284507,[]
coway,Other,B075R7VL2Z,"CUCKOO Electric Pressure Cooker 5QT, Versatile Slow Cooker with 10 Menu Options, High Pressure Food Steamer for Cooking, Instant Multicooker with Stainless Steel Non-Stick Inner Pot (CMC-QSB501S)",2019-03,284507,284507,284507,284507,225.13833333333332,225.13833333333332,0,225.13833333333332,,,,1,6,284507,[]
coway,Other,B075R7VL2Z,"CUCKOO Electric Pressure Cooker 5QT, Versatile Slow Cooker with 10 Menu Options, High Pressure Food Steamer for Cooking, Instant Multicooker with Stainless Steel Non-Stick Inner Pot (CMC-QSB501S)",2019-04,284507,284507,284507,284507,150.12,150.12,0,150.12,,,,1,1,284507,[]
coway,Other,B075R7VL2Z,"CUCKOO Electric Pressure Cooker 5QT, Versatile Slow Cooker with 10 Menu Options, High Pressure Food Steamer for Cooking, Instant Multicooker with Stainless Steel Non-Stick Inner Pot (CMC-QSB501S)",2019-05,284507,284507,284507,284507,241.82800000000003,241.82800000000003,0,241.82800000000003,,,,1,5,284507,[]
coway,Other,B075R7VL2Z,"CUCKOO Electric Pressure Cooker 5QT, Versatile Slow Cooker with 10 Menu Options, High Pressure Food Steamer for Cooking, Instant Multicooker with Stainless Steel Non-Stick Inner Pot (CMC-QSB501S)",2019-07,284507,284507,284507,284507,214.51666666666665,214.51666666666665,0,214.51666666666665,,,,1,3,284507,[]
coway,Other,B075R7VL2Z,"CUCKOO Electric Pressure Cooker 5QT, Versatile Slow Cooker with 10 Menu Options, High Pressure Food Steamer for Cooking, Instant Multicooker with Stainless Steel Non-Stick Inner Pot (CMC-QSB501S)",2019-09,284507,284507,284507,284507,169.99,169.99,0,169.99,,,,1,1,284507,[]
coway,Other,B075R7VL2Z,"CUCKOO Electric Pressure Cooker 5QT, Versatile Slow Cooker with 10 Menu Options, High Pressure Food Steamer for Cooking, Instant Multicooker with Stainless Steel Non-Stick Inner Pot (CMC-QSB501S)",2019-12,284507,284507,284507,284507,171.69,171.69,0,171.69,,,,1,2,284507,[]
coway,Other,B075R7VL2Z,"CUCKOO Electric Pressure Cooker 5QT, Versatile Slow Cooker with 10 Menu Options, High Pressure Food Steamer for Cooking, Instant Multicooker with Stainless Steel Non-Stick Inner Pot (CMC-QSB501S)",2020-01,284507,284507,284507,284507,173.29,173.29,0,173.29,,,,1,1,284507,[]
coway,Other,B075R7VL2Z,"CUCKOO Electric Pressure Cooker 5QT, Versatile Slow Cooker with 10 Menu Options, High Pressure Food Steamer for Cooking, Instant Multicooker with Stainless Steel Non-Stick Inner Pot (CMC-QSB501S)",2020-02,284507,284507,284507,284507,199.79,199.79,0,199.79,,,,1,1,284507,[]
coway,Other,B075R7VL2Z,"CUCKOO Electric Pressure Cooker 5QT, Versatile Slow Cooker with 10 Menu Options, High Pressure Food Steamer for Cooking, Instant Multicooker with Stainless Steel Non-Stick Inner Pot (CMC-QSB501S)",2020-03,284507,284507,284507,284507,196.19,196.19,0,196.19,,,,1,2,284507,[]
coway,Other,B075R7VL2Z,"CUCKOO Electric Pressure Cooker 5QT, Versatile Slow Cooker with 10 Menu Options, High Pressure Food Steamer for Cooking, Instant Multicooker with Stainless Steel Non-Stick Inner Pot (CMC-QSB501S)",2020-04,284507,284507,284507,284507,181.25666666666666,181.25666666666666,0,181.25666666666666,,,,1,3,284507,[]
coway,Other,B075R7VL2Z,"CUCKOO Electric Pressure Cooker 5QT, Versatile Slow Cooker with 10 Menu Options, High Pressure Food Steamer for Cooking, Instant Multicooker with Stainless Steel Non-Stick Inner Pot (CMC-QSB501S)",2021-01,284507,284507,284507,284507,156.67400000000004,179.99,0,156.67400000000004,,,,1,5,284507,[]
coway,Other,B075R7VL2Z,"CUCKOO Electric Pressure Cooker 5QT, Versatile Slow Cooker with 10 Menu Options, High Pressure Food Steamer for Cooking, Instant Multicooker with Stainless Steel Non-Stick Inner Pot (CMC-QSB501S)",2021-02,284507,284507,284507,284507,152.4488888888889,126.27,0,152.4488888888889,,,,1,9,284507,[]
coway,Other,B075R7VL2Z,"CUCKOO Electric Pressure Cooker 5QT, Versatile Slow Cooker with 10 Menu Options, High Pressure Food Steamer for Cooking, Instant Multicooker with Stainless Steel Non-Stick Inner Pot (CMC-QSB501S)",2021-03,284507,284507,284507,284507,150.252,0,0,150.252,,,,1,5,284507,[]
coway,Other,B075R7VL2Z,"CUCKOO Electric Pressure Cooker 5QT, Versatile Slow Cooker with 10 Menu Options, High Pressure Food Steamer for Cooking, Instant Multicooker with Stainless Steel Non-Stick Inner Pot (CMC-QSB501S)",2021-04,284507,284507,284507,284507,138.8,0,0,138.8,,,,1,3,284507,[]
coway,Other,B075R7VL2Z,"CUCKOO Electric Pressure Cooker 5QT, Versatile Slow Cooker with 10 Menu Options, High Pressure Food Steamer for Cooking, Instant Multicooker with Stainless Steel Non-Stick Inner Pot (CMC-QSB501S)",2021-05,284507,284507,284507,284507,140.33,0,0,140.33,,,,1,2,284507,[]
coway,Other,B075R7VL2Z,"CUCKOO Electric Pressure Cooker 5QT, Versatile Slow Cooker with 10 Menu Options, High Pressure Food Steamer for Cooking, Instant Multicooker with Stainless Steel Non-Stick Inner Pot (CMC-QSB501S)",2021-06,284507,284507,284507,284507,157.34,189.74,0,157.34,,,,1,5,284507,[]
coway,Other,B075R7VL2Z,"CUCKOO Electric Pressure Cooker 5QT, Versatile Slow Cooker with 10 Menu Options, High Pressure Food Steamer for Cooking, Instant Multicooker with Stainless Steel Non-Stick Inner Pot (CMC-QSB501S)",2021-07,284507,284507,284507,284507,122.58000000000001,0,0,122.58000000000001,,,,1,5,284507,[]
coway,Other,B075R7VL2Z,"CUCKOO Electric Pressure Cooker 5QT, Versatile Slow Cooker with 10 Menu Options, High Pressure Food Steamer for Cooking, Instant Multicooker with Stainless Steel Non-Stick Inner Pot (CMC-QSB501S)",2021-08,284507,284507,284507,284507,137.952,195,0,137.952,,,,1,5,284507,[]
coway,Other,B075R7VL2Z,"CUCKOO Electric Pressure Cooker 5QT, Versatile Slow Cooker with 10 Menu Options, High Pressure Food Steamer for Cooking, Instant Multicooker with Stainless Steel Non-Stick Inner Pot (CMC-QSB501S)",2021-09,284507,284507,284507,284507,146.692,219.99,0,146.692,,,,1,5,284507,[]
coway,Other,B075R7VL2Z,"CUCKOO Electric Pressure Cooker 5QT, Versatile Slow Cooker with 10 Menu Options, High Pressure Food Steamer for Cooking, Instant Multicooker with Stainless Steel Non-Stick Inner Pot (CMC-QSB501S)",2021-10,284507,284507,284507,284507,115.83200000000002,0,0,115.83200000000002,,,,1,5,284507,[]
coway,Other,B075R7VL2Z,"CUCKOO Electric Pressure Cooker 5QT, Versatile Slow Cooker with 10 Menu Options, High Pressure Food Steamer for Cooking, Instant Multicooker with Stainless Steel Non-Stick Inner Pot (CMC-QSB501S)",2021-11,284507,284507,284507,284507,133.24777777777777,176.99,0,133.24777777777777,,,,1,9,284507,[]
coway,Other,B075R7VL2Z,"CUCKOO Electric Pressure Cooker 5QT, Versatile Slow Cooker with 10 Menu Options, High Pressure Food Steamer for Cooking, Instant Multicooker with Stainless Steel Non-Stick Inner Pot (CMC-QSB501S)",2021-12,284507,284507,284507,284507,124.96222222222224,173.78500000000003,0,124.96222222222224,,,,1,9,284507,[]
coway,Other,B075R7VL2Z,"CUCKOO Electric Pressure Cooker 5QT, Versatile Slow Cooker with 10 Menu Options, High Pressure Food Steamer for Cooking, Instant Multicooker with Stainless Steel Non-Stick Inner Pot (CMC-QSB501S)",2022-01,284507,284507,284507,284507,135.6922222222222,199.9525,0,135.6922222222222,,,,1,9,284507,[]
coway,Other,B075R7VL2Z,"CUCKOO Electric Pressure Cooker 5QT, Versatile Slow Cooker with 10 Menu Options, High Pressure Food Steamer for Cooking, Instant Multicooker with Stainless Steel Non-Stick Inner Pot (CMC-QSB501S)",2022-02,284507,284507,284507,284507,164.62235294117647,191.68062499999996,0,164.62235294117647,,,,1,17,284507,[]
coway,Other,B075R7VL2Z,"CUCKOO Electric Pressure Cooker 5QT, Versatile Slow Cooker with 10 Menu Options, High Pressure Food Steamer for Cooking, Instant Multicooker with Stainless Steel Non-Stick Inner Pot (CMC-QSB501S)",2022-03,284507,284507,284507,284507,162.1038888888889,189.86533333333333,0,162.1038888888889,,,,1,18,284507,[]
coway,Other,B075R7VL2Z,"CUCKOO Electric Pressure Cooker 5QT, Versatile Slow Cooker with 10 Menu Options, High Pressure Food Steamer for Cooking, Instant Multicooker with Stainless Steel Non-Stick Inner Pot (CMC-QSB501S)",2022-04,284507,284507,284507,284507,100.47000000000001,0,0,100.47000000000001,,,,1,7,284507,[]
coway,Other,B075R7VL2Z,"CUCKOO Electric Pressure Cooker 5QT, Versatile Slow Cooker with 10 Menu Options, High Pressure Food Steamer for Cooking, Instant Multicooker with Stainless Steel Non-Stick Inner Pot (CMC-QSB501S)",2022-05,284507,284507,284507,284507,141.82500000000002,141.82500000000002,0,141.82500000000002,,,,1,6,284507,[]
coway,Other,B075R7VL2Z,"CUCKOO Electric Pressure Cooker 5QT, Versatile Slow Cooker with 10 Menu Options, High Pressure Food Steamer for Cooking, Instant Multicooker with Stainless Steel Non-Stick Inner Pot (CMC-QSB501S)",2022-06,284507,284507,284507,284507,176.15,219.99,0,176.15,,,,1,3,284507,[]
coway,Other,B075R7VL2Z,"CUCKOO Electric Pressure Cooker 5QT, Versatile Slow Cooker with 10 Menu Options, High Pressure Food Steamer for Cooking, Instant Multicooker with Stainless Steel Non-Stick Inner Pot (CMC-QSB501S)",2022-07,284507,284507,284507,284507,118.16666666666667,154.7425,0,118.16666666666667,,,,1,6,284507,[]
coway,Other,B075R7VL2Z,"CUCKOO Electric Pressure Cooker 5QT, Versatile Slow Cooker with 10 Menu Options, High Pressure Food Steamer for Cooking, Instant Multicooker with Stainless Steel Non-Stick Inner Pot (CMC-QSB501S)",2022-08,284507,284507,284507,284507,127.356,193.245,0,127.356,,,,1,5,284507,[]
coway,Other,B075R7VL2Z,"CUCKOO Electric Pressure Cooker 5QT, Versatile Slow Cooker with 10 Menu Options, High Pressure Food Steamer for Cooking, Instant Multicooker with Stainless Steel Non-Stick Inner Pot (CMC-QSB501S)",2022-09,284507,284507,284507,284507,89.1,0,0,89.1,,,,1,5,284507,[]
coway,Other,B075R7VL2Z,"CUCKOO Electric Pressure Cooker 5QT, Versatile Slow Cooker with 10 Menu Options, High Pressure Food Steamer for Cooking, Instant Multicooker with Stainless Steel Non-Stick Inner Pot (CMC-QSB501S)",2022-10,284507,284507,284507,284507,96.03000000000002,0,0,96.03000000000002,,,,1,3,284507,[]
coway,Other,B075R7VL2Z,"CUCKOO Electric Pressure Cooker 5QT, Versatile Slow Cooker with 10 Menu Options, High Pressure Food Steamer for Cooking, Instant Multicooker with Stainless Steel Non-Stick Inner Pot (CMC-QSB501S)",2022-12,284507,284507,284507,284507,156.125,199,0,156.125,,,,1,2,284507,[]
coway,Other,B075R7VL2Z,"CUCKOO Electric Pressure Cooker 5QT, Versatile Slow Cooker with 10 Menu Options, High Pressure Food Steamer for Cooking, Instant Multicooker with Stainless Steel Non-Stick Inner Pot (CMC-QSB501S)",2023-01,284507,284507,284507,284507,120.00833333333333,179,0,120.00833333333333,,,,1,6,284507,[]
coway,Other,B075R7VL2Z,"CUCKOO Electric Pressure Cooker 5QT, Versatile Slow Cooker with 10 Menu Options, High Pressure Food Steamer for Cooking, Instant Multicooker with Stainless Steel Non-Stick Inner Pot (CMC-QSB501S)",2023-02,284507,284507,284507,284507,128.2214285714286,148.475,0,128.2214285714286,,,,1,7,284507,[]
coway,Other,B075R7VL2Z,"CUCKOO Electric Pressure Cooker 5QT, Versatile Slow Cooker with 10 Menu Options, High Pressure Food Steamer for Cooking, Instant Multicooker with Stainless Steel Non-Stick Inner Pot (CMC-QSB501S)",2023-03,284507,284507,284507,284507,160.11700000000002,160.11700000000002,0,160.11700000000002,,,,1,10,284507,[]
coway,Other,B075R7VL2Z,"CUCKOO Electric Pressure Cooker 5QT, Versatile Slow Cooker with 10 Menu Options, High Pressure Food Steamer for Cooking, Instant Multicooker with Stainless Steel Non-Stick Inner Pot (CMC-QSB501S)",2023-04,284507,284507,284507,284507,158.507,164.699,0,158.507,,,,1,10,284507,[]
coway,Other,B075R7VL2Z,"CUCKOO Electric Pressure Cooker 5QT, Versatile Slow Cooker with 10 Menu Options, High Pressure Food Steamer for Cooking, Instant Multicooker with Stainless Steel Non-Stick Inner Pot (CMC-QSB501S)",2023-05,284507,284507,284507,284507,129.0325,167.5025,0,129.0325,,,,1,8,284507,[]
coway,Other,B075R7VL2Z,"CUCKOO Electric Pressure Cooker 5QT, Versatile Slow Cooker with 10 Menu Options, High Pressure Food Steamer for Cooking, Instant Multicooker with Stainless Steel Non-Stick Inner Pot (CMC-QSB501S)",2023-06,284507,284507,284507,284507,147.28666666666666,156.64000000000001,0,147.28666666666666,,,,1,6,284507,[]
coway,Other,B075R7VL2Z,"CUCKOO Electric Pressure Cooker 5QT, Versatile Slow Cooker with 10 Menu Options, High Pressure Food Steamer for Cooking, Instant Multicooker with Stainless Steel Non-Stick Inner Pot (CMC-QSB501S)",2023-07,284507,284507,284507,284507,125.82857142857142,178.99666666666667,0,125.82857142857142,,,,1,7,284507,[]
coway,Other,B075R7VL2Z,"CUCKOO Electric Pressure Cooker 5QT, Versatile Slow Cooker with 10 Menu Options, High Pressure Food Steamer for Cooking, Instant Multicooker with Stainless Steel Non-Stick Inner Pot (CMC-QSB501S)",2023-08,284507,284507,284507,284507,129.13375000000002,139.99,0,129.13375000000002,,,,1,8,284507,[]
coway,Other,B075R7VL2Z,"CUCKOO Electric Pressure Cooker 5QT, Versatile Slow Cooker with 10 Menu Options, High Pressure Food Steamer for Cooking, Instant Multicooker with Stainless Steel Non-Stick Inner Pot (CMC-QSB501S)",2023-09,284507,284507,284507,284507,137.354,168.5,0,137.354,,,,1,5,284507,[]
coway,Other,B075R7VL2Z,"CUCKOO Electric Pressure Cooker 5QT, Versatile Slow Cooker with 10 Menu Options, High Pressure Food Steamer for Cooking, Instant Multicooker with Stainless Steel Non-Stick Inner Pot (CMC-QSB501S)",2023-10,284507,284507,284507,284507,117.76499999999999,175.5,0,117.76499999999999,,,,1,6,284507,[]
coway,Other,B075R7VL2Z,"CUCKOO Electric Pressure Cooker 5QT, Versatile Slow Cooker with 10 Menu Options, High Pressure Food Steamer for Cooking, Instant Multicooker with Stainless Steel Non-Stick Inner Pot (CMC-QSB501S)",2023-11,284507,284507,284507,284507,123.93714285714283,197.9766666666667,0,123.93714285714283,,,,1,7,284507,[]
coway,Other,B075R7VL2Z,"CUCKOO Electric Pressure Cooker 5QT, Versatile Slow Cooker with 10 Menu Options, High Pressure Food Steamer for Cooking, Instant Multicooker with Stainless Steel Non-Stick Inner Pot (CMC-QSB501S)",2023-12,284507,284507,284507,284507,104.99142857142856,0,0,104.99142857142856,,,,1,7,284507,[]
coway,Other,B075R7VL2Z,"CUCKOO Electric Pressure Cooker 5QT, Versatile Slow Cooker with 10 Menu Options, High Pressure Food Steamer for Cooking, Instant Multicooker with Stainless Steel Non-Stick Inner Pot (CMC-QSB501S)",2024-01,284507,284507,284507,284507,98,0,0,98,,,,1,5,284507,[]
coway,Other,B075R7VL2Z,"CUCKOO Electric Pressure Cooker 5QT, Versatile Slow Cooker with 10 Menu Options, High Pressure Food Steamer for Cooking, Instant Multicooker with Stainless Steel Non-Stick Inner Pot (CMC-QSB501S)",2024-02,284507,284507,284507,284507,80.855,0,0,80.855,,,,1,4,284507,[]
coway,Other,B075R7VL2Z,"CUCKOO Electric Pressure Cooker 5QT, Versatile Slow Cooker with 10 Menu Options, High Pressure Food Steamer for Cooking, Instant Multicooker with Stainless Steel Non-Stick Inner Pot (CMC-QSB501S)",2024-03,284507,284507,284507,284507,82.92999999999999,0,0,82.92999999999999,,,,1,5,284507,[]
coway,Other,B075R7VL2Z,"CUCKOO Electric Pressure Cooker 5QT, Versatile Slow Cooker with 10 Menu Options, High Pressure Food Steamer for Cooking, Instant Multicooker with Stainless Steel Non-Stick Inner Pot (CMC-QSB501S)",2024-04,284507,284507,284507,284507,86.21,140,0,86.21,,,,1,3,284507,[]
coway,Other,B075R7VL2Z,"CUCKOO Electric Pressure Cooker 5QT, Versatile Slow Cooker with 10 Menu Options, High Pressure Food Steamer for Cooking, Instant Multicooker with Stainless Steel Non-Stick Inner Pot (CMC-QSB501S)",2024-05,284507,284507,284507,284507,93.885,136.44,0,93.885,,,,1,4,284507,[]
coway,Other,B075R7VL2Z,"CUCKOO Electric Pressure Cooker 5QT, Versatile Slow Cooker with 10 Menu Options, High Pressure Food Steamer for Cooking, Instant Multicooker with Stainless Steel Non-Stick Inner Pot (CMC-QSB501S)",2024-06,284507,284507,284507,284507,72.1925,0,0,72.1925,,,,1,4,284507,[]
coway,Other,B075R7VL2Z,"CUCKOO Electric Pressure Cooker 5QT, Versatile Slow Cooker with 10 Menu Options, High Pressure Food Steamer for Cooking, Instant Multicooker with Stainless Steel Non-Stick Inner Pot (CMC-QSB501S)",2024-07,284507,284507,284507,284507,63.215,0,0,63.215,,,,1,2,284507,[]
coway,Other,B075R7VL2Z,"CUCKOO Electric Pressure Cooker 5QT, Versatile Slow Cooker with 10 Menu Options, High Pressure Food Steamer for Cooking, Instant Multicooker with Stainless Steel Non-Stick Inner Pot (CMC-QSB501S)",2024-08,284507,284507,284507,284507,84.85,0,0,84.85,,,,1,1,284507,[]
coway,Other,B075R7VL2Z,"CUCKOO Electric Pressure Cooker 5QT, Versatile Slow Cooker with 10 Menu Options, High Pressure Food Steamer for Cooking, Instant Multicooker with Stainless Steel Non-Stick Inner Pot (CMC-QSB501S)",2024-09,284507,284507,284507,284507,78.65,0,0,78.65,,,,1,1,284507,[]
coway,Other,B075R7VL2Z,"CUCKOO Electric Pressure Cooker 5QT, Versatile Slow Cooker with 10 Menu Options, High Pressure Food Steamer for Cooking, Instant Multicooker with Stainless Steel Non-Stick Inner Pot (CMC-QSB501S)",2024-11,284507,284507,284507,284507,77.60000000000001,0,0,77.60000000000001,,,,1,3,284507,[]
coway,Other,B075R7VL2Z,"CUCKOO Electric Pressure Cooker 5QT, Versatile Slow Cooker with 10 Menu Options, High Pressure Food Steamer for Cooking, Instant Multicooker with Stainless Steel Non-Stick Inner Pot (CMC-QSB501S)",2024-12,284507,284507,284507,284507,76.60249999999999,0,0,76.60249999999999,,,,1,4,284507,[]
coway,Other,B075R7VL2Z,"CUCKOO Electric Pressure Cooker 5QT, Versatile Slow Cooker with 10 Menu Options, High Pressure Food Steamer for Cooking, Instant Multicooker with Stainless Steel Non-Stick Inner Pot (CMC-QSB501S)",2025-01,284507,284507,284507,284507,153.166,171.524,0,153.166,,,,1,5,284507,[]
coway,Other,B075R7VL2Z,"CUCKOO Electric Pressure Cooker 5QT, Versatile Slow Cooker with 10 Menu Options, High Pressure Food Steamer for Cooking, Instant Multicooker with Stainless Steel Non-Stick Inner Pot (CMC-QSB501S)",2025-02,284507,284507,284507,284507,156.1175,180.82333333333335,0,156.1175,,,,1,4,284507,[]
coway,Other,B075R7VL2Z,"CUCKOO Electric Pressure Cooker 5QT, Versatile Slow Cooker with 10 Menu Options, High Pressure Food Steamer for Cooking, Instant Multicooker with Stainless Steel Non-Stick Inner Pot (CMC-QSB501S)",2025-03,284507,284507,284507,284507,185.8075,223.555,0,185.8075,,,,1,4,284507,[]
coway,Other,B075R7VL2Z,"CUCKOO Electric Pressure Cooker 5QT, Versatile Slow Cooker with 10 Menu Options, High Pressure Food Steamer for Cooking, Instant Multicooker with Stainless Steel Non-Stick Inner Pot (CMC-QSB501S)",2025-04,284507,284507,284507,284507,196.9,211.84333333333333,0,196.9,,,,1,10,284507,[]
coway,Other,B075R7VL2Z,"CUCKOO Electric Pressure Cooker 5QT, Versatile Slow Cooker with 10 Menu Options, High Pressure Food Steamer for Cooking, Instant Multicooker with Stainless Steel Non-Stick Inner Pot (CMC-QSB501S)",2025-05,284507,284507,284507,284507,176.33454545454546,176.33454545454546,0,176.33454545454546,,,,1,11,284507,[]
coway,Other,B075R7VL2Z,"CUCKOO Electric Pressure Cooker 5QT, Versatile Slow Cooker with 10 Menu Options, High Pressure Food Steamer for Cooking, Instant Multicooker with Stainless Steel Non-Stick Inner Pot (CMC-QSB501S)",2025-06,284507,284507,284507,284507,137.0511111111111,179.99428571428572,149.99,137.0511111111111,,,,1,9,284507,[]
coway,Other,B075R7VL2Z,"CUCKOO Electric Pressure Cooker 5QT, Versatile Slow Cooker with 10 Menu Options, High Pressure Food Steamer for Cooking, Instant Multicooker with Stainless Steel Non-Stick Inner Pot (CMC-QSB501S)",2025-07,284507,284507,284507,284507,150.01125,178.08818181818182,0,150.01125,,,,1,16,284507,[]
coway,Other,B075R7VL2Z,"CUCKOO Electric Pressure Cooker 5QT, Versatile Slow Cooker with 10 Menu Options, High Pressure Food Steamer for Cooking, Instant Multicooker with Stainless Steel Non-Stick Inner Pot (CMC-QSB501S)",2025-08,284507,284507,284507,284507,135.01214285714283,184.493,0,135.01214285714283,,,,1,14,284507,[]
coway,Other,B075R7VL2Z,"CUCKOO Electric Pressure Cooker 5QT, Versatile Slow Cooker with 10 Menu Options, High Pressure Food Steamer for Cooking, Instant Multicooker with Stainless Steel Non-Stick Inner Pot (CMC-QSB501S)",2025-09,284507,284507,284507,284507,165.52285714285713,178.29099999999994,0,165.52285714285713,,,,1,21,284507,[]
coway,Other,B075R7VL2Z,"CUCKOO Electric Pressure Cooker 5QT, Versatile Slow Cooker with 10 Menu Options, High Pressure Food Steamer for Cooking, Instant Multicooker with Stainless Steel Non-Stick Inner Pot (CMC-QSB501S)",2025-10,284507,284507,284507,284507,138.19117647058823,162.4207142857143,136.65666666666667,138.19117647058823,,,,1,17,284507,[]
coway,Other,B075R7VL2Z,"CUCKOO Electric Pressure Cooker 5QT, Versatile Slow Cooker with 10 Menu Options, High Pressure Food Steamer for Cooking, Instant Multicooker with Stainless Steel Non-Stick Inner Pot (CMC-QSB501S)",2025-11,284507,284507,284507,284507,130.16615384615386,171.754,158.99,130.16615384615386,,,,1,13,284507,[]
coway,Other,B075R7VL2Z,"CUCKOO Electric Pressure Cooker 5QT, Versatile Slow Cooker with 10 Menu Options, High Pressure Food Steamer for Cooking, Instant Multicooker with Stainless Steel Non-Stick Inner Pot (CMC-QSB501S)",2025-12,284507,284507,284507,284507,94.564,0,0,94.564,,,,1,5,284507,[]
coway,Other,B075R7VL2Z,"CUCKOO Electric Pressure Cooker 5QT, Versatile Slow Cooker with 10 Menu Options, High Pressure Food Steamer for Cooking, Instant Multicooker with Stainless Steel Non-Stick Inner Pot (CMC-QSB501S)",2026-01,284507,284507,284507,284507,111.244,151.96200000000002,151.96200000000002,111.244,,,,1,15,284507,[]
coway,Other,B075R7VL2Z,"CUCKOO Electric Pressure Cooker 5QT, Versatile Slow Cooker with 10 Menu Options, High Pressure Food Steamer for Cooking, Instant Multicooker with Stainless Steel Non-Stick Inner Pot (CMC-QSB501S)",2026-02,284507,284507,284507,284507,114.30923076923078,173.458,173.458,114.30923076923078,,,,1,13,284507,[]
coway,Other,B075R7VL2Z,"CUCKOO Electric Pressure Cooker 5QT, Versatile Slow Cooker with 10 Menu Options, High Pressure Food Steamer for Cooking, Instant Multicooker with Stainless Steel Non-Stick Inner Pot (CMC-QSB501S)",2026-03,284507,284507,284507,284507,138.0809090909091,171.71999999999997,171.71999999999997,138.0809090909091,,,,1,11,284507,[]
coway,Other,B075R7VL2Z,"CUCKOO Electric Pressure Cooker 5QT, Versatile Slow Cooker with 10 Menu Options, High Pressure Food Steamer for Cooking, Instant Multicooker with Stainless Steel Non-Stick Inner Pot (CMC-QSB501S)",2026-04,284507,284507,284507,284507,146.2225,183.96800000000002,183.96800000000002,146.2225,,,,1,12,284507,[]
coway,Other,B075R7VL2Z,"CUCKOO Electric Pressure Cooker 5QT, Versatile Slow Cooker with 10 Menu Options, High Pressure Food Steamer for Cooking, Instant Multicooker with Stainless Steel Non-Stick Inner Pot (CMC-QSB501S)",2026-05,284507,284507,284507,284507,129.09555555555556,184.95499999999998,184.95499999999998,129.09555555555556,,,,1,9,284507,[]
