company,productFamily,asin,productName,month,kind,actualSales,actualRevenue,observedPrice,observedBsr,predictedSales,predictedRevenue,demandIndex,priceUsedForRevenue,confidence,modelKey,modelType,notes
coway,Other,B0078OMNN8,"Cuckoo CRP-HS0657F 6 Cup Pressure Rice Cooker, 110V, Black",2017-02,keepa_backcast_estimate,,,239.39,284507,16.84537457352681,4032.614219156583,91.34541679986575,239.39,low,global:all:all:simple_power_law,simple_power_law,[]
coway,Other,B0078OMNN8,"Cuckoo CRP-HS0657F 6 Cup Pressure Rice Cooker, 110V, Black",2017-03,keepa_backcast_estimate,,,308.17199999999997,284507,17.61320310484239,5427.896027225489,95.50902960157063,308.17199999999997,low,global:all:all:simple_power_law,simple_power_law,[]
coway,Other,B0078OMNN8,"Cuckoo CRP-HS0657F 6 Cup Pressure Rice Cooker, 110V, Black",2017-04,keepa_backcast_estimate,,,294.515,284507,17.472955404688683,5146.047461011887,94.74852501499433,294.515,low,global:all:all:simple_power_law,simple_power_law,[]
coway,Other,B0078OMNN8,"Cuckoo CRP-HS0657F 6 Cup Pressure Rice Cooker, 110V, Black",2017-05,keepa_backcast_estimate,,,307.34,284507,17.604808142082753,5410.661734387712,95.46350723167906,307.34,low,global:all:all:simple_power_law,simple_power_law,[]
coway,Other,B0078OMNN8,"Cuckoo CRP-HS0657F 6 Cup Pressure Rice Cooker, 110V, Black",2017-06,keepa_backcast_estimate,,,770.4860000000001,284507,20.692280963346185,15943.11279032475,112.205580284764,770.4860000000001,low,global:all:all:simple_power_law,simple_power_law,[]
coway,Other,B0078OMNN8,"Cuckoo CRP-HS0657F 6 Cup Pressure Rice Cooker, 110V, Black",2017-07,keepa_backcast_estimate,,,1087.05,284507,21.97753117493292,23890.67526371083,119.17495432611109,1087.05,low,global:all:all:simple_power_law,simple_power_law,[]
coway,Other,B0078OMNN8,"Cuckoo CRP-HS0657F 6 Cup Pressure Rice Cooker, 110V, Black",2017-08,keepa_backcast_estimate,,,803.3833333333333,284507,20.844456602682556,16746.08902698512,113.03076509388139,803.3833333333333,low,global:all:all:simple_power_law,simple_power_law,[]
coway,Other,B0078OMNN8,"Cuckoo CRP-HS0657F 6 Cup Pressure Rice Cooker, 110V, Black",2017-09,keepa_backcast_estimate,,,816.82,284507,20.905124261477752,17075.72359926026,113.35974041910974,816.82,low,global:all:all:simple_power_law,simple_power_law,[]
coway,Other,B0078OMNN8,"Cuckoo CRP-HS0657F 6 Cup Pressure Rice Cooker, 110V, Black",2017-10,keepa_backcast_estimate,,,1168.1122222222223,284507,22.25561658661529,25997.057747916933,120.68289513949071,1168.1122222222223,low,global:all:all:simple_power_law,simple_power_law,[]
coway,Other,B0078OMNN8,"Cuckoo CRP-HS0657F 6 Cup Pressure Rice Cooker, 110V, Black",2017-11,keepa_backcast_estimate,,,1172.4871428571428,284507,22.270162926725718,26111.479700919703,120.76177385450531,1172.4871428571428,low,global:all:all:simple_power_law,simple_power_law,[]
coway,Other,B0078OMNN8,"Cuckoo CRP-HS0657F 6 Cup Pressure Rice Cooker, 110V, Black",2017-12,keepa_backcast_estimate,,,1153.69,284507,22.207340426712044,25620.38657689342,120.42111372711479,1153.69,low,global:all:all:simple_power_law,simple_power_law,[]
coway,Other,B0078OMNN8,"Cuckoo CRP-HS0657F 6 Cup Pressure Rice Cooker, 110V, Black",2018-01,keepa_backcast_estimate,,,1166.9816666666666,284507,22.251850191333755,25967.501222699648,120.66247155405345,1166.9816666666666,low,global:all:all:simple_power_law,simple_power_law,[]
coway,Other,B0078OMNN8,"Cuckoo CRP-HS0657F 6 Cup Pressure Rice Cooker, 110V, Black",2018-03,keepa_backcast_estimate,,,399.985,284507,18.441360379260217,7376.267531298398,99.99977993053166,399.985,low,global:all:all:simple_power_law,simple_power_law,[]
coway,Other,B0078OMNN8,"Cuckoo CRP-HS0657F 6 Cup Pressure Rice Cooker, 110V, Black",2018-07,keepa_backcast_estimate,,,399.98,284507,18.441319794945827,7376.159091582432,99.99955985877858,399.98,low,global:all:all:simple_power_law,simple_power_law,[]
coway,Other,B0078OMNN8,"Cuckoo CRP-HS0657F 6 Cup Pressure Rice Cooker, 110V, Black",2018-08,keepa_backcast_estimate,,,399.98,284507,18.441319794945827,7376.159091582432,99.99955985877858,399.98,low,global:all:all:simple_power_law,simple_power_law,[]
coway,Other,B0078OMNN8,"Cuckoo CRP-HS0657F 6 Cup Pressure Rice Cooker, 110V, Black",2018-10,keepa_backcast_estimate,,,255.5,284507,17.040220278774477,4353.776281226879,92.40198351969889,255.5,low,global:all:all:simple_power_law,simple_power_law,[]
coway,Other,B0078OMNN8,"Cuckoo CRP-HS0657F 6 Cup Pressure Rice Cooker, 110V, Black",2018-11,keepa_backcast_estimate,,,206.63,284507,16.413009718345346,3391.420198101699,89.00088312780173,206.63,low,global:all:all:simple_power_law,simple_power_law,[]
coway,Other,B0078OMNN8,"Cuckoo CRP-HS0657F 6 Cup Pressure Rice Cooker, 110V, Black",2018-12,keepa_backcast_estimate,,,255.5,284507,17.040220278774477,4353.776281226879,92.40198351969889,255.5,low,global:all:all:simple_power_law,simple_power_law,[]
coway,Other,B0078OMNN8,"Cuckoo CRP-HS0657F 6 Cup Pressure Rice Cooker, 110V, Black",2019-05,keepa_backcast_estimate,,,369.99,284507,18.189948929598557,6730.099204462171,98.6364808505757,369.99,low,global:all:all:simple_power_law,simple_power_law,[]
coway,Other,B0078OMNN8,"Cuckoo CRP-HS0657F 6 Cup Pressure Rice Cooker, 110V, Black",2019-06,keepa_backcast_estimate,,,399.985,284507,18.441360379260217,7376.267531298398,99.99977993053166,399.985,low,global:all:all:simple_power_law,simple_power_law,[]
coway,Other,B0078OMNN8,"Cuckoo CRP-HS0657F 6 Cup Pressure Rice Cooker, 110V, Black",2019-08,keepa_backcast_estimate,,,399.99,284507,18.44140096315327,7376.375971251677,100,399.99,low,global:all:all:simple_power_law,simple_power_law,[]
coway,Other,B0078OMNN8,"Cuckoo CRP-HS0657F 6 Cup Pressure Rice Cooker, 110V, Black",2019-09,keepa_backcast_estimate,,,399.98,284507,18.441319794945827,7376.159091582432,99.99955985877858,399.98,low,global:all:all:simple_power_law,simple_power_law,[]
coway,Other,B0078OMNN8,"Cuckoo CRP-HS0657F 6 Cup Pressure Rice Cooker, 110V, Black",2020-08,keepa_backcast_estimate,,,399.985,284507,18.441360379260217,7376.267531298398,99.99977993053166,399.985,low,global:all:all:simple_power_law,simple_power_law,[]
coway,Other,B0078OMNN8,"Cuckoo CRP-HS0657F 6 Cup Pressure Rice Cooker, 110V, Black",2020-12,keepa_backcast_estimate,,,409.99,284507,18.52173829102688,7593.727481938112,100.43563570920739,409.99,low,global:all:all:simple_power_law,simple_power_law,[]
coway,Other,B0078OMNN8,"Cuckoo CRP-HS0657F 6 Cup Pressure Rice Cooker, 110V, Black",2021-03,keepa_backcast_estimate,,,409.99,284507,18.52173829102688,7593.727481938112,100.43563570920739,409.99,low,global:all:all:simple_power_law,simple_power_law,[]
coway,Other,B0078OMNN8,"Cuckoo CRP-HS0657F 6 Cup Pressure Rice Cooker, 110V, Black",2021-08,keepa_backcast_estimate,,,419.99,284507,18.600464288383517,7812.008996478194,100.86253384733655,419.99,low,global:all:all:simple_power_law,simple_power_law,[]
coway,Other,B0078OMNN8,"Cuckoo CRP-HS0657F 6 Cup Pressure Rice Cooker, 110V, Black",2022-01,keepa_backcast_estimate,,,449.99,284507,18.82764673251289,8472.252753163475,102.09444916973149,449.99,low,global:all:all:simple_power_law,simple_power_law,[]
coway,Other,B0078OMNN8,"Cuckoo CRP-HS0657F 6 Cup Pressure Rice Cooker, 110V, Black",2024-03,keepa_backcast_estimate,,,439.99,284507,18.753355632557685,8251.288944769056,101.69159962427862,439.99,low,global:all:all:simple_power_law,simple_power_law,[]
coway,Other,B0078OMNN8,"Cuckoo CRP-HS0657F 6 Cup Pressure Rice Cooker, 110V, Black",2024-05,keepa_backcast_estimate,,,419.99,284507,18.600464288383517,7812.008996478194,100.86253384733655,419.99,low,global:all:all:simple_power_law,simple_power_law,[]
coway,Other,B0078OMNN8,"Cuckoo CRP-HS0657F 6 Cup Pressure Rice Cooker, 110V, Black",2024-06,keepa_backcast_estimate,,,320,284507,17.730559644980506,5673.779086393762,96.1454050069566,320,low,global:all:all:simple_power_law,simple_power_law,[]
coway,Other,B0078OMNN8,"Cuckoo CRP-HS0657F 6 Cup Pressure Rice Cooker, 110V, Black",2024-07,keepa_backcast_estimate,,,320.99,284507,17.740218184227405,5694.432634955155,96.19777922335261,320.99,low,global:all:all:simple_power_law,simple_power_law,[]
coway,Other,B0078OMNN8,"Cuckoo CRP-HS0657F 6 Cup Pressure Rice Cooker, 110V, Black",2024-08,keepa_backcast_estimate,,,419.99,284507,18.600464288383517,7812.008996478194,100.86253384733655,419.99,low,global:all:all:simple_power_law,simple_power_law,[]
coway,Other,B0078OMNN8,"Cuckoo CRP-HS0657F 6 Cup Pressure Rice Cooker, 110V, Black",2025-06,keepa_backcast_estimate,,,399.99,284507,18.44140096315327,7376.375971251677,100,399.99,low,global:all:all:simple_power_law,simple_power_law,[]
coway,Other,B00CCVNX0O,"CUCKOO Micom Rice Cooker 3 Cup Uncooked / 6 Cup Cooked, Korean Fuzzy Logic Rice Cooker Small with Delay Timer & Keep Warm Setting, Versatile Food Steamer with Non-Stick Inner Pot, Red (CR-0351F)",2016-11,keepa_backcast_estimate,,,78.945,284507,13.841631164961369,1092.7275723178752,100.2783614886044,78.945,low,global:all:all:simple_power_law,simple_power_law,[]
coway,Other,B00CCVNX0O,"CUCKOO Micom Rice Cooker 3 Cup Uncooked / 6 Cup Cooked, Korean Fuzzy Logic Rice Cooker Small with Delay Timer & Keep Warm Setting, Versatile Food Steamer with Non-Stick Inner Pot, Red (CR-0351F)",2016-12,keepa_backcast_estimate,,,73.045,284507,13.652358831204431,997.2365508253276,98.90714163177744,73.045,low,global:all:all:simple_power_law,simple_power_law,[]
coway,Other,B00CCVNX0O,"CUCKOO Micom Rice Cooker 3 Cup Uncooked / 6 Cup Cooked, Korean Fuzzy Logic Rice Cooker Small with Delay Timer & Keep Warm Setting, Versatile Food Steamer with Non-Stick Inner Pot, Red (CR-0351F)",2017-02,keepa_backcast_estimate,,,82.6725,284507,13.955294352401527,1153.7190723489152,101.10181633017856,82.6725,low,global:all:all:simple_power_law,simple_power_law,[]
coway,Other,B00CCVNX0O,"CUCKOO Micom Rice Cooker 3 Cup Uncooked / 6 Cup Cooked, Korean Fuzzy Logic Rice Cooker Small with Delay Timer & Keep Warm Setting, Versatile Food Steamer with Non-Stick Inner Pot, Red (CR-0351F)",2017-03,keepa_backcast_estimate,,,77.17666666666666,284507,13.786158754649502,1063.969778821333,99.87648093366093,77.17666666666666,low,global:all:all:simple_power_law,simple_power_law,[]
coway,Other,B00CCVNX0O,"CUCKOO Micom Rice Cooker 3 Cup Uncooked / 6 Cup Cooked, Korean Fuzzy Logic Rice Cooker Small with Delay Timer & Keep Warm Setting, Versatile Food Steamer with Non-Stick Inner Pot, Red (CR-0351F)",2017-04,keepa_backcast_estimate,,,84.445,284507,14.007870439954834,1182.8946193019858,101.48271391735551,84.445,low,global:all:all:simple_power_law,simple_power_law,[]
coway,Other,B00CCVNX0O,"CUCKOO Micom Rice Cooker 3 Cup Uncooked / 6 Cup Cooked, Korean Fuzzy Logic Rice Cooker Small with Delay Timer & Keep Warm Setting, Versatile Food Steamer with Non-Stick Inner Pot, Red (CR-0351F)",2017-05,keepa_backcast_estimate,,,81.155,284507,13.909540099053256,1128.828726738667,100.7703408341031,81.155,low,global:all:all:simple_power_law,simple_power_law,[]
coway,Other,B00CCVNX0O,"CUCKOO Micom Rice Cooker 3 Cup Uncooked / 6 Cup Cooked, Korean Fuzzy Logic Rice Cooker Small with Delay Timer & Keep Warm Setting, Versatile Food Steamer with Non-Stick Inner Pot, Red (CR-0351F)",2017-06,keepa_backcast_estimate,,,80.79,284507,13.89843006935812,1122.8541653034426,100.68985208529593,80.79,low,global:all:all:simple_power_law,simple_power_law,[]
coway,Other,B00CCVNX0O,"CUCKOO Micom Rice Cooker 3 Cup Uncooked / 6 Cup Cooked, Korean Fuzzy Logic Rice Cooker Small with Delay Timer & Keep Warm Setting, Versatile Food Steamer with Non-Stick Inner Pot, Red (CR-0351F)",2017-07,keepa_backcast_estimate,,,151.74,284507,15.540610382790188,2358.1322194845834,112.58694348566993,151.74,low,global:all:all:simple_power_law,simple_power_law,[]
coway,Other,B00CCVNX0O,"CUCKOO Micom Rice Cooker 3 Cup Uncooked / 6 Cup Cooked, Korean Fuzzy Logic Rice Cooker Small with Delay Timer & Keep Warm Setting, Versatile Food Steamer with Non-Stick Inner Pot, Red (CR-0351F)",2017-08,keepa_backcast_estimate,,,119.99,284507,14.907753415413055,1788.7813323154123,108.00208936053812,119.99,low,global:all:all:simple_power_law,simple_power_law,[]
coway,Other,B00CCVNX0O,"CUCKOO Micom Rice Cooker 3 Cup Uncooked / 6 Cup Cooked, Korean Fuzzy Logic Rice Cooker Small with Delay Timer & Keep Warm Setting, Versatile Food Steamer with Non-Stick Inner Pot, Red (CR-0351F)",2017-09,keepa_backcast_estimate,,,105.99,284507,14.583606713456954,1545.7164755593024,105.65374617997603,105.99,low,global:all:all:simple_power_law,simple_power_law,[]
coway,Other,B00CCVNX0O,"CUCKOO Micom Rice Cooker 3 Cup Uncooked / 6 Cup Cooked, Korean Fuzzy Logic Rice Cooker Small with Delay Timer & Keep Warm Setting, Versatile Food Steamer with Non-Stick Inner Pot, Red (CR-0351F)",2017-10,keepa_backcast_estimate,,,73.67,284507,13.67299164074679,1007.2892941738161,99.05661999232296,73.67,low,global:all:all:simple_power_law,simple_power_law,[]
coway,Other,B00CCVNX0O,"CUCKOO Micom Rice Cooker 3 Cup Uncooked / 6 Cup Cooked, Korean Fuzzy Logic Rice Cooker Small with Delay Timer & Keep Warm Setting, Versatile Food Steamer with Non-Stick Inner Pot, Red (CR-0351F)",2017-11,keepa_backcast_estimate,,,145.30666666666664,284507,15.421877875236,2240.9016677909585,111.72676297868553,145.30666666666664,low,global:all:all:simple_power_law,simple_power_law,[]
coway,Other,B00CCVNX0O,"CUCKOO Micom Rice Cooker 3 Cup Uncooked / 6 Cup Cooked, Korean Fuzzy Logic Rice Cooker Small with Delay Timer & Keep Warm Setting, Versatile Food Steamer with Non-Stick Inner Pot, Red (CR-0351F)",2017-12,keepa_backcast_estimate,,,149.9,284507,15.507083544628939,2324.511823339878,112.34405185269432,149.9,low,global:all:all:simple_power_law,simple_power_law,[]
coway,Other,B00CCVNX0O,"CUCKOO Micom Rice Cooker 3 Cup Uncooked / 6 Cup Cooked, Korean Fuzzy Logic Rice Cooker Small with Delay Timer & Keep Warm Setting, Versatile Food Steamer with Non-Stick Inner Pot, Red (CR-0351F)",2018-01,keepa_backcast_estimate,,,143.72,284507,15.391927578793853,2212.1278316242524,111.50978229067825,143.72,low,global:all:all:simple_power_law,simple_power_law,[]
coway,Other,B00CCVNX0O,"CUCKOO Micom Rice Cooker 3 Cup Uncooked / 6 Cup Cooked, Korean Fuzzy Logic Rice Cooker Small with Delay Timer & Keep Warm Setting, Versatile Food Steamer with Non-Stick Inner Pot, Red (CR-0351F)",2018-02,keepa_backcast_estimate,,,141.37,284507,15.34706213895492,2169.614174584057,111.18474597516779,141.37,low,global:all:all:simple_power_law,simple_power_law,[]
coway,Other,B00CCVNX0O,"CUCKOO Micom Rice Cooker 3 Cup Uncooked / 6 Cup Cooked, Korean Fuzzy Logic Rice Cooker Small with Delay Timer & Keep Warm Setting, Versatile Food Steamer with Non-Stick Inner Pot, Red (CR-0351F)",2018-03,keepa_backcast_estimate,,,127.94500000000001,284507,15.078245041689218,1929.1860618589271,109.23724876673437,127.94500000000001,low,global:all:all:simple_power_law,simple_power_law,[]
coway,Other,B00CCVNX0O,"CUCKOO Micom Rice Cooker 3 Cup Uncooked / 6 Cup Cooked, Korean Fuzzy Logic Rice Cooker Small with Delay Timer & Keep Warm Setting, Versatile Food Steamer with Non-Stick Inner Pot, Red (CR-0351F)",2018-04,keepa_backcast_estimate,,,131.86,284507,15.158955543995367,1998.8598780312293,109.8219715374632,131.86,low,global:all:all:simple_power_law,simple_power_law,[]
coway,Other,B00CCVNX0O,"CUCKOO Micom Rice Cooker 3 Cup Uncooked / 6 Cup Cooked, Korean Fuzzy Logic Rice Cooker Small with Delay Timer & Keep Warm Setting, Versatile Food Steamer with Non-Stick Inner Pot, Red (CR-0351F)",2018-05,keepa_backcast_estimate,,,128.345,284507,15.086584184617024,1936.287647174672,109.29766329295991,128.345,low,global:all:all:simple_power_law,simple_power_law,[]
coway,Other,B00CCVNX0O,"CUCKOO Micom Rice Cooker 3 Cup Uncooked / 6 Cup Cooked, Korean Fuzzy Logic Rice Cooker Small with Delay Timer & Keep Warm Setting, Versatile Food Steamer with Non-Stick Inner Pot, Red (CR-0351F)",2018-06,keepa_backcast_estimate,,,132.04,284507,15.162618520779022,2002.0721494836619,109.84850867789544,132.04,low,global:all:all:simple_power_law,simple_power_law,[]
coway,Other,B00CCVNX0O,"CUCKOO Micom Rice Cooker 3 Cup Uncooked / 6 Cup Cooked, Korean Fuzzy Logic Rice Cooker Small with Delay Timer & Keep Warm Setting, Versatile Food Steamer with Non-Stick Inner Pot, Red (CR-0351F)",2018-07,keepa_backcast_estimate,,,115.01000000000002,284507,14.79620995234239,1701.7121066188984,107.1939912702057,115.01000000000002,low,global:all:all:simple_power_law,simple_power_law,[]
coway,Other,B00CCVNX0O,"CUCKOO Micom Rice Cooker 3 Cup Uncooked / 6 Cup Cooked, Korean Fuzzy Logic Rice Cooker Small with Delay Timer & Keep Warm Setting, Versatile Food Steamer with Non-Stick Inner Pot, Red (CR-0351F)",2018-08,keepa_backcast_estimate,,,144.6888888888889,284507,15.410248855239372,2229.6917843658566,111.6425143047336,144.6888888888889,low,global:all:all:simple_power_law,simple_power_law,[]
coway,Other,B00CCVNX0O,"CUCKOO Micom Rice Cooker 3 Cup Uncooked / 6 Cup Cooked, Korean Fuzzy Logic Rice Cooker Small with Delay Timer & Keep Warm Setting, Versatile Food Steamer with Non-Stick Inner Pot, Red (CR-0351F)",2018-09,keepa_backcast_estimate,,,130.6585714285714,284507,15.134400240949214,1977.4391149106511,109.64407591764945,130.6585714285714,low,global:all:all:simple_power_law,simple_power_law,[]
coway,Other,B00CCVNX0O,"CUCKOO Micom Rice Cooker 3 Cup Uncooked / 6 Cup Cooked, Korean Fuzzy Logic Rice Cooker Small with Delay Timer & Keep Warm Setting, Versatile Food Steamer with Non-Stick Inner Pot, Red (CR-0351F)",2018-10,keepa_backcast_estimate,,,127.99636363636364,284507,15.079317067705047,1930.0977507859998,109.24501526557104,127.99636363636364,low,global:all:all:simple_power_law,simple_power_law,[]
coway,Other,B00CCVNX0O,"CUCKOO Micom Rice Cooker 3 Cup Uncooked / 6 Cup Cooked, Korean Fuzzy Logic Rice Cooker Small with Delay Timer & Keep Warm Setting, Versatile Food Steamer with Non-Stick Inner Pot, Red (CR-0351F)",2018-11,keepa_backcast_estimate,,,134.155,284507,15.205352304780362,2039.8740384478094,110.1581018023467,134.155,low,global:all:all:simple_power_law,simple_power_law,[]
coway,Other,B00CCVNX0O,"CUCKOO Micom Rice Cooker 3 Cup Uncooked / 6 Cup Cooked, Korean Fuzzy Logic Rice Cooker Small with Delay Timer & Keep Warm Setting, Versatile Food Steamer with Non-Stick Inner Pot, Red (CR-0351F)",2018-12,keepa_backcast_estimate,,,155.6985714285714,284507,15.611615097353953,2430.706168350728,113.10135080873489,155.6985714285714,low,global:all:all:simple_power_law,simple_power_law,[]
coway,Other,B00CCVNX0O,"CUCKOO Micom Rice Cooker 3 Cup Uncooked / 6 Cup Cooked, Korean Fuzzy Logic Rice Cooker Small with Delay Timer & Keep Warm Setting, Versatile Food Steamer with Non-Stick Inner Pot, Red (CR-0351F)",2019-01,keepa_backcast_estimate,,,119.31666666666666,284507,14.89289798166336,1776.9709441787998,107.89446631106743,119.31666666666666,low,global:all:all:simple_power_law,simple_power_law,[]
coway,Other,B00CCVNX0O,"CUCKOO Micom Rice Cooker 3 Cup Uncooked / 6 Cup Cooked, Korean Fuzzy Logic Rice Cooker Small with Delay Timer & Keep Warm Setting, Versatile Food Steamer with Non-Stick Inner Pot, Red (CR-0351F)",2019-02,keepa_backcast_estimate,,,124.3725,284507,15.0027949746813,1865.93511798855,108.69063623215737,124.3725,low,global:all:all:simple_power_law,simple_power_law,[]
coway,Other,B00CCVNX0O,"CUCKOO Micom Rice Cooker 3 Cup Uncooked / 6 Cup Cooked, Korean Fuzzy Logic Rice Cooker Small with Delay Timer & Keep Warm Setting, Versatile Food Steamer with Non-Stick Inner Pot, Red (CR-0351F)",2019-03,keepa_backcast_estimate,,,126.41714285714286,284507,15.046192917059804,1902.0967194520804,109.00504097982248,126.41714285714286,low,global:all:all:simple_power_law,simple_power_law,[]
coway,Other,B00CCVNX0O,"CUCKOO Micom Rice Cooker 3 Cup Uncooked / 6 Cup Cooked, Korean Fuzzy Logic Rice Cooker Small with Delay Timer & Keep Warm Setting, Versatile Food Steamer with Non-Stick Inner Pot, Red (CR-0351F)",2019-04,keepa_backcast_estimate,,,112.31285714285714,284507,14.734124181857013,1654.8315843620235,106.74419895441338,112.31285714285714,low,global:all:all:simple_power_law,simple_power_law,[]
coway,Other,B00CCVNX0O,"CUCKOO Micom Rice Cooker 3 Cup Uncooked / 6 Cup Cooked, Korean Fuzzy Logic Rice Cooker Small with Delay Timer & Keep Warm Setting, Versatile Food Steamer with Non-Stick Inner Pot, Red (CR-0351F)",2019-05,keepa_backcast_estimate,,,123.5675,284507,14.985546895615759,1851.7265660240002,108.5656792031118,123.5675,low,global:all:all:simple_power_law,simple_power_law,[]
coway,Other,B00CCVNX0O,"CUCKOO Micom Rice Cooker 3 Cup Uncooked / 6 Cup Cooked, Korean Fuzzy Logic Rice Cooker Small with Delay Timer & Keep Warm Setting, Versatile Food Steamer with Non-Stick Inner Pot, Red (CR-0351F)",2019-07,keepa_backcast_estimate,,,132.9366666666667,284507,15.180804333561076,2018.085525422498,109.98025929936404,132.9366666666667,low,global:all:all:simple_power_law,simple_power_law,[]
coway,Other,B00CCVNX0O,"CUCKOO Micom Rice Cooker 3 Cup Uncooked / 6 Cup Cooked, Korean Fuzzy Logic Rice Cooker Small with Delay Timer & Keep Warm Setting, Versatile Food Steamer with Non-Stick Inner Pot, Red (CR-0351F)",2019-08,keepa_backcast_estimate,,,92.61500000000001,284507,14.23906922003647,1318.7513958136778,103.1576779854228,92.61500000000001,low,global:all:all:simple_power_law,simple_power_law,[]
coway,Other,B00CCVNX0O,"CUCKOO Micom Rice Cooker 3 Cup Uncooked / 6 Cup Cooked, Korean Fuzzy Logic Rice Cooker Small with Delay Timer & Keep Warm Setting, Versatile Food Steamer with Non-Stick Inner Pot, Red (CR-0351F)",2019-09,keepa_backcast_estimate,,,135.14,284507,15.225064557472928,2057.515224296891,110.3009110115867,135.14,low,global:all:all:simple_power_law,simple_power_law,[]
coway,Other,B00CCVNX0O,"CUCKOO Micom Rice Cooker 3 Cup Uncooked / 6 Cup Cooked, Korean Fuzzy Logic Rice Cooker Small with Delay Timer & Keep Warm Setting, Versatile Food Steamer with Non-Stick Inner Pot, Red (CR-0351F)",2019-10,keepa_backcast_estimate,,,71.9,284507,13.614180405335555,978.8595711436265,98.63055067622327,71.9,low,global:all:all:simple_power_law,simple_power_law,[]
coway,Other,B00CCVNX0O,"CUCKOO Micom Rice Cooker 3 Cup Uncooked / 6 Cup Cooked, Korean Fuzzy Logic Rice Cooker Small with Delay Timer & Keep Warm Setting, Versatile Food Steamer with Non-Stick Inner Pot, Red (CR-0351F)",2020-08,keepa_backcast_estimate,,,68.37,284507,13.49324894314277,922.5334302426713,97.75443941906079,68.37,low,global:all:all:simple_power_law,simple_power_law,[]
coway,Other,B00CCVNX0O,"CUCKOO Micom Rice Cooker 3 Cup Uncooked / 6 Cup Cooked, Korean Fuzzy Logic Rice Cooker Small with Delay Timer & Keep Warm Setting, Versatile Food Steamer with Non-Stick Inner Pot, Red (CR-0351F)",2020-09,keepa_backcast_estimate,,,67.68,284507,13.469014328242425,911.5828897354475,97.57886708625179,67.68,low,global:all:all:simple_power_law,simple_power_law,[]
coway,Other,B00CCVNX0O,"CUCKOO Micom Rice Cooker 3 Cup Uncooked / 6 Cup Cooked, Korean Fuzzy Logic Rice Cooker Small with Delay Timer & Keep Warm Setting, Versatile Food Steamer with Non-Stick Inner Pot, Red (CR-0351F)",2020-10,keepa_backcast_estimate,,,68.904,284507,13.511867041235924,931.02168660932,97.88932181468059,68.904,low,global:all:all:simple_power_law,simple_power_law,[]
coway,Other,B00CCVNX0O,"CUCKOO Micom Rice Cooker 3 Cup Uncooked / 6 Cup Cooked, Korean Fuzzy Logic Rice Cooker Small with Delay Timer & Keep Warm Setting, Versatile Food Steamer with Non-Stick Inner Pot, Red (CR-0351F)",2020-11,keepa_backcast_estimate,,,73.47999999999999,284507,13.66673452687347,1004.2316530346624,99.01128912637324,73.47999999999999,low,global:all:all:simple_power_law,simple_power_law,[]
coway,Other,B00CCVNX0O,"CUCKOO Micom Rice Cooker 3 Cup Uncooked / 6 Cup Cooked, Korean Fuzzy Logic Rice Cooker Small with Delay Timer & Keep Warm Setting, Versatile Food Steamer with Non-Stick Inner Pot, Red (CR-0351F)",2020-12,keepa_backcast_estimate,,,77.71666666666667,284507,13.803208348726686,1072.7393421685424,100,77.71666666666667,low,global:all:all:simple_power_law,simple_power_law,[]
coway,Other,B00CCVNX0O,"CUCKOO Micom Rice Cooker 3 Cup Uncooked / 6 Cup Cooked, Korean Fuzzy Logic Rice Cooker Small with Delay Timer & Keep Warm Setting, Versatile Food Steamer with Non-Stick Inner Pot, Red (CR-0351F)",2021-01,keepa_backcast_estimate,,,71.29,284507,13.593636540804052,969.090348993921,98.48171669493081,71.29,low,global:all:all:simple_power_law,simple_power_law,[]
coway,Other,B00CCVNX0O,"CUCKOO Micom Rice Cooker 3 Cup Uncooked / 6 Cup Cooked, Korean Fuzzy Logic Rice Cooker Small with Delay Timer & Keep Warm Setting, Versatile Food Steamer with Non-Stick Inner Pot, Red (CR-0351F)",2021-02,keepa_backcast_estimate,,,75.48,284507,13.731943602259282,1036.4871030985307,99.48370882575297,75.48,low,global:all:all:simple_power_law,simple_power_law,[]
coway,Other,B00CCVNX0O,"CUCKOO Micom Rice Cooker 3 Cup Uncooked / 6 Cup Cooked, Korean Fuzzy Logic Rice Cooker Small with Delay Timer & Keep Warm Setting, Versatile Food Steamer with Non-Stick Inner Pot, Red (CR-0351F)",2021-03,keepa_backcast_estimate,,,138.86,284507,15.298455827003732,2124.3435761377386,110.83260819152221,138.86,low,global:all:all:simple_power_law,simple_power_law,[]
coway,Other,B00CCVNX0O,"CUCKOO Micom Rice Cooker 3 Cup Uncooked / 6 Cup Cooked, Korean Fuzzy Logic Rice Cooker Small with Delay Timer & Keep Warm Setting, Versatile Food Steamer with Non-Stick Inner Pot, Red (CR-0351F)",2021-04,keepa_backcast_estimate,,,72.725,284507,13.641738650210026,992.0954433365241,98.8302016861786,72.725,low,global:all:all:simple_power_law,simple_power_law,[]
coway,Other,B00CCVNX0O,"CUCKOO Micom Rice Cooker 3 Cup Uncooked / 6 Cup Cooked, Korean Fuzzy Logic Rice Cooker Small with Delay Timer & Keep Warm Setting, Versatile Food Steamer with Non-Stick Inner Pot, Red (CR-0351F)",2021-05,keepa_backcast_estimate,,,69.725,284507,13.540261817900793,944.0947552531327,98.09503324022383,69.725,low,global:all:all:simple_power_law,simple_power_law,[]
coway,Other,B00CCVNX0O,"CUCKOO Micom Rice Cooker 3 Cup Uncooked / 6 Cup Cooked, Korean Fuzzy Logic Rice Cooker Small with Delay Timer & Keep Warm Setting, Versatile Food Steamer with Non-Stick Inner Pot, Red (CR-0351F)",2021-06,keepa_backcast_estimate,,,71.80090909090909,284507,13.610852935994393,977.2716143070664,98.60644418404335,71.80090909090909,low,global:all:all:simple_power_law,simple_power_law,[]
coway,Other,B00CCVNX0O,"CUCKOO Micom Rice Cooker 3 Cup Uncooked / 6 Cup Cooked, Korean Fuzzy Logic Rice Cooker Small with Delay Timer & Keep Warm Setting, Versatile Food Steamer with Non-Stick Inner Pot, Red (CR-0351F)",2021-07,keepa_backcast_estimate,,,77.27,284507,13.78911259270451,1065.4847300382776,99.89788058206427,77.27,low,global:all:all:simple_power_law,simple_power_law,[]
coway,Other,B00CCVNX0O,"CUCKOO Micom Rice Cooker 3 Cup Uncooked / 6 Cup Cooked, Korean Fuzzy Logic Rice Cooker Small with Delay Timer & Keep Warm Setting, Versatile Food Steamer with Non-Stick Inner Pot, Red (CR-0351F)",2021-08,keepa_backcast_estimate,,,112.91499999999999,284507,14.748090813061756,1665.2806741568681,106.84538290275269,112.91499999999999,low,global:all:all:simple_power_law,simple_power_law,[]
coway,Other,B00CCVNX0O,"CUCKOO Micom Rice Cooker 3 Cup Uncooked / 6 Cup Cooked, Korean Fuzzy Logic Rice Cooker Small with Delay Timer & Keep Warm Setting, Versatile Food Steamer with Non-Stick Inner Pot, Red (CR-0351F)",2021-09,keepa_backcast_estimate,,,146.86999999999998,284507,15.451124391359249,2269.3066393589324,111.93864499469485,146.86999999999998,low,global:all:all:simple_power_law,simple_power_law,[]
coway,Other,B00CCVNX0O,"CUCKOO Micom Rice Cooker 3 Cup Uncooked / 6 Cup Cooked, Korean Fuzzy Logic Rice Cooker Small with Delay Timer & Keep Warm Setting, Versatile Food Steamer with Non-Stick Inner Pot, Red (CR-0351F)",2021-11,keepa_backcast_estimate,,,60.8,284507,13.215576029259523,803.507022578979,95.74278454239683,60.8,low,global:all:all:simple_power_law,simple_power_law,[]
coway,Other,B00CCVNX0O,"CUCKOO Micom Rice Cooker 3 Cup Uncooked / 6 Cup Cooked, Korean Fuzzy Logic Rice Cooker Small with Delay Timer & Keep Warm Setting, Versatile Food Steamer with Non-Stick Inner Pot, Red (CR-0351F)",2021-12,keepa_backcast_estimate,,,138.84,284507,15.298065618960065,2123.9834305364157,110.82978125423482,138.84,low,global:all:all:simple_power_law,simple_power_law,[]
coway,Other,B00CCVNX0O,"CUCKOO Micom Rice Cooker 3 Cup Uncooked / 6 Cup Cooked, Korean Fuzzy Logic Rice Cooker Small with Delay Timer & Keep Warm Setting, Versatile Food Steamer with Non-Stick Inner Pot, Red (CR-0351F)",2022-01,keepa_backcast_estimate,,,149.90666666666667,284507,15.507205631592997,2324.6335055466675,112.34493633520717,149.90666666666667,low,global:all:all:simple_power_law,simple_power_law,[]
coway,Other,B00CCVNX0O,"CUCKOO Micom Rice Cooker 3 Cup Uncooked / 6 Cup Cooked, Korean Fuzzy Logic Rice Cooker Small with Delay Timer & Keep Warm Setting, Versatile Food Steamer with Non-Stick Inner Pot, Red (CR-0351F)",2022-03,keepa_backcast_estimate,,,129.99,284507,15.120654792922592,1965.5339165320079,109.5444943734218,129.99,low,global:all:all:simple_power_law,simple_power_law,[]
coway,Other,B00CCVNX0O,"CUCKOO Micom Rice Cooker 3 Cup Uncooked / 6 Cup Cooked, Korean Fuzzy Logic Rice Cooker Small with Delay Timer & Keep Warm Setting, Versatile Food Steamer with Non-Stick Inner Pot, Red (CR-0351F)",2022-04,keepa_backcast_estimate,,,116.99,284507,14.84102722135021,1736.2517746257608,107.51867860285729,116.99,low,global:all:all:simple_power_law,simple_power_law,[]
coway,Other,B00CCVNX0O,"CUCKOO Micom Rice Cooker 3 Cup Uncooked / 6 Cup Cooked, Korean Fuzzy Logic Rice Cooker Small with Delay Timer & Keep Warm Setting, Versatile Food Steamer with Non-Stick Inner Pot, Red (CR-0351F)",2022-05,keepa_backcast_estimate,,,116.99,284507,14.84102722135021,1736.2517746257608,107.51867860285729,116.99,low,global:all:all:simple_power_law,simple_power_law,[]
coway,Other,B00CCVNX0O,"CUCKOO Micom Rice Cooker 3 Cup Uncooked / 6 Cup Cooked, Korean Fuzzy Logic Rice Cooker Small with Delay Timer & Keep Warm Setting, Versatile Food Steamer with Non-Stick Inner Pot, Red (CR-0351F)",2022-06,keepa_backcast_estimate,,,129.99,284507,15.120654792922592,1965.5339165320079,109.5444943734218,129.99,low,global:all:all:simple_power_law,simple_power_law,[]
coway,Other,B00CCVNX0O,"CUCKOO Micom Rice Cooker 3 Cup Uncooked / 6 Cup Cooked, Korean Fuzzy Logic Rice Cooker Small with Delay Timer & Keep Warm Setting, Versatile Food Steamer with Non-Stick Inner Pot, Red (CR-0351F)",2022-07,keepa_backcast_estimate,,,100.76750000000001,284507,14.453591436006922,1456.4522750278277,104.71182547454796,100.76750000000001,low,global:all:all:simple_power_law,simple_power_law,[]
coway,Other,B00CCVNX0O,"CUCKOO Micom Rice Cooker 3 Cup Uncooked / 6 Cup Cooked, Korean Fuzzy Logic Rice Cooker Small with Delay Timer & Keep Warm Setting, Versatile Food Steamer with Non-Stick Inner Pot, Red (CR-0351F)",2022-08,keepa_backcast_estimate,,,60.98,284507,13.222499278317239,806.3080059917852,95.79294135292092,60.98,low,global:all:all:simple_power_law,simple_power_law,[]
coway,Other,B00CCVNX0O,"CUCKOO Micom Rice Cooker 3 Cup Uncooked / 6 Cup Cooked, Korean Fuzzy Logic Rice Cooker Small with Delay Timer & Keep Warm Setting, Versatile Food Steamer with Non-Stick Inner Pot, Red (CR-0351F)",2022-09,keepa_backcast_estimate,,,70.67,284507,13.572607454806295,959.1761688311609,98.32936743332094,70.67,low,global:all:all:simple_power_law,simple_power_law,[]
coway,Other,B00CCVNX0O,"CUCKOO Micom Rice Cooker 3 Cup Uncooked / 6 Cup Cooked, Korean Fuzzy Logic Rice Cooker Small with Delay Timer & Keep Warm Setting, Versatile Food Steamer with Non-Stick Inner Pot, Red (CR-0351F)",2022-11,keepa_backcast_estimate,,,63.25833333333333,284507,13.308713619922635,841.8870424069394,96.41753774694224,63.25833333333333,low,global:all:all:simple_power_law,simple_power_law,[]
coway,Other,B00CCVNX0O,"CUCKOO Micom Rice Cooker 3 Cup Uncooked / 6 Cup Cooked, Korean Fuzzy Logic Rice Cooker Small with Delay Timer & Keep Warm Setting, Versatile Food Steamer with Non-Stick Inner Pot, Red (CR-0351F)",2022-12,keepa_backcast_estimate,,,64.07714285714286,284507,13.339076951540852,854.7299394063049,96.63751074779184,64.07714285714286,low,global:all:all:simple_power_law,simple_power_law,[]
coway,Other,B00CCVNX0O,"CUCKOO Micom Rice Cooker 3 Cup Uncooked / 6 Cup Cooked, Korean Fuzzy Logic Rice Cooker Small with Delay Timer & Keep Warm Setting, Versatile Food Steamer with Non-Stick Inner Pot, Red (CR-0351F)",2023-01,keepa_backcast_estimate,,,59.27333333333334,284507,13.156171583651934,779.810143668329,95.3124176008367,59.27333333333334,low,global:all:all:simple_power_law,simple_power_law,[]
coway,Other,B00CCVNX0O,"CUCKOO Micom Rice Cooker 3 Cup Uncooked / 6 Cup Cooked, Korean Fuzzy Logic Rice Cooker Small with Delay Timer & Keep Warm Setting, Versatile Food Steamer with Non-Stick Inner Pot, Red (CR-0351F)",2023-02,keepa_backcast_estimate,,,55.99333333333334,284507,13.024180913409833,729.2673032781946,94.35618578206336,55.99333333333334,low,global:all:all:simple_power_law,simple_power_law,[]
coway,Other,B00CCVNX0O,"CUCKOO Micom Rice Cooker 3 Cup Uncooked / 6 Cup Cooked, Korean Fuzzy Logic Rice Cooker Small with Delay Timer & Keep Warm Setting, Versatile Food Steamer with Non-Stick Inner Pot, Red (CR-0351F)",2023-03,keepa_backcast_estimate,,,60.175,284507,13.191405879221563,793.7928487821575,95.56767923769287,60.175,low,global:all:all:simple_power_law,simple_power_law,[]
coway,Other,B00CCVNX0O,"CUCKOO Micom Rice Cooker 3 Cup Uncooked / 6 Cup Cooked, Korean Fuzzy Logic Rice Cooker Small with Delay Timer & Keep Warm Setting, Versatile Food Steamer with Non-Stick Inner Pot, Red (CR-0351F)",2023-05,keepa_backcast_estimate,,,58.225,284507,13.114649968703326,763.6004944277512,95.0116062684305,58.225,low,global:all:all:simple_power_law,simple_power_law,[]
coway,Other,B00CCVNX0O,"CUCKOO Micom Rice Cooker 3 Cup Uncooked / 6 Cup Cooked, Korean Fuzzy Logic Rice Cooker Small with Delay Timer & Keep Warm Setting, Versatile Food Steamer with Non-Stick Inner Pot, Red (CR-0351F)",2023-06,keepa_backcast_estimate,,,54.865,284507,12.977311829398449,712.0002135199459,94.01663368064408,54.865,low,global:all:all:simple_power_law,simple_power_law,[]
coway,Other,B00CCVNX0O,"CUCKOO Micom Rice Cooker 3 Cup Uncooked / 6 Cup Cooked, Korean Fuzzy Logic Rice Cooker Small with Delay Timer & Keep Warm Setting, Versatile Food Steamer with Non-Stick Inner Pot, Red (CR-0351F)",2023-07,keepa_backcast_estimate,,,56.61000000000001,284507,13.049470610867491,738.7305312812088,94.5394018635622,56.61000000000001,low,global:all:all:simple_power_law,simple_power_law,[]
coway,Other,B00CCVNX0O,"CUCKOO Micom Rice Cooker 3 Cup Uncooked / 6 Cup Cooked, Korean Fuzzy Logic Rice Cooker Small with Delay Timer & Keep Warm Setting, Versatile Food Steamer with Non-Stick Inner Pot, Red (CR-0351F)",2023-08,keepa_backcast_estimate,,,57.806,284507,13.097883205791769,757.136236593999,94.89013622691581,57.806,low,global:all:all:simple_power_law,simple_power_law,[]
coway,Other,B00CCVNX0O,"CUCKOO Micom Rice Cooker 3 Cup Uncooked / 6 Cup Cooked, Korean Fuzzy Logic Rice Cooker Small with Delay Timer & Keep Warm Setting, Versatile Food Steamer with Non-Stick Inner Pot, Red (CR-0351F)",2023-09,keepa_backcast_estimate,,,63.373333333333335,284507,13.312997458332124,843.6890255927011,96.44857283893869,63.373333333333335,low,global:all:all:simple_power_law,simple_power_law,[]
coway,Other,B00CCVNX0O,"CUCKOO Micom Rice Cooker 3 Cup Uncooked / 6 Cup Cooked, Korean Fuzzy Logic Rice Cooker Small with Delay Timer & Keep Warm Setting, Versatile Food Steamer with Non-Stick Inner Pot, Red (CR-0351F)",2023-10,keepa_backcast_estimate,,,69.96,284507,13.548338902585177,947.841789624859,98.15354923505868,69.96,low,global:all:all:simple_power_law,simple_power_law,[]
coway,Other,B00CCVNX0O,"CUCKOO Micom Rice Cooker 3 Cup Uncooked / 6 Cup Cooked, Korean Fuzzy Logic Rice Cooker Small with Delay Timer & Keep Warm Setting, Versatile Food Steamer with Non-Stick Inner Pot, Red (CR-0351F)",2023-11,keepa_backcast_estimate,,,63.974999999999994,284507,13.335306684612767,853.1262451481017,96.61019632325494,63.974999999999994,low,global:all:all:simple_power_law,simple_power_law,[]
coway,Other,B00CCVNX0O,"CUCKOO Micom Rice Cooker 3 Cup Uncooked / 6 Cup Cooked, Korean Fuzzy Logic Rice Cooker Small with Delay Timer & Keep Warm Setting, Versatile Food Steamer with Non-Stick Inner Pot, Red (CR-0351F)",2023-12,keepa_backcast_estimate,,,64.81,284507,13.365984408818745,866.2494495355429,96.83244700172715,64.81,low,global:all:all:simple_power_law,simple_power_law,[]
coway,Other,B00CCVNX0O,"CUCKOO Micom Rice Cooker 3 Cup Uncooked / 6 Cup Cooked, Korean Fuzzy Logic Rice Cooker Small with Delay Timer & Keep Warm Setting, Versatile Food Steamer with Non-Stick Inner Pot, Red (CR-0351F)",2024-01,keepa_backcast_estimate,,,77.49,284507,13.796063624811854,1069.0569702866705,99.94823867223963,77.49,low,global:all:all:simple_power_law,simple_power_law,[]
coway,Other,B00CCVNX0O,"CUCKOO Micom Rice Cooker 3 Cup Uncooked / 6 Cup Cooked, Korean Fuzzy Logic Rice Cooker Small with Delay Timer & Keep Warm Setting, Versatile Food Steamer with Non-Stick Inner Pot, Red (CR-0351F)",2024-02,keepa_backcast_estimate,,,60.45799999999999,284507,13.202375471778817,798.1892162728036,95.6471505626205,60.45799999999999,low,global:all:all:simple_power_law,simple_power_law,[]
coway,Other,B00CCVNX0O,"CUCKOO Micom Rice Cooker 3 Cup Uncooked / 6 Cup Cooked, Korean Fuzzy Logic Rice Cooker Small with Delay Timer & Keep Warm Setting, Versatile Food Steamer with Non-Stick Inner Pot, Red (CR-0351F)",2024-03,keepa_backcast_estimate,,,57.873333333333335,284507,13.100584319700276,758.1744831954541,94.90970496659043,57.873333333333335,low,global:all:all:simple_power_law,simple_power_law,[]
coway,Other,B00CCVNX0O,"CUCKOO Micom Rice Cooker 3 Cup Uncooked / 6 Cup Cooked, Korean Fuzzy Logic Rice Cooker Small with Delay Timer & Keep Warm Setting, Versatile Food Steamer with Non-Stick Inner Pot, Red (CR-0351F)",2024-04,keepa_backcast_estimate,,,56.175,284507,13.03165469809414,732.0532026654383,94.4103310539124,56.175,low,global:all:all:simple_power_law,simple_power_law,[]
coway,Other,B00CCVNX0O,"CUCKOO Micom Rice Cooker 3 Cup Uncooked / 6 Cup Cooked, Korean Fuzzy Logic Rice Cooker Small with Delay Timer & Keep Warm Setting, Versatile Food Steamer with Non-Stick Inner Pot, Red (CR-0351F)",2024-05,keepa_backcast_estimate,,,66.1,284507,13.41274762734707,886.5826181676413,97.1712321402753,66.1,low,global:all:all:simple_power_law,simple_power_law,[]
coway,Other,B00CCVNX0O,"CUCKOO Micom Rice Cooker 3 Cup Uncooked / 6 Cup Cooked, Korean Fuzzy Logic Rice Cooker Small with Delay Timer & Keep Warm Setting, Versatile Food Steamer with Non-Stick Inner Pot, Red (CR-0351F)",2024-06,keepa_backcast_estimate,,,52.71,284507,12.885562357559873,679.1979918669809,93.35193697013591,52.71,low,global:all:all:simple_power_law,simple_power_law,[]
coway,Other,B00CCVNX0O,"CUCKOO Micom Rice Cooker 3 Cup Uncooked / 6 Cup Cooked, Korean Fuzzy Logic Rice Cooker Small with Delay Timer & Keep Warm Setting, Versatile Food Steamer with Non-Stick Inner Pot, Red (CR-0351F)",2024-07,keepa_backcast_estimate,,,68.19,284507,13.486946287116215,919.6748673184546,97.7087786142151,68.19,low,global:all:all:simple_power_law,simple_power_law,[]
coway,Other,B00CCVNX0O,"CUCKOO Micom Rice Cooker 3 Cup Uncooked / 6 Cup Cooked, Korean Fuzzy Logic Rice Cooker Small with Delay Timer & Keep Warm Setting, Versatile Food Steamer with Non-Stick Inner Pot, Red (CR-0351F)",2024-08,keepa_backcast_estimate,,,64.97,284507,13.371825739454549,868.767518292362,96.87476564597439,64.97,low,global:all:all:simple_power_law,simple_power_law,[]
coway,Other,B00CCVNX0O,"CUCKOO Micom Rice Cooker 3 Cup Uncooked / 6 Cup Cooked, Korean Fuzzy Logic Rice Cooker Small with Delay Timer & Keep Warm Setting, Versatile Food Steamer with Non-Stick Inner Pot, Red (CR-0351F)",2024-09,keepa_backcast_estimate,,,62.2025,284507,13.269081762762559,825.3700583482381,96.13041712861344,62.2025,low,global:all:all:simple_power_law,simple_power_law,[]
coway,Other,B00CCVNX0O,"CUCKOO Micom Rice Cooker 3 Cup Uncooked / 6 Cup Cooked, Korean Fuzzy Logic Rice Cooker Small with Delay Timer & Keep Warm Setting, Versatile Food Steamer with Non-Stick Inner Pot, Red (CR-0351F)",2024-10,keepa_backcast_estimate,,,54.41,284507,12.958188652885273,705.0550446034877,93.87809214718284,54.41,low,global:all:all:simple_power_law,simple_power_law,[]
coway,Other,B00CCVNX0O,"CUCKOO Micom Rice Cooker 3 Cup Uncooked / 6 Cup Cooked, Korean Fuzzy Logic Rice Cooker Small with Delay Timer & Keep Warm Setting, Versatile Food Steamer with Non-Stick Inner Pot, Red (CR-0351F)",2024-11,keepa_backcast_estimate,,,55.269999999999996,284507,12.994224781822846,718.1908036913486,94.139162820226,55.269999999999996,low,global:all:all:simple_power_law,simple_power_law,[]
coway,Other,B00CCVNX0O,"CUCKOO Micom Rice Cooker 3 Cup Uncooked / 6 Cup Cooked, Korean Fuzzy Logic Rice Cooker Small with Delay Timer & Keep Warm Setting, Versatile Food Steamer with Non-Stick Inner Pot, Red (CR-0351F)",2024-12,keepa_backcast_estimate,,,61.55000000000001,284507,13.244313015896543,815.1874661284323,95.95097517395874,61.55000000000001,low,global:all:all:simple_power_law,simple_power_law,[]
coway,Other,B00CCVNX0O,"CUCKOO Micom Rice Cooker 3 Cup Uncooked / 6 Cup Cooked, Korean Fuzzy Logic Rice Cooker Small with Delay Timer & Keep Warm Setting, Versatile Food Steamer with Non-Stick Inner Pot, Red (CR-0351F)",2025-01,keepa_backcast_estimate,,,64.92999999999999,284507,13.370366513553467,868.1378977250265,96.864194003033,64.92999999999999,low,global:all:all:simple_power_law,simple_power_law,[]
coway,Other,B00CCVNX0O,"CUCKOO Micom Rice Cooker 3 Cup Uncooked / 6 Cup Cooked, Korean Fuzzy Logic Rice Cooker Small with Delay Timer & Keep Warm Setting, Versatile Food Steamer with Non-Stick Inner Pot, Red (CR-0351F)",2025-02,keepa_backcast_estimate,,,66.676,284507,13.43338657460774,895.6844832485457,97.32075496670264,66.676,low,global:all:all:simple_power_law,simple_power_law,[]
coway,Other,B00CCVNX0O,"CUCKOO Micom Rice Cooker 3 Cup Uncooked / 6 Cup Cooked, Korean Fuzzy Logic Rice Cooker Small with Delay Timer & Keep Warm Setting, Versatile Food Steamer with Non-Stick Inner Pot, Red (CR-0351F)",2025-03,keepa_backcast_estimate,,,62.202,284507,13.26906286455411,825.3622483009947,96.13028021690442,62.202,low,global:all:all:simple_power_law,simple_power_law,[]
coway,Other,B00CCVNX0O,"CUCKOO Micom Rice Cooker 3 Cup Uncooked / 6 Cup Cooked, Korean Fuzzy Logic Rice Cooker Small with Delay Timer & Keep Warm Setting, Versatile Food Steamer with Non-Stick Inner Pot, Red (CR-0351F)",2025-04,keepa_backcast_estimate,,,72.34799999999998,284507,13.62917739415556,986.0437261123662,98.7391992486502,72.34799999999998,low,global:all:all:simple_power_law,simple_power_law,[]
coway,Other,B00CCVNX0O,"CUCKOO Micom Rice Cooker 3 Cup Uncooked / 6 Cup Cooked, Korean Fuzzy Logic Rice Cooker Small with Delay Timer & Keep Warm Setting, Versatile Food Steamer with Non-Stick Inner Pot, Red (CR-0351F)",2025-05,keepa_backcast_estimate,,,60.21666666666666,284507,13.193023603585376,794.4399046625659,95.57939915325846,60.21666666666666,low,global:all:all:simple_power_law,simple_power_law,[]
coway,Other,B00CCVNX0O,"CUCKOO Micom Rice Cooker 3 Cup Uncooked / 6 Cup Cooked, Korean Fuzzy Logic Rice Cooker Small with Delay Timer & Keep Warm Setting, Versatile Food Steamer with Non-Stick Inner Pot, Red (CR-0351F)",2025-06,keepa_backcast_estimate,,,60.32000000000001,284507,13.197031607574779,796.0449465689107,95.60843590970048,60.32000000000001,low,global:all:all:simple_power_law,simple_power_law,[]
coway,Other,B00CCVNX0O,"CUCKOO Micom Rice Cooker 3 Cup Uncooked / 6 Cup Cooked, Korean Fuzzy Logic Rice Cooker Small with Delay Timer & Keep Warm Setting, Versatile Food Steamer with Non-Stick Inner Pot, Red (CR-0351F)",2025-07,keepa_backcast_estimate,,,59.46,284507,13.163501779669572,782.7018158191528,95.36552261694922,59.46,low,global:all:all:simple_power_law,simple_power_law,[]
coway,Other,B00CCVNX0O,"CUCKOO Micom Rice Cooker 3 Cup Uncooked / 6 Cup Cooked, Korean Fuzzy Logic Rice Cooker Small with Delay Timer & Keep Warm Setting, Versatile Food Steamer with Non-Stick Inner Pot, Red (CR-0351F)",2025-08,keepa_backcast_estimate,,,60.524,284507,13.204927702087835,799.2150442411642,95.66564068639852,60.524,low,global:all:all:simple_power_law,simple_power_law,[]
coway,Other,B00CCVNX0O,"CUCKOO Micom Rice Cooker 3 Cup Uncooked / 6 Cup Cooked, Korean Fuzzy Logic Rice Cooker Small with Delay Timer & Keep Warm Setting, Versatile Food Steamer with Non-Stick Inner Pot, Red (CR-0351F)",2025-09,keepa_backcast_estimate,,,82.87,284507,13.961198271680052,1156.964500774126,101.1445884098963,82.87,low,global:all:all:simple_power_law,simple_power_law,[]
coway,Other,B00CCVNX0O,"CUCKOO Micom Rice Cooker 3 Cup Uncooked / 6 Cup Cooked, Korean Fuzzy Logic Rice Cooker Small with Delay Timer & Keep Warm Setting, Versatile Food Steamer with Non-Stick Inner Pot, Red (CR-0351F)",2025-10,keepa_backcast_estimate,,,86.46900000000001,284507,14.066807442723725,1216.342772764878,101.90969437928794,86.46900000000001,low,global:all:all:simple_power_law,simple_power_law,[]
coway,Other,B00CCVNX0O,"CUCKOO Micom Rice Cooker 3 Cup Uncooked / 6 Cup Cooked, Korean Fuzzy Logic Rice Cooker Small with Delay Timer & Keep Warm Setting, Versatile Food Steamer with Non-Stick Inner Pot, Red (CR-0351F)",2025-11,keepa_backcast_estimate,,,86.66,284507,14.07231036569728,1219.5064162913263,101.94956136408256,86.66,low,global:all:all:simple_power_law,simple_power_law,[]
coway,Other,B00CCVNX0O,"CUCKOO Micom Rice Cooker 3 Cup Uncooked / 6 Cup Cooked, Korean Fuzzy Logic Rice Cooker Small with Delay Timer & Keep Warm Setting, Versatile Food Steamer with Non-Stick Inner Pot, Red (CR-0351F)",2025-12,keepa_backcast_estimate,,,82.41111111111111,284507,13.947462720301548,1149.425899960851,101.04507856384106,82.41111111111111,low,global:all:all:simple_power_law,simple_power_law,[]
coway,Other,B00CCVNX0O,"CUCKOO Micom Rice Cooker 3 Cup Uncooked / 6 Cup Cooked, Korean Fuzzy Logic Rice Cooker Small with Delay Timer & Keep Warm Setting, Versatile Food Steamer with Non-Stick Inner Pot, Red (CR-0351F)",2026-01,keepa_backcast_estimate,,,85.74545454545454,284507,14.045870133548746,1204.3695190875615,101.75801001253772,85.74545454545454,low,global:all:all:simple_power_law,simple_power_law,[]
coway,Other,B00CCVNX0O,"CUCKOO Micom Rice Cooker 3 Cup Uncooked / 6 Cup Cooked, Korean Fuzzy Logic Rice Cooker Small with Delay Timer & Keep Warm Setting, Versatile Food Steamer with Non-Stick Inner Pot, Red (CR-0351F)",2026-02,keepa_backcast_estimate,,,89.10000000000001,284507,14.141745416201273,1260.0295165835335,102.45259695370616,89.10000000000001,low,global:all:all:simple_power_law,simple_power_law,[]
coway,Other,B00CCVNX0O,"CUCKOO Micom Rice Cooker 3 Cup Uncooked / 6 Cup Cooked, Korean Fuzzy Logic Rice Cooker Small with Delay Timer & Keep Warm Setting, Versatile Food Steamer with Non-Stick Inner Pot, Red (CR-0351F)",2026-03,keepa_backcast_estimate,,,89.10000000000001,284507,14.141745416201273,1260.0295165835335,102.45259695370616,89.10000000000001,low,global:all:all:simple_power_law,simple_power_law,[]
coway,Other,B00CCVNX0O,"CUCKOO Micom Rice Cooker 3 Cup Uncooked / 6 Cup Cooked, Korean Fuzzy Logic Rice Cooker Small with Delay Timer & Keep Warm Setting, Versatile Food Steamer with Non-Stick Inner Pot, Red (CR-0351F)",2026-04,keepa_backcast_estimate,,,85.16,284507,14.02882208301803,1194.6944885898154,101.63450212871818,85.16,low,global:all:all:simple_power_law,simple_power_law,[]
coway,Other,B00CCVNX0O,"CUCKOO Micom Rice Cooker 3 Cup Uncooked / 6 Cup Cooked, Korean Fuzzy Logic Rice Cooker Small with Delay Timer & Keep Warm Setting, Versatile Food Steamer with Non-Stick Inner Pot, Red (CR-0351F)",2026-05,keepa_backcast_estimate,,,85.91571428571429,284507,14.05081000224905,1207.1853776360858,101.79379784226181,85.91571428571429,low,global:all:all:simple_power_law,simple_power_law,[]
coway,Other,B00CCVNX0O,"CUCKOO Micom Rice Cooker 3 Cup Uncooked / 6 Cup Cooked, Korean Fuzzy Logic Rice Cooker Small with Delay Timer & Keep Warm Setting, Versatile Food Steamer with Non-Stick Inner Pot, Red (CR-0351F)",2026-06,keepa_backcast_estimate,,,86.7,284507,14.073461545872046,1220.1691160271064,101.95790131046083,86.7,low,global:all:all:simple_power_law,simple_power_law,[]
coway,Other,B00E4XYQNG,"CUCKOO CRP-HY1083F | 10-Cup (Uncooked) Induction Heating Pressure Rice Cooker | 13 Menu Options, Auto-Clean, Voice Navigation, Stainless Steel Inner Pot, Made in Korea | Black",2017-03,keepa_backcast_estimate,,,333.78999999999996,284507,17.862921143709393,5962.464448558758,94.6439928936247,333.78999999999996,low,global:all:all:simple_power_law,simple_power_law,[]
coway,Other,B00E4XYQNG,"CUCKOO CRP-HY1083F | 10-Cup (Uncooked) Induction Heating Pressure Rice Cooker | 13 Menu Options, Auto-Clean, Voice Navigation, Stainless Steel Inner Pot, Made in Korea | Black",2017-04,keepa_backcast_estimate,,,343.9325,284507,17.957404954720722,6176.135179589485,95.14460111251437,343.9325,low,global:all:all:simple_power_law,simple_power_law,[]
coway,Other,B00E4XYQNG,"CUCKOO CRP-HY1083F | 10-Cup (Uncooked) Induction Heating Pressure Rice Cooker | 13 Menu Options, Auto-Clean, Voice Navigation, Stainless Steel Inner Pot, Made in Korea | Black",2017-05,keepa_backcast_estimate,,,422.57500000000005,284507,18.620561470344366,7868.583763330772,98.65823586727271,422.57500000000005,low,global:all:all:simple_power_law,simple_power_law,[]
coway,Other,B00E4XYQNG,"CUCKOO CRP-HY1083F | 10-Cup (Uncooked) Induction Heating Pressure Rice Cooker | 13 Menu Options, Auto-Clean, Voice Navigation, Stainless Steel Inner Pot, Made in Korea | Black",2017-06,keepa_backcast_estimate,,,452.44,284507,18.84563866259972,8526.520756506616,99.85077341546842,452.44,low,global:all:all:simple_power_law,simple_power_law,[]
coway,Other,B00E4XYQNG,"CUCKOO CRP-HY1083F | 10-Cup (Uncooked) Induction Heating Pressure Rice Cooker | 13 Menu Options, Auto-Clean, Voice Navigation, Stainless Steel Inner Pot, Made in Korea | Black",2017-07,keepa_backcast_estimate,,,446.01,284507,18.798244793208077,8384.205160218735,99.5996641482989,446.01,low,global:all:all:simple_power_law,simple_power_law,[]
coway,Other,B00E4XYQNG,"CUCKOO CRP-HY1083F | 10-Cup (Uncooked) Induction Heating Pressure Rice Cooker | 13 Menu Options, Auto-Clean, Voice Navigation, Stainless Steel Inner Pot, Made in Korea | Black",2017-08,keepa_backcast_estimate,,,413.99,284507,18.55341805337721,7680.929539917632,98.30248660167562,413.99,low,global:all:all:simple_power_law,simple_power_law,[]
coway,Other,B00E4XYQNG,"CUCKOO CRP-HY1083F | 10-Cup (Uncooked) Induction Heating Pressure Rice Cooker | 13 Menu Options, Auto-Clean, Voice Navigation, Stainless Steel Inner Pot, Made in Korea | Black",2017-09,keepa_backcast_estimate,,,479.99,284507,19.04257652605372,9140.246306740524,100.8942189750873,479.99,low,global:all:all:simple_power_law,simple_power_law,[]
coway,Other,B00E4XYQNG,"CUCKOO CRP-HY1083F | 10-Cup (Uncooked) Induction Heating Pressure Rice Cooker | 13 Menu Options, Auto-Clean, Voice Navigation, Stainless Steel Inner Pot, Made in Korea | Black",2017-10,keepa_backcast_estimate,,,456.255,284507,18.873494181221627,8611.126087653274,99.99836167862483,456.255,low,global:all:all:simple_power_law,simple_power_law,[]
coway,Other,B00E4XYQNG,"CUCKOO CRP-HY1083F | 10-Cup (Uncooked) Induction Heating Pressure Rice Cooker | 13 Menu Options, Auto-Clean, Voice Navigation, Stainless Steel Inner Pot, Made in Korea | Black",2017-11,keepa_backcast_estimate,,,1089.0822222222223,284507,21.984710369284066,23943.157223891823,116.4826712954317,1089.0822222222223,low,global:all:all:simple_power_law,simple_power_law,[]
coway,Other,B00E4XYQNG,"CUCKOO CRP-HY1083F | 10-Cup (Uncooked) Induction Heating Pressure Rice Cooker | 13 Menu Options, Auto-Clean, Voice Navigation, Stainless Steel Inner Pot, Made in Korea | Black",2017-12,keepa_backcast_estimate,,,545.0411111111111,284507,19.472749729943907,10613.449149197217,103.17342680030622,545.0411111111111,low,global:all:all:simple_power_law,simple_power_law,[]
coway,Other,B00E4XYQNG,"CUCKOO CRP-HY1083F | 10-Cup (Uncooked) Induction Heating Pressure Rice Cooker | 13 Menu Options, Auto-Clean, Voice Navigation, Stainless Steel Inner Pot, Made in Korea | Black",2018-01,keepa_backcast_estimate,,,693.8249999999999,284507,20.31551809885206,14095.414344936029,107.63870786358876,693.8249999999999,low,global:all:all:simple_power_law,simple_power_law,[]
coway,Other,B00E4XYQNG,"CUCKOO CRP-HY1083F | 10-Cup (Uncooked) Induction Heating Pressure Rice Cooker | 13 Menu Options, Auto-Clean, Voice Navigation, Stainless Steel Inner Pot, Made in Korea | Black",2018-03,keepa_backcast_estimate,,,412,284507,18.537689303664866,7637.527993109925,98.21915019415167,412,low,global:all:all:simple_power_law,simple_power_law,[]
coway,Other,B00E4XYQNG,"CUCKOO CRP-HY1083F | 10-Cup (Uncooked) Induction Heating Pressure Rice Cooker | 13 Menu Options, Auto-Clean, Voice Navigation, Stainless Steel Inner Pot, Made in Korea | Black",2018-04,keepa_backcast_estimate,,,431.71333333333337,284507,18.690798881941216,8069.067087985783,99.03037819665761,431.71333333333337,low,global:all:all:simple_power_law,simple_power_law,[]
coway,Other,B00E4XYQNG,"CUCKOO CRP-HY1083F | 10-Cup (Uncooked) Induction Heating Pressure Rice Cooker | 13 Menu Options, Auto-Clean, Voice Navigation, Stainless Steel Inner Pot, Made in Korea | Black",2018-05,keepa_backcast_estimate,,,357.16333333333336,284507,18.0772415119174,6456.527835868125,95.77953703237162,357.16333333333336,low,global:all:all:simple_power_law,simple_power_law,[]
coway,Other,B00E4XYQNG,"CUCKOO CRP-HY1083F | 10-Cup (Uncooked) Induction Heating Pressure Rice Cooker | 13 Menu Options, Auto-Clean, Voice Navigation, Stainless Steel Inner Pot, Made in Korea | Black",2018-06,keepa_backcast_estimate,,,423.69625,284507,18.62924693237443,7893.142065571049,98.70425447755699,423.69625,low,global:all:all:simple_power_law,simple_power_law,[]
coway,Other,B00E4XYQNG,"CUCKOO CRP-HY1083F | 10-Cup (Uncooked) Induction Heating Pressure Rice Cooker | 13 Menu Options, Auto-Clean, Voice Navigation, Stainless Steel Inner Pot, Made in Korea | Black",2018-07,keepa_backcast_estimate,,,357.1933333333333,284507,18.077509014511108,6457.1657032566045,95.78095435450915,357.1933333333333,low,global:all:all:simple_power_law,simple_power_law,[]
coway,Other,B00E4XYQNG,"CUCKOO CRP-HY1083F | 10-Cup (Uncooked) Induction Heating Pressure Rice Cooker | 13 Menu Options, Auto-Clean, Voice Navigation, Stainless Steel Inner Pot, Made in Korea | Black",2018-08,keepa_backcast_estimate,,,371.31666666666666,284507,18.201420299131343,6758.490714072453,96.43747960290993,371.31666666666666,low,global:all:all:simple_power_law,simple_power_law,[]
coway,Other,B00E4XYQNG,"CUCKOO CRP-HY1083F | 10-Cup (Uncooked) Induction Heating Pressure Rice Cooker | 13 Menu Options, Auto-Clean, Voice Navigation, Stainless Steel Inner Pot, Made in Korea | Black",2018-09,keepa_backcast_estimate,,,459.99,284507,18.900578745833837,8694.077217296106,100.1418651582664,459.99,low,global:all:all:simple_power_law,simple_power_law,[]
coway,Other,B00E4XYQNG,"CUCKOO CRP-HY1083F | 10-Cup (Uncooked) Induction Heating Pressure Rice Cooker | 13 Menu Options, Auto-Clean, Voice Navigation, Stainless Steel Inner Pot, Made in Korea | Black",2018-11,keepa_backcast_estimate,,,495.22,284507,19.147446671364374,9482.198540593066,101.44985761938767,495.22,low,global:all:all:simple_power_law,simple_power_law,[]
coway,Other,B00E4XYQNG,"CUCKOO CRP-HY1083F | 10-Cup (Uncooked) Induction Heating Pressure Rice Cooker | 13 Menu Options, Auto-Clean, Voice Navigation, Stainless Steel Inner Pot, Made in Korea | Black",2018-12,keepa_backcast_estimate,,,500,284507,19.17980799213729,9589.903996068646,101.62131919549944,500,low,global:all:all:simple_power_law,simple_power_law,[]
coway,Other,B00E4XYQNG,"CUCKOO CRP-HY1083F | 10-Cup (Uncooked) Induction Heating Pressure Rice Cooker | 13 Menu Options, Auto-Clean, Voice Navigation, Stainless Steel Inner Pot, Made in Korea | Black",2019-01,keepa_backcast_estimate,,,459.99,284507,18.900578745833837,8694.077217296106,100.1418651582664,459.99,low,global:all:all:simple_power_law,simple_power_law,[]
coway,Other,B00E4XYQNG,"CUCKOO CRP-HY1083F | 10-Cup (Uncooked) Induction Heating Pressure Rice Cooker | 13 Menu Options, Auto-Clean, Voice Navigation, Stainless Steel Inner Pot, Made in Korea | Black",2019-04,keepa_backcast_estimate,,,795,284507,20.806176371440273,16540.910215295018,110.23838670057398,795,low,global:all:all:simple_power_law,simple_power_law,[]
coway,Other,B00E4XYQNG,"CUCKOO CRP-HY1083F | 10-Cup (Uncooked) Induction Heating Pressure Rice Cooker | 13 Menu Options, Auto-Clean, Voice Navigation, Stainless Steel Inner Pot, Made in Korea | Black",2019-05,keepa_backcast_estimate,,,442.71000000000004,284507,18.773700558294347,8311.30497416249,99.4696202223326,442.71000000000004,low,global:all:all:simple_power_law,simple_power_law,[]
coway,Other,B00E4XYQNG,"CUCKOO CRP-HY1083F | 10-Cup (Uncooked) Induction Heating Pressure Rice Cooker | 13 Menu Options, Auto-Clean, Voice Navigation, Stainless Steel Inner Pot, Made in Korea | Black",2019-12,keepa_backcast_estimate,,,431.14799999999997,284507,18.686489733922976,8056.642675801422,99.00754682595766,431.14799999999997,low,global:all:all:simple_power_law,simple_power_law,[]
coway,Other,B00E4XYQNG,"CUCKOO CRP-HY1083F | 10-Cup (Uncooked) Induction Heating Pressure Rice Cooker | 13 Menu Options, Auto-Clean, Voice Navigation, Stainless Steel Inner Pot, Made in Korea | Black",2020-06,keepa_backcast_estimate,,,436.771,284507,18.729142880820383,8180.3464651988,99.23353809017318,436.771,low,global:all:all:simple_power_law,simple_power_law,[]
coway,Other,B00E4XYQNG,"CUCKOO CRP-HY1083F | 10-Cup (Uncooked) Induction Heating Pressure Rice Cooker | 13 Menu Options, Auto-Clean, Voice Navigation, Stainless Steel Inner Pot, Made in Korea | Black",2020-07,keepa_backcast_estimate,,,431.93999999999994,284507,18.692525290034048,8074.049373777306,99.0395253094929,431.93999999999994,low,global:all:all:simple_power_law,simple_power_law,[]
coway,Other,B00E4XYQNG,"CUCKOO CRP-HY1083F | 10-Cup (Uncooked) Induction Heating Pressure Rice Cooker | 13 Menu Options, Auto-Clean, Voice Navigation, Stainless Steel Inner Pot, Made in Korea | Black",2020-08,keepa_backcast_estimate,,,420.3071428571429,284507,18.602935447946408,7818.946646882218,98.56484704664508,420.3071428571429,low,global:all:all:simple_power_law,simple_power_law,[]
coway,Other,B00E4XYQNG,"CUCKOO CRP-HY1083F | 10-Cup (Uncooked) Induction Heating Pressure Rice Cooker | 13 Menu Options, Auto-Clean, Voice Navigation, Stainless Steel Inner Pot, Made in Korea | Black",2020-09,keepa_backcast_estimate,,,459.99,284507,18.900578745833837,8694.077217296106,100.1418651582664,459.99,low,global:all:all:simple_power_law,simple_power_law,[]
coway,Other,B00E4XYQNG,"CUCKOO CRP-HY1083F | 10-Cup (Uncooked) Induction Heating Pressure Rice Cooker | 13 Menu Options, Auto-Clean, Voice Navigation, Stainless Steel Inner Pot, Made in Korea | Black",2020-10,keepa_backcast_estimate,,,459.99,284507,18.900578745833837,8694.077217296106,100.1418651582664,459.99,low,global:all:all:simple_power_law,simple_power_law,[]
coway,Other,B00E4XYQNG,"CUCKOO CRP-HY1083F | 10-Cup (Uncooked) Induction Heating Pressure Rice Cooker | 13 Menu Options, Auto-Clean, Voice Navigation, Stainless Steel Inner Pot, Made in Korea | Black",2020-11,keepa_backcast_estimate,,,489.99,284507,19.111740069527784,9364.561516667918,101.26067157622656,489.99,low,global:all:all:simple_power_law,simple_power_law,[]
coway,Other,B00E4XYQNG,"CUCKOO CRP-HY1083F | 10-Cup (Uncooked) Induction Heating Pressure Rice Cooker | 13 Menu Options, Auto-Clean, Voice Navigation, Stainless Steel Inner Pot, Made in Korea | Black",2020-12,keepa_backcast_estimate,,,778.415,284507,20.729445826765044,16136.11157324131,109.83184148512225,778.415,low,global:all:all:simple_power_law,simple_power_law,[]
coway,Other,B00E4XYQNG,"CUCKOO CRP-HY1083F | 10-Cup (Uncooked) Induction Heating Pressure Rice Cooker | 13 Menu Options, Auto-Clean, Voice Navigation, Stainless Steel Inner Pot, Made in Korea | Black",2021-01,keepa_backcast_estimate,,,456.34,284507,18.87411260833227,8613.012547686347,100.00163832137514,456.34,low,global:all:all:simple_power_law,simple_power_law,[]
coway,Other,B00E4XYQNG,"CUCKOO CRP-HY1083F | 10-Cup (Uncooked) Induction Heating Pressure Rice Cooker | 13 Menu Options, Auto-Clean, Voice Navigation, Stainless Steel Inner Pot, Made in Korea | Black",2021-02,keepa_backcast_estimate,,,435.96000000000004,284507,18.723019310660327,8162.487498675477,99.20109327747713,435.96000000000004,low,global:all:all:simple_power_law,simple_power_law,[]
coway,Other,B00E4XYQNG,"CUCKOO CRP-HY1083F | 10-Cup (Uncooked) Induction Heating Pressure Rice Cooker | 13 Menu Options, Auto-Clean, Voice Navigation, Stainless Steel Inner Pot, Made in Korea | Black",2021-03,keepa_backcast_estimate,,,409.675,284507,18.519232621293142,7586.866624128268,98.12136024696575,409.675,low,global:all:all:simple_power_law,simple_power_law,[]
coway,Other,B00E4XYQNG,"CUCKOO CRP-HY1083F | 10-Cup (Uncooked) Induction Heating Pressure Rice Cooker | 13 Menu Options, Auto-Clean, Voice Navigation, Stainless Steel Inner Pot, Made in Korea | Black",2021-04,keepa_backcast_estimate,,,469.98999999999995,284507,18.97220522413625,8916.746733291795,100.5213672480372,469.98999999999995,low,global:all:all:simple_power_law,simple_power_law,[]
coway,Other,B00E4XYQNG,"CUCKOO CRP-HY1083F | 10-Cup (Uncooked) Induction Heating Pressure Rice Cooker | 13 Menu Options, Auto-Clean, Voice Navigation, Stainless Steel Inner Pot, Made in Korea | Black",2021-06,keepa_backcast_estimate,,,526.586,284507,19.355246373696335,10192.201766939259,102.55085299369293,526.586,low,global:all:all:simple_power_law,simple_power_law,[]
coway,Other,B00E4XYQNG,"CUCKOO CRP-HY1083F | 10-Cup (Uncooked) Induction Heating Pressure Rice Cooker | 13 Menu Options, Auto-Clean, Voice Navigation, Stainless Steel Inner Pot, Made in Korea | Black",2021-07,keepa_backcast_estimate,,,530.5033333333332,284507,19.380470878991854,10281.404402874774,102.68450122965208,530.5033333333332,low,global:all:all:simple_power_law,simple_power_law,[]
coway,Other,B00E4XYQNG,"CUCKOO CRP-HY1083F | 10-Cup (Uncooked) Induction Heating Pressure Rice Cooker | 13 Menu Options, Auto-Clean, Voice Navigation, Stainless Steel Inner Pot, Made in Korea | Black",2021-08,keepa_backcast_estimate,,,850.089375,284507,21.051842112648178,17895.94730413977,111.54000956942238,850.089375,low,global:all:all:simple_power_law,simple_power_law,[]
coway,Other,B00E4XYQNG,"CUCKOO CRP-HY1083F | 10-Cup (Uncooked) Induction Heating Pressure Rice Cooker | 13 Menu Options, Auto-Clean, Voice Navigation, Stainless Steel Inner Pot, Made in Korea | Black",2021-09,keepa_backcast_estimate,,,820.28,284507,20.92061199712748,17160.75960900373,110.84470659960861,820.28,low,global:all:all:simple_power_law,simple_power_law,[]
coway,Other,B00E4XYQNG,"CUCKOO CRP-HY1083F | 10-Cup (Uncooked) Induction Heating Pressure Rice Cooker | 13 Menu Options, Auto-Clean, Voice Navigation, Stainless Steel Inner Pot, Made in Korea | Black",2021-10,keepa_backcast_estimate,,,435,284507,18.715758452762344,8141.35492695162,99.16262271727201,435,low,global:all:all:simple_power_law,simple_power_law,[]
coway,Other,B00E4XYQNG,"CUCKOO CRP-HY1083F | 10-Cup (Uncooked) Induction Heating Pressure Rice Cooker | 13 Menu Options, Auto-Clean, Voice Navigation, Stainless Steel Inner Pot, Made in Korea | Black",2021-11,keepa_backcast_estimate,,,357.44,284507,18.079707773344225,6462.41074650416,95.79260414648338,357.44,low,global:all:all:simple_power_law,simple_power_law,[]
coway,Other,B00E4XYQNG,"CUCKOO CRP-HY1083F | 10-Cup (Uncooked) Induction Heating Pressure Rice Cooker | 13 Menu Options, Auto-Clean, Voice Navigation, Stainless Steel Inner Pot, Made in Korea | Black",2022-01,keepa_backcast_estimate,,,499.99,284507,19.179740559469217,9589.678482329015,101.62096191368049,499.99,low,global:all:all:simple_power_law,simple_power_law,[]
coway,Other,B00E4XYQNG,"CUCKOO CRP-HY1083F | 10-Cup (Uncooked) Induction Heating Pressure Rice Cooker | 13 Menu Options, Auto-Clean, Voice Navigation, Stainless Steel Inner Pot, Made in Korea | Black",2022-04,keepa_backcast_estimate,,,489.99,284507,19.111740069527784,9364.561516667918,101.26067157622656,489.99,low,global:all:all:simple_power_law,simple_power_law,[]
coway,Other,B00E4XYQNG,"CUCKOO CRP-HY1083F | 10-Cup (Uncooked) Induction Heating Pressure Rice Cooker | 13 Menu Options, Auto-Clean, Voice Navigation, Stainless Steel Inner Pot, Made in Korea | Black",2022-08,keepa_backcast_estimate,,,499.99,284507,19.179740559469217,9589.678482329015,101.62096191368049,499.99,low,global:all:all:simple_power_law,simple_power_law,[]
coway,Other,B00E4XYQNG,"CUCKOO CRP-HY1083F | 10-Cup (Uncooked) Induction Heating Pressure Rice Cooker | 13 Menu Options, Auto-Clean, Voice Navigation, Stainless Steel Inner Pot, Made in Korea | Black",2022-11,keepa_backcast_estimate,,,489.99,284507,19.111740069527784,9364.561516667918,101.26067157622656,489.99,low,global:all:all:simple_power_law,simple_power_law,[]
coway,Other,B00E4XYQNG,"CUCKOO CRP-HY1083F | 10-Cup (Uncooked) Induction Heating Pressure Rice Cooker | 13 Menu Options, Auto-Clean, Voice Navigation, Stainless Steel Inner Pot, Made in Korea | Black",2022-12,keepa_backcast_estimate,,,489.99,284507,19.111740069527784,9364.561516667918,101.26067157622656,489.99,low,global:all:all:simple_power_law,simple_power_law,[]
coway,Other,B00E4XYQNG,"CUCKOO CRP-HY1083F | 10-Cup (Uncooked) Induction Heating Pressure Rice Cooker | 13 Menu Options, Auto-Clean, Voice Navigation, Stainless Steel Inner Pot, Made in Korea | Black",2023-08,keepa_backcast_estimate,,,449.99,284507,18.82764673251289,8472.252753163475,99.75544588815185,449.99,low,global:all:all:simple_power_law,simple_power_law,[]
coway,Other,B00E4XYQNG,"CUCKOO CRP-HY1083F | 10-Cup (Uncooked) Induction Heating Pressure Rice Cooker | 13 Menu Options, Auto-Clean, Voice Navigation, Stainless Steel Inner Pot, Made in Korea | Black",2024-12,keepa_backcast_estimate,,,469.99,284507,18.97220522413625,8916.746733291797,100.5213672480372,469.99,low,global:all:all:simple_power_law,simple_power_law,[]
coway,Other,B00E4XYQNG,"CUCKOO CRP-HY1083F | 10-Cup (Uncooked) Induction Heating Pressure Rice Cooker | 13 Menu Options, Auto-Clean, Voice Navigation, Stainless Steel Inner Pot, Made in Korea | Black",2025-07,keepa_backcast_estimate,,,449.99,284507,18.82764673251289,8472.252753163475,99.75544588815185,449.99,low,global:all:all:simple_power_law,simple_power_law,[]
coway,Other,B00E4XYQNG,"CUCKOO CRP-HY1083F | 10-Cup (Uncooked) Induction Heating Pressure Rice Cooker | 13 Menu Options, Auto-Clean, Voice Navigation, Stainless Steel Inner Pot, Made in Korea | Black",2026-01,keepa_backcast_estimate,,,439.99,284507,18.753355632557685,8251.288944769056,99.36182570253648,439.99,low,global:all:all:simple_power_law,simple_power_law,[]
coway,Other,B00HUWBDHU,Cuckoo Pressure Cover Packing Replacement Ring | CCP-06 by Cuckoo,2017-02,keepa_backcast_estimate,,,11.01,1055398,4.284222782191877,47.169292831932566,87.18393360032964,11.01,low,global:all:all:simple_power_law,simple_power_law,[]
coway,Other,B00HUWBDHU,Cuckoo Pressure Cover Packing Replacement Ring | CCP-06 by Cuckoo,2017-04,keepa_backcast_estimate,,,12,1055398,4.354761853669958,52.25714224403949,88.61940370462415,12,low,global:all:all:simple_power_law,simple_power_law,[]
coway,Other,B00HUWBDHU,Cuckoo Pressure Cover Packing Replacement Ring | CCP-06 by Cuckoo,2017-05,keepa_backcast_estimate,,,11.99,1055398,4.354072053407796,52.205323920359476,88.60536626929193,11.99,low,global:all:all:simple_power_law,simple_power_law,[]
coway,Other,B00HUWBDHU,Cuckoo Pressure Cover Packing Replacement Ring | CCP-06 by Cuckoo,2017-06,keepa_backcast_estimate,,,11.95,1055398,4.351308423447424,51.998135660196716,88.5491263996095,11.95,low,global:all:all:simple_power_law,simple_power_law,[]
coway,Other,B00HUWBDHU,Cuckoo Pressure Cover Packing Replacement Ring | CCP-06 by Cuckoo,2017-07,keepa_backcast_estimate,,,380.975,1055398,8.430110649167299,3211.661404566512,171.5527516765622,380.975,low,global:all:all:simple_power_law,simple_power_law,[]
coway,Other,B00HUWBDHU,Cuckoo Pressure Cover Packing Replacement Ring | CCP-06 by Cuckoo,2017-09,keepa_backcast_estimate,,,11.95,1055398,4.351308423447424,51.998135660196716,88.5491263996095,11.95,low,global:all:all:simple_power_law,simple_power_law,[]
coway,Other,B00HUWBDHU,Cuckoo Pressure Cover Packing Replacement Ring | CCP-06 by Cuckoo,2017-10,keepa_backcast_estimate,,,11.93,1055398,4.349923942342083,51.89459263214105,88.52095220912139,11.93,low,global:all:all:simple_power_law,simple_power_law,[]
coway,Other,B00HUWBDHU,Cuckoo Pressure Cover Packing Replacement Ring | CCP-06 by Cuckoo,2017-11,keepa_backcast_estimate,,,11.905000000000001,1055398,4.348190831423081,51.76521184809179,88.4856834019267,11.905000000000001,low,global:all:all:simple_power_law,simple_power_law,[]
coway,Other,B00HUWBDHU,Cuckoo Pressure Cover Packing Replacement Ring | CCP-06 by Cuckoo,2017-12,keepa_backcast_estimate,,,11.88,1055398,4.34645492288225,51.63588448384114,88.45035766312779,11.88,low,global:all:all:simple_power_law,simple_power_law,[]
coway,Other,B00HUWBDHU,Cuckoo Pressure Cover Packing Replacement Ring | CCP-06 by Cuckoo,2018-01,keepa_backcast_estimate,,,11.463999999999999,1055398,4.317149530317177,49.49180221555611,87.85399292454672,11.463999999999999,low,global:all:all:simple_power_law,simple_power_law,[]
coway,Other,B00HUWBDHU,Cuckoo Pressure Cover Packing Replacement Ring | CCP-06 by Cuckoo,2018-02,keepa_backcast_estimate,,,11.64,1055398,4.329645875044495,50.397077985517925,88.10829353969724,11.64,low,global:all:all:simple_power_law,simple_power_law,[]
coway,Other,B00HUWBDHU,Cuckoo Pressure Cover Packing Replacement Ring | CCP-06 by Cuckoo,2018-03,keepa_backcast_estimate,,,14.69,1055398,4.526043907092646,66.48758499519097,92.1049934910852,14.69,low,global:all:all:simple_power_law,simple_power_law,[]
coway,Other,B00HUWBDHU,Cuckoo Pressure Cover Packing Replacement Ring | CCP-06 by Cuckoo,2018-04,keepa_backcast_estimate,,,11.64,1055398,4.329645875044495,50.397077985517925,88.10829353969724,11.64,low,global:all:all:simple_power_law,simple_power_law,[]
coway,Other,B00HUWBDHU,Cuckoo Pressure Cover Packing Replacement Ring | CCP-06 by Cuckoo,2018-06,keepa_backcast_estimate,,,12.73,1055398,4.403963215221863,56.06245172977431,89.620651412007,12.73,low,global:all:all:simple_power_law,simple_power_law,[]
coway,Other,B00HUWBDHU,Cuckoo Pressure Cover Packing Replacement Ring | CCP-06 by Cuckoo,2018-07,keepa_backcast_estimate,,,11.185625,1055398,4.297081081272171,48.06553756970502,87.44559998656176,11.185625,low,global:all:all:simple_power_law,simple_power_law,[]
coway,Other,B00HUWBDHU,Cuckoo Pressure Cover Packing Replacement Ring | CCP-06 by Cuckoo,2018-08,keepa_backcast_estimate,,,12.506666666666666,1055398,4.389146801787056,54.893596001016775,89.31913739866843,12.506666666666666,low,global:all:all:simple_power_law,simple_power_law,[]
coway,Other,B00HUWBDHU,Cuckoo Pressure Cover Packing Replacement Ring | CCP-06 by Cuckoo,2018-09,keepa_backcast_estimate,,,386.008,1055398,8.450799032989648,3262.076033126268,171.9737602872636,386.008,low,global:all:all:simple_power_law,simple_power_law,[]
coway,Other,B00HUWBDHU,Cuckoo Pressure Cover Packing Replacement Ring | CCP-06 by Cuckoo,2018-10,keepa_backcast_estimate,,,10.39,1055398,4.237540658386086,44.02804744063144,86.23395238107003,10.39,low,global:all:all:simple_power_law,simple_power_law,[]
coway,Other,B00HUWBDHU,Cuckoo Pressure Cover Packing Replacement Ring | CCP-06 by Cuckoo,2018-11,keepa_backcast_estimate,,,13.025,1055398,4.423229589030059,57.61256539711651,90.01272211892612,13.025,low,global:all:all:simple_power_law,simple_power_law,[]
coway,Other,B00HUWBDHU,Cuckoo Pressure Cover Packing Replacement Ring | CCP-06 by Cuckoo,2018-12,keepa_backcast_estimate,,,13.025,1055398,4.423229589030059,57.61256539711651,90.01272211892612,13.025,low,global:all:all:simple_power_law,simple_power_law,[]
coway,Other,B00HUWBDHU,Cuckoo Pressure Cover Packing Replacement Ring | CCP-06 by Cuckoo,2019-01,keepa_backcast_estimate,,,11.64,1055398,4.329645875044495,50.397077985517925,88.10829353969724,11.64,low,global:all:all:simple_power_law,simple_power_law,[]
coway,Other,B00HUWBDHU,Cuckoo Pressure Cover Packing Replacement Ring | CCP-06 by Cuckoo,2019-03,keepa_backcast_estimate,,,13.410000000000002,1055398,4.447872630286497,59.645971972141936,90.51420800839527,13.410000000000002,low,global:all:all:simple_power_law,simple_power_law,[]
coway,Other,B00HUWBDHU,Cuckoo Pressure Cover Packing Replacement Ring | CCP-06 by Cuckoo,2019-05,keepa_backcast_estimate,,,11.354999999999999,1055398,4.309336454518601,48.932515441058705,87.6949968320772,11.354999999999999,low,global:all:all:simple_power_law,simple_power_law,[]
coway,Other,B00HUWBDHU,Cuckoo Pressure Cover Packing Replacement Ring | CCP-06 by Cuckoo,2019-06,keepa_backcast_estimate,,,12.516666666666666,1055398,4.389814569547273,54.945845695500026,89.33272647258616,12.516666666666666,low,global:all:all:simple_power_law,simple_power_law,[]
coway,Other,B00HUWBDHU,Cuckoo Pressure Cover Packing Replacement Ring | CCP-06 by Cuckoo,2019-07,keepa_backcast_estimate,,,11.01,1055398,4.284222782191877,47.169292831932566,87.18393360032964,11.01,low,global:all:all:simple_power_law,simple_power_law,[]
coway,Other,B00HUWBDHU,Cuckoo Pressure Cover Packing Replacement Ring | CCP-06 by Cuckoo,2019-08,keepa_backcast_estimate,,,11.11,1055398,4.291563274751673,47.67926798249108,87.33331262389189,11.11,low,global:all:all:simple_power_law,simple_power_law,[]
coway,Other,B00HUWBDHU,Cuckoo Pressure Cover Packing Replacement Ring | CCP-06 by Cuckoo,2019-09,keepa_backcast_estimate,,,11.21,1055398,4.298853472182498,48.190147423165804,87.48166814157977,11.21,low,global:all:all:simple_power_law,simple_power_law,[]
coway,Other,B00HUWBDHU,Cuckoo Pressure Cover Packing Replacement Ring | CCP-06 by Cuckoo,2019-10,keepa_backcast_estimate,,,14.97,1055398,4.542432187610688,68.000209848532,92.43849499956126,14.97,low,global:all:all:simple_power_law,simple_power_law,[]
coway,Other,B00HUWBDHU,Cuckoo Pressure Cover Packing Replacement Ring | CCP-06 by Cuckoo,2019-11,keepa_backcast_estimate,,,11.906666666666666,1055398,4.348306459078284,51.77383557275876,88.4880364247096,11.906666666666666,low,global:all:all:simple_power_law,simple_power_law,[]
coway,Other,B00HUWBDHU,Cuckoo Pressure Cover Packing Replacement Ring | CCP-06 by Cuckoo,2020-02,keepa_backcast_estimate,,,19.275,1055398,4.768377462254092,91.91047558494762,97.03648133764348,19.275,low,global:all:all:simple_power_law,simple_power_law,[]
coway,Other,B00HUWBDHU,Cuckoo Pressure Cover Packing Replacement Ring | CCP-06 by Cuckoo,2020-03,keepa_backcast_estimate,,,17.49,1055398,4.680063206560908,81.85430548275026,95.23928623464327,17.49,low,global:all:all:simple_power_law,simple_power_law,[]
coway,Other,B00HUWBDHU,Cuckoo Pressure Cover Packing Replacement Ring | CCP-06 by Cuckoo,2020-04,keepa_backcast_estimate,,,19.49,1055398,4.778572988818121,93.13438755206518,97.24396030318036,19.49,low,global:all:all:simple_power_law,simple_power_law,[]
coway,Other,B00HUWBDHU,Cuckoo Pressure Cover Packing Replacement Ring | CCP-06 by Cuckoo,2020-05,keepa_backcast_estimate,,,20.589999999999996,1055398,4.829383825602951,99.43701296916475,98.27796083154676,20.589999999999996,low,global:all:all:simple_power_law,simple_power_law,[]
coway,Other,B00HUWBDHU,Cuckoo Pressure Cover Packing Replacement Ring | CCP-06 by Cuckoo,2020-06,keepa_backcast_estimate,,,24.49,1055398,4.993713208684447,122.2960364806821,101.6220637765926,24.49,low,global:all:all:simple_power_law,simple_power_law,[]
coway,Other,B00HUWBDHU,Cuckoo Pressure Cover Packing Replacement Ring | CCP-06 by Cuckoo,2020-07,keepa_backcast_estimate,,,23.99,1055398,4.973867881062717,119.32309046669458,101.2182113595704,23.99,low,global:all:all:simple_power_law,simple_power_law,[]
coway,Other,B00HUWBDHU,Cuckoo Pressure Cover Packing Replacement Ring | CCP-06 by Cuckoo,2020-08,keepa_backcast_estimate,,,24.115,1055398,4.978859992660663,120.06520872301188,101.31980083056847,24.115,low,global:all:all:simple_power_law,simple_power_law,[]
coway,Other,B00HUWBDHU,Cuckoo Pressure Cover Packing Replacement Ring | CCP-06 by Cuckoo,2020-09,keepa_backcast_estimate,,,24.319999999999997,1055398,4.987002451982994,121.2838996322264,101.48549987774507,24.319999999999997,low,global:all:all:simple_power_law,simple_power_law,[]
coway,Other,B00HUWBDHU,Cuckoo Pressure Cover Packing Replacement Ring | CCP-06 by Cuckoo,2020-10,keepa_backcast_estimate,,,20.99,1055398,4.847326722660322,101.74538790864014,98.64309878659189,20.99,low,global:all:all:simple_power_law,simple_power_law,[]
coway,Other,B00HUWBDHU,Cuckoo Pressure Cover Packing Replacement Ring | CCP-06 by Cuckoo,2020-11,keepa_backcast_estimate,,,22.95,1055398,4.9315071506876835,113.17808910828234,100.35617049660928,22.95,low,global:all:all:simple_power_law,simple_power_law,[]
coway,Other,B00HUWBDHU,Cuckoo Pressure Cover Packing Replacement Ring | CCP-06 by Cuckoo,2020-12,keepa_backcast_estimate,,,22.95,1055398,4.9315071506876835,113.17808910828234,100.35617049660928,22.95,low,global:all:all:simple_power_law,simple_power_law,[]
coway,Other,B00HUWBDHU,Cuckoo Pressure Cover Packing Replacement Ring | CCP-06 by Cuckoo,2021-01,keepa_backcast_estimate,,,22.95,1055398,4.9315071506876835,113.17808910828234,100.35617049660928,22.95,low,global:all:all:simple_power_law,simple_power_law,[]
coway,Other,B00HUWBDHU,Cuckoo Pressure Cover Packing Replacement Ring | CCP-06 by Cuckoo,2021-02,keepa_backcast_estimate,,,25.47,1055398,5.0316878775396265,128.15709024093428,102.39484828764236,25.47,low,global:all:all:simple_power_law,simple_power_law,[]
coway,Other,B00HUWBDHU,Cuckoo Pressure Cover Packing Replacement Ring | CCP-06 by Cuckoo,2021-03,keepa_backcast_estimate,,,22.95,1055398,4.9315071506876835,113.17808910828234,100.35617049660928,22.95,low,global:all:all:simple_power_law,simple_power_law,[]
coway,Other,B00HUWBDHU,Cuckoo Pressure Cover Packing Replacement Ring | CCP-06 by Cuckoo,2021-04,keepa_backcast_estimate,,,22.9,1055398,4.929432262327586,112.88399880730171,100.31394651848966,22.9,low,global:all:all:simple_power_law,simple_power_law,[]
coway,Other,B00HUWBDHU,Cuckoo Pressure Cover Packing Replacement Ring | CCP-06 by Cuckoo,2021-05,keepa_backcast_estimate,,,443.53,1055398,8.672608091053961,3846.561866625163,176.48757461797797,443.53,low,global:all:all:simple_power_law,simple_power_law,[]
coway,Other,B00HUWBDHU,Cuckoo Pressure Cover Packing Replacement Ring | CCP-06 by Cuckoo,2021-06,keepa_backcast_estimate,,,16.78,1055398,4.6429512191481965,77.90872145730674,94.48405729094425,16.78,low,global:all:all:simple_power_law,simple_power_law,[]
coway,Other,B00HUWBDHU,Cuckoo Pressure Cover Packing Replacement Ring | CCP-06 by Cuckoo,2021-07,keepa_backcast_estimate,,,15.545000000000002,1055398,4.575350206946576,71.12381896698453,93.10837669291385,15.545000000000002,low,global:all:all:simple_power_law,simple_power_law,[]
coway,Other,B00HUWBDHU,Cuckoo Pressure Cover Packing Replacement Ring | CCP-06 by Cuckoo,2021-08,keepa_backcast_estimate,,,22.95,1055398,4.9315071506876835,113.17808910828234,100.35617049660928,22.95,low,global:all:all:simple_power_law,simple_power_law,[]
coway,Other,B00HUWBDHU,Cuckoo Pressure Cover Packing Replacement Ring | CCP-06 by Cuckoo,2021-10,keepa_backcast_estimate,,,285.475,1055398,7.986672558347805,2279.9953485943397,162.52878653017356,285.475,low,global:all:all:simple_power_law,simple_power_law,[]
coway,Other,B00HUWBDHU,Cuckoo Pressure Cover Packing Replacement Ring | CCP-06 by Cuckoo,2021-11,keepa_backcast_estimate,,,22.95,1055398,4.9315071506876835,113.17808910828234,100.35617049660928,22.95,low,global:all:all:simple_power_law,simple_power_law,[]
coway,Other,B00HUWBDHU,Cuckoo Pressure Cover Packing Replacement Ring | CCP-06 by Cuckoo,2021-12,keepa_backcast_estimate,,,25.5,1055398,5.032831779471071,128.3372103765123,102.41812669194263,25.5,low,global:all:all:simple_power_law,simple_power_law,[]
coway,Other,B00HUWBDHU,Cuckoo Pressure Cover Packing Replacement Ring | CCP-06 by Cuckoo,2022-01,keepa_backcast_estimate,,,28.744999999999997,1055398,5.150635262050672,148.05501060764655,104.81542756196251,28.744999999999997,low,global:all:all:simple_power_law,simple_power_law,[]
coway,Other,B00HUWBDHU,Cuckoo Pressure Cover Packing Replacement Ring | CCP-06 by Cuckoo,2022-03,keepa_backcast_estimate,,,26.5,1055398,5.07035860227705,134.36450296034184,103.18179753589301,26.5,low,global:all:all:simple_power_law,simple_power_law,[]
coway,Other,B00HUWBDHU,Cuckoo Pressure Cover Packing Replacement Ring | CCP-06 by Cuckoo,2022-04,keepa_backcast_estimate,,,29.67,1055398,5.182249450924292,153.75734120892375,105.45877630541321,29.67,low,global:all:all:simple_power_law,simple_power_law,[]
coway,Other,B00HUWBDHU,Cuckoo Pressure Cover Packing Replacement Ring | CCP-06 by Cuckoo,2022-05,keepa_backcast_estimate,,,22.9,1055398,4.929432262327586,112.88399880730171,100.31394651848966,22.9,low,global:all:all:simple_power_law,simple_power_law,[]
coway,Other,B00HUWBDHU,Cuckoo Pressure Cover Packing Replacement Ring | CCP-06 by Cuckoo,2022-07,keepa_backcast_estimate,,,23.929999999999996,1055398,4.971464279163342,118.96714020037876,101.16929806092783,23.929999999999996,low,global:all:all:simple_power_law,simple_power_law,[]
coway,Other,B00HUWBDHU,Cuckoo Pressure Cover Packing Replacement Ring | CCP-06 by Cuckoo,2022-09,keepa_backcast_estimate,,,23.266666666666666,1055398,4.944564995257206,115.04354555631765,100.62189763354641,23.266666666666666,low,global:all:all:simple_power_law,simple_power_law,[]
coway,Other,B00HUWBDHU,Cuckoo Pressure Cover Packing Replacement Ring | CCP-06 by Cuckoo,2022-10,keepa_backcast_estimate,,,24,1055398,4.974268014139334,119.382432339344,101.22635406767793,24,low,global:all:all:simple_power_law,simple_power_law,[]
coway,Other,B00HUWBDHU,Cuckoo Pressure Cover Packing Replacement Ring | CCP-06 by Cuckoo,2022-11,keepa_backcast_estimate,,,24.4,1055398,4.990165113023477,121.76002875777283,101.54986002990616,24.4,low,global:all:all:simple_power_law,simple_power_law,[]
coway,Other,B00HUWBDHU,Cuckoo Pressure Cover Packing Replacement Ring | CCP-06 by Cuckoo,2022-12,keepa_backcast_estimate,,,24.6,1055398,4.9980356329211215,122.9516765698596,101.71002510979147,24.6,low,global:all:all:simple_power_law,simple_power_law,[]
coway,Other,B00HUWBDHU,Cuckoo Pressure Cover Packing Replacement Ring | CCP-06 by Cuckoo,2023-02,keepa_backcast_estimate,,,24,1055398,4.974268014139334,119.382432339344,101.22635406767793,24,low,global:all:all:simple_power_law,simple_power_law,[]
coway,Other,B00HUWBDHU,Cuckoo Pressure Cover Packing Replacement Ring | CCP-06 by Cuckoo,2023-03,keepa_backcast_estimate,,,34.87,1055398,5.346488675125199,186.4320601016157,108.80104451723942,34.87,low,global:all:all:simple_power_law,simple_power_law,[]
coway,Other,B00HUWBDHU,Cuckoo Pressure Cover Packing Replacement Ring | CCP-06 by Cuckoo,2023-04,keepa_backcast_estimate,,,29.99,1055398,5.193001511281101,155.73811532332022,105.67758073363092,29.99,low,global:all:all:simple_power_law,simple_power_law,[]
coway,Other,B00HUWBDHU,Cuckoo Pressure Cover Packing Replacement Ring | CCP-06 by Cuckoo,2023-10,keepa_backcast_estimate,,,24.326666666666664,1055398,4.9872663245908395,121.32356545621315,101.49086968531367,24.326666666666664,low,global:all:all:simple_power_law,simple_power_law,[]
coway,Other,B00HUWBDHU,Cuckoo Pressure Cover Packing Replacement Ring | CCP-06 by Cuckoo,2023-11,keepa_backcast_estimate,,,23.99,1055398,4.973867881062717,119.32309046669458,101.2182113595704,23.99,low,global:all:all:simple_power_law,simple_power_law,[]
coway,Other,B00HUWBDHU,Cuckoo Pressure Cover Packing Replacement Ring | CCP-06 by Cuckoo,2024-09,keepa_backcast_estimate,,,23,1055398,4.933578435649572,113.47230401994017,100.39832114557537,23,low,global:all:all:simple_power_law,simple_power_law,[]
coway,Other,B00HUWBDHU,Cuckoo Pressure Cover Packing Replacement Ring | CCP-06 by Cuckoo,2024-10,keepa_backcast_estimate,,,23,1055398,4.933578435649572,113.47230401994017,100.39832114557537,23,low,global:all:all:simple_power_law,simple_power_law,[]
coway,Other,B00HUWBDHU,Cuckoo Pressure Cover Packing Replacement Ring | CCP-06 by Cuckoo,2024-12,keepa_backcast_estimate,,,22.166666666666668,1055398,4.898577567629614,108.58513608245644,99.68605348151034,22.166666666666668,low,global:all:all:simple_power_law,simple_power_law,[]
coway,Other,B00HUWBDHU,Cuckoo Pressure Cover Packing Replacement Ring | CCP-06 by Cuckoo,2025-01,keepa_backcast_estimate,,,24.8,1055398,5.005855123710749,124.14520706802656,101.86915174732887,24.8,low,global:all:all:simple_power_law,simple_power_law,[]
coway,Other,B00HUWBDHU,Cuckoo Pressure Cover Packing Replacement Ring | CCP-06 by Cuckoo,2025-05,keepa_backcast_estimate,,,348.33,1055398,8.290120527267998,2887.6976832632618,168.7039526964759,348.33,low,global:all:all:simple_power_law,simple_power_law,[]
coway,Other,B00HUWBDHU,Cuckoo Pressure Cover Packing Replacement Ring | CCP-06 by Cuckoo,2025-06,keepa_backcast_estimate,,,510,1055398,8.900915551326387,4539.466931176457,181.13363143360124,510,low,global:all:all:simple_power_law,simple_power_law,[]
coway,Other,B00HUWBDHU,Cuckoo Pressure Cover Packing Replacement Ring | CCP-06 by Cuckoo,2025-07,keepa_backcast_estimate,,,18.375,1055398,4.7246961727835615,86.81629217489794,96.14756709709431,18.375,low,global:all:all:simple_power_law,simple_power_law,[]
coway,Other,B00HUWBDHU,Cuckoo Pressure Cover Packing Replacement Ring | CCP-06 by Cuckoo,2025-08,keepa_backcast_estimate,,,17,1055398,4.65458065562076,79.12787114555292,94.72071632311402,17,low,global:all:all:simple_power_law,simple_power_law,[]
coway,Other,B00HUWBDHU,Cuckoo Pressure Cover Packing Replacement Ring | CCP-06 by Cuckoo,2025-09,keepa_backcast_estimate,,,20,1055398,4.802406098485354,96.04812196970707,97.72896408481243,20,low,global:all:all:simple_power_law,simple_power_law,[]
coway,Other,B00HUWBDHU,Cuckoo Pressure Cover Packing Replacement Ring | CCP-06 by Cuckoo,2025-10,keepa_backcast_estimate,,,25.990000000000002,1055398,5.05136455621442,131.28496481601277,102.79526869859508,25.990000000000002,low,global:all:all:simple_power_law,simple_power_law,[]
coway,Other,B00HUWBDHU,Cuckoo Pressure Cover Packing Replacement Ring | CCP-06 by Cuckoo,2025-11,keepa_backcast_estimate,,,24.66,1055398,5.000386805027428,123.30953861197636,101.75787146214532,24.66,low,global:all:all:simple_power_law,simple_power_law,[]
coway,Other,B00NJ12KAU,"CUCKOO High Pressure Rice Cooker 6-Cup Uncooked / 12-Cup Cooked with Induction Heating Technology, Versatile Rice Maker with 16 Menu Options and Steam Plate, Voice Guide, White (CRP-BHSS0609F)",2017-05,keepa_backcast_estimate,,,449.99,284507,18.82764673251289,8472.252753163475,101.66876517294858,449.99,low,global:all:all:simple_power_law,simple_power_law,[]
coway,Other,B00NJ12KAU,"CUCKOO High Pressure Rice Cooker 6-Cup Uncooked / 12-Cup Cooked with Induction Heating Technology, Versatile Rice Maker with 16 Menu Options and Steam Plate, Voice Guide, White (CRP-BHSS0609F)",2017-06,keepa_backcast_estimate,,,281.31,284507,17.3321203630399,4875.6987793267535,93.59296465320894,281.31,low,global:all:all:simple_power_law,simple_power_law,[]
coway,Other,B00NJ12KAU,"CUCKOO High Pressure Rice Cooker 6-Cup Uncooked / 12-Cup Cooked with Induction Heating Technology, Versatile Rice Maker with 16 Menu Options and Steam Plate, Voice Guide, White (CRP-BHSS0609F)",2017-07,keepa_backcast_estimate,,,278.33,284507,17.299581174542023,4814.992428310281,93.41725394643241,278.33,low,global:all:all:simple_power_law,simple_power_law,[]
coway,Other,B00NJ12KAU,"CUCKOO High Pressure Rice Cooker 6-Cup Uncooked / 12-Cup Cooked with Induction Heating Technology, Versatile Rice Maker with 16 Menu Options and Steam Plate, Voice Guide, White (CRP-BHSS0609F)",2017-09,keepa_backcast_estimate,,,404.99,284507,18.481775573288722,7484.9342894262,99.80107059768692,404.99,low,global:all:all:simple_power_law,simple_power_law,[]
coway,Other,B00NJ12KAU,"CUCKOO High Pressure Rice Cooker 6-Cup Uncooked / 12-Cup Cooked with Induction Heating Technology, Versatile Rice Maker with 16 Menu Options and Steam Plate, Voice Guide, White (CRP-BHSS0609F)",2017-10,keepa_backcast_estimate,,,499.99,284507,19.179740559469217,9589.678482329015,103.5700619797264,499.99,low,global:all:all:simple_power_law,simple_power_law,[]
coway,Other,B00NJ12KAU,"CUCKOO High Pressure Rice Cooker 6-Cup Uncooked / 12-Cup Cooked with Induction Heating Technology, Versatile Rice Maker with 16 Menu Options and Steam Plate, Voice Guide, White (CRP-BHSS0609F)",2017-12,keepa_backcast_estimate,,,469.58,284507,18.969293548053397,8907.600864294915,102.43365401069244,469.58,low,global:all:all:simple_power_law,simple_power_law,[]
coway,Other,B00NJ12KAU,"CUCKOO High Pressure Rice Cooker 6-Cup Uncooked / 12-Cup Cooked with Induction Heating Technology, Versatile Rice Maker with 16 Menu Options and Steam Plate, Voice Guide, White (CRP-BHSS0609F)",2018-01,keepa_backcast_estimate,,,484.815,284507,19.076095901562773,9248.377434516156,103.01038372912889,484.815,low,global:all:all:simple_power_law,simple_power_law,[]
coway,Other,B00NJ12KAU,"CUCKOO High Pressure Rice Cooker 6-Cup Uncooked / 12-Cup Cooked with Induction Heating Technology, Versatile Rice Maker with 16 Menu Options and Steam Plate, Voice Guide, White (CRP-BHSS0609F)",2018-05,keepa_backcast_estimate,,,698.13,284507,20.33757089503741,14198.268368952466,109.82231337202175,698.13,low,global:all:all:simple_power_law,simple_power_law,[]
coway,Other,B00NJ12KAU,"CUCKOO High Pressure Rice Cooker 6-Cup Uncooked / 12-Cup Cooked with Induction Heating Technology, Versatile Rice Maker with 16 Menu Options and Steam Plate, Voice Guide, White (CRP-BHSS0609F)",2018-06,keepa_backcast_estimate,,,478.115,284507,19.029475295522424,9098.277580918704,102.75863376190905,478.115,low,global:all:all:simple_power_law,simple_power_law,[]
coway,Other,B00NJ12KAU,"CUCKOO High Pressure Rice Cooker 6-Cup Uncooked / 12-Cup Cooked with Induction Heating Technology, Versatile Rice Maker with 16 Menu Options and Steam Plate, Voice Guide, White (CRP-BHSS0609F)",2018-07,keepa_backcast_estimate,,,449.99,284507,18.82764673251289,8472.252753163475,101.66876517294858,449.99,low,global:all:all:simple_power_law,simple_power_law,[]
coway,Other,B00NJ12KAU,"CUCKOO High Pressure Rice Cooker 6-Cup Uncooked / 12-Cup Cooked with Induction Heating Technology, Versatile Rice Maker with 16 Menu Options and Steam Plate, Voice Guide, White (CRP-BHSS0609F)",2018-08,keepa_backcast_estimate,,,449.99,284507,18.82764673251289,8472.252753163475,101.66876517294858,449.99,low,global:all:all:simple_power_law,simple_power_law,[]
coway,Other,B00NJ12KAU,"CUCKOO High Pressure Rice Cooker 6-Cup Uncooked / 12-Cup Cooked with Induction Heating Technology, Versatile Rice Maker with 16 Menu Options and Steam Plate, Voice Guide, White (CRP-BHSS0609F)",2018-09,keepa_backcast_estimate,,,442.9875,284507,18.775770347479032,8317.431566803867,101.38863414632799,442.9875,low,global:all:all:simple_power_law,simple_power_law,[]
coway,Other,B00NJ12KAU,"CUCKOO High Pressure Rice Cooker 6-Cup Uncooked / 12-Cup Cooked with Induction Heating Technology, Versatile Rice Maker with 16 Menu Options and Steam Plate, Voice Guide, White (CRP-BHSS0609F)",2018-12,keepa_backcast_estimate,,,519.995,284507,19.312451484512014,10042.378209688824,104.2866972589916,519.995,low,global:all:all:simple_power_law,simple_power_law,[]
coway,Other,B00NJ12KAU,"CUCKOO High Pressure Rice Cooker 6-Cup Uncooked / 12-Cup Cooked with Induction Heating Technology, Versatile Rice Maker with 16 Menu Options and Steam Plate, Voice Guide, White (CRP-BHSS0609F)",2019-01,keepa_backcast_estimate,,,1877.8,284507,24.177863484922973,45401.19205198836,130.559785827475,1877.8,low,global:all:all:simple_power_law,simple_power_law,[]
coway,Other,B00NJ12KAU,"CUCKOO High Pressure Rice Cooker 6-Cup Uncooked / 12-Cup Cooked with Induction Heating Technology, Versatile Rice Maker with 16 Menu Options and Steam Plate, Voice Guide, White (CRP-BHSS0609F)",2019-02,keepa_backcast_estimate,,,436.99,284507,18.730794851554712,8185.170042180894,101.14576772767087,436.99,low,global:all:all:simple_power_law,simple_power_law,[]
coway,Other,B00NJ12KAU,"CUCKOO High Pressure Rice Cooker 6-Cup Uncooked / 12-Cup Cooked with Induction Heating Technology, Versatile Rice Maker with 16 Menu Options and Steam Plate, Voice Guide, White (CRP-BHSS0609F)",2019-03,keepa_backcast_estimate,,,461.735,284507,18.913170137686212,8732.872613524543,102.1305891661905,461.735,low,global:all:all:simple_power_law,simple_power_law,[]
coway,Other,B00NJ12KAU,"CUCKOO High Pressure Rice Cooker 6-Cup Uncooked / 12-Cup Cooked with Induction Heating Technology, Versatile Rice Maker with 16 Menu Options and Steam Plate, Voice Guide, White (CRP-BHSS0609F)",2019-05,keepa_backcast_estimate,,,429.99333333333334,284507,18.67767389948123,8031.275258950933,100.85891607388476,429.99333333333334,low,global:all:all:simple_power_law,simple_power_law,[]
coway,Other,B00NJ12KAU,"CUCKOO High Pressure Rice Cooker 6-Cup Uncooked / 12-Cup Cooked with Induction Heating Technology, Versatile Rice Maker with 16 Menu Options and Steam Plate, Voice Guide, White (CRP-BHSS0609F)",2019-06,keepa_backcast_estimate,,,466.29200000000003,284507,18.945866623691394,8834.306039694307,102.30714927510209,466.29200000000003,low,global:all:all:simple_power_law,simple_power_law,[]
coway,Other,B00NJ12KAU,"CUCKOO High Pressure Rice Cooker 6-Cup Uncooked / 12-Cup Cooked with Induction Heating Technology, Versatile Rice Maker with 16 Menu Options and Steam Plate, Voice Guide, White (CRP-BHSS0609F)",2019-07,keepa_backcast_estimate,,,423.99,284507,18.631519231509834,7899.577838967854,100.6096821591908,423.99,low,global:all:all:simple_power_law,simple_power_law,[]
coway,Other,B00NJ12KAU,"CUCKOO High Pressure Rice Cooker 6-Cup Uncooked / 12-Cup Cooked with Induction Heating Technology, Versatile Rice Maker with 16 Menu Options and Steam Plate, Voice Guide, White (CRP-BHSS0609F)",2019-08,keepa_backcast_estimate,,,1163.895,284507,22.241551620662,25886.8307235304,120.1037559780734,1163.895,low,global:all:all:simple_power_law,simple_power_law,[]
coway,Other,B00NJ12KAU,"CUCKOO High Pressure Rice Cooker 6-Cup Uncooked / 12-Cup Cooked with Induction Heating Technology, Versatile Rice Maker with 16 Menu Options and Steam Plate, Voice Guide, White (CRP-BHSS0609F)",2019-09,keepa_backcast_estimate,,,498.99,284507,19.172991626474946,9567.131091694733,103.53361793053051,498.99,low,global:all:all:simple_power_law,simple_power_law,[]
coway,Other,B00NJ12KAU,"CUCKOO High Pressure Rice Cooker 6-Cup Uncooked / 12-Cup Cooked with Induction Heating Technology, Versatile Rice Maker with 16 Menu Options and Steam Plate, Voice Guide, White (CRP-BHSS0609F)",2019-10,keepa_backcast_estimate,,,449.99,284507,18.82764673251289,8472.252753163475,101.66876517294858,449.99,low,global:all:all:simple_power_law,simple_power_law,[]
coway,Other,B00NJ12KAU,"CUCKOO High Pressure Rice Cooker 6-Cup Uncooked / 12-Cup Cooked with Induction Heating Technology, Versatile Rice Maker with 16 Menu Options and Steam Plate, Voice Guide, White (CRP-BHSS0609F)",2019-11,keepa_backcast_estimate,,,404.99,284507,18.481775573288722,7484.9342894262,99.80107059768692,404.99,low,global:all:all:simple_power_law,simple_power_law,[]
coway,Other,B00NJ12KAU,"CUCKOO High Pressure Rice Cooker 6-Cup Uncooked / 12-Cup Cooked with Induction Heating Technology, Versatile Rice Maker with 16 Menu Options and Steam Plate, Voice Guide, White (CRP-BHSS0609F)",2019-12,keepa_backcast_estimate,,,399.9,284507,18.440670388606208,7374.424088403622,99.5791037513651,399.9,low,global:all:all:simple_power_law,simple_power_law,[]
coway,Other,B00NJ12KAU,"CUCKOO High Pressure Rice Cooker 6-Cup Uncooked / 12-Cup Cooked with Induction Heating Technology, Versatile Rice Maker with 16 Menu Options and Steam Plate, Voice Guide, White (CRP-BHSS0609F)",2020-02,keepa_backcast_estimate,,,422.99,284507,18.62377838526591,7877.672019183628,100.56788180622081,422.99,low,global:all:all:simple_power_law,simple_power_law,[]
coway,Other,B00NJ12KAU,"CUCKOO High Pressure Rice Cooker 6-Cup Uncooked / 12-Cup Cooked with Induction Heating Technology, Versatile Rice Maker with 16 Menu Options and Steam Plate, Voice Guide, White (CRP-BHSS0609F)",2020-03,keepa_backcast_estimate,,,425.6175,284507,18.644085095096436,7935.248887962208,100.67753747070857,425.6175,low,global:all:all:simple_power_law,simple_power_law,[]
coway,Other,B00NJ12KAU,"CUCKOO High Pressure Rice Cooker 6-Cup Uncooked / 12-Cup Cooked with Induction Heating Technology, Versatile Rice Maker with 16 Menu Options and Steam Plate, Voice Guide, White (CRP-BHSS0609F)",2020-04,keepa_backcast_estimate,,,448.588,284507,18.81731430308861,8441.221388593915,101.61297034337018,448.588,low,global:all:all:simple_power_law,simple_power_law,[]
coway,Other,B00NJ12KAU,"CUCKOO High Pressure Rice Cooker 6-Cup Uncooked / 12-Cup Cooked with Induction Heating Technology, Versatile Rice Maker with 16 Menu Options and Steam Plate, Voice Guide, White (CRP-BHSS0609F)",2020-05,keepa_backcast_estimate,,,448.92499999999995,284507,18.81980036500329,8448.6788788591,101.62639500809858,448.92499999999995,low,global:all:all:simple_power_law,simple_power_law,[]
coway,Other,B00NJ12KAU,"CUCKOO High Pressure Rice Cooker 6-Cup Uncooked / 12-Cup Cooked with Induction Heating Technology, Versatile Rice Maker with 16 Menu Options and Steam Plate, Voice Guide, White (CRP-BHSS0609F)",2020-06,keepa_backcast_estimate,,,427.495,284507,18.658531715687772,7976.429015797944,100.75554881738988,427.495,low,global:all:all:simple_power_law,simple_power_law,[]
coway,Other,B00NJ12KAU,"CUCKOO High Pressure Rice Cooker 6-Cup Uncooked / 12-Cup Cooked with Induction Heating Technology, Versatile Rice Maker with 16 Menu Options and Steam Plate, Voice Guide, White (CRP-BHSS0609F)",2020-07,keepa_backcast_estimate,,,449.99,284507,18.82764673251289,8472.252753163475,101.66876517294858,449.99,low,global:all:all:simple_power_law,simple_power_law,[]
coway,Other,B00NJ12KAU,"CUCKOO High Pressure Rice Cooker 6-Cup Uncooked / 12-Cup Cooked with Induction Heating Technology, Versatile Rice Maker with 16 Menu Options and Steam Plate, Voice Guide, White (CRP-BHSS0609F)",2020-08,keepa_backcast_estimate,,,445.99333333333334,284507,18.798121212018167,8383.836739752021,101.509328189005,445.99333333333334,low,global:all:all:simple_power_law,simple_power_law,[]
coway,Other,B00NJ12KAU,"CUCKOO High Pressure Rice Cooker 6-Cup Uncooked / 12-Cup Cooked with Induction Heating Technology, Versatile Rice Maker with 16 Menu Options and Steam Plate, Voice Guide, White (CRP-BHSS0609F)",2020-09,keepa_backcast_estimate,,,325.28333333333336,284507,17.781820401644236,5784.1298129815095,96.02133226986797,325.28333333333336,low,global:all:all:simple_power_law,simple_power_law,[]
coway,Other,B00NJ12KAU,"CUCKOO High Pressure Rice Cooker 6-Cup Uncooked / 12-Cup Cooked with Induction Heating Technology, Versatile Rice Maker with 16 Menu Options and Steam Plate, Voice Guide, White (CRP-BHSS0609F)",2020-10,keepa_backcast_estimate,,,254.45,284507,17.02783594886818,4332.732857189509,91.94983733678283,254.45,low,global:all:all:simple_power_law,simple_power_law,[]
coway,Other,B00NJ12KAU,"CUCKOO High Pressure Rice Cooker 6-Cup Uncooked / 12-Cup Cooked with Induction Heating Technology, Versatile Rice Maker with 16 Menu Options and Steam Plate, Voice Guide, White (CRP-BHSS0609F)",2020-11,keepa_backcast_estimate,,,375.725,284507,18.239295262137556,6852.959212366633,98.49168370702897,375.725,low,global:all:all:simple_power_law,simple_power_law,[]
coway,Other,B00NJ12KAU,"CUCKOO High Pressure Rice Cooker 6-Cup Uncooked / 12-Cup Cooked with Induction Heating Technology, Versatile Rice Maker with 16 Menu Options and Steam Plate, Voice Guide, White (CRP-BHSS0609F)",2020-12,keepa_backcast_estimate,,,260.43,284507,17.097809406765357,4452.782503803902,92.32769205013913,260.43,low,global:all:all:simple_power_law,simple_power_law,[]
coway,Other,B00NJ12KAU,"CUCKOO High Pressure Rice Cooker 6-Cup Uncooked / 12-Cup Cooked with Induction Heating Technology, Versatile Rice Maker with 16 Menu Options and Steam Plate, Voice Guide, White (CRP-BHSS0609F)",2021-01,keepa_backcast_estimate,,,433.7333333333333,284507,18.70615775869532,8113.4841585381155,101.01272811607988,433.7333333333333,low,global:all:all:simple_power_law,simple_power_law,[]
coway,Other,B00NJ12KAU,"CUCKOO High Pressure Rice Cooker 6-Cup Uncooked / 12-Cup Cooked with Induction Heating Technology, Versatile Rice Maker with 16 Menu Options and Steam Plate, Voice Guide, White (CRP-BHSS0609F)",2021-02,keepa_backcast_estimate,,,452.0363157894735,284507,18.842679727370953,8517.575523561767,101.74994292425149,452.0363157894735,low,global:all:all:simple_power_law,simple_power_law,[]
coway,Other,B00NJ12KAU,"CUCKOO High Pressure Rice Cooker 6-Cup Uncooked / 12-Cup Cooked with Induction Heating Technology, Versatile Rice Maker with 16 Menu Options and Steam Plate, Voice Guide, White (CRP-BHSS0609F)",2021-03,keepa_backcast_estimate,,,469.99,284507,18.97220522413625,8916.746733291797,102.44937698001159,469.99,low,global:all:all:simple_power_law,simple_power_law,[]
coway,Other,B00NJ12KAU,"CUCKOO High Pressure Rice Cooker 6-Cup Uncooked / 12-Cup Cooked with Induction Heating Technology, Versatile Rice Maker with 16 Menu Options and Steam Plate, Voice Guide, White (CRP-BHSS0609F)",2021-04,keepa_backcast_estimate,,,417.1627272727272,284507,18.57836556515982,7750.2016474317925,100.32265384922741,417.1627272727272,low,global:all:all:simple_power_law,simple_power_law,[]
coway,Other,B00NJ12KAU,"CUCKOO High Pressure Rice Cooker 6-Cup Uncooked / 12-Cup Cooked with Induction Heating Technology, Versatile Rice Maker with 16 Menu Options and Steam Plate, Voice Guide, White (CRP-BHSS0609F)",2021-05,keepa_backcast_estimate,,,408.9814285714286,284507,18.51370995702488,7571.763546381117,99.97351537568497,408.9814285714286,low,global:all:all:simple_power_law,simple_power_law,[]
coway,Other,B00NJ12KAU,"CUCKOO High Pressure Rice Cooker 6-Cup Uncooked / 12-Cup Cooked with Induction Heating Technology, Versatile Rice Maker with 16 Menu Options and Steam Plate, Voice Guide, White (CRP-BHSS0609F)",2021-06,keepa_backcast_estimate,,,322.59000000000003,284507,17.755775801425223,5727.835715781764,95.88069215794587,322.59000000000003,low,global:all:all:simple_power_law,simple_power_law,[]
coway,Other,B00NJ12KAU,"CUCKOO High Pressure Rice Cooker 6-Cup Uncooked / 12-Cup Cooked with Induction Heating Technology, Versatile Rice Maker with 16 Menu Options and Steam Plate, Voice Guide, White (CRP-BHSS0609F)",2021-07,keepa_backcast_estimate,,,306.45,284507,17.595807049650098,5392.235070365272,95.01686537755758,306.45,low,global:all:all:simple_power_law,simple_power_law,[]
coway,Other,B00NJ12KAU,"CUCKOO High Pressure Rice Cooker 6-Cup Uncooked / 12-Cup Cooked with Induction Heating Technology, Versatile Rice Maker with 16 Menu Options and Steam Plate, Voice Guide, White (CRP-BHSS0609F)",2021-08,keepa_backcast_estimate,,,459.995,284507,18.9006148809684,8694.188342171059,102.0627911314672,459.995,low,global:all:all:simple_power_law,simple_power_law,[]
coway,Other,B00NJ12KAU,"CUCKOO High Pressure Rice Cooker 6-Cup Uncooked / 12-Cup Cooked with Induction Heating Technology, Versatile Rice Maker with 16 Menu Options and Steam Plate, Voice Guide, White (CRP-BHSS0609F)",2021-09,keepa_backcast_estimate,,,449.99,284507,18.82764673251289,8472.252753163475,101.66876517294858,449.99,low,global:all:all:simple_power_law,simple_power_law,[]
coway,Other,B00NJ12KAU,"CUCKOO High Pressure Rice Cooker 6-Cup Uncooked / 12-Cup Cooked with Induction Heating Technology, Versatile Rice Maker with 16 Menu Options and Steam Plate, Voice Guide, White (CRP-BHSS0609F)",2021-10,keepa_backcast_estimate,,,339.85,284507,17.919655691306218,6089.994986690419,96.76563897459224,339.85,low,global:all:all:simple_power_law,simple_power_law,[]
coway,Other,B00NJ12KAU,"CUCKOO High Pressure Rice Cooker 6-Cup Uncooked / 12-Cup Cooked with Induction Heating Technology, Versatile Rice Maker with 16 Menu Options and Steam Plate, Voice Guide, White (CRP-BHSS0609F)",2021-11,keepa_backcast_estimate,,,404.66222222222234,284507,18.47914151034041,7477.810468333264,99.78684673152097,404.66222222222234,low,global:all:all:simple_power_law,simple_power_law,[]
coway,Other,B00NJ12KAU,"CUCKOO High Pressure Rice Cooker 6-Cup Uncooked / 12-Cup Cooked with Induction Heating Technology, Versatile Rice Maker with 16 Menu Options and Steam Plate, Voice Guide, White (CRP-BHSS0609F)",2021-12,keepa_backcast_estimate,,,381.445,284507,18.287893411311604,6975.825502277755,98.75411235179867,381.445,low,global:all:all:simple_power_law,simple_power_law,[]
coway,Other,B00NJ12KAU,"CUCKOO High Pressure Rice Cooker 6-Cup Uncooked / 12-Cup Cooked with Induction Heating Technology, Versatile Rice Maker with 16 Menu Options and Steam Plate, Voice Guide, White (CRP-BHSS0609F)",2022-01,keepa_backcast_estimate,,,292.5525,284507,17.452360593429614,5105.7317225093175,94.24225853053258,292.5525,low,global:all:all:simple_power_law,simple_power_law,[]
coway,Other,B00NJ12KAU,"CUCKOO High Pressure Rice Cooker 6-Cup Uncooked / 12-Cup Cooked with Induction Heating Technology, Versatile Rice Maker with 16 Menu Options and Steam Plate, Voice Guide, White (CRP-BHSS0609F)",2022-03,keepa_backcast_estimate,,,257.46,284507,17.063225197046535,4393.097959231601,92.140938286031,257.46,low,global:all:all:simple_power_law,simple_power_law,[]
coway,Other,B00NJ12KAU,"CUCKOO High Pressure Rice Cooker 6-Cup Uncooked / 12-Cup Cooked with Induction Heating Technology, Versatile Rice Maker with 16 Menu Options and Steam Plate, Voice Guide, White (CRP-BHSS0609F)",2022-04,keepa_backcast_estimate,,,432.99,284507,18.700512817798106,8097.135044978402,100.98224559329584,432.99,low,global:all:all:simple_power_law,simple_power_law,[]
coway,Other,B00NJ12KAU,"CUCKOO High Pressure Rice Cooker 6-Cup Uncooked / 12-Cup Cooked with Induction Heating Technology, Versatile Rice Maker with 16 Menu Options and Steam Plate, Voice Guide, White (CRP-BHSS0609F)",2022-05,keepa_backcast_estimate,,,467.9912499999999,284507,18.957990815525058,8872.173819246089,102.37261957152104,467.9912499999999,low,global:all:all:simple_power_law,simple_power_law,[]
coway,Other,B00NJ12KAU,"CUCKOO High Pressure Rice Cooker 6-Cup Uncooked / 12-Cup Cooked with Induction Heating Technology, Versatile Rice Maker with 16 Menu Options and Steam Plate, Voice Guide, White (CRP-BHSS0609F)",2022-06,keepa_backcast_estimate,,,465.995,284507,18.943743753773468,8827.689870539667,102.29568583698662,465.995,low,global:all:all:simple_power_law,simple_power_law,[]
coway,Other,B00NJ12KAU,"CUCKOO High Pressure Rice Cooker 6-Cup Uncooked / 12-Cup Cooked with Induction Heating Technology, Versatile Rice Maker with 16 Menu Options and Steam Plate, Voice Guide, White (CRP-BHSS0609F)",2022-07,keepa_backcast_estimate,,,462.49,284507,18.918605739648598,8749.66596853008,102.15994126458807,462.49,low,global:all:all:simple_power_law,simple_power_law,[]
coway,Other,B00NJ12KAU,"CUCKOO High Pressure Rice Cooker 6-Cup Uncooked / 12-Cup Cooked with Induction Heating Technology, Versatile Rice Maker with 16 Menu Options and Steam Plate, Voice Guide, White (CRP-BHSS0609F)",2022-09,keepa_backcast_estimate,,,460.66,284507,18.905417948652126,8708.969832226088,102.08872756247125,460.66,low,global:all:all:simple_power_law,simple_power_law,[]
coway,Other,B00NJ12KAU,"CUCKOO High Pressure Rice Cooker 6-Cup Uncooked / 12-Cup Cooked with Induction Heating Technology, Versatile Rice Maker with 16 Menu Options and Steam Plate, Voice Guide, White (CRP-BHSS0609F)",2022-10,keepa_backcast_estimate,,,465.99666666666667,284507,18.943755669759636,8827.726996255758,102.29575018297827,465.99666666666667,low,global:all:all:simple_power_law,simple_power_law,[]
coway,Other,B00NJ12KAU,"CUCKOO High Pressure Rice Cooker 6-Cup Uncooked / 12-Cup Cooked with Induction Heating Technology, Versatile Rice Maker with 16 Menu Options and Steam Plate, Voice Guide, White (CRP-BHSS0609F)",2022-11,keepa_backcast_estimate,,,465.99,284507,18.94370800560255,8827.578493530731,102.29549279786463,465.99,low,global:all:all:simple_power_law,simple_power_law,[]
coway,Other,B00NJ12KAU,"CUCKOO High Pressure Rice Cooker 6-Cup Uncooked / 12-Cup Cooked with Induction Heating Technology, Versatile Rice Maker with 16 Menu Options and Steam Plate, Voice Guide, White (CRP-BHSS0609F)",2023-02,keepa_backcast_estimate,,,465.99,284507,18.94370800560255,8827.578493530731,102.29549279786463,465.99,low,global:all:all:simple_power_law,simple_power_law,[]
coway,Other,B00NJ12KAU,"CUCKOO High Pressure Rice Cooker 6-Cup Uncooked / 12-Cup Cooked with Induction Heating Technology, Versatile Rice Maker with 16 Menu Options and Steam Plate, Voice Guide, White (CRP-BHSS0609F)",2023-03,keepa_backcast_estimate,,,370,284507,18.190035524869092,6730.313144201564,98.22568250507418,370,low,global:all:all:simple_power_law,simple_power_law,[]
coway,Other,B00NJ12KAU,"CUCKOO High Pressure Rice Cooker 6-Cup Uncooked / 12-Cup Cooked with Induction Heating Technology, Versatile Rice Maker with 16 Menu Options and Steam Plate, Voice Guide, White (CRP-BHSS0609F)",2023-04,keepa_backcast_estimate,,,420,284507,18.60054223149083,7812.227737226149,100.44240722645816,420,low,global:all:all:simple_power_law,simple_power_law,[]
coway,Other,B00NJ12KAU,"CUCKOO High Pressure Rice Cooker 6-Cup Uncooked / 12-Cup Cooked with Induction Heating Technology, Versatile Rice Maker with 16 Menu Options and Steam Plate, Voice Guide, White (CRP-BHSS0609F)",2023-05,keepa_backcast_estimate,,,328.3616666666667,284507,17.811369661326864,5848.571027609391,96.18089744476153,328.3616666666667,low,global:all:all:simple_power_law,simple_power_law,[]
coway,Other,B00NJ12KAU,"CUCKOO High Pressure Rice Cooker 6-Cup Uncooked / 12-Cup Cooked with Induction Heating Technology, Versatile Rice Maker with 16 Menu Options and Steam Plate, Voice Guide, White (CRP-BHSS0609F)",2023-06,keepa_backcast_estimate,,,357.17,284507,18.07730095855035,6456.6695833654285,97.6169190035718,357.17,low,global:all:all:simple_power_law,simple_power_law,[]
coway,Other,B00NJ12KAU,"CUCKOO High Pressure Rice Cooker 6-Cup Uncooked / 12-Cup Cooked with Induction Heating Technology, Versatile Rice Maker with 16 Menu Options and Steam Plate, Voice Guide, White (CRP-BHSS0609F)",2023-07,keepa_backcast_estimate,,,347.3666666666666,284507,17.98887234668406,6248.73462415982,97.13940697553495,347.3666666666666,low,global:all:all:simple_power_law,simple_power_law,[]
coway,Other,B00NJ12KAU,"CUCKOO High Pressure Rice Cooker 6-Cup Uncooked / 12-Cup Cooked with Induction Heating Technology, Versatile Rice Maker with 16 Menu Options and Steam Plate, Voice Guide, White (CRP-BHSS0609F)",2023-08,keepa_backcast_estimate,,,350.398,284507,18.016434681382787,6312.9226794871665,97.28824281115023,350.398,low,global:all:all:simple_power_law,simple_power_law,[]
coway,Other,B00NJ12KAU,"CUCKOO High Pressure Rice Cooker 6-Cup Uncooked / 12-Cup Cooked with Induction Heating Technology, Versatile Rice Maker with 16 Menu Options and Steam Plate, Voice Guide, White (CRP-BHSS0609F)",2023-09,keepa_backcast_estimate,,,407.33750000000003,284507,18.500588799459667,7535.983590099902,99.90266149223118,407.33750000000003,low,global:all:all:simple_power_law,simple_power_law,[]
coway,Other,B00NJ12KAU,"CUCKOO High Pressure Rice Cooker 6-Cup Uncooked / 12-Cup Cooked with Induction Heating Technology, Versatile Rice Maker with 16 Menu Options and Steam Plate, Voice Guide, White (CRP-BHSS0609F)",2023-10,keepa_backcast_estimate,,,359.99,284507,18.102364665247865,6516.6702558425795,97.75226231794325,359.99,low,global:all:all:simple_power_law,simple_power_law,[]
coway,Other,B00NJ12KAU,"CUCKOO High Pressure Rice Cooker 6-Cup Uncooked / 12-Cup Cooked with Induction Heating Technology, Versatile Rice Maker with 16 Menu Options and Steam Plate, Voice Guide, White (CRP-BHSS0609F)",2023-12,keepa_backcast_estimate,,,385.4166666666667,284507,18.321282633518845,7061.327681668722,98.93441321680444,385.4166666666667,low,global:all:all:simple_power_law,simple_power_law,[]
coway,Other,B00NJ12KAU,"CUCKOO High Pressure Rice Cooker 6-Cup Uncooked / 12-Cup Cooked with Induction Heating Technology, Versatile Rice Maker with 16 Menu Options and Steam Plate, Voice Guide, White (CRP-BHSS0609F)",2024-01,keepa_backcast_estimate,,,317.358,284507,17.704662078712822,5618.7161479761435,95.60467948650626,317.358,low,global:all:all:simple_power_law,simple_power_law,[]
coway,Other,B00NJ12KAU,"CUCKOO High Pressure Rice Cooker 6-Cup Uncooked / 12-Cup Cooked with Induction Heating Technology, Versatile Rice Maker with 16 Menu Options and Steam Plate, Voice Guide, White (CRP-BHSS0609F)",2024-02,keepa_backcast_estimate,,,420.2744444444445,284507,18.602680735350685,7818.231311226879,100.4539550874223,420.2744444444445,low,global:all:all:simple_power_law,simple_power_law,[]
coway,Other,B00NJ12KAU,"CUCKOO High Pressure Rice Cooker 6-Cup Uncooked / 12-Cup Cooked with Induction Heating Technology, Versatile Rice Maker with 16 Menu Options and Steam Plate, Voice Guide, White (CRP-BHSS0609F)",2024-03,keepa_backcast_estimate,,,393.6588888888889,284507,18.38967194854573,7239.25782629568,99.30371360301788,393.6588888888889,low,global:all:all:simple_power_law,simple_power_law,[]
coway,Other,B00NJ12KAU,"CUCKOO High Pressure Rice Cooker 6-Cup Uncooked / 12-Cup Cooked with Induction Heating Technology, Versatile Rice Maker with 16 Menu Options and Steam Plate, Voice Guide, White (CRP-BHSS0609F)",2024-04,keepa_backcast_estimate,,,465.995,284507,18.943743753773468,8827.689870539667,102.29568583698662,465.995,low,global:all:all:simple_power_law,simple_power_law,[]
coway,Other,B00NJ12KAU,"CUCKOO High Pressure Rice Cooker 6-Cup Uncooked / 12-Cup Cooked with Induction Heating Technology, Versatile Rice Maker with 16 Menu Options and Steam Plate, Voice Guide, White (CRP-BHSS0609F)",2024-05,keepa_backcast_estimate,,,384.99333333333334,284507,18.317737372996092,7052.206770354343,98.91526890925049,384.99333333333334,low,global:all:all:simple_power_law,simple_power_law,[]
coway,Other,B00NJ12KAU,"CUCKOO High Pressure Rice Cooker 6-Cup Uncooked / 12-Cup Cooked with Induction Heating Technology, Versatile Rice Maker with 16 Menu Options and Steam Plate, Voice Guide, White (CRP-BHSS0609F)",2024-06,keepa_backcast_estimate,,,417.24666666666667,284507,18.579023447283056,7752.035603300697,100.32620639427188,417.24666666666667,low,global:all:all:simple_power_law,simple_power_law,[]
coway,Other,B00NJ12KAU,"CUCKOO High Pressure Rice Cooker 6-Cup Uncooked / 12-Cup Cooked with Induction Heating Technology, Versatile Rice Maker with 16 Menu Options and Steam Plate, Voice Guide, White (CRP-BHSS0609F)",2024-07,keepa_backcast_estimate,,,343.63714285714286,284507,17.954686422133314,6169.897142997829,96.95480394018226,343.63714285714286,low,global:all:all:simple_power_law,simple_power_law,[]
coway,Other,B00NJ12KAU,"CUCKOO High Pressure Rice Cooker 6-Cup Uncooked / 12-Cup Cooked with Induction Heating Technology, Versatile Rice Maker with 16 Menu Options and Steam Plate, Voice Guide, White (CRP-BHSS0609F)",2024-08,keepa_backcast_estimate,,,366.34,284507,18.158211061585323,6652.079040301167,98.05383129444117,366.34,low,global:all:all:simple_power_law,simple_power_law,[]
coway,Other,B00NJ12KAU,"CUCKOO High Pressure Rice Cooker 6-Cup Uncooked / 12-Cup Cooked with Induction Heating Technology, Versatile Rice Maker with 16 Menu Options and Steam Plate, Voice Guide, White (CRP-BHSS0609F)",2024-09,keepa_backcast_estimate,,,370.1,284507,18.190901370707323,6732.45259729878,98.23035804835654,370.1,low,global:all:all:simple_power_law,simple_power_law,[]
coway,Other,B00NJ12KAU,"CUCKOO High Pressure Rice Cooker 6-Cup Uncooked / 12-Cup Cooked with Induction Heating Technology, Versatile Rice Maker with 16 Menu Options and Steam Plate, Voice Guide, White (CRP-BHSS0609F)",2024-10,keepa_backcast_estimate,,,460.25,284507,18.902457340287086,8699.85599086713,102.0727403601984,460.25,low,global:all:all:simple_power_law,simple_power_law,[]
coway,Other,B00NJ12KAU,"CUCKOO High Pressure Rice Cooker 6-Cup Uncooked / 12-Cup Cooked with Induction Heating Technology, Versatile Rice Maker with 16 Menu Options and Steam Plate, Voice Guide, White (CRP-BHSS0609F)",2024-11,keepa_backcast_estimate,,,225,284507,16.6619107380793,3748.9299160678424,89.97385144459423,225,low,global:all:all:simple_power_law,simple_power_law,[]
coway,Other,B00NJ12KAU,"CUCKOO High Pressure Rice Cooker 6-Cup Uncooked / 12-Cup Cooked with Induction Heating Technology, Versatile Rice Maker with 16 Menu Options and Steam Plate, Voice Guide, White (CRP-BHSS0609F)",2025-01,keepa_backcast_estimate,,,410.21399999999994,284507,18.52351912800474,7598.606875575335,100.026484624315,410.21399999999994,low,global:all:all:simple_power_law,simple_power_law,[]
coway,Other,B00NJ12KAU,"CUCKOO High Pressure Rice Cooker 6-Cup Uncooked / 12-Cup Cooked with Induction Heating Technology, Versatile Rice Maker with 16 Menu Options and Steam Plate, Voice Guide, White (CRP-BHSS0609F)",2025-02,keepa_backcast_estimate,,,369.01125,284507,18.181463998847274,6709.164757044631,98.17939650456296,369.01125,low,global:all:all:simple_power_law,simple_power_law,[]
coway,Other,B00NJ12KAU,"CUCKOO High Pressure Rice Cooker 6-Cup Uncooked / 12-Cup Cooked with Induction Heating Technology, Versatile Rice Maker with 16 Menu Options and Steam Plate, Voice Guide, White (CRP-BHSS0609F)",2025-03,keepa_backcast_estimate,,,337.74666666666667,284507,17.900059850560407,6045.685547660609,96.65982198325726,337.74666666666667,low,global:all:all:simple_power_law,simple_power_law,[]
coway,Other,B00NJ12KAU,"CUCKOO High Pressure Rice Cooker 6-Cup Uncooked / 12-Cup Cooked with Induction Heating Technology, Versatile Rice Maker with 16 Menu Options and Steam Plate, Voice Guide, White (CRP-BHSS0609F)",2025-04,keepa_backcast_estimate,,,605.44,284507,19.835498761384606,12009.204370092697,107.11113790854337,605.44,low,global:all:all:simple_power_law,simple_power_law,[]
coway,Other,B00NJ12KAU,"CUCKOO High Pressure Rice Cooker 6-Cup Uncooked / 12-Cup Cooked with Induction Heating Technology, Versatile Rice Maker with 16 Menu Options and Steam Plate, Voice Guide, White (CRP-BHSS0609F)",2025-05,keepa_backcast_estimate,,,315.99,284507,17.69118220398306,5590.236664636607,95.53188854040813,315.99,low,global:all:all:simple_power_law,simple_power_law,[]
coway,Other,B00NJ12KAU,"CUCKOO High Pressure Rice Cooker 6-Cup Uncooked / 12-Cup Cooked with Induction Heating Technology, Versatile Rice Maker with 16 Menu Options and Steam Plate, Voice Guide, White (CRP-BHSS0609F)",2025-06,keepa_backcast_estimate,,,313.99,284507,17.67138735294723,5548.638914951902,95.42499689907943,313.99,low,global:all:all:simple_power_law,simple_power_law,[]
coway,Other,B00NJ12KAU,"CUCKOO High Pressure Rice Cooker 6-Cup Uncooked / 12-Cup Cooked with Induction Heating Technology, Versatile Rice Maker with 16 Menu Options and Steam Plate, Voice Guide, White (CRP-BHSS0609F)",2025-07,keepa_backcast_estimate,,,264.99,284507,17.150277016829786,4544.651906689725,92.61101567537024,264.99,low,global:all:all:simple_power_law,simple_power_law,[]
coway,Other,B00NJ12KAU,"CUCKOO High Pressure Rice Cooker 6-Cup Uncooked / 12-Cup Cooked with Induction Heating Technology, Versatile Rice Maker with 16 Menu Options and Steam Plate, Voice Guide, White (CRP-BHSS0609F)",2025-08,keepa_backcast_estimate,,,264.99,284507,17.150277016829786,4544.651906689725,92.61101567537024,264.99,low,global:all:all:simple_power_law,simple_power_law,[]
coway,Other,B00NJ12KAU,"CUCKOO High Pressure Rice Cooker 6-Cup Uncooked / 12-Cup Cooked with Induction Heating Technology, Versatile Rice Maker with 16 Menu Options and Steam Plate, Voice Guide, White (CRP-BHSS0609F)",2025-10,keepa_backcast_estimate,,,308.27357142857136,284507,17.614226681951063,5430.000567197489,95.11633087622475,308.27357142857136,low,global:all:all:simple_power_law,simple_power_law,[]
coway,Other,B00NJ12KAU,"CUCKOO High Pressure Rice Cooker 6-Cup Uncooked / 12-Cup Cooked with Induction Heating Technology, Versatile Rice Maker with 16 Menu Options and Steam Plate, Voice Guide, White (CRP-BHSS0609F)",2025-11,keepa_backcast_estimate,,,335.38555555555547,284507,17.877941348242356,5996.003291269899,96.54038269006784,335.38555555555547,low,global:all:all:simple_power_law,simple_power_law,[]
coway,Other,B00NJ12KAU,"CUCKOO High Pressure Rice Cooker 6-Cup Uncooked / 12-Cup Cooked with Induction Heating Technology, Versatile Rice Maker with 16 Menu Options and Steam Plate, Voice Guide, White (CRP-BHSS0609F)",2025-12,keepa_backcast_estimate,,,371.2775,284507,18.20108212223115,6757.652267636675,98.28533382151956,371.2775,low,global:all:all:simple_power_law,simple_power_law,[]
coway,Other,B00NJ12KAU,"CUCKOO High Pressure Rice Cooker 6-Cup Uncooked / 12-Cup Cooked with Induction Heating Technology, Versatile Rice Maker with 16 Menu Options and Steam Plate, Voice Guide, White (CRP-BHSS0609F)",2026-01,keepa_backcast_estimate,,,351.08199999999994,284507,18.022626549552143,6327.419774269864,97.32167872588965,351.08199999999994,low,global:all:all:simple_power_law,simple_power_law,[]
coway,Other,B00NJ12KAU,"CUCKOO High Pressure Rice Cooker 6-Cup Uncooked / 12-Cup Cooked with Induction Heating Technology, Versatile Rice Maker with 16 Menu Options and Steam Plate, Voice Guide, White (CRP-BHSS0609F)",2026-02,keepa_backcast_estimate,,,319.36384615384617,284507,17.724340167618163,5660.513446469643,95.71094061559971,319.36384615384617,low,global:all:all:simple_power_law,simple_power_law,[]
coway,Other,B00NJ12KAU,"CUCKOO High Pressure Rice Cooker 6-Cup Uncooked / 12-Cup Cooked with Induction Heating Technology, Versatile Rice Maker with 16 Menu Options and Steam Plate, Voice Guide, White (CRP-BHSS0609F)",2026-03,keepa_backcast_estimate,,,292.8808333333333,284507,17.455814148871337,5112.473394433227,94.26090763321679,292.8808333333333,low,global:all:all:simple_power_law,simple_power_law,[]
coway,Other,B00NJ12KAU,"CUCKOO High Pressure Rice Cooker 6-Cup Uncooked / 12-Cup Cooked with Induction Heating Technology, Versatile Rice Maker with 16 Menu Options and Steam Plate, Voice Guide, White (CRP-BHSS0609F)",2026-04,keepa_backcast_estimate,,,377.31263157894733,284507,18.252845323047282,6887.029102642451,98.56485365653364,377.31263157894733,low,global:all:all:simple_power_law,simple_power_law,[]
coway,Other,B00NJ12KAU,"CUCKOO High Pressure Rice Cooker 6-Cup Uncooked / 12-Cup Cooked with Induction Heating Technology, Versatile Rice Maker with 16 Menu Options and Steam Plate, Voice Guide, White (CRP-BHSS0609F)",2026-05,keepa_backcast_estimate,,,381.19695652173914,284507,18.28579858344501,6970.490767578767,98.7428003399752,381.19695652173914,low,global:all:all:simple_power_law,simple_power_law,[]
coway,Other,B00NJ12KAU,"CUCKOO High Pressure Rice Cooker 6-Cup Uncooked / 12-Cup Cooked with Induction Heating Technology, Versatile Rice Maker with 16 Menu Options and Steam Plate, Voice Guide, White (CRP-BHSS0609F)",2026-06,keepa_backcast_estimate,,,334.62,284507,17.870741998517488,5979.907687543922,96.5015064031386,334.62,low,global:all:all:simple_power_law,simple_power_law,[]
coway,Other,B00NUB6ARI,"CUCKOO High Pressure Rice Cooker 10-Cup Uncooked / 20-Cup Cooked with Induction Heating Technology, Large Rice Maker with 17 Menu Options and Steam Plate, Voice Guide, Silver (CRP-CHSS1009FN)",2016-06,keepa_backcast_estimate,,,545.2,284507,19.473746922878668,10617.08682235345,101.06138941699201,545.2,low,global:all:all:simple_power_law,simple_power_law,[]
coway,Other,B00NUB6ARI,"CUCKOO High Pressure Rice Cooker 10-Cup Uncooked / 20-Cup Cooked with Induction Heating Technology, Large Rice Maker with 17 Menu Options and Steam Plate, Voice Guide, Silver (CRP-CHSS1009FN)",2016-07,keepa_backcast_estimate,,,589.99,284507,19.745676090970292,11649.751436911563,102.4725990655091,589.99,low,global:all:all:simple_power_law,simple_power_law,[]
coway,Other,B00NUB6ARI,"CUCKOO High Pressure Rice Cooker 10-Cup Uncooked / 20-Cup Cooked with Induction Heating Technology, Large Rice Maker with 17 Menu Options and Steam Plate, Voice Guide, Silver (CRP-CHSS1009FN)",2016-08,keepa_backcast_estimate,,,512.6633333333333,284507,19.264314633133765,9876.107754204466,99.97451495599469,512.6633333333333,low,global:all:all:simple_power_law,simple_power_law,[]
coway,Other,B00NUB6ARI,"CUCKOO High Pressure Rice Cooker 10-Cup Uncooked / 20-Cup Cooked with Induction Heating Technology, Large Rice Maker with 17 Menu Options and Steam Plate, Voice Guide, Silver (CRP-CHSS1009FN)",2016-09,keepa_backcast_estimate,,,577.395,284507,19.670993464870303,11357.933271648788,102.0850244508823,577.395,low,global:all:all:simple_power_law,simple_power_law,[]
coway,Other,B00NUB6ARI,"CUCKOO High Pressure Rice Cooker 10-Cup Uncooked / 20-Cup Cooked with Induction Heating Technology, Large Rice Maker with 17 Menu Options and Steam Plate, Voice Guide, Silver (CRP-CHSS1009FN)",2016-10,keepa_backcast_estimate,,,484.95200000000006,284507,19.077043589519484,9251.450442824653,99.00264898997484,484.95200000000006,low,global:all:all:simple_power_law,simple_power_law,[]
coway,Other,B00NUB6ARI,"CUCKOO High Pressure Rice Cooker 10-Cup Uncooked / 20-Cup Cooked with Induction Heating Technology, Large Rice Maker with 17 Menu Options and Steam Plate, Voice Guide, Silver (CRP-CHSS1009FN)",2016-11,keepa_backcast_estimate,,,416.1133333333334,284507,18.570131557535813,7727.279342844754,96.37196705355336,416.1133333333334,low,global:all:all:simple_power_law,simple_power_law,[]
coway,Other,B00NUB6ARI,"CUCKOO High Pressure Rice Cooker 10-Cup Uncooked / 20-Cup Cooked with Induction Heating Technology, Large Rice Maker with 17 Menu Options and Steam Plate, Voice Guide, Silver (CRP-CHSS1009FN)",2016-12,keepa_backcast_estimate,,,413.5114285714286,284507,18.549641219849036,7670.488640307232,96.26562994213614,413.5114285714286,low,global:all:all:simple_power_law,simple_power_law,[]
coway,Other,B00NUB6ARI,"CUCKOO High Pressure Rice Cooker 10-Cup Uncooked / 20-Cup Cooked with Induction Heating Technology, Large Rice Maker with 17 Menu Options and Steam Plate, Voice Guide, Silver (CRP-CHSS1009FN)",2017-01,keepa_backcast_estimate,,,450.196,284507,18.829162652730226,8476.813709608537,97.71624057658028,450.196,low,global:all:all:simple_power_law,simple_power_law,[]
coway,Other,B00NUB6ARI,"CUCKOO High Pressure Rice Cooker 10-Cup Uncooked / 20-Cup Cooked with Induction Heating Technology, Large Rice Maker with 17 Menu Options and Steam Plate, Voice Guide, Silver (CRP-CHSS1009FN)",2017-02,keepa_backcast_estimate,,,339,284507,17.911748766684124,6072.082831905918,92.95520910372412,339,low,global:all:all:simple_power_law,simple_power_law,[]
coway,Other,B00NUB6ARI,"CUCKOO High Pressure Rice Cooker 10-Cup Uncooked / 20-Cup Cooked with Induction Heating Technology, Large Rice Maker with 17 Menu Options and Steam Plate, Voice Guide, Silver (CRP-CHSS1009FN)",2017-03,keepa_backcast_estimate,,,450.99666666666667,284507,18.83504916042165,8494.544387852962,97.74678932759697,450.99666666666667,low,global:all:all:simple_power_law,simple_power_law,[]
coway,Other,B00NUB6ARI,"CUCKOO High Pressure Rice Cooker 10-Cup Uncooked / 20-Cup Cooked with Induction Heating Technology, Large Rice Maker with 17 Menu Options and Steam Plate, Voice Guide, Silver (CRP-CHSS1009FN)",2017-04,keepa_backcast_estimate,,,445.74666666666667,284507,18.79629176170119,8378.384398472434,97.54565307064603,445.74666666666667,low,global:all:all:simple_power_law,simple_power_law,[]
coway,Other,B00NUB6ARI,"CUCKOO High Pressure Rice Cooker 10-Cup Uncooked / 20-Cup Cooked with Induction Heating Technology, Large Rice Maker with 17 Menu Options and Steam Plate, Voice Guide, Silver (CRP-CHSS1009FN)",2017-05,keepa_backcast_estimate,,,410.62999999999994,284507,18.526824254974624,7607.669843820228,96.1472185146066,410.62999999999994,low,global:all:all:simple_power_law,simple_power_law,[]
coway,Other,B00NUB6ARI,"CUCKOO High Pressure Rice Cooker 10-Cup Uncooked / 20-Cup Cooked with Induction Heating Technology, Large Rice Maker with 17 Menu Options and Steam Plate, Voice Guide, Silver (CRP-CHSS1009FN)",2017-06,keepa_backcast_estimate,,,415.7925,284507,18.567610715150124,7720.273278279058,96.35888483393698,415.7925,low,global:all:all:simple_power_law,simple_power_law,[]
coway,Other,B00NUB6ARI,"CUCKOO High Pressure Rice Cooker 10-Cup Uncooked / 20-Cup Cooked with Induction Heating Technology, Large Rice Maker with 17 Menu Options and Steam Plate, Voice Guide, Silver (CRP-CHSS1009FN)",2017-07,keepa_backcast_estimate,,,481.6266666666667,284507,19.05397773287678,9176.903782226336,98.88294590819832,481.6266666666667,low,global:all:all:simple_power_law,simple_power_law,[]
coway,Other,B00NUB6ARI,"CUCKOO High Pressure Rice Cooker 10-Cup Uncooked / 20-Cup Cooked with Induction Heating Technology, Large Rice Maker with 17 Menu Options and Steam Plate, Voice Guide, Silver (CRP-CHSS1009FN)",2017-08,keepa_backcast_estimate,,,560.49,284507,19.568596553540736,10968.002682294047,101.55362316627297,560.49,low,global:all:all:simple_power_law,simple_power_law,[]
coway,Other,B00NUB6ARI,"CUCKOO High Pressure Rice Cooker 10-Cup Uncooked / 20-Cup Cooked with Induction Heating Technology, Large Rice Maker with 17 Menu Options and Steam Plate, Voice Guide, Silver (CRP-CHSS1009FN)",2017-09,keepa_backcast_estimate,,,644.495,284507,20.054339395288125,12924.92146856622,104.0744450030134,644.495,low,global:all:all:simple_power_law,simple_power_law,[]
coway,Other,B00NUB6ARI,"CUCKOO High Pressure Rice Cooker 10-Cup Uncooked / 20-Cup Cooked with Induction Heating Technology, Large Rice Maker with 17 Menu Options and Steam Plate, Voice Guide, Silver (CRP-CHSS1009FN)",2017-10,keepa_backcast_estimate,,,558.2433333333333,284507,19.554795467006294,10916.33420415315,101.48200074116092,558.2433333333333,low,global:all:all:simple_power_law,simple_power_law,[]
coway,Other,B00NUB6ARI,"CUCKOO High Pressure Rice Cooker 10-Cup Uncooked / 20-Cup Cooked with Induction Heating Technology, Large Rice Maker with 17 Menu Options and Steam Plate, Voice Guide, Silver (CRP-CHSS1009FN)",2017-11,keepa_backcast_estimate,,,589.99,284507,19.745676090970292,11649.751436911563,102.4725990655091,589.99,low,global:all:all:simple_power_law,simple_power_law,[]
coway,Other,B00NUB6ARI,"CUCKOO High Pressure Rice Cooker 10-Cup Uncooked / 20-Cup Cooked with Induction Heating Technology, Large Rice Maker with 17 Menu Options and Steam Plate, Voice Guide, Silver (CRP-CHSS1009FN)",2017-12,keepa_backcast_estimate,,,551.6633333333333,284507,19.514107778014772,10765.217743845555,101.27084700696001,551.6633333333333,low,global:all:all:simple_power_law,simple_power_law,[]
coway,Other,B00NUB6ARI,"CUCKOO High Pressure Rice Cooker 10-Cup Uncooked / 20-Cup Cooked with Induction Heating Technology, Large Rice Maker with 17 Menu Options and Steam Plate, Voice Guide, Silver (CRP-CHSS1009FN)",2018-01,keepa_backcast_estimate,,,557.8,284507,19.55206665555204,10906.142780466927,101.46783924064866,557.8,low,global:all:all:simple_power_law,simple_power_law,[]
coway,Other,B00NUB6ARI,"CUCKOO High Pressure Rice Cooker 10-Cup Uncooked / 20-Cup Cooked with Induction Heating Technology, Large Rice Maker with 17 Menu Options and Steam Plate, Voice Guide, Silver (CRP-CHSS1009FN)",2018-02,keepa_backcast_estimate,,,624.23,284507,19.942206811402258,12448.523757881632,103.49251925593957,624.23,low,global:all:all:simple_power_law,simple_power_law,[]
coway,Other,B00NUB6ARI,"CUCKOO High Pressure Rice Cooker 10-Cup Uncooked / 20-Cup Cooked with Induction Heating Technology, Large Rice Maker with 17 Menu Options and Steam Plate, Voice Guide, Silver (CRP-CHSS1009FN)",2018-03,keepa_backcast_estimate,,,613.3414285714287,284507,19.88070160696025,12193.657924615298,103.17333048133438,613.3414285714287,low,global:all:all:simple_power_law,simple_power_law,[]
coway,Other,B00NUB6ARI,"CUCKOO High Pressure Rice Cooker 10-Cup Uncooked / 20-Cup Cooked with Induction Heating Technology, Large Rice Maker with 17 Menu Options and Steam Plate, Voice Guide, Silver (CRP-CHSS1009FN)",2018-04,keepa_backcast_estimate,,,652.592857142857,284507,20.098328949168245,13116.0259127347,104.30273416855327,652.592857142857,low,global:all:all:simple_power_law,simple_power_law,[]
coway,Other,B00NUB6ARI,"CUCKOO High Pressure Rice Cooker 10-Cup Uncooked / 20-Cup Cooked with Induction Heating Technology, Large Rice Maker with 17 Menu Options and Steam Plate, Voice Guide, Silver (CRP-CHSS1009FN)",2018-05,keepa_backcast_estimate,,,632.5144444444445,284507,19.988407726393618,12642.956608388902,103.73228455020237,632.5144444444445,low,global:all:all:simple_power_law,simple_power_law,[]
coway,Other,B00NUB6ARI,"CUCKOO High Pressure Rice Cooker 10-Cup Uncooked / 20-Cup Cooked with Induction Heating Technology, Large Rice Maker with 17 Menu Options and Steam Plate, Voice Guide, Silver (CRP-CHSS1009FN)",2018-06,keepa_backcast_estimate,,,733.9000000000001,284507,20.516560744732423,15057.103930559128,106.47319918103744,733.9000000000001,low,global:all:all:simple_power_law,simple_power_law,[]
coway,Other,B00NUB6ARI,"CUCKOO High Pressure Rice Cooker 10-Cup Uncooked / 20-Cup Cooked with Induction Heating Technology, Large Rice Maker with 17 Menu Options and Steam Plate, Voice Guide, Silver (CRP-CHSS1009FN)",2018-07,keepa_backcast_estimate,,,609.8800000000001,284507,19.860959246843652,12112.801825465009,103.07087509092308,609.8800000000001,low,global:all:all:simple_power_law,simple_power_law,[]
coway,Other,B00NUB6ARI,"CUCKOO High Pressure Rice Cooker 10-Cup Uncooked / 20-Cup Cooked with Induction Heating Technology, Large Rice Maker with 17 Menu Options and Steam Plate, Voice Guide, Silver (CRP-CHSS1009FN)",2018-08,keepa_backcast_estimate,,,555.0883333333333,284507,19.535336426465904,10843.837338072914,101.38101567231304,555.0883333333333,low,global:all:all:simple_power_law,simple_power_law,[]
coway,Other,B00NUB6ARI,"CUCKOO High Pressure Rice Cooker 10-Cup Uncooked / 20-Cup Cooked with Induction Heating Technology, Large Rice Maker with 17 Menu Options and Steam Plate, Voice Guide, Silver (CRP-CHSS1009FN)",2018-09,keepa_backcast_estimate,,,559.9933333333333,284507,19.565549535279125,10956.577302759408,101.53781029264795,559.9933333333333,low,global:all:all:simple_power_law,simple_power_law,[]
coway,Other,B00NUB6ARI,"CUCKOO High Pressure Rice Cooker 10-Cup Uncooked / 20-Cup Cooked with Induction Heating Technology, Large Rice Maker with 17 Menu Options and Steam Plate, Voice Guide, Silver (CRP-CHSS1009FN)",2018-10,keepa_backcast_estimate,,,590.6966666666667,284507,19.749826906377486,11666.156920840827,102.49414022930905,590.6966666666667,low,global:all:all:simple_power_law,simple_power_law,[]
coway,Other,B00NUB6ARI,"CUCKOO High Pressure Rice Cooker 10-Cup Uncooked / 20-Cup Cooked with Induction Heating Technology, Large Rice Maker with 17 Menu Options and Steam Plate, Voice Guide, Silver (CRP-CHSS1009FN)",2018-11,keepa_backcast_estimate,,,500.99,284507,19.18647828581836,9612.23375641214,99.5705737197246,500.99,low,global:all:all:simple_power_law,simple_power_law,[]
coway,Other,B00NUB6ARI,"CUCKOO High Pressure Rice Cooker 10-Cup Uncooked / 20-Cup Cooked with Induction Heating Technology, Large Rice Maker with 17 Menu Options and Steam Plate, Voice Guide, Silver (CRP-CHSS1009FN)",2018-12,keepa_backcast_estimate,,,567.397142857143,284507,19.610740520407738,11127.078140592152,101.772334432471,567.397142857143,low,global:all:all:simple_power_law,simple_power_law,[]
coway,Other,B00NUB6ARI,"CUCKOO High Pressure Rice Cooker 10-Cup Uncooked / 20-Cup Cooked with Induction Heating Technology, Large Rice Maker with 17 Menu Options and Steam Plate, Voice Guide, Silver (CRP-CHSS1009FN)",2019-01,keepa_backcast_estimate,,,607.9825,284507,19.85009724516967,12068.511748361369,103.01450540586094,607.9825,low,global:all:all:simple_power_law,simple_power_law,[]
coway,Other,B00NUB6ARI,"CUCKOO High Pressure Rice Cooker 10-Cup Uncooked / 20-Cup Cooked with Induction Heating Technology, Large Rice Maker with 17 Menu Options and Steam Plate, Voice Guide, Silver (CRP-CHSS1009FN)",2019-02,keepa_backcast_estimate,,,608.15,284507,19.851057211039894,12072.420442893912,103.0194872660557,608.15,low,global:all:all:simple_power_law,simple_power_law,[]
coway,Other,B00NUB6ARI,"CUCKOO High Pressure Rice Cooker 10-Cup Uncooked / 20-Cup Cooked with Induction Heating Technology, Large Rice Maker with 17 Menu Options and Steam Plate, Voice Guide, Silver (CRP-CHSS1009FN)",2019-03,keepa_backcast_estimate,,,595.1366666666668,284507,19.775812532607677,11769.311151281026,102.628995812166,595.1366666666668,low,global:all:all:simple_power_law,simple_power_law,[]
coway,Other,B00NUB6ARI,"CUCKOO High Pressure Rice Cooker 10-Cup Uncooked / 20-Cup Cooked with Induction Heating Technology, Large Rice Maker with 17 Menu Options and Steam Plate, Voice Guide, Silver (CRP-CHSS1009FN)",2019-04,keepa_backcast_estimate,,,617.792,284507,19.9059499301004,12297.736619216588,103.30435973970451,617.792,low,global:all:all:simple_power_law,simple_power_law,[]
coway,Other,B00NUB6ARI,"CUCKOO High Pressure Rice Cooker 10-Cup Uncooked / 20-Cup Cooked with Induction Heating Technology, Large Rice Maker with 17 Menu Options and Steam Plate, Voice Guide, Silver (CRP-CHSS1009FN)",2019-05,keepa_backcast_estimate,,,611.445,284507,19.86989677546348,12149.349033873268,103.11725748789327,611.445,low,global:all:all:simple_power_law,simple_power_law,[]
coway,Other,B00NUB6ARI,"CUCKOO High Pressure Rice Cooker 10-Cup Uncooked / 20-Cup Cooked with Induction Heating Technology, Large Rice Maker with 17 Menu Options and Steam Plate, Voice Guide, Silver (CRP-CHSS1009FN)",2019-06,keepa_backcast_estimate,,,837.4733333333334,284507,20.99677701999264,17584.24084018997,108.96534022562669,837.4733333333334,low,global:all:all:simple_power_law,simple_power_law,[]
coway,Other,B00NUB6ARI,"CUCKOO High Pressure Rice Cooker 10-Cup Uncooked / 20-Cup Cooked with Induction Heating Technology, Large Rice Maker with 17 Menu Options and Steam Plate, Voice Guide, Silver (CRP-CHSS1009FN)",2019-07,keepa_backcast_estimate,,,1180.75,284507,22.29751368276566,26327.789280925554,115.71567209170557,1180.75,low,global:all:all:simple_power_law,simple_power_law,[]
coway,Other,B00NUB6ARI,"CUCKOO High Pressure Rice Cooker 10-Cup Uncooked / 20-Cup Cooked with Induction Heating Technology, Large Rice Maker with 17 Menu Options and Steam Plate, Voice Guide, Silver (CRP-CHSS1009FN)",2019-08,keepa_backcast_estimate,,,500,284507,19.17980799213729,9589.903996068646,99.53595741553323,500,low,global:all:all:simple_power_law,simple_power_law,[]
coway,Other,B00NUB6ARI,"CUCKOO High Pressure Rice Cooker 10-Cup Uncooked / 20-Cup Cooked with Induction Heating Technology, Large Rice Maker with 17 Menu Options and Steam Plate, Voice Guide, Silver (CRP-CHSS1009FN)",2019-09,keepa_backcast_estimate,,,589.98,284507,19.745617323370883,11649.519308442354,102.47229408387035,589.98,low,global:all:all:simple_power_law,simple_power_law,[]
coway,Other,B00NUB6ARI,"CUCKOO High Pressure Rice Cooker 10-Cup Uncooked / 20-Cup Cooked with Induction Heating Technology, Large Rice Maker with 17 Menu Options and Steam Plate, Voice Guide, Silver (CRP-CHSS1009FN)",2019-10,keepa_backcast_estimate,,,587.7375,284507,19.73241773026843,11597.48186574364,102.40379318242825,587.7375,low,global:all:all:simple_power_law,simple_power_law,[]
coway,Other,B00NUB6ARI,"CUCKOO High Pressure Rice Cooker 10-Cup Uncooked / 20-Cup Cooked with Induction Heating Technology, Large Rice Maker with 17 Menu Options and Steam Plate, Voice Guide, Silver (CRP-CHSS1009FN)",2019-11,keepa_backcast_estimate,,,559.9633333333334,284507,19.565365415276343,10955.88723582286,101.53685477939338,559.9633333333334,low,global:all:all:simple_power_law,simple_power_law,[]
coway,Other,B00NUB6ARI,"CUCKOO High Pressure Rice Cooker 10-Cup Uncooked / 20-Cup Cooked with Induction Heating Technology, Large Rice Maker with 17 Menu Options and Steam Plate, Voice Guide, Silver (CRP-CHSS1009FN)",2019-12,keepa_backcast_estimate,,,554.99,284507,19.534728461991037,10841.578949120405,101.3778605663753,554.99,low,global:all:all:simple_power_law,simple_power_law,[]
coway,Other,B00NUB6ARI,"CUCKOO High Pressure Rice Cooker 10-Cup Uncooked / 20-Cup Cooked with Induction Heating Technology, Large Rice Maker with 17 Menu Options and Steam Plate, Voice Guide, Silver (CRP-CHSS1009FN)",2020-01,keepa_backcast_estimate,,,509.99,284507,19.246620193634666,9815.583832551743,99.88268749989106,509.99,low,global:all:all:simple_power_law,simple_power_law,[]
coway,Other,B00NUB6ARI,"CUCKOO High Pressure Rice Cooker 10-Cup Uncooked / 20-Cup Cooked with Induction Heating Technology, Large Rice Maker with 17 Menu Options and Steam Plate, Voice Guide, Silver (CRP-CHSS1009FN)",2020-02,keepa_backcast_estimate,,,460,284507,18.900651015776685,8694.299467257275,98.08723817274054,460,low,global:all:all:simple_power_law,simple_power_law,[]
coway,Other,B00NUB6ARI,"CUCKOO High Pressure Rice Cooker 10-Cup Uncooked / 20-Cup Cooked with Induction Heating Technology, Large Rice Maker with 17 Menu Options and Steam Plate, Voice Guide, Silver (CRP-CHSS1009FN)",2020-03,keepa_backcast_estimate,,,514.1522222222222,284507,19.274136174280994,9909.839945420294,100.02548504400528,514.1522222222222,low,global:all:all:simple_power_law,simple_power_law,[]
coway,Other,B00NUB6ARI,"CUCKOO High Pressure Rice Cooker 10-Cup Uncooked / 20-Cup Cooked with Induction Heating Technology, Large Rice Maker with 17 Menu Options and Steam Plate, Voice Guide, Silver (CRP-CHSS1009FN)",2020-04,keepa_backcast_estimate,,,589.495,284507,19.74276610047402,11638.261902398934,102.45749731421758,589.495,low,global:all:all:simple_power_law,simple_power_law,[]
coway,Other,B00NUB6ARI,"CUCKOO High Pressure Rice Cooker 10-Cup Uncooked / 20-Cup Cooked with Induction Heating Technology, Large Rice Maker with 17 Menu Options and Steam Plate, Voice Guide, Silver (CRP-CHSS1009FN)",2020-05,keepa_backcast_estimate,,,588.99,284507,19.739795228575616,11626.541991678752,102.44207961144976,588.99,low,global:all:all:simple_power_law,simple_power_law,[]
coway,Other,B00NUB6ARI,"CUCKOO High Pressure Rice Cooker 10-Cup Uncooked / 20-Cup Cooked with Induction Heating Technology, Large Rice Maker with 17 Menu Options and Steam Plate, Voice Guide, Silver (CRP-CHSS1009FN)",2020-06,keepa_backcast_estimate,,,588.99,284507,19.739795228575616,11626.541991678752,102.44207961144976,588.99,low,global:all:all:simple_power_law,simple_power_law,[]
coway,Other,B00NUB6ARI,"CUCKOO High Pressure Rice Cooker 10-Cup Uncooked / 20-Cup Cooked with Induction Heating Technology, Large Rice Maker with 17 Menu Options and Steam Plate, Voice Guide, Silver (CRP-CHSS1009FN)",2020-07,keepa_backcast_estimate,,,589.965,284507,19.745529170419367,11649.171117026463,102.47183660335585,589.965,low,global:all:all:simple_power_law,simple_power_law,[]
coway,Other,B00NUB6ARI,"CUCKOO High Pressure Rice Cooker 10-Cup Uncooked / 20-Cup Cooked with Induction Heating Technology, Large Rice Maker with 17 Menu Options and Steam Plate, Voice Guide, Silver (CRP-CHSS1009FN)",2020-08,keepa_backcast_estimate,,,616.79,284507,19.900278751608827,12274.292931204807,103.27492846588441,616.79,low,global:all:all:simple_power_law,simple_power_law,[]
coway,Other,B00NUB6ARI,"CUCKOO High Pressure Rice Cooker 10-Cup Uncooked / 20-Cup Cooked with Induction Heating Technology, Large Rice Maker with 17 Menu Options and Steam Plate, Voice Guide, Silver (CRP-CHSS1009FN)",2020-09,keepa_backcast_estimate,,,599.9433333333334,284507,19.80376309706589,11881.135644997368,102.7740486820797,599.9433333333334,low,global:all:all:simple_power_law,simple_power_law,[]
coway,Other,B00NUB6ARI,"CUCKOO High Pressure Rice Cooker 10-Cup Uncooked / 20-Cup Cooked with Induction Heating Technology, Large Rice Maker with 17 Menu Options and Steam Plate, Voice Guide, Silver (CRP-CHSS1009FN)",2021-01,keepa_backcast_estimate,,,605.9739999999999,284507,19.838569095289497,12021.657068948956,102.95467866327712,605.9739999999999,low,global:all:all:simple_power_law,simple_power_law,[]
coway,Other,B00NUB6ARI,"CUCKOO High Pressure Rice Cooker 10-Cup Uncooked / 20-Cup Cooked with Induction Heating Technology, Large Rice Maker with 17 Menu Options and Steam Plate, Voice Guide, Silver (CRP-CHSS1009FN)",2021-02,keepa_backcast_estimate,,,540.6922222222223,284507,19.445361678497463,10513.955817861635,100.91408072249854,540.6922222222223,low,global:all:all:simple_power_law,simple_power_law,[]
coway,Other,B00NUB6ARI,"CUCKOO High Pressure Rice Cooker 10-Cup Uncooked / 20-Cup Cooked with Induction Heating Technology, Large Rice Maker with 17 Menu Options and Steam Plate, Voice Guide, Silver (CRP-CHSS1009FN)",2021-03,keepa_backcast_estimate,,,539.4358333333333,284507,19.43741522332547,10485.238278840594,100.87284162229857,539.4358333333333,low,global:all:all:simple_power_law,simple_power_law,[]
coway,Other,B00NUB6ARI,"CUCKOO High Pressure Rice Cooker 10-Cup Uncooked / 20-Cup Cooked with Induction Heating Technology, Large Rice Maker with 17 Menu Options and Steam Plate, Voice Guide, Silver (CRP-CHSS1009FN)",2021-05,keepa_backcast_estimate,,,517.3625,284507,19.295232799430757,9982.629879195494,100.13496855830215,517.3625,low,global:all:all:simple_power_law,simple_power_law,[]
coway,Other,B00NUB6ARI,"CUCKOO High Pressure Rice Cooker 10-Cup Uncooked / 20-Cup Cooked with Induction Heating Technology, Large Rice Maker with 17 Menu Options and Steam Plate, Voice Guide, Silver (CRP-CHSS1009FN)",2021-06,keepa_backcast_estimate,,,369.14481481481477,284507,18.18262299252507,6712.020997423259,94.36094400051364,369.14481481481477,low,global:all:all:simple_power_law,simple_power_law,[]
coway,Other,B00NUB6ARI,"CUCKOO High Pressure Rice Cooker 10-Cup Uncooked / 20-Cup Cooked with Induction Heating Technology, Large Rice Maker with 17 Menu Options and Steam Plate, Voice Guide, Silver (CRP-CHSS1009FN)",2021-07,keepa_backcast_estimate,,,438.19299999999987,284507,18.73985713030774,8211.674215500938,97.25277865451825,438.19299999999987,low,global:all:all:simple_power_law,simple_power_law,[]
coway,Other,B00NUB6ARI,"CUCKOO High Pressure Rice Cooker 10-Cup Uncooked / 20-Cup Cooked with Induction Heating Technology, Large Rice Maker with 17 Menu Options and Steam Plate, Voice Guide, Silver (CRP-CHSS1009FN)",2021-08,keepa_backcast_estimate,,,407.2716666666667,284507,18.500062429755054,7534.551259203725,96.00833475224,407.2716666666667,low,global:all:all:simple_power_law,simple_power_law,[]
coway,Other,B00NUB6ARI,"CUCKOO High Pressure Rice Cooker 10-Cup Uncooked / 20-Cup Cooked with Induction Heating Technology, Large Rice Maker with 17 Menu Options and Steam Plate, Voice Guide, Silver (CRP-CHSS1009FN)",2021-09,keepa_backcast_estimate,,,588.98,284507,19.73973637805503,11626.309931946853,102.44177419948144,588.98,low,global:all:all:simple_power_law,simple_power_law,[]
coway,Other,B00NUB6ARI,"CUCKOO High Pressure Rice Cooker 10-Cup Uncooked / 20-Cup Cooked with Induction Heating Technology, Large Rice Maker with 17 Menu Options and Steam Plate, Voice Guide, Silver (CRP-CHSS1009FN)",2021-10,keepa_backcast_estimate,,,589,284507,19.739854078265715,11626.774052098506,102.44238501910816,589,low,global:all:all:simple_power_law,simple_power_law,[]
coway,Other,B00NUB6ARI,"CUCKOO High Pressure Rice Cooker 10-Cup Uncooked / 20-Cup Cooked with Induction Heating Technology, Large Rice Maker with 17 Menu Options and Steam Plate, Voice Guide, Silver (CRP-CHSS1009FN)",2021-11,keepa_backcast_estimate,,,442.6266666666667,284507,18.773078789560984,8309.46528769408,97.42518651501716,442.6266666666667,low,global:all:all:simple_power_law,simple_power_law,[]
coway,Other,B00NUB6ARI,"CUCKOO High Pressure Rice Cooker 10-Cup Uncooked / 20-Cup Cooked with Induction Heating Technology, Large Rice Maker with 17 Menu Options and Steam Plate, Voice Guide, Silver (CRP-CHSS1009FN)",2022-01,keepa_backcast_estimate,,,519.1800000000001,284507,19.30712848014384,10023.874964321081,100.19670264705694,519.1800000000001,low,global:all:all:simple_power_law,simple_power_law,[]
coway,Other,B00NUB6ARI,"CUCKOO High Pressure Rice Cooker 10-Cup Uncooked / 20-Cup Cooked with Induction Heating Technology, Large Rice Maker with 17 Menu Options and Steam Plate, Voice Guide, Silver (CRP-CHSS1009FN)",2022-05,keepa_backcast_estimate,,,507.38000000000005,284507,19.229270435441826,9756.547233534475,99.79264880954754,507.38000000000005,low,global:all:all:simple_power_law,simple_power_law,[]
coway,Other,B00NUB6ARI,"CUCKOO High Pressure Rice Cooker 10-Cup Uncooked / 20-Cup Cooked with Induction Heating Technology, Large Rice Maker with 17 Menu Options and Steam Plate, Voice Guide, Silver (CRP-CHSS1009FN)",2022-06,keepa_backcast_estimate,,,503.2814285714286,284507,19.201875263919707,9663.947214075888,99.65047821914669,503.2814285714286,low,global:all:all:simple_power_law,simple_power_law,[]
coway,Other,B00NUB6ARI,"CUCKOO High Pressure Rice Cooker 10-Cup Uncooked / 20-Cup Cooked with Induction Heating Technology, Large Rice Maker with 17 Menu Options and Steam Plate, Voice Guide, Silver (CRP-CHSS1009FN)",2022-07,keepa_backcast_estimate,,,589.99,284507,19.745676090970292,11649.751436911563,102.4725990655091,589.99,low,global:all:all:simple_power_law,simple_power_law,[]
coway,Other,B00NUB6ARI,"CUCKOO High Pressure Rice Cooker 10-Cup Uncooked / 20-Cup Cooked with Induction Heating Technology, Large Rice Maker with 17 Menu Options and Steam Plate, Voice Guide, Silver (CRP-CHSS1009FN)",2022-08,keepa_backcast_estimate,,,594.495,284507,19.77206708453961,11754.395021423376,102.6095583517098,594.495,low,global:all:all:simple_power_law,simple_power_law,[]
coway,Other,B00NUB6ARI,"CUCKOO High Pressure Rice Cooker 10-Cup Uncooked / 20-Cup Cooked with Induction Heating Technology, Large Rice Maker with 17 Menu Options and Steam Plate, Voice Guide, Silver (CRP-CHSS1009FN)",2022-09,keepa_backcast_estimate,,,559.99,284507,19.565529077905865,10956.500628336506,101.53770412660946,559.99,low,global:all:all:simple_power_law,simple_power_law,[]
coway,Other,B00NUB6ARI,"CUCKOO High Pressure Rice Cooker 10-Cup Uncooked / 20-Cup Cooked with Induction Heating Technology, Large Rice Maker with 17 Menu Options and Steam Plate, Voice Guide, Silver (CRP-CHSS1009FN)",2022-10,keepa_backcast_estimate,,,555.8625,284507,19.540119734872953,10861.619806125816,101.4058392358286,555.8625,low,global:all:all:simple_power_law,simple_power_law,[]
coway,Other,B00NUB6ARI,"CUCKOO High Pressure Rice Cooker 10-Cup Uncooked / 20-Cup Cooked with Induction Heating Technology, Large Rice Maker with 17 Menu Options and Steam Plate, Voice Guide, Silver (CRP-CHSS1009FN)",2022-11,keepa_backcast_estimate,,,574.0262500000001,284507,19.650788946051243,11280.06868824325,101.98017063140716,574.0262500000001,low,global:all:all:simple_power_law,simple_power_law,[]
coway,Other,B00NUB6ARI,"CUCKOO High Pressure Rice Cooker 10-Cup Uncooked / 20-Cup Cooked with Induction Heating Technology, Large Rice Maker with 17 Menu Options and Steam Plate, Voice Guide, Silver (CRP-CHSS1009FN)",2023-01,keepa_backcast_estimate,,,557.8357142857142,284507,19.552286551358563,10906.963734296067,101.46898041680868,557.8357142857142,low,global:all:all:simple_power_law,simple_power_law,[]
coway,Other,B00NUB6ARI,"CUCKOO High Pressure Rice Cooker 10-Cup Uncooked / 20-Cup Cooked with Induction Heating Technology, Large Rice Maker with 17 Menu Options and Steam Plate, Voice Guide, Silver (CRP-CHSS1009FN)",2023-02,keepa_backcast_estimate,,,558.97,284507,19.559264362692737,10933.04200081436,101.50519262144057,558.97,low,global:all:all:simple_power_law,simple_power_law,[]
coway,Other,B00NUB6ARI,"CUCKOO High Pressure Rice Cooker 10-Cup Uncooked / 20-Cup Cooked with Induction Heating Technology, Large Rice Maker with 17 Menu Options and Steam Plate, Voice Guide, Silver (CRP-CHSS1009FN)",2023-03,keepa_backcast_estimate,,,508.5900000000001,284507,19.23732300837465,9783.910108829265,99.8344386208353,508.5900000000001,low,global:all:all:simple_power_law,simple_power_law,[]
coway,Other,B00NUB6ARI,"CUCKOO High Pressure Rice Cooker 10-Cup Uncooked / 20-Cup Cooked with Induction Heating Technology, Large Rice Maker with 17 Menu Options and Steam Plate, Voice Guide, Silver (CRP-CHSS1009FN)",2023-04,keepa_backcast_estimate,,,551.594,284507,19.51367691008068,10763.627101539043,101.26861096516244,551.594,low,global:all:all:simple_power_law,simple_power_law,[]
coway,Other,B00NUB6ARI,"CUCKOO High Pressure Rice Cooker 10-Cup Uncooked / 20-Cup Cooked with Induction Heating Technology, Large Rice Maker with 17 Menu Options and Steam Plate, Voice Guide, Silver (CRP-CHSS1009FN)",2023-05,keepa_backcast_estimate,,,487.15090909090907,284507,19.09222403428941,9300.794294871388,99.0814297632124,487.15090909090907,low,global:all:all:simple_power_law,simple_power_law,[]
coway,Other,B00NUB6ARI,"CUCKOO High Pressure Rice Cooker 10-Cup Uncooked / 20-Cup Cooked with Induction Heating Technology, Large Rice Maker with 17 Menu Options and Steam Plate, Voice Guide, Silver (CRP-CHSS1009FN)",2023-06,keepa_backcast_estimate,,,521.1322222222221,284507,19.319867442575166,10068.205453387956,100.26281304934055,521.1322222222221,low,global:all:all:simple_power_law,simple_power_law,[]
coway,Other,B00NUB6ARI,"CUCKOO High Pressure Rice Cooker 10-Cup Uncooked / 20-Cup Cooked with Induction Heating Technology, Large Rice Maker with 17 Menu Options and Steam Plate, Voice Guide, Silver (CRP-CHSS1009FN)",2023-07,keepa_backcast_estimate,,,446.0625,284507,18.798634048882825,8385.365700429795,97.55780865621088,446.0625,low,global:all:all:simple_power_law,simple_power_law,[]
coway,Other,B00NUB6ARI,"CUCKOO High Pressure Rice Cooker 10-Cup Uncooked / 20-Cup Cooked with Induction Heating Technology, Large Rice Maker with 17 Menu Options and Steam Plate, Voice Guide, Silver (CRP-CHSS1009FN)",2023-08,keepa_backcast_estimate,,,501.31333333333333,284507,19.188654426579905,9619.528312770195,99.58186706813873,501.31333333333333,low,global:all:all:simple_power_law,simple_power_law,[]
coway,Other,B00NUB6ARI,"CUCKOO High Pressure Rice Cooker 10-Cup Uncooked / 20-Cup Cooked with Induction Heating Technology, Large Rice Maker with 17 Menu Options and Steam Plate, Voice Guide, Silver (CRP-CHSS1009FN)",2023-09,keepa_backcast_estimate,,,546.8466666666667,284507,19.484067271504248,10654.797240531194,101.11494812736754,546.8466666666667,low,global:all:all:simple_power_law,simple_power_law,[]
coway,Other,B00NUB6ARI,"CUCKOO High Pressure Rice Cooker 10-Cup Uncooked / 20-Cup Cooked with Induction Heating Technology, Large Rice Maker with 17 Menu Options and Steam Plate, Voice Guide, Silver (CRP-CHSS1009FN)",2023-10,keepa_backcast_estimate,,,502.21500000000003,284507,19.19471678790767,9639.87469163905,99.61332843309117,502.21500000000003,low,global:all:all:simple_power_law,simple_power_law,[]
coway,Other,B00NUB6ARI,"CUCKOO High Pressure Rice Cooker 10-Cup Uncooked / 20-Cup Cooked with Induction Heating Technology, Large Rice Maker with 17 Menu Options and Steam Plate, Voice Guide, Silver (CRP-CHSS1009FN)",2023-11,keepa_backcast_estimate,,,494.8985714285714,284507,19.145261251932617,9474.962443208235,99.35667288550731,494.8985714285714,low,global:all:all:simple_power_law,simple_power_law,[]
coway,Other,B00NUB6ARI,"CUCKOO High Pressure Rice Cooker 10-Cup Uncooked / 20-Cup Cooked with Induction Heating Technology, Large Rice Maker with 17 Menu Options and Steam Plate, Voice Guide, Silver (CRP-CHSS1009FN)",2023-12,keepa_backcast_estimate,,,577.8266666666667,284507,19.673575355699903,11367.916469199557,102.09842348885869,577.8266666666667,low,global:all:all:simple_power_law,simple_power_law,[]
coway,Other,B00NUB6ARI,"CUCKOO High Pressure Rice Cooker 10-Cup Uncooked / 20-Cup Cooked with Induction Heating Technology, Large Rice Maker with 17 Menu Options and Steam Plate, Voice Guide, Silver (CRP-CHSS1009FN)",2024-01,keepa_backcast_estimate,,,444.93666666666667,284507,18.790278321260736,8360.483802000681,97.51444558661659,444.93666666666667,low,global:all:all:simple_power_law,simple_power_law,[]
coway,Other,B00NUB6ARI,"CUCKOO High Pressure Rice Cooker 10-Cup Uncooked / 20-Cup Cooked with Induction Heating Technology, Large Rice Maker with 17 Menu Options and Steam Plate, Voice Guide, Silver (CRP-CHSS1009FN)",2024-02,keepa_backcast_estimate,,,455.97249999999997,284507,18.871438132614767,8604.856823923687,97.9356343456542,455.97249999999997,low,global:all:all:simple_power_law,simple_power_law,[]
coway,Other,B00NUB6ARI,"CUCKOO High Pressure Rice Cooker 10-Cup Uncooked / 20-Cup Cooked with Induction Heating Technology, Large Rice Maker with 17 Menu Options and Steam Plate, Voice Guide, Silver (CRP-CHSS1009FN)",2024-03,keepa_backcast_estimate,,,458.913076923077,284507,18.892788178792802,8670.14755478574,98.04643301934621,458.913076923077,low,global:all:all:simple_power_law,simple_power_law,[]
coway,Other,B00NUB6ARI,"CUCKOO High Pressure Rice Cooker 10-Cup Uncooked / 20-Cup Cooked with Induction Heating Technology, Large Rice Maker with 17 Menu Options and Steam Plate, Voice Guide, Silver (CRP-CHSS1009FN)",2024-04,keepa_backcast_estimate,,,450.35599999999994,284507,18.830339668943374,8480.356451946662,97.72234884605395,450.35599999999994,low,global:all:all:simple_power_law,simple_power_law,[]
coway,Other,B00NUB6ARI,"CUCKOO High Pressure Rice Cooker 10-Cup Uncooked / 20-Cup Cooked with Induction Heating Technology, Large Rice Maker with 17 Menu Options and Steam Plate, Voice Guide, Silver (CRP-CHSS1009FN)",2024-05,keepa_backcast_estimate,,,460.65333333333336,284507,18.905369826190352,8708.821628334006,98.11172701603759,460.65333333333336,low,global:all:all:simple_power_law,simple_power_law,[]
coway,Other,B00NUB6ARI,"CUCKOO High Pressure Rice Cooker 10-Cup Uncooked / 20-Cup Cooked with Induction Heating Technology, Large Rice Maker with 17 Menu Options and Steam Plate, Voice Guide, Silver (CRP-CHSS1009FN)",2024-06,keepa_backcast_estimate,,,449.76,284507,18.825953518908076,8467.160854664096,97.69958638444272,449.76,low,global:all:all:simple_power_law,simple_power_law,[]
coway,Other,B00NUB6ARI,"CUCKOO High Pressure Rice Cooker 10-Cup Uncooked / 20-Cup Cooked with Induction Heating Technology, Large Rice Maker with 17 Menu Options and Steam Plate, Voice Guide, Silver (CRP-CHSS1009FN)",2024-07,keepa_backcast_estimate,,,386.9814285714286,284507,18.334358933630355,7095.056412077609,95.1483962095479,386.9814285714286,low,global:all:all:simple_power_law,simple_power_law,[]
coway,Other,B00NUB6ARI,"CUCKOO High Pressure Rice Cooker 10-Cup Uncooked / 20-Cup Cooked with Induction Heating Technology, Large Rice Maker with 17 Menu Options and Steam Plate, Voice Guide, Silver (CRP-CHSS1009FN)",2024-08,keepa_backcast_estimate,,,404.2970588235293,284507,18.476204924350135,7469.875309135568,95.8845233124697,404.2970588235293,low,global:all:all:simple_power_law,simple_power_law,[]
coway,Other,B00NUB6ARI,"CUCKOO High Pressure Rice Cooker 10-Cup Uncooked / 20-Cup Cooked with Induction Heating Technology, Large Rice Maker with 17 Menu Options and Steam Plate, Voice Guide, Silver (CRP-CHSS1009FN)",2024-09,keepa_backcast_estimate,,,425.4709999999999,284507,18.64295561056076,7932.036966580896,96.74989637608304,425.4709999999999,low,global:all:all:simple_power_law,simple_power_law,[]
coway,Other,B00NUB6ARI,"CUCKOO High Pressure Rice Cooker 10-Cup Uncooked / 20-Cup Cooked with Induction Heating Technology, Large Rice Maker with 17 Menu Options and Steam Plate, Voice Guide, Silver (CRP-CHSS1009FN)",2024-10,keepa_backcast_estimate,,,413.8545454545454,284507,18.552349428973,7677.974140041516,96.27968452433767,413.8545454545454,low,global:all:all:simple_power_law,simple_power_law,[]
coway,Other,B00NUB6ARI,"CUCKOO High Pressure Rice Cooker 10-Cup Uncooked / 20-Cup Cooked with Induction Heating Technology, Large Rice Maker with 17 Menu Options and Steam Plate, Voice Guide, Silver (CRP-CHSS1009FN)",2024-11,keepa_backcast_estimate,,,461.1816666666667,284507,18.90918173853767,8720.5679494817,98.13150940099314,461.1816666666667,low,global:all:all:simple_power_law,simple_power_law,[]
coway,Other,B00NUB6ARI,"CUCKOO High Pressure Rice Cooker 10-Cup Uncooked / 20-Cup Cooked with Induction Heating Technology, Large Rice Maker with 17 Menu Options and Steam Plate, Voice Guide, Silver (CRP-CHSS1009FN)",2024-12,keepa_backcast_estimate,,,383.319375,284507,18.30368680241502,7016.157785297473,94.98921943636306,383.319375,low,global:all:all:simple_power_law,simple_power_law,[]
coway,Other,B00NUB6ARI,"CUCKOO High Pressure Rice Cooker 10-Cup Uncooked / 20-Cup Cooked with Induction Heating Technology, Large Rice Maker with 17 Menu Options and Steam Plate, Voice Guide, Silver (CRP-CHSS1009FN)",2025-01,keepa_backcast_estimate,,,434.43181818181824,284507,18.711454797339385,8128.851328435055,97.10538127671349,434.43181818181824,low,global:all:all:simple_power_law,simple_power_law,[]
coway,Other,B00NUB6ARI,"CUCKOO High Pressure Rice Cooker 10-Cup Uncooked / 20-Cup Cooked with Induction Heating Technology, Large Rice Maker with 17 Menu Options and Steam Plate, Voice Guide, Silver (CRP-CHSS1009FN)",2025-02,keepa_backcast_estimate,,,406.11083333333323,284507,18.490769370624655,7509.301758078852,95.96010728623813,406.11083333333323,low,global:all:all:simple_power_law,simple_power_law,[]
coway,Other,B00NUB6ARI,"CUCKOO High Pressure Rice Cooker 10-Cup Uncooked / 20-Cup Cooked with Induction Heating Technology, Large Rice Maker with 17 Menu Options and Steam Plate, Voice Guide, Silver (CRP-CHSS1009FN)",2025-03,keepa_backcast_estimate,,,414.2176470588235,284507,18.555213346528042,7685.896813073324,96.29454717447042,414.2176470588235,low,global:all:all:simple_power_law,simple_power_law,[]
coway,Other,B00NUB6ARI,"CUCKOO High Pressure Rice Cooker 10-Cup Uncooked / 20-Cup Cooked with Induction Heating Technology, Large Rice Maker with 17 Menu Options and Steam Plate, Voice Guide, Silver (CRP-CHSS1009FN)",2025-04,keepa_backcast_estimate,,,431.81888888888886,284507,18.69160294014509,8071.387213165741,97.00235763783655,431.81888888888886,low,global:all:all:simple_power_law,simple_power_law,[]
coway,Other,B00NUB6ARI,"CUCKOO High Pressure Rice Cooker 10-Cup Uncooked / 20-Cup Cooked with Induction Heating Technology, Large Rice Maker with 17 Menu Options and Steam Plate, Voice Guide, Silver (CRP-CHSS1009FN)",2025-05,keepa_backcast_estimate,,,418.2542857142857,284507,18.586912179233344,7774.055677159399,96.459052140504,418.2542857142857,low,global:all:all:simple_power_law,simple_power_law,[]
coway,Other,B00NUB6ARI,"CUCKOO High Pressure Rice Cooker 10-Cup Uncooked / 20-Cup Cooked with Induction Heating Technology, Large Rice Maker with 17 Menu Options and Steam Plate, Voice Guide, Silver (CRP-CHSS1009FN)",2025-06,keepa_backcast_estimate,,,397.3444444444445,284507,18.419868470206623,7319.03240403399,95.59215839917809,397.3444444444445,low,global:all:all:simple_power_law,simple_power_law,[]
coway,Other,B00NUB6ARI,"CUCKOO High Pressure Rice Cooker 10-Cup Uncooked / 20-Cup Cooked with Induction Heating Technology, Large Rice Maker with 17 Menu Options and Steam Plate, Voice Guide, Silver (CRP-CHSS1009FN)",2025-07,keepa_backcast_estimate,,,326.03000000000003,284507,17.78900899039791,5799.750601139432,92.31823603545227,326.03000000000003,low,global:all:all:simple_power_law,simple_power_law,[]
coway,Other,B00NUB6ARI,"CUCKOO High Pressure Rice Cooker 10-Cup Uncooked / 20-Cup Cooked with Induction Heating Technology, Large Rice Maker with 17 Menu Options and Steam Plate, Voice Guide, Silver (CRP-CHSS1009FN)",2025-08,keepa_backcast_estimate,,,409.79857142857145,284507,18.520215761773624,7589.557961723744,96.1129229315588,409.79857142857145,low,global:all:all:simple_power_law,simple_power_law,[]
coway,Other,B00NUB6ARI,"CUCKOO High Pressure Rice Cooker 10-Cup Uncooked / 20-Cup Cooked with Induction Heating Technology, Large Rice Maker with 17 Menu Options and Steam Plate, Voice Guide, Silver (CRP-CHSS1009FN)",2025-09,keepa_backcast_estimate,,,385.93285714285713,284507,18.3256011654992,7072.4516166615795,95.10294670160106,385.93285714285713,low,global:all:all:simple_power_law,simple_power_law,[]
coway,Other,B00NUB6ARI,"CUCKOO High Pressure Rice Cooker 10-Cup Uncooked / 20-Cup Cooked with Induction Heating Technology, Large Rice Maker with 17 Menu Options and Steam Plate, Voice Guide, Silver (CRP-CHSS1009FN)",2025-10,keepa_backcast_estimate,,,422.8975,284507,18.62306158917661,7875.646188408816,96.64665392099026,422.8975,low,global:all:all:simple_power_law,simple_power_law,[]
coway,Other,B00NUB6ARI,"CUCKOO High Pressure Rice Cooker 10-Cup Uncooked / 20-Cup Cooked with Induction Heating Technology, Large Rice Maker with 17 Menu Options and Steam Plate, Voice Guide, Silver (CRP-CHSS1009FN)",2025-11,keepa_backcast_estimate,,,442.4623529411764,284507,18.771852522958625,8305.838036373032,97.4188226546301,442.4623529411764,low,global:all:all:simple_power_law,simple_power_law,[]
coway,Other,B00NUB6ARI,"CUCKOO High Pressure Rice Cooker 10-Cup Uncooked / 20-Cup Cooked with Induction Heating Technology, Large Rice Maker with 17 Menu Options and Steam Plate, Voice Guide, Silver (CRP-CHSS1009FN)",2025-12,keepa_backcast_estimate,,,439.158,284507,18.747111612984284,8232.944041734952,97.2904266788916,439.158,low,global:all:all:simple_power_law,simple_power_law,[]
coway,Other,B00NUB6ARI,"CUCKOO High Pressure Rice Cooker 10-Cup Uncooked / 20-Cup Cooked with Induction Heating Technology, Large Rice Maker with 17 Menu Options and Steam Plate, Voice Guide, Silver (CRP-CHSS1009FN)",2026-01,keepa_backcast_estimate,,,466.14875,284507,18.94484285449972,8831.114815571476,98.31657712019263,466.14875,low,global:all:all:simple_power_law,simple_power_law,[]
coway,Other,B00NUB6ARI,"CUCKOO High Pressure Rice Cooker 10-Cup Uncooked / 20-Cup Cooked with Induction Heating Technology, Large Rice Maker with 17 Menu Options and Steam Plate, Voice Guide, Silver (CRP-CHSS1009FN)",2026-02,keepa_backcast_estimate,,,525.0333333333332,284507,19.345205269737928,10156.877606788068,100.39430679977374,525.0333333333332,low,global:all:all:simple_power_law,simple_power_law,[]
coway,Other,B00NUB6ARI,"CUCKOO High Pressure Rice Cooker 10-Cup Uncooked / 20-Cup Cooked with Induction Heating Technology, Large Rice Maker with 17 Menu Options and Steam Plate, Voice Guide, Silver (CRP-CHSS1009FN)",2026-03,keepa_backcast_estimate,,,377.17153846153843,284507,18.25164304538676,6884.000286879363,94.71913199933383,377.17153846153843,low,global:all:all:simple_power_law,simple_power_law,[]
coway,Other,B00NUB6ARI,"CUCKOO High Pressure Rice Cooker 10-Cup Uncooked / 20-Cup Cooked with Induction Heating Technology, Large Rice Maker with 17 Menu Options and Steam Plate, Voice Guide, Silver (CRP-CHSS1009FN)",2026-04,keepa_backcast_estimate,,,400.9390909090909,284507,18.44909690453148,7396.964140996574,95.74384293092493,400.9390909090909,low,global:all:all:simple_power_law,simple_power_law,[]
coway,Other,B00NUB6ARI,"CUCKOO High Pressure Rice Cooker 10-Cup Uncooked / 20-Cup Cooked with Induction Heating Technology, Large Rice Maker with 17 Menu Options and Steam Plate, Voice Guide, Silver (CRP-CHSS1009FN)",2026-05,keepa_backcast_estimate,,,418.947,284507,18.592326344661153,7789.199345116756,96.48714961362175,418.947,low,global:all:all:simple_power_law,simple_power_law,[]
coway,Other,B00NUB6ARI,"CUCKOO High Pressure Rice Cooker 10-Cup Uncooked / 20-Cup Cooked with Induction Heating Technology, Large Rice Maker with 17 Menu Options and Steam Plate, Voice Guide, Silver (CRP-CHSS1009FN)",2026-06,keepa_backcast_estimate,,,417.82666666666665,284507,18.58356624488478,7764.7095388793905,96.4416880053171,417.82666666666665,low,global:all:all:simple_power_law,simple_power_law,[]
coway,Other,B00PGBUK0I,CUCKOO Replacement Dual Motion Rubber Packing for 10-Cup IH Cooker Models | CCP-DH10,2017-06,keepa_backcast_estimate,,,13,1055398,4.421609999118447,57.480929988539806,87.9393854988151,13,low,global:all:all:simple_power_law,simple_power_law,[]
coway,Other,B00PGBUK0I,CUCKOO Replacement Dual Motion Rubber Packing for 10-Cup IH Cooker Models | CCP-DH10,2017-07,keepa_backcast_estimate,,,16.48,1055398,4.626898275539476,76.25128358089057,92.02227043940813,16.48,low,global:all:all:simple_power_law,simple_power_law,[]
coway,Other,B00PGBUK0I,CUCKOO Replacement Dual Motion Rubber Packing for 10-Cup IH Cooker Models | CCP-DH10,2017-08,keepa_backcast_estimate,,,15.99,1055398,4.600178220702645,73.5568497490353,91.49084745019965,15.99,low,global:all:all:simple_power_law,simple_power_law,[]
coway,Other,B00PGBUK0I,CUCKOO Replacement Dual Motion Rubber Packing for 10-Cup IH Cooker Models | CCP-DH10,2017-09,keepa_backcast_estimate,,,17.99,1055398,4.705492666404938,84.65181306862483,93.58539844883012,17.99,low,global:all:all:simple_power_law,simple_power_law,[]
coway,Other,B00PGBUK0I,CUCKOO Replacement Dual Motion Rubber Packing for 10-Cup IH Cooker Models | CCP-DH10,2017-10,keepa_backcast_estimate,,,470.995,1055398,8.770176130247451,4130.709106465898,174.42603480725413,470.995,low,global:all:all:simple_power_law,simple_power_law,[]
coway,Other,B00PGBUK0I,CUCKOO Replacement Dual Motion Rubber Packing for 10-Cup IH Cooker Models | CCP-DH10,2017-11,keepa_backcast_estimate,,,851,1055398,9.785592862498351,8327.539525986096,194.62119527531036,851,low,global:all:all:simple_power_law,simple_power_law,[]
coway,Other,B00PGBUK0I,CUCKOO Replacement Dual Motion Rubber Packing for 10-Cup IH Cooker Models | CCP-DH10,2018-01,keepa_backcast_estimate,,,15.186000000000002,1055398,4.554911899618277,69.17089210760317,90.59056622667588,15.186000000000002,low,global:all:all:simple_power_law,simple_power_law,[]
coway,Other,B00PGBUK0I,CUCKOO Replacement Dual Motion Rubber Packing for 10-Cup IH Cooker Models | CCP-DH10,2018-02,keepa_backcast_estimate,,,25.985,1055398,5.051176866115467,131.25483086601042,100.46055390244418,25.985,low,global:all:all:simple_power_law,simple_power_law,[]
coway,Other,B00PGBUK0I,CUCKOO Replacement Dual Motion Rubber Packing for 10-Cup IH Cooker Models | CCP-DH10,2018-03,keepa_backcast_estimate,,,21.4875,1055398,4.869267861011355,104.6283931634815,96.84264863066629,21.4875,low,global:all:all:simple_power_law,simple_power_law,[]
coway,Other,B00PGBUK0I,CUCKOO Replacement Dual Motion Rubber Packing for 10-Cup IH Cooker Models | CCP-DH10,2018-04,keepa_backcast_estimate,,,16.8425,1055398,4.646267164470016,78.25475471758625,92.40748944123915,16.8425,low,global:all:all:simple_power_law,simple_power_law,[]
coway,Other,B00PGBUK0I,CUCKOO Replacement Dual Motion Rubber Packing for 10-Cup IH Cooker Models | CCP-DH10,2018-05,keepa_backcast_estimate,,,236.085,1055398,7.706438350996589,1819.3744980950296,153.2698390645619,236.085,low,global:all:all:simple_power_law,simple_power_law,[]
coway,Other,B00PGBUK0I,CUCKOO Replacement Dual Motion Rubber Packing for 10-Cup IH Cooker Models | CCP-DH10,2018-06,keepa_backcast_estimate,,,15.729999999999999,1055398,4.5857386870375905,72.13366954710129,91.20366614799356,15.729999999999999,low,global:all:all:simple_power_law,simple_power_law,[]
coway,Other,B00PGBUK0I,CUCKOO Replacement Dual Motion Rubber Packing for 10-Cup IH Cooker Models | CCP-DH10,2018-07,keepa_backcast_estimate,,,16.3625,1055398,4.620548307661357,75.60372168410896,91.8959788231755,16.3625,low,global:all:all:simple_power_law,simple_power_law,[]
coway,Other,B00PGBUK0I,CUCKOO Replacement Dual Motion Rubber Packing for 10-Cup IH Cooker Models | CCP-DH10,2018-08,keepa_backcast_estimate,,,14,1055398,4.484594029200229,62.78431640880321,89.19204615923859,14,low,global:all:all:simple_power_law,simple_power_law,[]
coway,Other,B00PGBUK0I,CUCKOO Replacement Dual Motion Rubber Packing for 10-Cup IH Cooker Models | CCP-DH10,2018-09,keepa_backcast_estimate,,,17.78,1055398,4.694881010052042,83.47498435872532,93.37434805338948,17.78,low,global:all:all:simple_power_law,simple_power_law,[]
coway,Other,B00PGBUK0I,CUCKOO Replacement Dual Motion Rubber Packing for 10-Cup IH Cooker Models | CCP-DH10,2018-10,keepa_backcast_estimate,,,17.78,1055398,4.694881010052042,83.47498435872532,93.37434805338948,17.78,low,global:all:all:simple_power_law,simple_power_law,[]
coway,Other,B00PGBUK0I,CUCKOO Replacement Dual Motion Rubber Packing for 10-Cup IH Cooker Models | CCP-DH10,2018-11,keepa_backcast_estimate,,,17.78,1055398,4.694881010052042,83.47498435872532,93.37434805338948,17.78,low,global:all:all:simple_power_law,simple_power_law,[]
coway,Other,B00PGBUK0I,CUCKOO Replacement Dual Motion Rubber Packing for 10-Cup IH Cooker Models | CCP-DH10,2018-12,keepa_backcast_estimate,,,17.78,1055398,4.694881010052042,83.47498435872532,93.37434805338948,17.78,low,global:all:all:simple_power_law,simple_power_law,[]
coway,Other,B00PGBUK0I,CUCKOO Replacement Dual Motion Rubber Packing for 10-Cup IH Cooker Models | CCP-DH10,2019-01,keepa_backcast_estimate,,,17.78,1055398,4.694881010052042,83.47498435872532,93.37434805338948,17.78,low,global:all:all:simple_power_law,simple_power_law,[]
coway,Other,B00PGBUK0I,CUCKOO Replacement Dual Motion Rubber Packing for 10-Cup IH Cooker Models | CCP-DH10,2019-02,keepa_backcast_estimate,,,17.5,1055398,4.6805773756098725,81.91010407317277,93.08986958887205,17.5,low,global:all:all:simple_power_law,simple_power_law,[]
coway,Other,B00PGBUK0I,CUCKOO Replacement Dual Motion Rubber Packing for 10-Cup IH Cooker Models | CCP-DH10,2019-03,keepa_backcast_estimate,,,17.5,1055398,4.6805773756098725,81.91010407317277,93.08986958887205,17.5,low,global:all:all:simple_power_law,simple_power_law,[]
coway,Other,B00PGBUK0I,CUCKOO Replacement Dual Motion Rubber Packing for 10-Cup IH Cooker Models | CCP-DH10,2019-04,keepa_backcast_estimate,,,17,1055398,4.65458065562076,79.12787114555292,92.57283267668777,17,low,global:all:all:simple_power_law,simple_power_law,[]
coway,Other,B00PGBUK0I,CUCKOO Replacement Dual Motion Rubber Packing for 10-Cup IH Cooker Models | CCP-DH10,2019-05,keepa_backcast_estimate,,,16.993333333333336,1055398,4.654229991735196,79.09088165955345,92.56585848253242,16.993333333333336,low,global:all:all:simple_power_law,simple_power_law,[]
coway,Other,B00PGBUK0I,CUCKOO Replacement Dual Motion Rubber Packing for 10-Cup IH Cooker Models | CCP-DH10,2019-06,keepa_backcast_estimate,,,15.65333333333333,1055398,4.581445214160827,71.71488908566414,91.11827522330465,15.65333333333333,low,global:all:all:simple_power_law,simple_power_law,[]
coway,Other,B00PGBUK0I,CUCKOO Replacement Dual Motion Rubber Packing for 10-Cup IH Cooker Models | CCP-DH10,2019-07,keepa_backcast_estimate,,,14.969999999999999,1055398,4.542432187610688,68.000209848532,90.3423629239494,14.969999999999999,low,global:all:all:simple_power_law,simple_power_law,[]
coway,Other,B00PGBUK0I,CUCKOO Replacement Dual Motion Rubber Packing for 10-Cup IH Cooker Models | CCP-DH10,2019-08,keepa_backcast_estimate,,,15.22,1055398,4.556863651180607,69.35546477096884,90.62938372371244,15.22,low,global:all:all:simple_power_law,simple_power_law,[]
coway,Other,B00PGBUK0I,CUCKOO Replacement Dual Motion Rubber Packing for 10-Cup IH Cooker Models | CCP-DH10,2019-09,keepa_backcast_estimate,,,15.660000000000002,1055398,4.5818192121776296,71.75128886270168,91.12571349935838,15.660000000000002,low,global:all:all:simple_power_law,simple_power_law,[]
coway,Other,B00PGBUK0I,CUCKOO Replacement Dual Motion Rubber Packing for 10-Cup IH Cooker Models | CCP-DH10,2019-10,keepa_backcast_estimate,,,15.925,1055398,4.596585677466187,73.20062691364903,91.41939699557905,15.925,low,global:all:all:simple_power_law,simple_power_law,[]
coway,Other,B00PGBUK0I,CUCKOO Replacement Dual Motion Rubber Packing for 10-Cup IH Cooker Models | CCP-DH10,2019-11,keepa_backcast_estimate,,,571.2933333333334,1055398,9.090476427510119,5193.328579860348,180.79634139738363,571.2933333333334,low,global:all:all:simple_power_law,simple_power_law,[]
coway,Other,B00PGBUK0I,CUCKOO Replacement Dual Motion Rubber Packing for 10-Cup IH Cooker Models | CCP-DH10,2019-12,keepa_backcast_estimate,,,15.88,1055398,4.594091797003102,72.95417773640926,91.36979734398723,15.88,low,global:all:all:simple_power_law,simple_power_law,[]
coway,Other,B00PGBUK0I,CUCKOO Replacement Dual Motion Rubber Packing for 10-Cup IH Cooker Models | CCP-DH10,2020-02,keepa_backcast_estimate,,,18.62,1055398,4.736751795058508,88.19831842398942,94.20709700785531,18.62,low,global:all:all:simple_power_law,simple_power_law,[]
coway,Other,B00PGBUK0I,CUCKOO Replacement Dual Motion Rubber Packing for 10-Cup IH Cooker Models | CCP-DH10,2020-03,keepa_backcast_estimate,,,19.99,1055398,4.801943438045779,95.99084932653511,95.50366387492448,19.99,low,global:all:all:simple_power_law,simple_power_law,[]
coway,Other,B00PGBUK0I,CUCKOO Replacement Dual Motion Rubber Packing for 10-Cup IH Cooker Models | CCP-DH10,2020-04,keepa_backcast_estimate,,,21.09777777777778,1055398,4.852114835978375,102.36884056173042,96.50149993570068,21.09777777777778,low,global:all:all:simple_power_law,simple_power_law,[]
coway,Other,B00PGBUK0I,CUCKOO Replacement Dual Motion Rubber Packing for 10-Cup IH Cooker Models | CCP-DH10,2020-05,keepa_backcast_estimate,,,25.586,1055398,5.036104999960944,128.8537825290007,100.16079642762992,25.586,low,global:all:all:simple_power_law,simple_power_law,[]
coway,Other,B00PGBUK0I,CUCKOO Replacement Dual Motion Rubber Packing for 10-Cup IH Cooker Models | CCP-DH10,2020-06,keepa_backcast_estimate,,,26.99,1055398,5.0883335079317025,137.33412137907663,101.19954541213652,26.99,low,global:all:all:simple_power_law,simple_power_law,[]
coway,Other,B00PGBUK0I,CUCKOO Replacement Dual Motion Rubber Packing for 10-Cup IH Cooker Models | CCP-DH10,2020-07,keepa_backcast_estimate,,,26.49,1055398,5.069988999830275,134.30400860550398,100.83469985360938,26.49,low,global:all:all:simple_power_law,simple_power_law,[]
coway,Other,B00PGBUK0I,CUCKOO Replacement Dual Motion Rubber Packing for 10-Cup IH Cooker Models | CCP-DH10,2020-08,keepa_backcast_estimate,,,26.99,1055398,5.0883335079317025,137.33412137907663,101.19954541213652,26.99,low,global:all:all:simple_power_law,simple_power_law,[]
coway,Other,B00PGBUK0I,CUCKOO Replacement Dual Motion Rubber Packing for 10-Cup IH Cooker Models | CCP-DH10,2020-09,keepa_backcast_estimate,,,26.316666666666666,1055398,5.063564703653432,133.25614445114616,100.70692995572905,26.316666666666666,low,global:all:all:simple_power_law,simple_power_law,[]
coway,Other,B00PGBUK0I,CUCKOO Replacement Dual Motion Rubber Packing for 10-Cup IH Cooker Models | CCP-DH10,2020-12,keepa_backcast_estimate,,,26.99,1055398,5.0883335079317025,137.33412137907663,101.19954541213652,26.99,low,global:all:all:simple_power_law,simple_power_law,[]
coway,Other,B00PGBUK0I,CUCKOO Replacement Dual Motion Rubber Packing for 10-Cup IH Cooker Models | CCP-DH10,2021-01,keepa_backcast_estimate,,,23.49,1055398,4.9536891610090645,116.36215839210291,98.5216653793822,23.49,low,global:all:all:simple_power_law,simple_power_law,[]
coway,Other,B00PGBUK0I,CUCKOO Replacement Dual Motion Rubber Packing for 10-Cup IH Cooker Models | CCP-DH10,2021-02,keepa_backcast_estimate,,,25.374,1055398,5.028020123222289,127.58098260664235,100,25.374,low,global:all:all:simple_power_law,simple_power_law,[]
coway,Other,B00PGBUK0I,CUCKOO Replacement Dual Motion Rubber Packing for 10-Cup IH Cooker Models | CCP-DH10,2021-03,keepa_backcast_estimate,,,165.08666666666667,1055398,7.202830199644128,1189.0912282252505,143.25380613290142,165.08666666666667,low,global:all:all:simple_power_law,simple_power_law,[]
coway,Other,B00PGBUK0I,CUCKOO Replacement Dual Motion Rubber Packing for 10-Cup IH Cooker Models | CCP-DH10,2021-04,keepa_backcast_estimate,,,109.58900000000001,1055398,6.662930408322233,730.1838805176253,132.51598531893276,109.58900000000001,low,global:all:all:simple_power_law,simple_power_law,[]
coway,Other,B00PGBUK0I,CUCKOO Replacement Dual Motion Rubber Packing for 10-Cup IH Cooker Models | CCP-DH10,2021-05,keepa_backcast_estimate,,,115.54666666666668,1055398,6.730540524990105,777.6915225275235,133.86065210647422,115.54666666666668,low,global:all:all:simple_power_law,simple_power_law,[]
coway,Other,B00PGBUK0I,CUCKOO Replacement Dual Motion Rubber Packing for 10-Cup IH Cooker Models | CCP-DH10,2021-06,keepa_backcast_estimate,,,24.244999999999997,1055398,4.984029892207926,120.83780473658115,99.12509835012014,24.244999999999997,low,global:all:all:simple_power_law,simple_power_law,[]
coway,Other,B00PGBUK0I,CUCKOO Replacement Dual Motion Rubber Packing for 10-Cup IH Cooker Models | CCP-DH10,2021-08,keepa_backcast_estimate,,,23.744999999999997,1055398,4.96402272958354,117.87071971396115,98.72718501377567,23.744999999999997,low,global:all:all:simple_power_law,simple_power_law,[]
coway,Other,B00PGBUK0I,CUCKOO Replacement Dual Motion Rubber Packing for 10-Cup IH Cooker Models | CCP-DH10,2021-09,keepa_backcast_estimate,,,24.33,1055398,4.987398239209057,121.34339915995635,99.19208986802545,24.33,low,global:all:all:simple_power_law,simple_power_law,[]
coway,Other,B00PGBUK0I,CUCKOO Replacement Dual Motion Rubber Packing for 10-Cup IH Cooker Models | CCP-DH10,2021-10,keepa_backcast_estimate,,,26.826666666666664,1055398,5.0823711878220275,136.34307773197224,101.08096354564522,26.826666666666664,low,global:all:all:simple_power_law,simple_power_law,[]
coway,Other,B00PGBUK0I,CUCKOO Replacement Dual Motion Rubber Packing for 10-Cup IH Cooker Models | CCP-DH10,2021-11,keepa_backcast_estimate,,,26.99,1055398,5.0883335079317025,137.33412137907663,101.19954541213652,26.99,low,global:all:all:simple_power_law,simple_power_law,[]
coway,Other,B00PGBUK0I,CUCKOO Replacement Dual Motion Rubber Packing for 10-Cup IH Cooker Models | CCP-DH10,2021-12,keepa_backcast_estimate,,,35.99,1055398,5.379240251415059,193.59885664842798,106.98525701141554,35.99,low,global:all:all:simple_power_law,simple_power_law,[]
coway,Other,B00PGBUK0I,CUCKOO Replacement Dual Motion Rubber Packing for 10-Cup IH Cooker Models | CCP-DH10,2022-01,keepa_backcast_estimate,,,35.99,1055398,5.379240251415059,193.59885664842798,106.98525701141554,35.99,low,global:all:all:simple_power_law,simple_power_law,[]
coway,Other,B00PGBUK0I,CUCKOO Replacement Dual Motion Rubber Packing for 10-Cup IH Cooker Models | CCP-DH10,2022-02,keepa_backcast_estimate,,,34.67999999999999,1055398,5.340848366565559,185.22062135249354,106.22169831617119,34.67999999999999,low,global:all:all:simple_power_law,simple_power_law,[]
coway,Other,B00PGBUK0I,CUCKOO Replacement Dual Motion Rubber Packing for 10-Cup IH Cooker Models | CCP-DH10,2022-03,keepa_backcast_estimate,,,27.345,1055398,5.101193180642265,139.49212752466272,101.45530558006364,27.345,low,global:all:all:simple_power_law,simple_power_law,[]
coway,Other,B00PGBUK0I,CUCKOO Replacement Dual Motion Rubber Packing for 10-Cup IH Cooker Models | CCP-DH10,2022-04,keepa_backcast_estimate,,,28.945,1055398,5.157539425732734,149.284978677834,102.5759503609035,28.945,low,global:all:all:simple_power_law,simple_power_law,[]
coway,Other,B00PGBUK0I,CUCKOO Replacement Dual Motion Rubber Packing for 10-Cup IH Cooker Models | CCP-DH10,2022-05,keepa_backcast_estimate,,,29.72666666666667,1055398,5.184160245742393,154.1078035717689,103.10539971387462,29.72666666666667,low,global:all:all:simple_power_law,simple_power_law,[]
coway,Other,B00PGBUK0I,CUCKOO Replacement Dual Motion Rubber Packing for 10-Cup IH Cooker Models | CCP-DH10,2022-06,keepa_backcast_estimate,,,150.46285714285713,1055398,7.077229757348188,1064.860209947058,140.7557961962298,150.46285714285713,low,global:all:all:simple_power_law,simple_power_law,[]
coway,Other,B00PGBUK0I,CUCKOO Replacement Dual Motion Rubber Packing for 10-Cup IH Cooker Models | CCP-DH10,2022-07,keepa_backcast_estimate,,,25.679999999999996,1055398,5.039672637667978,129.41879333531367,100.23175154753004,25.679999999999996,low,global:all:all:simple_power_law,simple_power_law,[]
coway,Other,B00PGBUK0I,CUCKOO Replacement Dual Motion Rubber Packing for 10-Cup IH Cooker Models | CCP-DH10,2022-08,keepa_backcast_estimate,,,24.99,1055398,5.013237032587083,125.2807934443512,99.70598584983921,24.99,low,global:all:all:simple_power_law,simple_power_law,[]
coway,Other,B00PGBUK0I,CUCKOO Replacement Dual Motion Rubber Packing for 10-Cup IH Cooker Models | CCP-DH10,2022-09,keepa_backcast_estimate,,,28,1055398,5.124572270054836,143.4880235615354,101.92028163106615,28,low,global:all:all:simple_power_law,simple_power_law,[]
coway,Other,B00PGBUK0I,CUCKOO Replacement Dual Motion Rubber Packing for 10-Cup IH Cooker Models | CCP-DH10,2022-10,keepa_backcast_estimate,,,26.38333333333333,1055398,5.066039592438896,133.65901124717954,100.75615189050282,26.38333333333333,low,global:all:all:simple_power_law,simple_power_law,[]
coway,Other,B00PGBUK0I,CUCKOO Replacement Dual Motion Rubber Packing for 10-Cup IH Cooker Models | CCP-DH10,2022-11,keepa_backcast_estimate,,,863,1055398,9.81087658609035,8466.786493795971,195.1240517272013,863,low,global:all:all:simple_power_law,simple_power_law,[]
coway,Other,B00PGBUK0I,CUCKOO Replacement Dual Motion Rubber Packing for 10-Cup IH Cooker Models | CCP-DH10,2022-12,keepa_backcast_estimate,,,26.994999999999997,1055398,5.088515570505198,137.36447782578782,101.20316637166,26.994999999999997,low,global:all:all:simple_power_law,simple_power_law,[]
coway,Other,B00PGBUK0I,CUCKOO Replacement Dual Motion Rubber Packing for 10-Cup IH Cooker Models | CCP-DH10,2023-01,keepa_backcast_estimate,,,25.456,1055398,5.0311536872025595,128.07304826142834,100.06232202543896,25.456,low,global:all:all:simple_power_law,simple_power_law,[]
coway,Other,B00PGBUK0I,CUCKOO Replacement Dual Motion Rubber Packing for 10-Cup IH Cooker Models | CCP-DH10,2023-02,keepa_backcast_estimate,,,24.14636363636364,1055398,4.980109311760642,120.25153039061311,99.04712371296273,24.14636363636364,low,global:all:all:simple_power_law,simple_power_law,[]
coway,Other,B00PGBUK0I,CUCKOO Replacement Dual Motion Rubber Packing for 10-Cup IH Cooker Models | CCP-DH10,2023-03,keepa_backcast_estimate,,,24.11,1055398,4.978660705815243,120.0355096172055,99.01831304972158,24.11,low,global:all:all:simple_power_law,simple_power_law,[]
coway,Other,B00PGBUK0I,CUCKOO Replacement Dual Motion Rubber Packing for 10-Cup IH Cooker Models | CCP-DH10,2023-04,keepa_backcast_estimate,,,25.654999999999998,1055398,5.038724820681326,129.2684852745794,100.21290084758405,25.654999999999998,low,global:all:all:simple_power_law,simple_power_law,[]
coway,Other,B00PGBUK0I,CUCKOO Replacement Dual Motion Rubber Packing for 10-Cup IH Cooker Models | CCP-DH10,2023-05,keepa_backcast_estimate,,,24.7,1055398,5.001951711418288,123.5482072720317,99.48153724199308,24.7,low,global:all:all:simple_power_law,simple_power_law,[]
coway,Other,B00PGBUK0I,CUCKOO Replacement Dual Motion Rubber Packing for 10-Cup IH Cooker Models | CCP-DH10,2023-06,keepa_backcast_estimate,,,24.99,1055398,5.013237032587083,125.2807934443512,99.70598584983921,24.99,low,global:all:all:simple_power_law,simple_power_law,[]
coway,Other,B00PGBUK0I,CUCKOO Replacement Dual Motion Rubber Packing for 10-Cup IH Cooker Models | CCP-DH10,2023-08,keepa_backcast_estimate,,,24.99,1055398,5.013237032587083,125.2807934443512,99.70598584983921,24.99,low,global:all:all:simple_power_law,simple_power_law,[]
coway,Other,B00PGBUK0I,CUCKOO Replacement Dual Motion Rubber Packing for 10-Cup IH Cooker Models | CCP-DH10,2023-11,keepa_backcast_estimate,,,24.1825,1055398,4.981547137161212,120.46626364440101,99.07571996686254,24.1825,low,global:all:all:simple_power_law,simple_power_law,[]
coway,Other,B00PGBUK0I,CUCKOO Replacement Dual Motion Rubber Packing for 10-Cup IH Cooker Models | CCP-DH10,2023-12,keepa_backcast_estimate,,,24.93,1055398,5.010910771309517,124.92200552874625,99.65971989981203,24.93,low,global:all:all:simple_power_law,simple_power_law,[]
coway,Other,B00PGBUK0I,CUCKOO Replacement Dual Motion Rubber Packing for 10-Cup IH Cooker Models | CCP-DH10,2024-01,keepa_backcast_estimate,,,24.6775,1055398,5.001071701308639,123.41394690904393,99.46403512211126,24.6775,low,global:all:all:simple_power_law,simple_power_law,[]
coway,Other,B00PGBUK0I,CUCKOO Replacement Dual Motion Rubber Packing for 10-Cup IH Cooker Models | CCP-DH10,2024-03,keepa_backcast_estimate,,,28.99,1055398,5.1590875695532405,149.56194864134844,102.60674068756421,28.99,low,global:all:all:simple_power_law,simple_power_law,[]
coway,Other,B00PGBUK0I,CUCKOO Replacement Dual Motion Rubber Packing for 10-Cup IH Cooker Models | CCP-DH10,2024-04,keepa_backcast_estimate,,,26.99,1055398,5.0883335079317025,137.33412137907663,101.19954541213652,26.99,low,global:all:all:simple_power_law,simple_power_law,[]
coway,Other,B00PGBUK0I,CUCKOO Replacement Dual Motion Rubber Packing for 10-Cup IH Cooker Models | CCP-DH10,2024-05,keepa_backcast_estimate,,,19.495,1055398,4.778809032275289,93.16288208420676,95.04355422533017,19.495,low,global:all:all:simple_power_law,simple_power_law,[]
coway,Other,B00PGBUK0I,CUCKOO Replacement Dual Motion Rubber Packing for 10-Cup IH Cooker Models | CCP-DH10,2024-06,keepa_backcast_estimate,,,24.98,1055398,5.012849633093519,125.2209838346761,99.69828103792378,24.98,low,global:all:all:simple_power_law,simple_power_law,[]
coway,Other,B00PGBUK0I,CUCKOO Replacement Dual Motion Rubber Packing for 10-Cup IH Cooker Models | CCP-DH10,2024-07,keepa_backcast_estimate,,,21.323333333333334,1055398,4.862072726411173,103.67559743617426,96.69954787880273,21.323333333333334,low,global:all:all:simple_power_law,simple_power_law,[]
coway,Other,B00PGBUK0I,CUCKOO Replacement Dual Motion Rubber Packing for 10-Cup IH Cooker Models | CCP-DH10,2024-08,keepa_backcast_estimate,,,28.926,1055398,5.156885183374949,149.16806081430377,102.56293843291293,28.926,low,global:all:all:simple_power_law,simple_power_law,[]
coway,Other,B00PGBUK0I,CUCKOO Replacement Dual Motion Rubber Packing for 10-Cup IH Cooker Models | CCP-DH10,2024-09,keepa_backcast_estimate,,,29.990000000000002,1055398,5.193001511281101,155.73811532332022,103.28123961351771,29.990000000000002,low,global:all:all:simple_power_law,simple_power_law,[]
coway,Other,B00PGBUK0I,CUCKOO Replacement Dual Motion Rubber Packing for 10-Cup IH Cooker Models | CCP-DH10,2024-10,keepa_backcast_estimate,,,28.05125,1055398,5.1263829420592835,143.80144950344047,101.95629326109295,28.05125,low,global:all:all:simple_power_law,simple_power_law,[]
coway,Other,B00PGBUK0I,CUCKOO Replacement Dual Motion Rubber Packing for 10-Cup IH Cooker Models | CCP-DH10,2024-11,keepa_backcast_estimate,,,25.98,1055398,5.050989147059589,131.22469804060813,100.45682044372128,25.98,low,global:all:all:simple_power_law,simple_power_law,[]
coway,Other,B00PGBUK0I,CUCKOO Replacement Dual Motion Rubber Packing for 10-Cup IH Cooker Models | CCP-DH10,2025-02,keepa_backcast_estimate,,,26.994999999999997,1055398,5.088515570505198,137.36447782578782,101.20316637166,26.994999999999997,low,global:all:all:simple_power_law,simple_power_law,[]
coway,Other,B00PGBUK0I,CUCKOO Replacement Dual Motion Rubber Packing for 10-Cup IH Cooker Models | CCP-DH10,2025-03,keepa_backcast_estimate,,,26.59,1055398,5.073679998462882,134.90915115912804,100.90810844271903,26.59,low,global:all:all:simple_power_law,simple_power_law,[]
coway,Other,B00PGBUK0I,CUCKOO Replacement Dual Motion Rubber Packing for 10-Cup IH Cooker Models | CCP-DH10,2025-04,keepa_backcast_estimate,,,22.74,1055398,4.922768243154881,111.94374984934198,97.90669334075864,22.74,low,global:all:all:simple_power_law,simple_power_law,[]
coway,Other,B00PGBUK0I,CUCKOO Replacement Dual Motion Rubber Packing for 10-Cup IH Cooker Models | CCP-DH10,2025-06,keepa_backcast_estimate,,,26.994999999999997,1055398,5.088515570505198,137.36447782578782,101.20316637166,26.994999999999997,low,global:all:all:simple_power_law,simple_power_law,[]
coway,Other,B00PGBUK0I,CUCKOO Replacement Dual Motion Rubber Packing for 10-Cup IH Cooker Models | CCP-DH10,2025-09,keepa_backcast_estimate,,,19.89,1055398,4.797306711596651,95.41843049365738,95.41144613642115,19.89,low,global:all:all:simple_power_law,simple_power_law,[]
coway,Other,B00PGBUK0I,CUCKOO Replacement Dual Motion Rubber Packing for 10-Cup IH Cooker Models | CCP-DH10,2025-10,keepa_backcast_estimate,,,33.985,1055398,5.320001329596151,180.80024518632518,105.80708110186998,33.985,low,global:all:all:simple_power_law,simple_power_law,[]
coway,Other,B00PGBUK0I,CUCKOO Replacement Dual Motion Rubber Packing for 10-Cup IH Cooker Models | CCP-DH10,2025-11,keepa_backcast_estimate,,,33.23,1055398,5.296960098608219,176.0179840767511,105.3488245630484,33.23,low,global:all:all:simple_power_law,simple_power_law,[]
coway,Other,B00PGBUK0I,CUCKOO Replacement Dual Motion Rubber Packing for 10-Cup IH Cooker Models | CCP-DH10,2026-01,keepa_backcast_estimate,,,26.99,1055398,5.0883335079317025,137.33412137907663,101.19954541213652,26.99,low,global:all:all:simple_power_law,simple_power_law,[]
coway,Other,B00PGBUK0I,CUCKOO Replacement Dual Motion Rubber Packing for 10-Cup IH Cooker Models | CCP-DH10,2026-03,keepa_backcast_estimate,,,33.23,1055398,5.296960098608219,176.0179840767511,105.3488245630484,33.23,low,global:all:all:simple_power_law,simple_power_law,[]
coway,Other,B00PGBUK0I,CUCKOO Replacement Dual Motion Rubber Packing for 10-Cup IH Cooker Models | CCP-DH10,2026-04,keepa_backcast_estimate,,,890,1055398,9.866713109951462,8781.3746678568,196.23455889488798,890,low,global:all:all:simple_power_law,simple_power_law,[]
coway,Other,B00PGBUK0I,CUCKOO Replacement Dual Motion Rubber Packing for 10-Cup IH Cooker Models | CCP-DH10,2026-05,keepa_backcast_estimate,,,884.3333333333334,1055398,9.855112298112193,8715.204308963883,196.00383563692628,884.3333333333334,low,global:all:all:simple_power_law,simple_power_law,[]
coway,Other,B00PGBUK0I,CUCKOO Replacement Dual Motion Rubber Packing for 10-Cup IH Cooker Models | CCP-DH10,2026-06,keepa_backcast_estimate,,,889,1055398,9.864670380117984,8769.691967924888,196.19393197249275,889,low,global:all:all:simple_power_law,simple_power_law,[]
coway,Other,B00PGC9R42,CUCKOO Replacement Dual Motion Rubber Packing for 6-Cup IH Cooker Models | CCP-DH06,2017-03,keepa_backcast_estimate,,,12.28,1055398,4.3738991948661585,53.711482112956425,87.32327263102782,12.28,low,global:all:all:simple_power_law,simple_power_law,[]
coway,Other,B00PGC9R42,CUCKOO Replacement Dual Motion Rubber Packing for 6-Cup IH Cooker Models | CCP-DH06,2017-06,keepa_backcast_estimate,,,17.02,1055398,4.655631998874254,79.2388566208398,92.9479634063386,17.02,low,global:all:all:simple_power_law,simple_power_law,[]
coway,Other,B00PGC9R42,CUCKOO Replacement Dual Motion Rubber Packing for 6-Cup IH Cooker Models | CCP-DH06,2017-07,keepa_backcast_estimate,,,498.29,1055398,8.862564207207338,4416.127118809345,176.93780217530528,498.29,low,global:all:all:simple_power_law,simple_power_law,[]
coway,Other,B00PGC9R42,CUCKOO Replacement Dual Motion Rubber Packing for 6-Cup IH Cooker Models | CCP-DH06,2017-08,keepa_backcast_estimate,,,422.01,1055398,8.592587782323754,3626.1579700184475,171.54782314201373,422.01,low,global:all:all:simple_power_law,simple_power_law,[]
coway,Other,B00PGC9R42,CUCKOO Replacement Dual Motion Rubber Packing for 6-Cup IH Cooker Models | CCP-DH06,2017-09,keepa_backcast_estimate,,,17.01,1055398,4.655106448754379,79.183360693312,92.93747099342407,17.01,low,global:all:all:simple_power_law,simple_power_law,[]
coway,Other,B00PGC9R42,CUCKOO Replacement Dual Motion Rubber Packing for 6-Cup IH Cooker Models | CCP-DH06,2017-10,keepa_backcast_estimate,,,17,1055398,4.65458065562076,79.12787114555292,92.92697372883038,17,low,global:all:all:simple_power_law,simple_power_law,[]
coway,Other,B00PGC9R42,CUCKOO Replacement Dual Motion Rubber Packing for 6-Cup IH Cooker Models | CCP-DH06,2017-11,keepa_backcast_estimate,,,12.26,1055398,4.372543439560269,53.6073825690089,87.29620547997504,12.26,low,global:all:all:simple_power_law,simple_power_law,[]
coway,Other,B00PGC9R42,CUCKOO Replacement Dual Motion Rubber Packing for 6-Cup IH Cooker Models | CCP-DH06,2017-12,keepa_backcast_estimate,,,12.22,1055398,4.369826813393196,53.39928365966486,87.2419690477083,12.22,low,global:all:all:simple_power_law,simple_power_law,[]
coway,Other,B00PGC9R42,CUCKOO Replacement Dual Motion Rubber Packing for 6-Cup IH Cooker Models | CCP-DH06,2018-01,keepa_backcast_estimate,,,15.85,1055398,4.592426133081808,72.78995420934666,91.68608177519533,15.85,low,global:all:all:simple_power_law,simple_power_law,[]
coway,Other,B00PGC9R42,CUCKOO Replacement Dual Motion Rubber Packing for 6-Cup IH Cooker Models | CCP-DH06,2018-02,keepa_backcast_estimate,,,23.400000000000002,1055398,4.950020625642893,115.83048264004371,98.82532298174107,23.400000000000002,low,global:all:all:simple_power_law,simple_power_law,[]
coway,Other,B00PGC9R42,CUCKOO Replacement Dual Motion Rubber Packing for 6-Cup IH Cooker Models | CCP-DH06,2018-03,keepa_backcast_estimate,,,18.435,1055398,4.727660254898706,87.15441679905764,94.38598078116588,18.435,low,global:all:all:simple_power_law,simple_power_law,[]
coway,Other,B00PGC9R42,CUCKOO Replacement Dual Motion Rubber Packing for 6-Cup IH Cooker Models | CCP-DH06,2018-04,keepa_backcast_estimate,,,16.97,1055398,4.6530018156608355,78.96144081176438,92.89545277553016,16.97,low,global:all:all:simple_power_law,simple_power_law,[]
coway,Other,B00PGC9R42,CUCKOO Replacement Dual Motion Rubber Packing for 6-Cup IH Cooker Models | CCP-DH06,2018-05,keepa_backcast_estimate,,,16.97,1055398,4.6530018156608355,78.96144081176438,92.89545277553016,16.97,low,global:all:all:simple_power_law,simple_power_law,[]
coway,Other,B00PGC9R42,CUCKOO Replacement Dual Motion Rubber Packing for 6-Cup IH Cooker Models | CCP-DH06,2018-06,keepa_backcast_estimate,,,13.43,1055398,4.449137744114341,59.7519199034556,88.82538231752304,13.43,low,global:all:all:simple_power_law,simple_power_law,[]
coway,Other,B00PGC9R42,CUCKOO Replacement Dual Motion Rubber Packing for 6-Cup IH Cooker Models | CCP-DH06,2018-07,keepa_backcast_estimate,,,12.722999999999999,1055398,4.4035018769212275,56.025754380068776,87.91427918159913,12.722999999999999,low,global:all:all:simple_power_law,simple_power_law,[]
coway,Other,B00PGC9R42,CUCKOO Replacement Dual Motion Rubber Packing for 6-Cup IH Cooker Models | CCP-DH06,2018-08,keepa_backcast_estimate,,,13.399999999999999,1055398,4.44723952506559,59.5930096358789,88.78748507935576,13.399999999999999,low,global:all:all:simple_power_law,simple_power_law,[]
coway,Other,B00PGC9R42,CUCKOO Replacement Dual Motion Rubber Packing for 6-Cup IH Cooker Models | CCP-DH06,2018-09,keepa_backcast_estimate,,,13.332222222222223,1055398,4.442938803622328,59.23424744962701,88.7016227733518,13.332222222222223,low,global:all:all:simple_power_law,simple_power_law,[]
coway,Other,B00PGC9R42,CUCKOO Replacement Dual Motion Rubber Packing for 6-Cup IH Cooker Models | CCP-DH06,2018-10,keepa_backcast_estimate,,,13.703333333333333,1055398,4.4662829504328165,61.20296403076436,89.16767999265483,13.703333333333333,low,global:all:all:simple_power_law,simple_power_law,[]
coway,Other,B00PGC9R42,CUCKOO Replacement Dual Motion Rubber Packing for 6-Cup IH Cooker Models | CCP-DH06,2018-11,keepa_backcast_estimate,,,13.485,1055398,4.452609294984276,60.04343634286296,88.89469054104671,13.485,low,global:all:all:simple_power_law,simple_power_law,[]
coway,Other,B00PGC9R42,CUCKOO Replacement Dual Motion Rubber Packing for 6-Cup IH Cooker Models | CCP-DH06,2018-12,keepa_backcast_estimate,,,15.98,1055398,4.599626267398236,73.50202775302381,91.82982978215247,15.98,low,global:all:all:simple_power_law,simple_power_law,[]
coway,Other,B00PGC9R42,CUCKOO Replacement Dual Motion Rubber Packing for 6-Cup IH Cooker Models | CCP-DH06,2019-01,keepa_backcast_estimate,,,16.2275,1055398,4.6132082784192265,74.860837338048,92.10098958680815,16.2275,low,global:all:all:simple_power_law,simple_power_law,[]
coway,Other,B00PGC9R42,CUCKOO Replacement Dual Motion Rubber Packing for 6-Cup IH Cooker Models | CCP-DH06,2019-02,keepa_backcast_estimate,,,16.97,1055398,4.6530018156608355,78.96144081176438,92.89545277553016,16.97,low,global:all:all:simple_power_law,simple_power_law,[]
coway,Other,B00PGC9R42,CUCKOO Replacement Dual Motion Rubber Packing for 6-Cup IH Cooker Models | CCP-DH06,2019-03,keepa_backcast_estimate,,,251.31333333333336,1055398,7.797650591751793,1959.6535623817826,155.67719743158676,251.31333333333336,low,global:all:all:simple_power_law,simple_power_law,[]
coway,Other,B00PGC9R42,CUCKOO Replacement Dual Motion Rubber Packing for 6-Cup IH Cooker Models | CCP-DH06,2019-04,keepa_backcast_estimate,,,15.865,1055398,4.593259273405508,72.87205837257838,91.70271511226714,15.865,low,global:all:all:simple_power_law,simple_power_law,[]
coway,Other,B00PGC9R42,CUCKOO Replacement Dual Motion Rubber Packing for 6-Cup IH Cooker Models | CCP-DH06,2019-05,keepa_backcast_estimate,,,15.825,1055398,4.591036192638343,72.65314774850178,91.65833213056978,15.825,low,global:all:all:simple_power_law,simple_power_law,[]
coway,Other,B00PGC9R42,CUCKOO Replacement Dual Motion Rubber Packing for 6-Cup IH Cooker Models | CCP-DH06,2019-06,keepa_backcast_estimate,,,16.7975,1055398,4.643880660824875,78.00558540020583,92.71335230751177,16.7975,low,global:all:all:simple_power_law,simple_power_law,[]
coway,Other,B00PGC9R42,CUCKOO Replacement Dual Motion Rubber Packing for 6-Cup IH Cooker Models | CCP-DH06,2019-07,keepa_backcast_estimate,,,15.66,1055398,4.5818192121776296,71.75128886270168,91.47431853955,15.66,low,global:all:all:simple_power_law,simple_power_law,[]
coway,Other,B00PGC9R42,CUCKOO Replacement Dual Motion Rubber Packing for 6-Cup IH Cooker Models | CCP-DH06,2019-08,keepa_backcast_estimate,,,15.58,1055398,4.577322987243576,71.31469214125492,91.38455307897708,15.58,low,global:all:all:simple_power_law,simple_power_law,[]
coway,Other,B00PGC9R42,CUCKOO Replacement Dual Motion Rubber Packing for 6-Cup IH Cooker Models | CCP-DH06,2019-09,keepa_backcast_estimate,,,15.58,1055398,4.577322987243576,71.31469214125492,91.38455307897708,15.58,low,global:all:all:simple_power_law,simple_power_law,[]
coway,Other,B00PGC9R42,CUCKOO Replacement Dual Motion Rubber Packing for 6-Cup IH Cooker Models | CCP-DH06,2019-10,keepa_backcast_estimate,,,15.58,1055398,4.577322987243576,71.31469214125492,91.38455307897708,15.58,low,global:all:all:simple_power_law,simple_power_law,[]
coway,Other,B00PGC9R42,CUCKOO Replacement Dual Motion Rubber Packing for 6-Cup IH Cooker Models | CCP-DH06,2019-11,keepa_backcast_estimate,,,15.353333333333333,1055398,4.564484858433503,70.08005752648239,91.12824460632865,15.353333333333333,low,global:all:all:simple_power_law,simple_power_law,[]
coway,Other,B00PGC9R42,CUCKOO Replacement Dual Motion Rubber Packing for 6-Cup IH Cooker Models | CCP-DH06,2020-02,keepa_backcast_estimate,,,19.49,1055398,4.778572988818121,93.13438755206518,95.40243460105603,19.49,low,global:all:all:simple_power_law,simple_power_law,[]
coway,Other,B00PGC9R42,CUCKOO Replacement Dual Motion Rubber Packing for 6-Cup IH Cooker Models | CCP-DH06,2020-03,keepa_backcast_estimate,,,21.609999999999996,1055398,4.874608381144515,105.34028711653296,97.31974553409916,21.609999999999996,low,global:all:all:simple_power_law,simple_power_law,[]
coway,Other,B00PGC9R42,CUCKOO Replacement Dual Motion Rubber Packing for 6-Cup IH Cooker Models | CCP-DH06,2020-04,keepa_backcast_estimate,,,22.867499999999996,1055398,4.928081646024952,112.69290704047557,98.3873194034527,22.867499999999996,low,global:all:all:simple_power_law,simple_power_law,[]
coway,Other,B00PGC9R42,CUCKOO Replacement Dual Motion Rubber Packing for 6-Cup IH Cooker Models | CCP-DH06,2020-05,keepa_backcast_estimate,,,24.6175,1055398,4.998721864975086,123.05603551102418,99.79762513371239,24.6175,low,global:all:all:simple_power_law,simple_power_law,[]
coway,Other,B00PGC9R42,CUCKOO Replacement Dual Motion Rubber Packing for 6-Cup IH Cooker Models | CCP-DH06,2020-06,keepa_backcast_estimate,,,26.99,1055398,5.0883335079317025,137.33412137907663,101.5866882968506,26.99,low,global:all:all:simple_power_law,simple_power_law,[]
coway,Other,B00PGC9R42,CUCKOO Replacement Dual Motion Rubber Packing for 6-Cup IH Cooker Models | CCP-DH06,2020-07,keepa_backcast_estimate,,,27.33,1055398,5.100652535007942,139.40083378176706,101.83263309621637,27.33,low,global:all:all:simple_power_law,simple_power_law,[]
coway,Other,B00PGC9R42,CUCKOO Replacement Dual Motion Rubber Packing for 6-Cup IH Cooker Models | CCP-DH06,2020-08,keepa_backcast_estimate,,,28.215555555555557,1055398,5.132170012874292,144.80702811881088,102.46186783386102,28.215555555555557,low,global:all:all:simple_power_law,simple_power_law,[]
coway,Other,B00PGC9R42,CUCKOO Replacement Dual Motion Rubber Packing for 6-Cup IH Cooker Models | CCP-DH06,2020-09,keepa_backcast_estimate,,,27.978571428571428,1055398,5.123814404711869,143.3570073089742,102.2950512207983,27.978571428571428,low,global:all:all:simple_power_law,simple_power_law,[]
coway,Other,B00PGC9R42,CUCKOO Replacement Dual Motion Rubber Packing for 6-Cup IH Cooker Models | CCP-DH06,2020-10,keepa_backcast_estimate,,,27.323333333333334,1055398,5.100412171553728,139.36026190075304,101.82783432914202,27.323333333333334,low,global:all:all:simple_power_law,simple_power_law,[]
coway,Other,B00PGC9R42,CUCKOO Replacement Dual Motion Rubber Packing for 6-Cup IH Cooker Models | CCP-DH06,2020-11,keepa_backcast_estimate,,,26.282857142857146,1055398,5.062307659083233,133.05190901687618,101.06709189254472,26.282857142857146,low,global:all:all:simple_power_law,simple_power_law,[]
coway,Other,B00PGC9R42,CUCKOO Replacement Dual Motion Rubber Packing for 6-Cup IH Cooker Models | CCP-DH06,2020-12,keepa_backcast_estimate,,,19.99,1055398,4.801943438045779,95.99084932653511,95.86901693834713,19.99,low,global:all:all:simple_power_law,simple_power_law,[]
coway,Other,B00PGC9R42,CUCKOO Replacement Dual Motion Rubber Packing for 6-Cup IH Cooker Models | CCP-DH06,2021-01,keepa_backcast_estimate,,,26.5,1055398,5.07035860227705,134.36450296034184,101.22782598268468,26.5,low,global:all:all:simple_power_law,simple_power_law,[]
coway,Other,B00PGC9R42,CUCKOO Replacement Dual Motion Rubber Packing for 6-Cup IH Cooker Models | CCP-DH06,2021-03,keepa_backcast_estimate,,,26.333333333333332,1055398,5.064183896903229,133.35684261845168,101.10455028364538,26.333333333333332,low,global:all:all:simple_power_law,simple_power_law,[]
coway,Other,B00PGC9R42,CUCKOO Replacement Dual Motion Rubber Packing for 6-Cup IH Cooker Models | CCP-DH06,2021-04,keepa_backcast_estimate,,,24.113999999999997,1055398,4.97882013793437,120.05926880614939,99.4002945463398,24.113999999999997,low,global:all:all:simple_power_law,simple_power_law,[]
coway,Other,B00PGC9R42,CUCKOO Replacement Dual Motion Rubber Packing for 6-Cup IH Cooker Models | CCP-DH06,2021-05,keepa_backcast_estimate,,,24.987142857142857,1055398,5.013126359682877,125.26370451030458,100.08520551964286,24.987142857142857,low,global:all:all:simple_power_law,simple_power_law,[]
coway,Other,B00PGC9R42,CUCKOO Replacement Dual Motion Rubber Packing for 6-Cup IH Cooker Models | CCP-DH06,2021-08,keepa_backcast_estimate,,,316.9866666666667,1055398,8.14505685421618,2581.874422028473,162.61303440892533,316.9866666666667,low,global:all:all:simple_power_law,simple_power_law,[]
coway,Other,B00PGC9R42,CUCKOO Replacement Dual Motion Rubber Packing for 6-Cup IH Cooker Models | CCP-DH06,2021-10,keepa_backcast_estimate,,,450.49,1055398,8.69779797589733,3918.2710101619887,173.648305573747,450.49,low,global:all:all:simple_power_law,simple_power_law,[]
coway,Other,B00PGC9R42,CUCKOO Replacement Dual Motion Rubber Packing for 6-Cup IH Cooker Models | CCP-DH06,2021-11,keepa_backcast_estimate,,,25.994999999999997,1055398,5.051552217366281,131.31509989043644,100.85236349404416,25.994999999999997,low,global:all:all:simple_power_law,simple_power_law,[]
coway,Other,B00PGC9R42,CUCKOO Replacement Dual Motion Rubber Packing for 6-Cup IH Cooker Models | CCP-DH06,2021-12,keepa_backcast_estimate,,,25.740000000000002,1055398,5.04194438506989,129.77964847169898,100.66054669131681,25.740000000000002,low,global:all:all:simple_power_law,simple_power_law,[]
coway,Other,B00PGC9R42,CUCKOO Replacement Dual Motion Rubber Packing for 6-Cup IH Cooker Models | CCP-DH06,2022-01,keepa_backcast_estimate,,,24.98,1055398,5.012849633093519,125.2209838346761,100.07968077608336,24.98,low,global:all:all:simple_power_law,simple_power_law,[]
coway,Other,B00PGC9R42,CUCKOO Replacement Dual Motion Rubber Packing for 6-Cup IH Cooker Models | CCP-DH06,2022-03,keepa_backcast_estimate,,,27.33,1055398,5.100652535007942,139.40083378176706,101.83263309621637,27.33,low,global:all:all:simple_power_law,simple_power_law,[]
coway,Other,B00PGC9R42,CUCKOO Replacement Dual Motion Rubber Packing for 6-Cup IH Cooker Models | CCP-DH06,2022-04,keepa_backcast_estimate,,,27.99,1055398,5.124218657604031,143.4268802263368,102.30312197962044,27.99,low,global:all:all:simple_power_law,simple_power_law,[]
coway,Other,B00PGC9R42,CUCKOO Replacement Dual Motion Rubber Packing for 6-Cup IH Cooker Models | CCP-DH06,2022-05,keepa_backcast_estimate,,,28.3,1055398,5.1351337289298336,145.3242845287143,102.5210373239633,28.3,low,global:all:all:simple_power_law,simple_power_law,[]
coway,Other,B00PGC9R42,CUCKOO Replacement Dual Motion Rubber Packing for 6-Cup IH Cooker Models | CCP-DH06,2022-06,keepa_backcast_estimate,,,26.295000000000005,1055398,5.062759282017812,133.12525532065837,101.07610837666694,26.295000000000005,low,global:all:all:simple_power_law,simple_power_law,[]
coway,Other,B00PGC9R42,CUCKOO Replacement Dual Motion Rubber Packing for 6-Cup IH Cooker Models | CCP-DH06,2022-07,keepa_backcast_estimate,,,25.764444444444447,1055398,5.042868695194505,129.92671033796688,100.67900019959659,25.764444444444447,low,global:all:all:simple_power_law,simple_power_law,[]
coway,Other,B00PGC9R42,CUCKOO Replacement Dual Motion Rubber Packing for 6-Cup IH Cooker Models | CCP-DH06,2022-08,keepa_backcast_estimate,,,511.485,1055398,8.905726642142444,4555.145591556228,177.79952415501648,511.485,low,global:all:all:simple_power_law,simple_power_law,[]
coway,Other,B00PGC9R42,CUCKOO Replacement Dual Motion Rubber Packing for 6-Cup IH Cooker Models | CCP-DH06,2022-09,keepa_backcast_estimate,,,380.1228571428571,1055398,8.42658543601306,3203.1377318956725,168.2336479636526,380.1228571428571,low,global:all:all:simple_power_law,simple_power_law,[]
coway,Other,B00PGC9R42,CUCKOO Replacement Dual Motion Rubber Packing for 6-Cup IH Cooker Models | CCP-DH06,2022-10,keepa_backcast_estimate,,,17.6025,1055398,4.6858343102623685,82.48239844639333,93.5509413337968,17.6025,low,global:all:all:simple_power_law,simple_power_law,[]
coway,Other,B00PGC9R42,CUCKOO Replacement Dual Motion Rubber Packing for 6-Cup IH Cooker Models | CCP-DH06,2022-11,keepa_backcast_estimate,,,21.919999999999998,1055398,4.888016326721937,107.14531788174484,97.58743018683496,21.919999999999998,low,global:all:all:simple_power_law,simple_power_law,[]
coway,Other,B00PGC9R42,CUCKOO Replacement Dual Motion Rubber Packing for 6-Cup IH Cooker Models | CCP-DH06,2022-12,keepa_backcast_estimate,,,24.832857142857144,1055398,5.007134924116565,124.3414662655975,99.96558873423037,24.832857142857144,low,global:all:all:simple_power_law,simple_power_law,[]
coway,Other,B00PGC9R42,CUCKOO Replacement Dual Motion Rubber Packing for 6-Cup IH Cooker Models | CCP-DH06,2023-01,keepa_backcast_estimate,,,28.99,1055398,5.1590875695532405,149.56194864134844,102.99926685375517,28.99,low,global:all:all:simple_power_law,simple_power_law,[]
coway,Other,B00PGC9R42,CUCKOO Replacement Dual Motion Rubber Packing for 6-Cup IH Cooker Models | CCP-DH06,2023-02,keepa_backcast_estimate,,,34.7,1055398,5.3414432592516725,185.34808109603304,106.63993045799323,34.7,low,global:all:all:simple_power_law,simple_power_law,[]
coway,Other,B00PGC9R42,CUCKOO Replacement Dual Motion Rubber Packing for 6-Cup IH Cooker Models | CCP-DH06,2023-03,keepa_backcast_estimate,,,24.863333333333333,1055398,5.008320774408464,124.52354885437578,99.9892637947943,24.863333333333333,low,global:all:all:simple_power_law,simple_power_law,[]
coway,Other,B00PGC9R42,CUCKOO Replacement Dual Motion Rubber Packing for 6-Cup IH Cooker Models | CCP-DH06,2023-04,keepa_backcast_estimate,,,25.593333333333334,1055398,5.036383703689514,128.89784692309362,100.54952975321206,25.593333333333334,low,global:all:all:simple_power_law,simple_power_law,[]
coway,Other,B00PGC9R42,CUCKOO Replacement Dual Motion Rubber Packing for 6-Cup IH Cooker Models | CCP-DH06,2023-05,keepa_backcast_estimate,,,313.03000000000003,1055398,8.125907446409668,2543.652807949619,162.23072359559575,313.03000000000003,low,global:all:all:simple_power_law,simple_power_law,[]
coway,Other,B00PGC9R42,CUCKOO Replacement Dual Motion Rubber Packing for 6-Cup IH Cooker Models | CCP-DH06,2023-06,keepa_backcast_estimate,,,25.127391304347828,1055398,5.01854703863074,126.10299521895061,100.1934273611899,25.127391304347828,low,global:all:all:simple_power_law,simple_power_law,[]
coway,Other,B00PGC9R42,CUCKOO Replacement Dual Motion Rubber Packing for 6-Cup IH Cooker Models | CCP-DH06,2023-07,keepa_backcast_estimate,,,24.930909090909086,1055398,5.010946051114177,124.92744045977742,100.04167646899901,24.930909090909086,low,global:all:all:simple_power_law,simple_power_law,[]
coway,Other,B00PGC9R42,CUCKOO Replacement Dual Motion Rubber Packing for 6-Cup IH Cooker Models | CCP-DH06,2023-08,keepa_backcast_estimate,,,24.929259259259265,1055398,5.010882024040598,124.91757709486987,100.04039819225949,24.929259259259265,low,global:all:all:simple_power_law,simple_power_law,[]
coway,Other,B00PGC9R42,CUCKOO Replacement Dual Motion Rubber Packing for 6-Cup IH Cooker Models | CCP-DH06,2023-09,keepa_backcast_estimate,,,24.891000000000002,1055398,5.009396297070184,124.68888323037396,100.0107362052057,24.891000000000002,low,global:all:all:simple_power_law,simple_power_law,[]
coway,Other,B00PGC9R42,CUCKOO Replacement Dual Motion Rubber Packing for 6-Cup IH Cooker Models | CCP-DH06,2023-10,keepa_backcast_estimate,,,24.91,1055398,5.01013435494181,124.8024467816005,100.02547125644261,24.91,low,global:all:all:simple_power_law,simple_power_law,[]
coway,Other,B00PGC9R42,CUCKOO Replacement Dual Motion Rubber Packing for 6-Cup IH Cooker Models | CCP-DH06,2024-01,keepa_backcast_estimate,,,24.948,1055398,5.011609119854314,125.02962432212543,100.05491439008236,24.948,low,global:all:all:simple_power_law,simple_power_law,[]
coway,Other,B00PGC9R42,CUCKOO Replacement Dual Motion Rubber Packing for 6-Cup IH Cooker Models | CCP-DH06,2024-02,keepa_backcast_estimate,,,24.985,1055398,5.013043348356174,125.250888058679,100.08354822934189,24.985,low,global:all:all:simple_power_law,simple_power_law,[]
coway,Other,B00PGC9R42,CUCKOO Replacement Dual Motion Rubber Packing for 6-Cup IH Cooker Models | CCP-DH06,2024-03,keepa_backcast_estimate,,,25.944999999999997,1055398,5.049674302047787,131.01379976662983,100.81487161230915,25.944999999999997,low,global:all:all:simple_power_law,simple_power_law,[]
coway,Other,B00PGC9R42,CUCKOO Replacement Dual Motion Rubber Packing for 6-Cup IH Cooker Models | CCP-DH06,2024-07,keepa_backcast_estimate,,,24.99,1055398,5.013237032587083,125.2807934443512,100.08741506306313,24.99,low,global:all:all:simple_power_law,simple_power_law,[]
coway,Other,B00PGC9R42,CUCKOO Replacement Dual Motion Rubber Packing for 6-Cup IH Cooker Models | CCP-DH06,2024-08,keepa_backcast_estimate,,,14.99,1055398,4.54359360037731,68.10846806965588,90.71115839981815,14.99,low,global:all:all:simple_power_law,simple_power_law,[]
coway,Other,B00PGC9R42,CUCKOO Replacement Dual Motion Rubber Packing for 6-Cup IH Cooker Models | CCP-DH06,2024-09,keepa_backcast_estimate,,,24.99,1055398,5.013237032587083,125.2807934443512,100.08741506306313,24.99,low,global:all:all:simple_power_law,simple_power_law,[]
coway,Other,B00PGC9R42,CUCKOO Replacement Dual Motion Rubber Packing for 6-Cup IH Cooker Models | CCP-DH06,2025-03,keepa_backcast_estimate,,,26.99,1055398,5.0883335079317025,137.33412137907663,101.5866882968506,26.99,low,global:all:all:simple_power_law,simple_power_law,[]
coway,Other,B00PGC9R42,CUCKOO Replacement Dual Motion Rubber Packing for 6-Cup IH Cooker Models | CCP-DH06,2025-04,keepa_backcast_estimate,,,24.99,1055398,5.013237032587083,125.2807934443512,100.08741506306313,24.99,low,global:all:all:simple_power_law,simple_power_law,[]
coway,Other,B00PGC9R42,CUCKOO Replacement Dual Motion Rubber Packing for 6-Cup IH Cooker Models | CCP-DH06,2025-05,keepa_backcast_estimate,,,24.99142857142857,1055398,5.013292365240589,125.28933805359837,100.08851975893566,24.99142857142857,low,global:all:all:simple_power_law,simple_power_law,[]
coway,Other,B00PGC9R42,CUCKOO Replacement Dual Motion Rubber Packing for 6-Cup IH Cooker Models | CCP-DH06,2025-06,keepa_backcast_estimate,,,24.589999999999996,1055398,4.99764332494229,122.89204936033089,99.77609248260835,24.589999999999996,low,global:all:all:simple_power_law,simple_power_law,[]
coway,Other,B00PGC9R42,CUCKOO Replacement Dual Motion Rubber Packing for 6-Cup IH Cooker Models | CCP-DH06,2026-01,keepa_backcast_estimate,,,26.990000000000002,1055398,5.0883335079317025,137.33412137907666,101.5866882968506,26.990000000000002,low,global:all:all:simple_power_law,simple_power_law,[]
coway,Other,B00PGC9R42,CUCKOO Replacement Dual Motion Rubber Packing for 6-Cup IH Cooker Models | CCP-DH06,2026-02,keepa_backcast_estimate,,,28.674999999999997,1055398,5.148209672323031,147.6249123538629,102.7820936764216,28.674999999999997,low,global:all:all:simple_power_law,simple_power_law,[]
coway,Other,B00PGC9R42,CUCKOO Replacement Dual Motion Rubber Packing for 6-Cup IH Cooker Models | CCP-DH06,2026-03,keepa_backcast_estimate,,,24.012941176470587,1055398,4.974785635649532,119.45923483440305,99.31974720693998,24.012941176470587,low,global:all:all:simple_power_law,simple_power_law,[]
coway,Other,B00PGC9R42,CUCKOO Replacement Dual Motion Rubber Packing for 6-Cup IH Cooker Models | CCP-DH06,2026-04,keepa_backcast_estimate,,,23.703750000000003,1055398,4.962357152247628,117.62647334758972,99.07161715269261,23.703750000000003,low,global:all:all:simple_power_law,simple_power_law,[]
coway,Other,B00PGC9R42,CUCKOO Replacement Dual Motion Rubber Packing for 6-Cup IH Cooker Models | CCP-DH06,2026-05,keepa_backcast_estimate,,,22.411666666666665,1055398,4.90897517366401,110.01831526709991,98.0058657803445,22.411666666666665,low,global:all:all:simple_power_law,simple_power_law,[]
coway,Other,B00U1XN4L8,"CUCKOO Commercial Rice Cooker & Warmer, Extra Large Rice Cooker 30-Cup Uncooked / 60-Cup Cooked, Professional Industrial Grain Cooker with Large Capacity, Easy One-Touch Operation, Silver (CR-3032)",2017-03,keepa_backcast_estimate,,,249.99,16310091,0.9729972472758764,243.23958184649635,106.4822636277035,249.99,low,global:all:all:simple_power_law,simple_power_law,[]
coway,Other,B00U1XN4L8,"CUCKOO Commercial Rice Cooker & Warmer, Extra Large Rice Cooker 30-Cup Uncooked / 60-Cup Cooked, Professional Industrial Grain Cooker with Large Capacity, Easy One-Touch Operation, Silver (CR-3032)",2017-11,keepa_backcast_estimate,,,314.4,16310091,1.0499093881312198,330.09151162845546,114.89932634978092,314.4,low,global:all:all:simple_power_law,simple_power_law,[]
coway,Other,B00U1XN4L8,"CUCKOO Commercial Rice Cooker & Warmer, Extra Large Rice Cooker 30-Cup Uncooked / 60-Cup Cooked, Professional Industrial Grain Cooker with Large Capacity, Easy One-Touch Operation, Silver (CR-3032)",2018-04,keepa_backcast_estimate,,,249.99,16310091,0.9729972472758764,243.23958184649635,106.4822636277035,249.99,low,global:all:all:simple_power_law,simple_power_law,[]
coway,Other,B00U1XN4L8,"CUCKOO Commercial Rice Cooker & Warmer, Extra Large Rice Cooker 30-Cup Uncooked / 60-Cup Cooked, Professional Industrial Grain Cooker with Large Capacity, Easy One-Touch Operation, Silver (CR-3032)",2018-06,keepa_backcast_estimate,,,249.99,16310091,0.9729972472758764,243.23958184649635,106.4822636277035,249.99,low,global:all:all:simple_power_law,simple_power_law,[]
coway,Other,B00U1XN4L8,"CUCKOO Commercial Rice Cooker & Warmer, Extra Large Rice Cooker 30-Cup Uncooked / 60-Cup Cooked, Professional Industrial Grain Cooker with Large Capacity, Easy One-Touch Operation, Silver (CR-3032)",2018-07,keepa_backcast_estimate,,,249.985,16310091,0.9729906671970285,243.23307193924919,106.48154352115384,249.985,low,global:all:all:simple_power_law,simple_power_law,[]
coway,Other,B00U1XN4L8,"CUCKOO Commercial Rice Cooker & Warmer, Extra Large Rice Cooker 30-Cup Uncooked / 60-Cup Cooked, Professional Industrial Grain Cooker with Large Capacity, Easy One-Touch Operation, Silver (CR-3032)",2018-08,keepa_backcast_estimate,,,250,16310091,0.9730104071061687,243.25260177654218,106.48370380497265,250,low,global:all:all:simple_power_law,simple_power_law,[]
coway,Other,B00U1XN4L8,"CUCKOO Commercial Rice Cooker & Warmer, Extra Large Rice Cooker 30-Cup Uncooked / 60-Cup Cooked, Professional Industrial Grain Cooker with Large Capacity, Easy One-Touch Operation, Silver (CR-3032)",2018-10,keepa_backcast_estimate,,,249.98,16310091,0.9729840870090385,243.22656207051944,106.48082340265994,249.98,low,global:all:all:simple_power_law,simple_power_law,[]
coway,Other,B00U1XN4L8,"CUCKOO Commercial Rice Cooker & Warmer, Extra Large Rice Cooker 30-Cup Uncooked / 60-Cup Cooked, Professional Industrial Grain Cooker with Large Capacity, Easy One-Touch Operation, Silver (CR-3032)",2018-11,keepa_backcast_estimate,,,248.995,16310091,0.9716856562340566,241.94486997399892,106.33872654835635,248.995,low,global:all:all:simple_power_law,simple_power_law,[]
coway,Other,B00U1XN4L8,"CUCKOO Commercial Rice Cooker & Warmer, Extra Large Rice Cooker 30-Cup Uncooked / 60-Cup Cooked, Professional Industrial Grain Cooker with Large Capacity, Easy One-Touch Operation, Silver (CR-3032)",2018-12,keepa_backcast_estimate,,,249,16310091,0.9716922580007717,241.95137224219218,106.33944902836927,249,low,global:all:all:simple_power_law,simple_power_law,[]
coway,Other,B00U1XN4L8,"CUCKOO Commercial Rice Cooker & Warmer, Extra Large Rice Cooker 30-Cup Uncooked / 60-Cup Cooked, Professional Industrial Grain Cooker with Large Capacity, Easy One-Touch Operation, Silver (CR-3032)",2019-01,keepa_backcast_estimate,,,248.99,16310091,0.9716790543574086,241.9383677444512,106.33800405631268,248.99,low,global:all:all:simple_power_law,simple_power_law,[]
coway,Other,B00U1XN4L8,"CUCKOO Commercial Rice Cooker & Warmer, Extra Large Rice Cooker 30-Cup Uncooked / 60-Cup Cooked, Professional Industrial Grain Cooker with Large Capacity, Easy One-Touch Operation, Silver (CR-3032)",2019-02,keepa_backcast_estimate,,,254.99,16310091,0.9795233579938908,249.7686610548622,107.19646404695933,254.99,low,global:all:all:simple_power_law,simple_power_law,[]
coway,Other,B00U1XN4L8,"CUCKOO Commercial Rice Cooker & Warmer, Extra Large Rice Cooker 30-Cup Uncooked / 60-Cup Cooked, Professional Industrial Grain Cooker with Large Capacity, Easy One-Touch Operation, Silver (CR-3032)",2019-03,keepa_backcast_estimate,,,249.99,16310091,0.9729972472758764,243.23958184649635,106.4822636277035,249.99,low,global:all:all:simple_power_law,simple_power_law,[]
coway,Other,B00U1XN4L8,"CUCKOO Commercial Rice Cooker & Warmer, Extra Large Rice Cooker 30-Cup Uncooked / 60-Cup Cooked, Professional Industrial Grain Cooker with Large Capacity, Easy One-Touch Operation, Silver (CR-3032)",2019-04,keepa_backcast_estimate,,,224.99,16310091,0.9386435696534764,211.18541673633567,102.72268736229155,224.99,low,global:all:all:simple_power_law,simple_power_law,[]
coway,Other,B00U1XN4L8,"CUCKOO Commercial Rice Cooker & Warmer, Extra Large Rice Cooker 30-Cup Uncooked / 60-Cup Cooked, Professional Industrial Grain Cooker with Large Capacity, Easy One-Touch Operation, Silver (CR-3032)",2019-05,keepa_backcast_estimate,,,232.99,16310091,0.9499669339902684,221.33279595039266,103.96188661988303,232.99,low,global:all:all:simple_power_law,simple_power_law,[]
coway,Other,B00U1XN4L8,"CUCKOO Commercial Rice Cooker & Warmer, Extra Large Rice Cooker 30-Cup Uncooked / 60-Cup Cooked, Professional Industrial Grain Cooker with Large Capacity, Easy One-Touch Operation, Silver (CR-3032)",2019-06,keepa_backcast_estimate,,,204.99,16310091,0.9088015569902209,186.29523116742538,99.45685586226773,204.99,low,global:all:all:simple_power_law,simple_power_law,[]
coway,Other,B00U1XN4L8,"CUCKOO Commercial Rice Cooker & Warmer, Extra Large Rice Cooker 30-Cup Uncooked / 60-Cup Cooked, Professional Industrial Grain Cooker with Large Capacity, Easy One-Touch Operation, Silver (CR-3032)",2019-08,keepa_backcast_estimate,,,249.99,16310091,0.9729972472758764,243.23958184649635,106.4822636277035,249.99,low,global:all:all:simple_power_law,simple_power_law,[]
coway,Other,B00U1XN4L8,"CUCKOO Commercial Rice Cooker & Warmer, Extra Large Rice Cooker 30-Cup Uncooked / 60-Cup Cooked, Professional Industrial Grain Cooker with Large Capacity, Easy One-Touch Operation, Silver (CR-3032)",2019-11,keepa_backcast_estimate,,,189.99,16310091,0.8847932234353502,168.1018645204822,96.8294468844839,189.99,low,global:all:all:simple_power_law,simple_power_law,[]
coway,Other,B00U1XN4L8,"CUCKOO Commercial Rice Cooker & Warmer, Extra Large Rice Cooker 30-Cup Uncooked / 60-Cup Cooked, Professional Industrial Grain Cooker with Large Capacity, Easy One-Touch Operation, Silver (CR-3032)",2020-02,keepa_backcast_estimate,,,171.47500000000002,16310091,0.8528913107122175,146.2495375043775,93.3381853312542,171.47500000000002,low,global:all:all:simple_power_law,simple_power_law,[]
coway,Other,B00U1XN4L8,"CUCKOO Commercial Rice Cooker & Warmer, Extra Large Rice Cooker 30-Cup Uncooked / 60-Cup Cooked, Professional Industrial Grain Cooker with Large Capacity, Easy One-Touch Operation, Silver (CR-3032)",2020-03,keepa_backcast_estimate,,,229.99,16310091,0.9457590024397153,217.51511297111014,103.50138164111995,229.99,low,global:all:all:simple_power_law,simple_power_law,[]
coway,Other,B00U1XN4L8,"CUCKOO Commercial Rice Cooker & Warmer, Extra Large Rice Cooker 30-Cup Uncooked / 60-Cup Cooked, Professional Industrial Grain Cooker with Large Capacity, Easy One-Touch Operation, Silver (CR-3032)",2020-04,keepa_backcast_estimate,,,224.99,16310091,0.9386435696534764,211.18541673633567,102.72268736229155,224.99,low,global:all:all:simple_power_law,simple_power_law,[]
coway,Other,B00U1XN4L8,"CUCKOO Commercial Rice Cooker & Warmer, Extra Large Rice Cooker 30-Cup Uncooked / 60-Cup Cooked, Professional Industrial Grain Cooker with Large Capacity, Easy One-Touch Operation, Silver (CR-3032)",2020-08,keepa_backcast_estimate,,,166.24,16310091,0.8433549272495997,140.19932310597346,92.2945485678776,166.24,low,global:all:all:simple_power_law,simple_power_law,[]
coway,Other,B00U1XN4L8,"CUCKOO Commercial Rice Cooker & Warmer, Extra Large Rice Cooker 30-Cup Uncooked / 60-Cup Cooked, Professional Industrial Grain Cooker with Large Capacity, Easy One-Touch Operation, Silver (CR-3032)",2020-12,keepa_backcast_estimate,,,195.1,16310091,0.8931430129065585,174.25220181806955,97.743225917465,195.1,low,global:all:all:simple_power_law,simple_power_law,[]
coway,Other,B00U1XN4L8,"CUCKOO Commercial Rice Cooker & Warmer, Extra Large Rice Cooker 30-Cup Uncooked / 60-Cup Cooked, Professional Industrial Grain Cooker with Large Capacity, Easy One-Touch Operation, Silver (CR-3032)",2021-03,keepa_backcast_estimate,,,367.44,16310091,1.1039520976661858,405.6361587664633,120.81361856383286,367.44,low,global:all:all:simple_power_law,simple_power_law,[]
coway,Other,B00U1XN4L8,"CUCKOO Commercial Rice Cooker & Warmer, Extra Large Rice Cooker 30-Cup Uncooked / 60-Cup Cooked, Professional Industrial Grain Cooker with Large Capacity, Easy One-Touch Operation, Silver (CR-3032)",2021-05,keepa_backcast_estimate,,,268.83,16310091,0.9970497653679086,268.03688842385486,109.11450804520462,268.83,low,global:all:all:simple_power_law,simple_power_law,[]
coway,Other,B00U1XN4L8,"CUCKOO Commercial Rice Cooker & Warmer, Extra Large Rice Cooker 30-Cup Uncooked / 60-Cup Cooked, Professional Industrial Grain Cooker with Large Capacity, Easy One-Touch Operation, Silver (CR-3032)",2021-06,keepa_backcast_estimate,,,383.81333333333333,16310091,1.1193229991819722,429.61109139269666,122.49576966136351,383.81333333333333,low,global:all:all:simple_power_law,simple_power_law,[]
coway,Other,B00U1XN4L8,"CUCKOO Commercial Rice Cooker & Warmer, Extra Large Rice Cooker 30-Cup Uncooked / 60-Cup Cooked, Professional Industrial Grain Cooker with Large Capacity, Easy One-Touch Operation, Silver (CR-3032)",2021-07,keepa_backcast_estimate,,,252.24,16310091,0.975947268234218,246.17293893939916,106.80510617455843,252.24,low,global:all:all:simple_power_law,simple_power_law,[]
coway,Other,B00U1XN4L8,"CUCKOO Commercial Rice Cooker & Warmer, Extra Large Rice Cooker 30-Cup Uncooked / 60-Cup Cooked, Professional Industrial Grain Cooker with Large Capacity, Easy One-Touch Operation, Silver (CR-3032)",2021-08,keepa_backcast_estimate,,,464.75,16310091,1.1881449804141981,552.1903796474986,130.02746655924068,464.75,low,global:all:all:simple_power_law,simple_power_law,[]
coway,Other,B00U1XN4L8,"CUCKOO Commercial Rice Cooker & Warmer, Extra Large Rice Cooker 30-Cup Uncooked / 60-Cup Cooked, Professional Industrial Grain Cooker with Large Capacity, Easy One-Touch Operation, Silver (CR-3032)",2021-09,keepa_backcast_estimate,,,411.7,16310091,1.144291712785697,471.1048981538715,125.22828010971283,411.7,low,global:all:all:simple_power_law,simple_power_law,[]
coway,Other,B00U1XN4L8,"CUCKOO Commercial Rice Cooker & Warmer, Extra Large Rice Cooker 30-Cup Uncooked / 60-Cup Cooked, Professional Industrial Grain Cooker with Large Capacity, Easy One-Touch Operation, Silver (CR-3032)",2021-10,keepa_backcast_estimate,,,319.99,16310091,1.0559473524368317,337.8925933062618,115.56010530754763,319.99,low,global:all:all:simple_power_law,simple_power_law,[]
coway,Other,B00U1XN4L8,"CUCKOO Commercial Rice Cooker & Warmer, Extra Large Rice Cooker 30-Cup Uncooked / 60-Cup Cooked, Professional Industrial Grain Cooker with Large Capacity, Easy One-Touch Operation, Silver (CR-3032)",2021-11,keepa_backcast_estimate,,,445.98,16310091,1.1731280154517407,523.1916323311674,128.38404934866043,445.98,low,global:all:all:simple_power_law,simple_power_law,[]
coway,Other,B00U1XN4L8,"CUCKOO Commercial Rice Cooker & Warmer, Extra Large Rice Cooker 30-Cup Uncooked / 60-Cup Cooked, Professional Industrial Grain Cooker with Large Capacity, Easy One-Touch Operation, Silver (CR-3032)",2021-12,keepa_backcast_estimate,,,329.99,16310091,1.0665336702387902,351.94544584209837,116.71864412786887,329.99,low,global:all:all:simple_power_law,simple_power_law,[]
coway,Other,B00U1XN4L8,"CUCKOO Commercial Rice Cooker & Warmer, Extra Large Rice Cooker 30-Cup Uncooked / 60-Cup Cooked, Professional Industrial Grain Cooker with Large Capacity, Easy One-Touch Operation, Silver (CR-3032)",2022-01,keepa_backcast_estimate,,,206.44,16310091,0.911044411111659,188.07600822989087,99.70230792752905,206.44,low,global:all:all:simple_power_law,simple_power_law,[]
coway,Other,B00U1XN4L8,"CUCKOO Commercial Rice Cooker & Warmer, Extra Large Rice Cooker 30-Cup Uncooked / 60-Cup Cooked, Professional Industrial Grain Cooker with Large Capacity, Easy One-Touch Operation, Silver (CR-3032)",2022-03,keepa_backcast_estimate,,,349.99,16310091,1.0869311911370094,380.41504758604196,118.95089525058961,349.99,low,global:all:all:simple_power_law,simple_power_law,[]
coway,Other,B00U1XN4L8,"CUCKOO Commercial Rice Cooker & Warmer, Extra Large Rice Cooker 30-Cup Uncooked / 60-Cup Cooked, Professional Industrial Grain Cooker with Large Capacity, Easy One-Touch Operation, Silver (CR-3032)",2022-05,keepa_backcast_estimate,,,230.49,16310091,0.9464634721090508,218.1503656864151,103.57847695177773,230.49,low,global:all:all:simple_power_law,simple_power_law,[]
coway,Other,B00U1XN4L8,"CUCKOO Commercial Rice Cooker & Warmer, Extra Large Rice Cooker 30-Cup Uncooked / 60-Cup Cooked, Professional Industrial Grain Cooker with Large Capacity, Easy One-Touch Operation, Silver (CR-3032)",2022-06,keepa_backcast_estimate,,,254.995,16310091,0.979529830784148,249.77520920080383,107.19717241212736,254.995,low,global:all:all:simple_power_law,simple_power_law,[]
coway,Other,B00U1XN4L8,"CUCKOO Commercial Rice Cooker & Warmer, Extra Large Rice Cooker 30-Cup Uncooked / 60-Cup Cooked, Professional Industrial Grain Cooker with Large Capacity, Easy One-Touch Operation, Silver (CR-3032)",2022-07,keepa_backcast_estimate,,,222.82666666666668,16310091,0.9355242705784432,208.45975479875926,102.3813194628743,222.82666666666668,low,global:all:all:simple_power_law,simple_power_law,[]
coway,Other,B00U1XN4L8,"CUCKOO Commercial Rice Cooker & Warmer, Extra Large Rice Cooker 30-Cup Uncooked / 60-Cup Cooked, Professional Industrial Grain Cooker with Large Capacity, Easy One-Touch Operation, Silver (CR-3032)",2022-08,keepa_backcast_estimate,,,183.51,16310091,0.8739330913203393,160.37546158819544,95.64094254478519,183.51,low,global:all:all:simple_power_law,simple_power_law,[]
coway,Other,B00U1XN4L8,"CUCKOO Commercial Rice Cooker & Warmer, Extra Large Rice Cooker 30-Cup Uncooked / 60-Cup Cooked, Professional Industrial Grain Cooker with Large Capacity, Easy One-Touch Operation, Silver (CR-3032)",2022-09,keepa_backcast_estimate,,,176.14000000000001,16310091,0.8611883910375119,151.68972319734735,94.24619601372196,176.14000000000001,low,global:all:all:simple_power_law,simple_power_law,[]
coway,Other,B00U1XN4L8,"CUCKOO Commercial Rice Cooker & Warmer, Extra Large Rice Cooker 30-Cup Uncooked / 60-Cup Cooked, Professional Industrial Grain Cooker with Large Capacity, Easy One-Touch Operation, Silver (CR-3032)",2022-10,keepa_backcast_estimate,,,175.425,16310091,0.8599286011850698,150.85297486289087,94.10832792050915,175.425,low,global:all:all:simple_power_law,simple_power_law,[]
coway,Other,B00U1XN4L8,"CUCKOO Commercial Rice Cooker & Warmer, Extra Large Rice Cooker 30-Cup Uncooked / 60-Cup Cooked, Professional Industrial Grain Cooker with Large Capacity, Easy One-Touch Operation, Silver (CR-3032)",2022-11,keepa_backcast_estimate,,,221.495,16310091,0.9335916438424819,206.78588115289054,102.16981786801497,221.495,low,global:all:all:simple_power_law,simple_power_law,[]
coway,Other,B00U1XN4L8,"CUCKOO Commercial Rice Cooker & Warmer, Extra Large Rice Cooker 30-Cup Uncooked / 60-Cup Cooked, Professional Industrial Grain Cooker with Large Capacity, Easy One-Touch Operation, Silver (CR-3032)",2022-12,keepa_backcast_estimate,,,186.56400000000002,16310091,0.8790903378958239,164.00660979919653,96.2053380669527,186.56400000000002,low,global:all:all:simple_power_law,simple_power_law,[]
coway,Other,B00U1XN4L8,"CUCKOO Commercial Rice Cooker & Warmer, Extra Large Rice Cooker 30-Cup Uncooked / 60-Cup Cooked, Professional Industrial Grain Cooker with Large Capacity, Easy One-Touch Operation, Silver (CR-3032)",2023-01,keepa_backcast_estimate,,,171.89666666666668,16310091,0.853648908891318,146.7394019420546,93.42109488650392,171.89666666666668,low,global:all:all:simple_power_law,simple_power_law,[]
coway,Other,B00U1XN4L8,"CUCKOO Commercial Rice Cooker & Warmer, Extra Large Rice Cooker 30-Cup Uncooked / 60-Cup Cooked, Professional Industrial Grain Cooker with Large Capacity, Easy One-Touch Operation, Silver (CR-3032)",2023-02,keepa_backcast_estimate,,,198.38333333333333,16310091,0.8984129008927261,178.23014598876864,98.3199486198186,198.38333333333333,low,global:all:all:simple_power_law,simple_power_law,[]
coway,Other,B00U1XN4L8,"CUCKOO Commercial Rice Cooker & Warmer, Extra Large Rice Cooker 30-Cup Uncooked / 60-Cup Cooked, Professional Industrial Grain Cooker with Large Capacity, Easy One-Touch Operation, Silver (CR-3032)",2023-03,keepa_backcast_estimate,,,183.075,16310091,0.8731927405984816,159.85976098506703,95.55992050596389,183.075,low,global:all:all:simple_power_law,simple_power_law,[]
coway,Other,B00U1XN4L8,"CUCKOO Commercial Rice Cooker & Warmer, Extra Large Rice Cooker 30-Cup Uncooked / 60-Cup Cooked, Professional Industrial Grain Cooker with Large Capacity, Easy One-Touch Operation, Silver (CR-3032)",2023-04,keepa_backcast_estimate,,,165.40333333333334,16310091,0.8418078392917201,139.2378226449815,92.12523932445743,165.40333333333334,low,global:all:all:simple_power_law,simple_power_law,[]
coway,Other,B00U1XN4L8,"CUCKOO Commercial Rice Cooker & Warmer, Extra Large Rice Cooker 30-Cup Uncooked / 60-Cup Cooked, Professional Industrial Grain Cooker with Large Capacity, Easy One-Touch Operation, Silver (CR-3032)",2023-05,keepa_backcast_estimate,,,182.02599999999998,16310091,0.8714013790347345,158.61770742017657,95.36387860058593,182.02599999999998,low,global:all:all:simple_power_law,simple_power_law,[]
coway,Other,B00U1XN4L8,"CUCKOO Commercial Rice Cooker & Warmer, Extra Large Rice Cooker 30-Cup Uncooked / 60-Cup Cooked, Professional Industrial Grain Cooker with Large Capacity, Easy One-Touch Operation, Silver (CR-3032)",2023-06,keepa_backcast_estimate,,,191.4609090909091,16310091,0.8872155810547824,169.86710170836778,97.0945433411852,191.4609090909091,low,global:all:all:simple_power_law,simple_power_law,[]
coway,Other,B00U1XN4L8,"CUCKOO Commercial Rice Cooker & Warmer, Extra Large Rice Cooker 30-Cup Uncooked / 60-Cup Cooked, Professional Industrial Grain Cooker with Large Capacity, Easy One-Touch Operation, Silver (CR-3032)",2023-07,keepa_backcast_estimate,,,195.388,16310091,0.8936081922096742,174.60031745946384,97.79413391882595,195.388,low,global:all:all:simple_power_law,simple_power_law,[]
coway,Other,B00U1XN4L8,"CUCKOO Commercial Rice Cooker & Warmer, Extra Large Rice Cooker 30-Cup Uncooked / 60-Cup Cooked, Professional Industrial Grain Cooker with Large Capacity, Easy One-Touch Operation, Silver (CR-3032)",2023-08,keepa_backcast_estimate,,,226.92,16310091,0.9414055129149299,213.62373899065588,103.0249471798956,226.92,low,global:all:all:simple_power_law,simple_power_law,[]
coway,Other,B00U1XN4L8,"CUCKOO Commercial Rice Cooker & Warmer, Extra Large Rice Cooker 30-Cup Uncooked / 60-Cup Cooked, Professional Industrial Grain Cooker with Large Capacity, Easy One-Touch Operation, Silver (CR-3032)",2023-09,keepa_backcast_estimate,,,201.84285714285716,16310091,0.9038879787393457,182.44333216583166,98.91912676166658,201.84285714285716,low,global:all:all:simple_power_law,simple_power_law,[]
coway,Other,B00U1XN4L8,"CUCKOO Commercial Rice Cooker & Warmer, Extra Large Rice Cooker 30-Cup Uncooked / 60-Cup Cooked, Professional Industrial Grain Cooker with Large Capacity, Easy One-Touch Operation, Silver (CR-3032)",2023-10,keepa_backcast_estimate,,,182.31714285714287,16310091,0.8718994145560065,158.96221012066667,95.4183823001807,182.31714285714287,low,global:all:all:simple_power_law,simple_power_law,[]
coway,Other,B00U1XN4L8,"CUCKOO Commercial Rice Cooker & Warmer, Extra Large Rice Cooker 30-Cup Uncooked / 60-Cup Cooked, Professional Industrial Grain Cooker with Large Capacity, Easy One-Touch Operation, Silver (CR-3032)",2023-11,keepa_backcast_estimate,,,160.19,16310091,0.8320192024744797,133.2811560443869,91.0539966163743,160.19,low,global:all:all:simple_power_law,simple_power_law,[]
coway,Other,B00U1XN4L8,"CUCKOO Commercial Rice Cooker & Warmer, Extra Large Rice Cooker 30-Cup Uncooked / 60-Cup Cooked, Professional Industrial Grain Cooker with Large Capacity, Easy One-Touch Operation, Silver (CR-3032)",2023-12,keepa_backcast_estimate,,,170.58333333333334,16310091,0.851284183033947,145.21489355587414,93.1623054985002,170.58333333333334,low,global:all:all:simple_power_law,simple_power_law,[]
coway,Other,B00U1XN4L8,"CUCKOO Commercial Rice Cooker & Warmer, Extra Large Rice Cooker 30-Cup Uncooked / 60-Cup Cooked, Professional Industrial Grain Cooker with Large Capacity, Easy One-Touch Operation, Silver (CR-3032)",2024-01,keepa_backcast_estimate,,,165.0125,16310091,0.8410829255066468,138.78919624516553,92.04590666346003,165.0125,low,global:all:all:simple_power_law,simple_power_law,[]
coway,Other,B00U1XN4L8,"CUCKOO Commercial Rice Cooker & Warmer, Extra Large Rice Cooker 30-Cup Uncooked / 60-Cup Cooked, Professional Industrial Grain Cooker with Large Capacity, Easy One-Touch Operation, Silver (CR-3032)",2024-02,keepa_backcast_estimate,,,183.584,16310091,0.8740588913733912,160.46322751389266,95.65470977223724,183.584,low,global:all:all:simple_power_law,simple_power_law,[]
coway,Other,B00U1XN4L8,"CUCKOO Commercial Rice Cooker & Warmer, Extra Large Rice Cooker 30-Cup Uncooked / 60-Cup Cooked, Professional Industrial Grain Cooker with Large Capacity, Easy One-Touch Operation, Silver (CR-3032)",2024-03,keepa_backcast_estimate,,,185.74666666666667,16310091,0.8777170106556234,163.0330090059132,96.0550447401755,185.74666666666667,low,global:all:all:simple_power_law,simple_power_law,[]
coway,Other,B00U1XN4L8,"CUCKOO Commercial Rice Cooker & Warmer, Extra Large Rice Cooker 30-Cup Uncooked / 60-Cup Cooked, Professional Industrial Grain Cooker with Large Capacity, Easy One-Touch Operation, Silver (CR-3032)",2024-04,keepa_backcast_estimate,,,191.02249999999998,16310091,0.8864952068150588,169.34053064382954,97.01570747610992,191.02249999999998,low,global:all:all:simple_power_law,simple_power_law,[]
coway,Other,B00U1XN4L8,"CUCKOO Commercial Rice Cooker & Warmer, Extra Large Rice Cooker 30-Cup Uncooked / 60-Cup Cooked, Professional Industrial Grain Cooker with Large Capacity, Easy One-Touch Operation, Silver (CR-3032)",2024-05,keepa_backcast_estimate,,,184.8175,16310091,0.8761496833797849,161.9277941080434,95.88352055894688,184.8175,low,global:all:all:simple_power_law,simple_power_law,[]
coway,Other,B00U1XN4L8,"CUCKOO Commercial Rice Cooker & Warmer, Extra Large Rice Cooker 30-Cup Uncooked / 60-Cup Cooked, Professional Industrial Grain Cooker with Large Capacity, Easy One-Touch Operation, Silver (CR-3032)",2024-06,keepa_backcast_estimate,,,179.92875,16310091,0.8677941552078965,156.14111760386282,94.9691134976333,179.92875,low,global:all:all:simple_power_law,simple_power_law,[]
coway,Other,B00U1XN4L8,"CUCKOO Commercial Rice Cooker & Warmer, Extra Large Rice Cooker 30-Cup Uncooked / 60-Cup Cooked, Professional Industrial Grain Cooker with Large Capacity, Easy One-Touch Operation, Silver (CR-3032)",2024-07,keepa_backcast_estimate,,,222.74,16310091,0.9353987842727364,208.3507252089093,102.36758657110781,222.74,low,global:all:all:simple_power_law,simple_power_law,[]
coway,Other,B00U1XN4L8,"CUCKOO Commercial Rice Cooker & Warmer, Extra Large Rice Cooker 30-Cup Uncooked / 60-Cup Cooked, Professional Industrial Grain Cooker with Large Capacity, Easy One-Touch Operation, Silver (CR-3032)",2024-08,keepa_backcast_estimate,,,193.8542857142857,16310091,0.8911243530866155,172.7482749502108,97.52230908781968,193.8542857142857,low,global:all:all:simple_power_law,simple_power_law,[]
coway,Other,B00U1XN4L8,"CUCKOO Commercial Rice Cooker & Warmer, Extra Large Rice Cooker 30-Cup Uncooked / 60-Cup Cooked, Professional Industrial Grain Cooker with Large Capacity, Easy One-Touch Operation, Silver (CR-3032)",2024-09,keepa_backcast_estimate,,,196.44454545454545,16310091,0.8953098814074427,175.87874269404807,97.98036231595299,196.44454545454545,low,global:all:all:simple_power_law,simple_power_law,[]
coway,Other,B00U1XN4L8,"CUCKOO Commercial Rice Cooker & Warmer, Extra Large Rice Cooker 30-Cup Uncooked / 60-Cup Cooked, Professional Industrial Grain Cooker with Large Capacity, Easy One-Touch Operation, Silver (CR-3032)",2024-10,keepa_backcast_estimate,,,181.87599999999998,16310091,0.871144528149641,158.44028220174408,95.33576951421792,181.87599999999998,low,global:all:all:simple_power_law,simple_power_law,[]
coway,Other,B00U1XN4L8,"CUCKOO Commercial Rice Cooker & Warmer, Extra Large Rice Cooker 30-Cup Uncooked / 60-Cup Cooked, Professional Industrial Grain Cooker with Large Capacity, Easy One-Touch Operation, Silver (CR-3032)",2024-11,keepa_backcast_estimate,,,204.24222222222218,16310091,0.9076397555705199,185.37836065495756,99.3297113658141,204.24222222222218,low,global:all:all:simple_power_law,simple_power_law,[]
coway,Other,B00U1XN4L8,"CUCKOO Commercial Rice Cooker & Warmer, Extra Large Rice Cooker 30-Cup Uncooked / 60-Cup Cooked, Professional Industrial Grain Cooker with Large Capacity, Easy One-Touch Operation, Silver (CR-3032)",2024-12,keepa_backcast_estimate,,,198.85312499999998,16310091,0.8991610169499646,178.80097809867843,98.40182047655205,198.85312499999998,low,global:all:all:simple_power_law,simple_power_law,[]
coway,Other,B00U1XN4L8,"CUCKOO Commercial Rice Cooker & Warmer, Extra Large Rice Cooker 30-Cup Uncooked / 60-Cup Cooked, Professional Industrial Grain Cooker with Large Capacity, Easy One-Touch Operation, Silver (CR-3032)",2025-01,keepa_backcast_estimate,,,207.0704545454545,16310091,0.912015526165946,188.8514695556943,99.80858420889874,207.0704545454545,low,global:all:all:simple_power_law,simple_power_law,[]
coway,Other,B00U1XN4L8,"CUCKOO Commercial Rice Cooker & Warmer, Extra Large Rice Cooker 30-Cup Uncooked / 60-Cup Cooked, Professional Industrial Grain Cooker with Large Capacity, Easy One-Touch Operation, Silver (CR-3032)",2025-02,keepa_backcast_estimate,,,220.58692307692309,16310091,0.9322682360967167,205.64618168292523,102.024987599619,220.58692307692309,low,global:all:all:simple_power_law,simple_power_law,[]
coway,Other,B00U1XN4L8,"CUCKOO Commercial Rice Cooker & Warmer, Extra Large Rice Cooker 30-Cup Uncooked / 60-Cup Cooked, Professional Industrial Grain Cooker with Large Capacity, Easy One-Touch Operation, Silver (CR-3032)",2025-03,keepa_backcast_estimate,,,232.250625,16310091,0.9489340437959954,220.39052475539734,103.8488498294163,232.250625,low,global:all:all:simple_power_law,simple_power_law,[]
coway,Other,B00U1XN4L8,"CUCKOO Commercial Rice Cooker & Warmer, Extra Large Rice Cooker 30-Cup Uncooked / 60-Cup Cooked, Professional Industrial Grain Cooker with Large Capacity, Easy One-Touch Operation, Silver (CR-3032)",2025-04,keepa_backcast_estimate,,,231.5677777777778,16310091,0.9479776974379048,219.5210887785902,103.74418979537539,231.5677777777778,low,global:all:all:simple_power_law,simple_power_law,[]
coway,Other,B00U1XN4L8,"CUCKOO Commercial Rice Cooker & Warmer, Extra Large Rice Cooker 30-Cup Uncooked / 60-Cup Cooked, Professional Industrial Grain Cooker with Large Capacity, Easy One-Touch Operation, Silver (CR-3032)",2025-05,keepa_backcast_estimate,,,200.3311111111111,16310091,0.901505113817988,180.59952112350624,98.65835228213379,200.3311111111111,low,global:all:all:simple_power_law,simple_power_law,[]
coway,Other,B00U1XN4L8,"CUCKOO Commercial Rice Cooker & Warmer, Extra Large Rice Cooker 30-Cup Uncooked / 60-Cup Cooked, Professional Industrial Grain Cooker with Large Capacity, Easy One-Touch Operation, Silver (CR-3032)",2025-06,keepa_backcast_estimate,,,201.2566666666667,16310091,0.902965766369532,181.72788025364412,98.81820226166603,201.2566666666667,low,global:all:all:simple_power_law,simple_power_law,[]
coway,Other,B00U1XN4L8,"CUCKOO Commercial Rice Cooker & Warmer, Extra Large Rice Cooker 30-Cup Uncooked / 60-Cup Cooked, Professional Industrial Grain Cooker with Large Capacity, Easy One-Touch Operation, Silver (CR-3032)",2025-07,keepa_backcast_estimate,,,221.20374999999999,16310091,0.9331676743009755,206.4201889341544,102.12341975474672,221.20374999999999,low,global:all:all:simple_power_law,simple_power_law,[]
coway,Other,B00U1XN4L8,"CUCKOO Commercial Rice Cooker & Warmer, Extra Large Rice Cooker 30-Cup Uncooked / 60-Cup Cooked, Professional Industrial Grain Cooker with Large Capacity, Easy One-Touch Operation, Silver (CR-3032)",2025-08,keepa_backcast_estimate,,,190.64799999999997,16310091,0.8858787598508876,168.89101380805198,96.94824513915559,190.64799999999997,low,global:all:all:simple_power_law,simple_power_law,[]
coway,Other,B00U1XN4L8,"CUCKOO Commercial Rice Cooker & Warmer, Extra Large Rice Cooker 30-Cup Uncooked / 60-Cup Cooked, Professional Industrial Grain Cooker with Large Capacity, Easy One-Touch Operation, Silver (CR-3032)",2025-09,keepa_backcast_estimate,,,224.29909090909095,16310091,0.9376500636393209,210.31405686515095,102.61396067307307,224.29909090909095,low,global:all:all:simple_power_law,simple_power_law,[]
coway,Other,B00U1XN4L8,"CUCKOO Commercial Rice Cooker & Warmer, Extra Large Rice Cooker 30-Cup Uncooked / 60-Cup Cooked, Professional Industrial Grain Cooker with Large Capacity, Easy One-Touch Operation, Silver (CR-3032)",2025-10,keepa_backcast_estimate,,,203.37050000000002,16310091,0.9062809278265208,184.31080543254348,99.18100482582518,203.37050000000002,low,global:all:all:simple_power_law,simple_power_law,[]
coway,Other,B00U1XN4L8,"CUCKOO Commercial Rice Cooker & Warmer, Extra Large Rice Cooker 30-Cup Uncooked / 60-Cup Cooked, Professional Industrial Grain Cooker with Large Capacity, Easy One-Touch Operation, Silver (CR-3032)",2025-11,keepa_backcast_estimate,,,204.57500000000002,16310091,0.9081572175649318,185.78626278334593,99.3863410476149,204.57500000000002,low,global:all:all:simple_power_law,simple_power_law,[]
coway,Other,B00U1XN4L8,"CUCKOO Commercial Rice Cooker & Warmer, Extra Large Rice Cooker 30-Cup Uncooked / 60-Cup Cooked, Professional Industrial Grain Cooker with Large Capacity, Easy One-Touch Operation, Silver (CR-3032)",2025-12,keepa_backcast_estimate,,,177.44,16310091,0.863468111333037,153.2137816749341,94.49568261626392,177.44,low,global:all:all:simple_power_law,simple_power_law,[]
coway,Other,B00U1XN4L8,"CUCKOO Commercial Rice Cooker & Warmer, Extra Large Rice Cooker 30-Cup Uncooked / 60-Cup Cooked, Professional Industrial Grain Cooker with Large Capacity, Easy One-Touch Operation, Silver (CR-3032)",2026-01,keepa_backcast_estimate,,,197.14,16310091,0.8964258587097295,176.72139378603606,98.10249194133202,197.14,low,global:all:all:simple_power_law,simple_power_law,[]
coway,Other,B00U1XN4L8,"CUCKOO Commercial Rice Cooker & Warmer, Extra Large Rice Cooker 30-Cup Uncooked / 60-Cup Cooked, Professional Industrial Grain Cooker with Large Capacity, Easy One-Touch Operation, Silver (CR-3032)",2026-02,keepa_backcast_estimate,,,207.34846153846152,16310091,0.9124429736028823,189.1936468181367,99.8553629339098,207.34846153846152,low,global:all:all:simple_power_law,simple_power_law,[]
coway,Other,B00U1XN4L8,"CUCKOO Commercial Rice Cooker & Warmer, Extra Large Rice Cooker 30-Cup Uncooked / 60-Cup Cooked, Professional Industrial Grain Cooker with Large Capacity, Easy One-Touch Operation, Silver (CR-3032)",2026-03,keepa_backcast_estimate,,,208.21000000000004,16310091,0.9137646159343401,190.254930683689,100,208.21000000000004,low,global:all:all:simple_power_law,simple_power_law,[]
coway,Other,B00U1XN4L8,"CUCKOO Commercial Rice Cooker & Warmer, Extra Large Rice Cooker 30-Cup Uncooked / 60-Cup Cooked, Professional Industrial Grain Cooker with Large Capacity, Easy One-Touch Operation, Silver (CR-3032)",2026-04,keepa_backcast_estimate,,,241.61,16310091,0.9618126432296952,232.38355273072668,105.2582499319286,241.61,low,global:all:all:simple_power_law,simple_power_law,[]
coway,Other,B00U1XN4L8,"CUCKOO Commercial Rice Cooker & Warmer, Extra Large Rice Cooker 30-Cup Uncooked / 60-Cup Cooked, Professional Industrial Grain Cooker with Large Capacity, Easy One-Touch Operation, Silver (CR-3032)",2026-05,keepa_backcast_estimate,,,220.2642857142857,16310091,0.9317969455008517,205.2415886314983,101.97341079442796,220.2642857142857,low,global:all:all:simple_power_law,simple_power_law,[]
coway,Other,B00U1XN4L8,"CUCKOO Commercial Rice Cooker & Warmer, Extra Large Rice Cooker 30-Cup Uncooked / 60-Cup Cooked, Professional Industrial Grain Cooker with Large Capacity, Easy One-Touch Operation, Silver (CR-3032)",2026-06,keepa_backcast_estimate,,,222.15,16310091,0.9345434349180861,207.60882406705284,102.27397938390286,222.15,low,global:all:all:simple_power_law,simple_power_law,[]
coway,Other,B00XQEM2BM,"CUCKOO High Pressure Rice Cooker 10-Cup Uncooked / 20-Cup Cooked with Nonstick Inner Pot, Large Rice Maker with 13 Menu Options and Steam Plate, Fuzzy Logic Tech, Voice Guide, White (CRP-P1009SW)",2016-12,keepa_backcast_estimate,,,279.99,284507,17.3177424869198,4848.794718912675,102.02057421108333,279.99,low,global:all:all:simple_power_law,simple_power_law,[]
coway,Other,B00XQEM2BM,"CUCKOO High Pressure Rice Cooker 10-Cup Uncooked / 20-Cup Cooked with Nonstick Inner Pot, Large Rice Maker with 13 Menu Options and Steam Plate, Fuzzy Logic Tech, Voice Guide, White (CRP-P1009SW)",2017-03,keepa_backcast_estimate,,,223.99,284507,16.648671972782395,3729.1360351835287,98.07901207666774,223.99,low,global:all:all:simple_power_law,simple_power_law,[]
coway,Other,B00XQEM2BM,"CUCKOO High Pressure Rice Cooker 10-Cup Uncooked / 20-Cup Cooked with Nonstick Inner Pot, Large Rice Maker with 13 Menu Options and Steam Plate, Fuzzy Logic Tech, Voice Guide, White (CRP-P1009SW)",2017-04,keepa_backcast_estimate,,,224,284507,16.648803291977135,3729.3319374028783,98.0797856913385,224,low,global:all:all:simple_power_law,simple_power_law,[]
coway,Other,B00XQEM2BM,"CUCKOO High Pressure Rice Cooker 10-Cup Uncooked / 20-Cup Cooked with Nonstick Inner Pot, Large Rice Maker with 13 Menu Options and Steam Plate, Fuzzy Logic Tech, Voice Guide, White (CRP-P1009SW)",2017-06,keepa_backcast_estimate,,,941.26,284507,21.43074820633119,20171.906056691296,126.25070729827725,941.26,low,global:all:all:simple_power_law,simple_power_law,[]
coway,Other,B00XQEM2BM,"CUCKOO High Pressure Rice Cooker 10-Cup Uncooked / 20-Cup Cooked with Nonstick Inner Pot, Large Rice Maker with 13 Menu Options and Steam Plate, Fuzzy Logic Tech, Voice Guide, White (CRP-P1009SW)",2017-07,keepa_backcast_estimate,,,894.22,284507,21.239260717221573,18992.571718553874,125.1226351140444,894.22,low,global:all:all:simple_power_law,simple_power_law,[]
coway,Other,B00XQEM2BM,"CUCKOO High Pressure Rice Cooker 10-Cup Uncooked / 20-Cup Cooked with Nonstick Inner Pot, Large Rice Maker with 13 Menu Options and Steam Plate, Fuzzy Logic Tech, Voice Guide, White (CRP-P1009SW)",2017-08,keepa_backcast_estimate,,,826.305,284507,20.947452057387103,17308.98437227925,123.40356075671606,826.305,low,global:all:all:simple_power_law,simple_power_law,[]
coway,Other,B00XQEM2BM,"CUCKOO High Pressure Rice Cooker 10-Cup Uncooked / 20-Cup Cooked with Nonstick Inner Pot, Large Rice Maker with 13 Menu Options and Steam Plate, Fuzzy Logic Tech, Voice Guide, White (CRP-P1009SW)",2017-09,keepa_backcast_estimate,,,857.5777777777778,284507,21.084206038916257,18081.346561062604,124.20919230665936,857.5777777777778,low,global:all:all:simple_power_law,simple_power_law,[]
coway,Other,B00XQEM2BM,"CUCKOO High Pressure Rice Cooker 10-Cup Uncooked / 20-Cup Cooked with Nonstick Inner Pot, Large Rice Maker with 13 Menu Options and Steam Plate, Fuzzy Logic Tech, Voice Guide, White (CRP-P1009SW)",2017-10,keepa_backcast_estimate,,,860.7500000000001,284507,21.097845153729054,18159.970216072285,124.28954171282378,860.7500000000001,low,global:all:all:simple_power_law,simple_power_law,[]
coway,Other,B00XQEM2BM,"CUCKOO High Pressure Rice Cooker 10-Cup Uncooked / 20-Cup Cooked with Nonstick Inner Pot, Large Rice Maker with 13 Menu Options and Steam Plate, Fuzzy Logic Tech, Voice Guide, White (CRP-P1009SW)",2017-11,keepa_backcast_estimate,,,803.8777777777779,284507,20.84670395938969,16758.202052865385,122.81004351183648,803.8777777777779,low,global:all:all:simple_power_law,simple_power_law,[]
coway,Other,B00XQEM2BM,"CUCKOO High Pressure Rice Cooker 10-Cup Uncooked / 20-Cup Cooked with Nonstick Inner Pot, Large Rice Maker with 13 Menu Options and Steam Plate, Fuzzy Logic Tech, Voice Guide, White (CRP-P1009SW)",2017-12,keepa_backcast_estimate,,,497.2377777777778,284507,19.161138849942986,9527.642101437095,112.88020880816167,497.2377777777778,low,global:all:all:simple_power_law,simple_power_law,[]
coway,Other,B00XQEM2BM,"CUCKOO High Pressure Rice Cooker 10-Cup Uncooked / 20-Cup Cooked with Nonstick Inner Pot, Large Rice Maker with 13 Menu Options and Steam Plate, Fuzzy Logic Tech, Voice Guide, White (CRP-P1009SW)",2018-01,keepa_backcast_estimate,,,625.5788888888889,284507,19.949763935121297,12480.151156128808,117.52607902409338,625.5788888888889,low,global:all:all:simple_power_law,simple_power_law,[]
coway,Other,B00XQEM2BM,"CUCKOO High Pressure Rice Cooker 10-Cup Uncooked / 20-Cup Cooked with Nonstick Inner Pot, Large Rice Maker with 13 Menu Options and Steam Plate, Fuzzy Logic Tech, Voice Guide, White (CRP-P1009SW)",2018-02,keepa_backcast_estimate,,,314.5,284507,17.676444957816255,5559.241939233212,104.13372678160057,314.5,low,global:all:all:simple_power_law,simple_power_law,[]
coway,Other,B00XQEM2BM,"CUCKOO High Pressure Rice Cooker 10-Cup Uncooked / 20-Cup Cooked with Nonstick Inner Pot, Large Rice Maker with 13 Menu Options and Steam Plate, Fuzzy Logic Tech, Voice Guide, White (CRP-P1009SW)",2018-03,keepa_backcast_estimate,,,387.3225,284507,18.33720334713431,7102.411443420428,108.0263213471991,387.3225,low,global:all:all:simple_power_law,simple_power_law,[]
coway,Other,B00XQEM2BM,"CUCKOO High Pressure Rice Cooker 10-Cup Uncooked / 20-Cup Cooked with Nonstick Inner Pot, Large Rice Maker with 13 Menu Options and Steam Plate, Fuzzy Logic Tech, Voice Guide, White (CRP-P1009SW)",2018-04,keepa_backcast_estimate,,,316.46666666666664,284507,17.695884627301393,5600.15762171998,104.24824784257866,316.46666666666664,low,global:all:all:simple_power_law,simple_power_law,[]
coway,Other,B00XQEM2BM,"CUCKOO High Pressure Rice Cooker 10-Cup Uncooked / 20-Cup Cooked with Nonstick Inner Pot, Large Rice Maker with 13 Menu Options and Steam Plate, Fuzzy Logic Tech, Voice Guide, White (CRP-P1009SW)",2018-05,keepa_backcast_estimate,,,320.554,284507,17.735967575571777,5685.335350219835,104.48438054877329,320.554,low,global:all:all:simple_power_law,simple_power_law,[]
coway,Other,B00XQEM2BM,"CUCKOO High Pressure Rice Cooker 10-Cup Uncooked / 20-Cup Cooked with Nonstick Inner Pot, Large Rice Maker with 13 Menu Options and Steam Plate, Fuzzy Logic Tech, Voice Guide, White (CRP-P1009SW)",2018-06,keepa_backcast_estimate,,,293.3725,284507,17.460979714393027,5122.571271260768,102.86439921923662,293.3725,low,global:all:all:simple_power_law,simple_power_law,[]
coway,Other,B00XQEM2BM,"CUCKOO High Pressure Rice Cooker 10-Cup Uncooked / 20-Cup Cooked with Nonstick Inner Pot, Large Rice Maker with 13 Menu Options and Steam Plate, Fuzzy Logic Tech, Voice Guide, White (CRP-P1009SW)",2018-07,keepa_backcast_estimate,,,307.9666666666667,284507,17.61113302091197,5423.641932673524,103.74896754922108,307.9666666666667,low,global:all:all:simple_power_law,simple_power_law,[]
coway,Other,B00XQEM2BM,"CUCKOO High Pressure Rice Cooker 10-Cup Uncooked / 20-Cup Cooked with Nonstick Inner Pot, Large Rice Maker with 13 Menu Options and Steam Plate, Fuzzy Logic Tech, Voice Guide, White (CRP-P1009SW)",2018-08,keepa_backcast_estimate,,,279.99,284507,17.3177424869198,4848.794718912675,102.02057421108333,279.99,low,global:all:all:simple_power_law,simple_power_law,[]
coway,Other,B00XQEM2BM,"CUCKOO High Pressure Rice Cooker 10-Cup Uncooked / 20-Cup Cooked with Nonstick Inner Pot, Large Rice Maker with 13 Menu Options and Steam Plate, Fuzzy Logic Tech, Voice Guide, White (CRP-P1009SW)",2018-10,keepa_backcast_estimate,,,325.3,284507,17.781981010592688,5784.478422745801,104.75545035280827,325.3,low,global:all:all:simple_power_law,simple_power_law,[]
coway,Other,B00XQEM2BM,"CUCKOO High Pressure Rice Cooker 10-Cup Uncooked / 20-Cup Cooked with Nonstick Inner Pot, Large Rice Maker with 13 Menu Options and Steam Plate, Fuzzy Logic Tech, Voice Guide, White (CRP-P1009SW)",2018-12,keepa_backcast_estimate,,,298.65333333333336,284507,17.516013231758684,5231.215738375504,103.18860724154327,298.65333333333336,low,global:all:all:simple_power_law,simple_power_law,[]
coway,Other,B00XQEM2BM,"CUCKOO High Pressure Rice Cooker 10-Cup Uncooked / 20-Cup Cooked with Nonstick Inner Pot, Large Rice Maker with 13 Menu Options and Steam Plate, Fuzzy Logic Tech, Voice Guide, White (CRP-P1009SW)",2019-01,keepa_backcast_estimate,,,331.3,284507,17.839361324636528,5910.180406852081,105.09348359193203,331.3,low,global:all:all:simple_power_law,simple_power_law,[]
coway,Other,B00XQEM2BM,"CUCKOO High Pressure Rice Cooker 10-Cup Uncooked / 20-Cup Cooked with Nonstick Inner Pot, Large Rice Maker with 13 Menu Options and Steam Plate, Fuzzy Logic Tech, Voice Guide, White (CRP-P1009SW)",2019-03,keepa_backcast_estimate,,,255.86,284507,17.044456618649953,4360.994670447777,100.41061949408005,255.86,low,global:all:all:simple_power_law,simple_power_law,[]
coway,Other,B00XQEM2BM,"CUCKOO High Pressure Rice Cooker 10-Cup Uncooked / 20-Cup Cooked with Nonstick Inner Pot, Large Rice Maker with 13 Menu Options and Steam Plate, Fuzzy Logic Tech, Voice Guide, White (CRP-P1009SW)",2019-05,keepa_backcast_estimate,,,299.19,284507,17.52156072600137,5242.275753612349,103.2212880917464,299.19,low,global:all:all:simple_power_law,simple_power_law,[]
coway,Other,B00XQEM2BM,"CUCKOO High Pressure Rice Cooker 10-Cup Uncooked / 20-Cup Cooked with Nonstick Inner Pot, Large Rice Maker with 13 Menu Options and Steam Plate, Fuzzy Logic Tech, Voice Guide, White (CRP-P1009SW)",2019-06,keepa_backcast_estimate,,,321.8566666666666,284507,17.748653195846654,5712.522355437884,104.55911282208454,321.8566666666666,low,global:all:all:simple_power_law,simple_power_law,[]
coway,Other,B00XQEM2BM,"CUCKOO High Pressure Rice Cooker 10-Cup Uncooked / 20-Cup Cooked with Nonstick Inner Pot, Large Rice Maker with 13 Menu Options and Steam Plate, Fuzzy Logic Tech, Voice Guide, White (CRP-P1009SW)",2019-07,keepa_backcast_estimate,,,267.21,284507,17.175549880864832,4589.478683665891,101.18290317346074,267.21,low,global:all:all:simple_power_law,simple_power_law,[]
coway,Other,B00XQEM2BM,"CUCKOO High Pressure Rice Cooker 10-Cup Uncooked / 20-Cup Cooked with Nonstick Inner Pot, Large Rice Maker with 13 Menu Options and Steam Plate, Fuzzy Logic Tech, Voice Guide, White (CRP-P1009SW)",2019-08,keepa_backcast_estimate,,,305.044,284507,17.58154304071656,5363.144215312343,103.5746499802475,305.044,low,global:all:all:simple_power_law,simple_power_law,[]
coway,Other,B00XQEM2BM,"CUCKOO High Pressure Rice Cooker 10-Cup Uncooked / 20-Cup Cooked with Nonstick Inner Pot, Large Rice Maker with 13 Menu Options and Steam Plate, Fuzzy Logic Tech, Voice Guide, White (CRP-P1009SW)",2019-09,keepa_backcast_estimate,,,500,284507,19.17980799213729,9589.903996068646,112.99019061486251,500,low,global:all:all:simple_power_law,simple_power_law,[]
coway,Other,B00XQEM2BM,"CUCKOO High Pressure Rice Cooker 10-Cup Uncooked / 20-Cup Cooked with Nonstick Inner Pot, Large Rice Maker with 13 Menu Options and Steam Plate, Fuzzy Logic Tech, Voice Guide, White (CRP-P1009SW)",2020-02,keepa_backcast_estimate,,,368.23,284507,18.17467780374605,6692.461607673408,107.06886691727195,368.23,low,global:all:all:simple_power_law,simple_power_law,[]
coway,Other,B00XQEM2BM,"CUCKOO High Pressure Rice Cooker 10-Cup Uncooked / 20-Cup Cooked with Nonstick Inner Pot, Large Rice Maker with 13 Menu Options and Steam Plate, Fuzzy Logic Tech, Voice Guide, White (CRP-P1009SW)",2020-03,keepa_backcast_estimate,,,279.98,284507,17.317633349181293,4848.590985103779,102.01993126961683,279.98,low,global:all:all:simple_power_law,simple_power_law,[]
coway,Other,B00XQEM2BM,"CUCKOO High Pressure Rice Cooker 10-Cup Uncooked / 20-Cup Cooked with Nonstick Inner Pot, Large Rice Maker with 13 Menu Options and Steam Plate, Fuzzy Logic Tech, Voice Guide, White (CRP-P1009SW)",2020-04,keepa_backcast_estimate,,,249.99,284507,16.974754965688515,4243.518993872472,100,249.99,low,global:all:all:simple_power_law,simple_power_law,[]
coway,Other,B00XQEM2BM,"CUCKOO High Pressure Rice Cooker 10-Cup Uncooked / 20-Cup Cooked with Nonstick Inner Pot, Large Rice Maker with 13 Menu Options and Steam Plate, Fuzzy Logic Tech, Voice Guide, White (CRP-P1009SW)",2020-05,keepa_backcast_estimate,,,259.99,284507,17.09270652874602,4443.932770408678,100.69486459919996,259.99,low,global:all:all:simple_power_law,simple_power_law,[]
coway,Other,B00XQEM2BM,"CUCKOO High Pressure Rice Cooker 10-Cup Uncooked / 20-Cup Cooked with Nonstick Inner Pot, Large Rice Maker with 13 Menu Options and Steam Plate, Fuzzy Logic Tech, Voice Guide, White (CRP-P1009SW)",2020-06,keepa_backcast_estimate,,,249.99,284507,16.974754965688515,4243.518993872472,100,249.99,low,global:all:all:simple_power_law,simple_power_law,[]
coway,Other,B00XQEM2BM,"CUCKOO High Pressure Rice Cooker 10-Cup Uncooked / 20-Cup Cooked with Nonstick Inner Pot, Large Rice Maker with 13 Menu Options and Steam Plate, Fuzzy Logic Tech, Voice Guide, White (CRP-P1009SW)",2020-07,keepa_backcast_estimate,,,276.96500000000003,284507,17.284579875100604,4787.22366510724,101.82520990752649,276.96500000000003,low,global:all:all:simple_power_law,simple_power_law,[]
coway,Other,B00XQEM2BM,"CUCKOO High Pressure Rice Cooker 10-Cup Uncooked / 20-Cup Cooked with Nonstick Inner Pot, Large Rice Maker with 13 Menu Options and Steam Plate, Fuzzy Logic Tech, Voice Guide, White (CRP-P1009SW)",2020-08,keepa_backcast_estimate,,,324.62666666666667,284507,17.77548696616422,5770.39708220267,104.71719327963345,324.62666666666667,low,global:all:all:simple_power_law,simple_power_law,[]
coway,Other,B00XQEM2BM,"CUCKOO High Pressure Rice Cooker 10-Cup Uncooked / 20-Cup Cooked with Nonstick Inner Pot, Large Rice Maker with 13 Menu Options and Steam Plate, Fuzzy Logic Tech, Voice Guide, White (CRP-P1009SW)",2020-09,keepa_backcast_estimate,,,280.475,284507,17.32303178951765,4858.677341164963,102.0517340281678,280.475,low,global:all:all:simple_power_law,simple_power_law,[]
coway,Other,B00XQEM2BM,"CUCKOO High Pressure Rice Cooker 10-Cup Uncooked / 20-Cup Cooked with Nonstick Inner Pot, Large Rice Maker with 13 Menu Options and Steam Plate, Fuzzy Logic Tech, Voice Guide, White (CRP-P1009SW)",2020-12,keepa_backcast_estimate,,,314.185,284507,17.6733219475371,5552.692656086944,104.1153288118775,314.185,low,global:all:all:simple_power_law,simple_power_law,[]
coway,Other,B00XQEM2BM,"CUCKOO High Pressure Rice Cooker 10-Cup Uncooked / 20-Cup Cooked with Nonstick Inner Pot, Large Rice Maker with 13 Menu Options and Steam Plate, Fuzzy Logic Tech, Voice Guide, White (CRP-P1009SW)",2021-01,keepa_backcast_estimate,,,239.37333333333333,284507,16.84516743638159,4032.2838798047824,99.23658674561806,239.37333333333333,low,global:all:all:simple_power_law,simple_power_law,[]
coway,Other,B00XQEM2BM,"CUCKOO High Pressure Rice Cooker 10-Cup Uncooked / 20-Cup Cooked with Nonstick Inner Pot, Large Rice Maker with 13 Menu Options and Steam Plate, Fuzzy Logic Tech, Voice Guide, White (CRP-P1009SW)",2021-02,keepa_backcast_estimate,,,279.485,284507,17.3122269847999,4838.5077588468,101.98808182971433,279.485,low,global:all:all:simple_power_law,simple_power_law,[]
coway,Other,B00XQEM2BM,"CUCKOO High Pressure Rice Cooker 10-Cup Uncooked / 20-Cup Cooked with Nonstick Inner Pot, Large Rice Maker with 13 Menu Options and Steam Plate, Fuzzy Logic Tech, Voice Guide, White (CRP-P1009SW)",2021-03,keepa_backcast_estimate,,,337.245,284507,17.895371082693643,6035.124420783018,105.4234427469851,337.245,low,global:all:all:simple_power_law,simple_power_law,[]
coway,Other,B00XQEM2BM,"CUCKOO High Pressure Rice Cooker 10-Cup Uncooked / 20-Cup Cooked with Nonstick Inner Pot, Large Rice Maker with 13 Menu Options and Steam Plate, Fuzzy Logic Tech, Voice Guide, White (CRP-P1009SW)",2021-04,keepa_backcast_estimate,,,348.35400000000004,284507,17.99787150709979,6269.630530984242,106.02728312414126,348.35400000000004,low,global:all:all:simple_power_law,simple_power_law,[]
coway,Other,B00XQEM2BM,"CUCKOO High Pressure Rice Cooker 10-Cup Uncooked / 20-Cup Cooked with Nonstick Inner Pot, Large Rice Maker with 13 Menu Options and Steam Plate, Fuzzy Logic Tech, Voice Guide, White (CRP-P1009SW)",2021-06,keepa_backcast_estimate,,,356.24142857142857,284507,18.069012005522367,6436.930649721582,106.44637900249931,356.24142857142857,low,global:all:all:simple_power_law,simple_power_law,[]
coway,Other,B00XQEM2BM,"CUCKOO High Pressure Rice Cooker 10-Cup Uncooked / 20-Cup Cooked with Nonstick Inner Pot, Large Rice Maker with 13 Menu Options and Steam Plate, Fuzzy Logic Tech, Voice Guide, White (CRP-P1009SW)",2021-07,keepa_backcast_estimate,,,343.18,284507,17.950474950942866,6160.243993664572,105.74806521346905,343.18,low,global:all:all:simple_power_law,simple_power_law,[]
coway,Other,B00XQEM2BM,"CUCKOO High Pressure Rice Cooker 10-Cup Uncooked / 20-Cup Cooked with Nonstick Inner Pot, Large Rice Maker with 13 Menu Options and Steam Plate, Fuzzy Logic Tech, Voice Guide, White (CRP-P1009SW)",2021-08,keepa_backcast_estimate,,,218.76999999999998,284507,16.579450458924914,3627.086376899003,97.67122113065761,218.76999999999998,low,global:all:all:simple_power_law,simple_power_law,[]
coway,Other,B00XQEM2BM,"CUCKOO High Pressure Rice Cooker 10-Cup Uncooked / 20-Cup Cooked with Nonstick Inner Pot, Large Rice Maker with 13 Menu Options and Steam Plate, Fuzzy Logic Tech, Voice Guide, White (CRP-P1009SW)",2021-09,keepa_backcast_estimate,,,266.8355555555555,284507,17.171299381443216,4581.913210058167,101.15786305105424,266.8355555555555,low,global:all:all:simple_power_law,simple_power_law,[]
coway,Other,B00XQEM2BM,"CUCKOO High Pressure Rice Cooker 10-Cup Uncooked / 20-Cup Cooked with Nonstick Inner Pot, Large Rice Maker with 13 Menu Options and Steam Plate, Fuzzy Logic Tech, Voice Guide, White (CRP-P1009SW)",2021-10,keepa_backcast_estimate,,,278.7271428571429,284507,17.30393429670556,4823.076166708465,101.93922876461205,278.7271428571429,low,global:all:all:simple_power_law,simple_power_law,[]
coway,Other,B00XQEM2BM,"CUCKOO High Pressure Rice Cooker 10-Cup Uncooked / 20-Cup Cooked with Nonstick Inner Pot, Large Rice Maker with 13 Menu Options and Steam Plate, Fuzzy Logic Tech, Voice Guide, White (CRP-P1009SW)",2021-11,keepa_backcast_estimate,,,391.495,284507,18.371833197745925,7192.480837751541,108.23032930302298,391.495,low,global:all:all:simple_power_law,simple_power_law,[]
coway,Other,B00XQEM2BM,"CUCKOO High Pressure Rice Cooker 10-Cup Uncooked / 20-Cup Cooked with Nonstick Inner Pot, Large Rice Maker with 13 Menu Options and Steam Plate, Fuzzy Logic Tech, Voice Guide, White (CRP-P1009SW)",2021-12,keepa_backcast_estimate,,,308.65999999999997,284507,17.618118325599486,5438.008402379537,103.79011868631633,308.65999999999997,low,global:all:all:simple_power_law,simple_power_law,[]
coway,Other,B00XQEM2BM,"CUCKOO High Pressure Rice Cooker 10-Cup Uncooked / 20-Cup Cooked with Nonstick Inner Pot, Large Rice Maker with 13 Menu Options and Steam Plate, Fuzzy Logic Tech, Voice Guide, White (CRP-P1009SW)",2022-01,keepa_backcast_estimate,,,288.39,284507,17.408296361549418,5020.378587707236,102.55403625405629,288.39,low,global:all:all:simple_power_law,simple_power_law,[]
coway,Other,B00XQEM2BM,"CUCKOO High Pressure Rice Cooker 10-Cup Uncooked / 20-Cup Cooked with Nonstick Inner Pot, Large Rice Maker with 13 Menu Options and Steam Plate, Fuzzy Logic Tech, Voice Guide, White (CRP-P1009SW)",2022-02,keepa_backcast_estimate,,,247.755,284507,16.947858993540315,4198.916804944581,99.84155310516961,247.755,low,global:all:all:simple_power_law,simple_power_law,[]
coway,Other,B00XQEM2BM,"CUCKOO High Pressure Rice Cooker 10-Cup Uncooked / 20-Cup Cooked with Nonstick Inner Pot, Large Rice Maker with 13 Menu Options and Steam Plate, Fuzzy Logic Tech, Voice Guide, White (CRP-P1009SW)",2022-03,keepa_backcast_estimate,,,260.2878260869565,284507,17.096161334396903,4449.922668162051,100.71521720904832,260.2878260869565,low,global:all:all:simple_power_law,simple_power_law,[]
coway,Other,B00XQEM2BM,"CUCKOO High Pressure Rice Cooker 10-Cup Uncooked / 20-Cup Cooked with Nonstick Inner Pot, Large Rice Maker with 13 Menu Options and Steam Plate, Fuzzy Logic Tech, Voice Guide, White (CRP-P1009SW)",2022-04,keepa_backcast_estimate,,,265.59592592592577,284507,17.15719235531459,4556.880389898994,101.07475713195765,265.59592592592577,low,global:all:all:simple_power_law,simple_power_law,[]
coway,Other,B00XQEM2BM,"CUCKOO High Pressure Rice Cooker 10-Cup Uncooked / 20-Cup Cooked with Nonstick Inner Pot, Large Rice Maker with 13 Menu Options and Steam Plate, Fuzzy Logic Tech, Voice Guide, White (CRP-P1009SW)",2022-05,keepa_backcast_estimate,,,271.60615384615375,284507,17.225086793483833,4678.439573644321,101.47473014073734,271.60615384615375,low,global:all:all:simple_power_law,simple_power_law,[]
coway,Other,B00XQEM2BM,"CUCKOO High Pressure Rice Cooker 10-Cup Uncooked / 20-Cup Cooked with Nonstick Inner Pot, Large Rice Maker with 13 Menu Options and Steam Plate, Fuzzy Logic Tech, Voice Guide, White (CRP-P1009SW)",2022-06,keepa_backcast_estimate,,,267.24142857142857,284507,17.175906416940702,4590.1137678724,101.18500356357885,267.24142857142857,low,global:all:all:simple_power_law,simple_power_law,[]
coway,Other,B00XQEM2BM,"CUCKOO High Pressure Rice Cooker 10-Cup Uncooked / 20-Cup Cooked with Nonstick Inner Pot, Large Rice Maker with 13 Menu Options and Steam Plate, Fuzzy Logic Tech, Voice Guide, White (CRP-P1009SW)",2022-07,keepa_backcast_estimate,,,288.02833333333325,284507,17.4044428909091,5012.972678463728,102.53133506839494,288.02833333333325,low,global:all:all:simple_power_law,simple_power_law,[]
coway,Other,B00XQEM2BM,"CUCKOO High Pressure Rice Cooker 10-Cup Uncooked / 20-Cup Cooked with Nonstick Inner Pot, Large Rice Maker with 13 Menu Options and Steam Plate, Fuzzy Logic Tech, Voice Guide, White (CRP-P1009SW)",2022-08,keepa_backcast_estimate,,,256.4144999999999,284507,17.05097209779289,4372.116484969513,100.44900284132781,256.4144999999999,low,global:all:all:simple_power_law,simple_power_law,[]
coway,Other,B00XQEM2BM,"CUCKOO High Pressure Rice Cooker 10-Cup Uncooked / 20-Cup Cooked with Nonstick Inner Pot, Large Rice Maker with 13 Menu Options and Steam Plate, Fuzzy Logic Tech, Voice Guide, White (CRP-P1009SW)",2022-09,keepa_backcast_estimate,,,253.84071428571423,284507,17.020630222731917,4320.528933331285,100.27025578358058,253.84071428571423,low,global:all:all:simple_power_law,simple_power_law,[]
coway,Other,B00XQEM2BM,"CUCKOO High Pressure Rice Cooker 10-Cup Uncooked / 20-Cup Cooked with Nonstick Inner Pot, Large Rice Maker with 13 Menu Options and Steam Plate, Fuzzy Logic Tech, Voice Guide, White (CRP-P1009SW)",2022-10,keepa_backcast_estimate,,,262.59954545454536,284507,17.12286654070681,4496.456970468452,100.87254028301248,262.59954545454536,low,global:all:all:simple_power_law,simple_power_law,[]
coway,Other,B00XQEM2BM,"CUCKOO High Pressure Rice Cooker 10-Cup Uncooked / 20-Cup Cooked with Nonstick Inner Pot, Large Rice Maker with 13 Menu Options and Steam Plate, Fuzzy Logic Tech, Voice Guide, White (CRP-P1009SW)",2022-11,keepa_backcast_estimate,,,247.4442857142857,284507,16.94410394615463,4192.721698024842,99.81943174086554,247.4442857142857,low,global:all:all:simple_power_law,simple_power_law,[]
coway,Other,B00XQEM2BM,"CUCKOO High Pressure Rice Cooker 10-Cup Uncooked / 20-Cup Cooked with Nonstick Inner Pot, Large Rice Maker with 13 Menu Options and Steam Plate, Fuzzy Logic Tech, Voice Guide, White (CRP-P1009SW)",2022-12,keepa_backcast_estimate,,,206.0425,284507,16.404751408166998,3380.0759920172486,96.64205133638937,206.0425,low,global:all:all:simple_power_law,simple_power_law,[]
coway,Other,B00XQEM2BM,"CUCKOO High Pressure Rice Cooker 10-Cup Uncooked / 20-Cup Cooked with Nonstick Inner Pot, Large Rice Maker with 13 Menu Options and Steam Plate, Fuzzy Logic Tech, Voice Guide, White (CRP-P1009SW)",2023-01,keepa_backcast_estimate,,,224.37833333333333,284507,16.65376796883202,3736.744700566581,98.1090331053066,224.37833333333333,low,global:all:all:simple_power_law,simple_power_law,[]
coway,Other,B00XQEM2BM,"CUCKOO High Pressure Rice Cooker 10-Cup Uncooked / 20-Cup Cooked with Nonstick Inner Pot, Large Rice Maker with 13 Menu Options and Steam Plate, Fuzzy Logic Tech, Voice Guide, White (CRP-P1009SW)",2023-02,keepa_backcast_estimate,,,210.79,284507,16.470935387965003,3471.9084704291427,97.03194786174001,210.79,low,global:all:all:simple_power_law,simple_power_law,[]
coway,Other,B00XQEM2BM,"CUCKOO High Pressure Rice Cooker 10-Cup Uncooked / 20-Cup Cooked with Nonstick Inner Pot, Large Rice Maker with 13 Menu Options and Steam Plate, Fuzzy Logic Tech, Voice Guide, White (CRP-P1009SW)",2023-03,keepa_backcast_estimate,,,215.90142857142857,284507,16.540826007814783,3571.187964838651,97.44368057888998,215.90142857142857,low,global:all:all:simple_power_law,simple_power_law,[]
coway,Other,B00XQEM2BM,"CUCKOO High Pressure Rice Cooker 10-Cup Uncooked / 20-Cup Cooked with Nonstick Inner Pot, Large Rice Maker with 13 Menu Options and Steam Plate, Fuzzy Logic Tech, Voice Guide, White (CRP-P1009SW)",2023-04,keepa_backcast_estimate,,,207.61666666666667,284507,16.426835322680986,3410.484793577284,96.77214991253157,207.61666666666667,low,global:all:all:simple_power_law,simple_power_law,[]
coway,Other,B00XQEM2BM,"CUCKOO High Pressure Rice Cooker 10-Cup Uncooked / 20-Cup Cooked with Nonstick Inner Pot, Large Rice Maker with 13 Menu Options and Steam Plate, Fuzzy Logic Tech, Voice Guide, White (CRP-P1009SW)",2023-05,keepa_backcast_estimate,,,201.84875000000002,284507,16.345227615146324,3299.263762582767,96.29139064561068,201.84875000000002,low,global:all:all:simple_power_law,simple_power_law,[]
coway,Other,B00XQEM2BM,"CUCKOO High Pressure Rice Cooker 10-Cup Uncooked / 20-Cup Cooked with Nonstick Inner Pot, Large Rice Maker with 13 Menu Options and Steam Plate, Fuzzy Logic Tech, Voice Guide, White (CRP-P1009SW)",2023-06,keepa_backcast_estimate,,,158.6375,284507,15.663370747681897,2484.797976985387,92.27450280927559,158.6375,low,global:all:all:simple_power_law,simple_power_law,[]
coway,Other,B00XQEM2BM,"CUCKOO High Pressure Rice Cooker 10-Cup Uncooked / 20-Cup Cooked with Nonstick Inner Pot, Large Rice Maker with 13 Menu Options and Steam Plate, Fuzzy Logic Tech, Voice Guide, White (CRP-P1009SW)",2023-07,keepa_backcast_estimate,,,217.58333333333334,284507,16.563523553419063,3603.9466664980982,97.57739411790813,217.58333333333334,low,global:all:all:simple_power_law,simple_power_law,[]
coway,Other,B00XQEM2BM,"CUCKOO High Pressure Rice Cooker 10-Cup Uncooked / 20-Cup Cooked with Nonstick Inner Pot, Large Rice Maker with 13 Menu Options and Steam Plate, Fuzzy Logic Tech, Voice Guide, White (CRP-P1009SW)",2023-08,keepa_backcast_estimate,,,205.9121428571428,284507,16.402916372772815,3377.5596594241624,96.63124095710617,205.9121428571428,low,global:all:all:simple_power_law,simple_power_law,[]
coway,Other,B00XQEM2BM,"CUCKOO High Pressure Rice Cooker 10-Cup Uncooked / 20-Cup Cooked with Nonstick Inner Pot, Large Rice Maker with 13 Menu Options and Steam Plate, Fuzzy Logic Tech, Voice Guide, White (CRP-P1009SW)",2023-09,keepa_backcast_estimate,,,222.69833333333335,284507,16.631668914453297,3703.8449478005587,97.9788453386885,222.69833333333335,low,global:all:all:simple_power_law,simple_power_law,[]
coway,Other,B00XQEM2BM,"CUCKOO High Pressure Rice Cooker 10-Cup Uncooked / 20-Cup Cooked with Nonstick Inner Pot, Large Rice Maker with 13 Menu Options and Steam Plate, Fuzzy Logic Tech, Voice Guide, White (CRP-P1009SW)",2023-10,keepa_backcast_estimate,,,191.95800000000003,284507,16.20067767222133,3109.8496846042626,95.43983229783379,191.95800000000003,low,global:all:all:simple_power_law,simple_power_law,[]
coway,Other,B00XQEM2BM,"CUCKOO High Pressure Rice Cooker 10-Cup Uncooked / 20-Cup Cooked with Nonstick Inner Pot, Large Rice Maker with 13 Menu Options and Steam Plate, Fuzzy Logic Tech, Voice Guide, White (CRP-P1009SW)",2023-11,keepa_backcast_estimate,,,173.75857142857146,284507,15.917756075581458,2765.846556041498,93.77311252949693,173.75857142857146,low,global:all:all:simple_power_law,simple_power_law,[]
coway,Other,B00XQEM2BM,"CUCKOO High Pressure Rice Cooker 10-Cup Uncooked / 20-Cup Cooked with Nonstick Inner Pot, Large Rice Maker with 13 Menu Options and Steam Plate, Fuzzy Logic Tech, Voice Guide, White (CRP-P1009SW)",2023-12,keepa_backcast_estimate,,,206.73000000000002,284507,16.414413450057133,3393.3516925303115,96.69897140333387,206.73000000000002,low,global:all:all:simple_power_law,simple_power_law,[]
coway,Other,B00XQEM2BM,"CUCKOO High Pressure Rice Cooker 10-Cup Uncooked / 20-Cup Cooked with Nonstick Inner Pot, Large Rice Maker with 13 Menu Options and Steam Plate, Fuzzy Logic Tech, Voice Guide, White (CRP-P1009SW)",2024-01,keepa_backcast_estimate,,,183.8975,284507,16.07824007154073,2956.7481535561615,94.71853999683688,183.8975,low,global:all:all:simple_power_law,simple_power_law,[]
coway,Other,B00XQEM2BM,"CUCKOO High Pressure Rice Cooker 10-Cup Uncooked / 20-Cup Cooked with Nonstick Inner Pot, Large Rice Maker with 13 Menu Options and Steam Plate, Fuzzy Logic Tech, Voice Guide, White (CRP-P1009SW)",2024-02,keepa_backcast_estimate,,,132.535,284507,15.17267047365657,2010.9098812260734,89.383737817279,132.535,low,global:all:all:simple_power_law,simple_power_law,[]
coway,Other,B00XQEM2BM,"CUCKOO High Pressure Rice Cooker 10-Cup Uncooked / 20-Cup Cooked with Nonstick Inner Pot, Large Rice Maker with 13 Menu Options and Steam Plate, Fuzzy Logic Tech, Voice Guide, White (CRP-P1009SW)",2024-03,keepa_backcast_estimate,,,155.34,284507,15.60524532332647,2424.118808525534,91.93208004987248,155.34,low,global:all:all:simple_power_law,simple_power_law,[]
coway,Other,B00XQEM2BM,"CUCKOO High Pressure Rice Cooker 10-Cup Uncooked / 20-Cup Cooked with Nonstick Inner Pot, Large Rice Maker with 13 Menu Options and Steam Plate, Fuzzy Logic Tech, Voice Guide, White (CRP-P1009SW)",2024-04,keepa_backcast_estimate,,,138.17,284507,15.284966720504295,2111.9238517720783,90.04528637615195,138.17,low,global:all:all:simple_power_law,simple_power_law,[]
coway,Other,B00XQEM2BM,"CUCKOO High Pressure Rice Cooker 10-Cup Uncooked / 20-Cup Cooked with Nonstick Inner Pot, Large Rice Maker with 13 Menu Options and Steam Plate, Fuzzy Logic Tech, Voice Guide, White (CRP-P1009SW)",2024-05,keepa_backcast_estimate,,,163.03285714285715,284507,15.73931344014048,2566.0252396130745,92.72188889886621,163.03285714285715,low,global:all:all:simple_power_law,simple_power_law,[]
coway,Other,B00XQEM2BM,"CUCKOO High Pressure Rice Cooker 10-Cup Uncooked / 20-Cup Cooked with Nonstick Inner Pot, Large Rice Maker with 13 Menu Options and Steam Plate, Fuzzy Logic Tech, Voice Guide, White (CRP-P1009SW)",2024-06,keepa_backcast_estimate,,,156.22600000000003,284507,15.62096248379626,2440.400484993555,92.02467143338029,156.22600000000003,low,global:all:all:simple_power_law,simple_power_law,[]
coway,Other,B00XQEM2BM,"CUCKOO High Pressure Rice Cooker 10-Cup Uncooked / 20-Cup Cooked with Nonstick Inner Pot, Large Rice Maker with 13 Menu Options and Steam Plate, Fuzzy Logic Tech, Voice Guide, White (CRP-P1009SW)",2024-07,keepa_backcast_estimate,,,155.96777777777777,284507,15.616389391410706,2435.6535502907914,91.99773088316441,155.96777777777777,low,global:all:all:simple_power_law,simple_power_law,[]
coway,Other,B00XQEM2BM,"CUCKOO High Pressure Rice Cooker 10-Cup Uncooked / 20-Cup Cooked with Nonstick Inner Pot, Large Rice Maker with 13 Menu Options and Steam Plate, Fuzzy Logic Tech, Voice Guide, White (CRP-P1009SW)",2024-08,keepa_backcast_estimate,,,148.32125,284507,15.47804455966524,2295.7229166452476,91.18272747354166,148.32125,low,global:all:all:simple_power_law,simple_power_law,[]
coway,Other,B00XQEM2BM,"CUCKOO High Pressure Rice Cooker 10-Cup Uncooked / 20-Cup Cooked with Nonstick Inner Pot, Large Rice Maker with 13 Menu Options and Steam Plate, Fuzzy Logic Tech, Voice Guide, White (CRP-P1009SW)",2024-09,keepa_backcast_estimate,,,164.08625,284507,15.757261873732208,2585.5500111286915,92.82762493822588,164.08625,low,global:all:all:simple_power_law,simple_power_law,[]
coway,Other,B00XQEM2BM,"CUCKOO High Pressure Rice Cooker 10-Cup Uncooked / 20-Cup Cooked with Nonstick Inner Pot, Large Rice Maker with 13 Menu Options and Steam Plate, Fuzzy Logic Tech, Voice Guide, White (CRP-P1009SW)",2024-10,keepa_backcast_estimate,,,142.73999999999998,284507,15.373292011644203,2194.3837017420933,90.56561960816879,142.73999999999998,low,global:all:all:simple_power_law,simple_power_law,[]
coway,Other,B00XQEM2BM,"CUCKOO High Pressure Rice Cooker 10-Cup Uncooked / 20-Cup Cooked with Nonstick Inner Pot, Large Rice Maker with 13 Menu Options and Steam Plate, Fuzzy Logic Tech, Voice Guide, White (CRP-P1009SW)",2024-11,keepa_backcast_estimate,,,188.6466666666667,284507,16.150904267351105,3046.8142536882287,95.14661213076313,188.6466666666667,low,global:all:all:simple_power_law,simple_power_law,[]
coway,Other,B00XQEM2BM,"CUCKOO High Pressure Rice Cooker 10-Cup Uncooked / 20-Cup Cooked with Nonstick Inner Pot, Large Rice Maker with 13 Menu Options and Steam Plate, Fuzzy Logic Tech, Voice Guide, White (CRP-P1009SW)",2024-12,keepa_backcast_estimate,,,175.96818181818182,284507,15.953379284576588,2807.2871465627886,93.98297246012412,175.96818181818182,low,global:all:all:simple_power_law,simple_power_law,[]
coway,Other,B00XQEM2BM,"CUCKOO High Pressure Rice Cooker 10-Cup Uncooked / 20-Cup Cooked with Nonstick Inner Pot, Large Rice Maker with 13 Menu Options and Steam Plate, Fuzzy Logic Tech, Voice Guide, White (CRP-P1009SW)",2025-01,keepa_backcast_estimate,,,211.75076923076924,284507,16.484178759402706,3490.53753244103,97.10996590361732,211.75076923076924,low,global:all:all:simple_power_law,simple_power_law,[]
coway,Other,B00XQEM2BM,"CUCKOO High Pressure Rice Cooker 10-Cup Uncooked / 20-Cup Cooked with Nonstick Inner Pot, Large Rice Maker with 13 Menu Options and Steam Plate, Fuzzy Logic Tech, Voice Guide, White (CRP-P1009SW)",2025-02,keepa_backcast_estimate,,,156.95999999999998,284507,15.633927493634951,2453.901259400942,92.10104961889695,156.95999999999998,low,global:all:all:simple_power_law,simple_power_law,[]
coway,Other,B00XQEM2BM,"CUCKOO High Pressure Rice Cooker 10-Cup Uncooked / 20-Cup Cooked with Nonstick Inner Pot, Large Rice Maker with 13 Menu Options and Steam Plate, Fuzzy Logic Tech, Voice Guide, White (CRP-P1009SW)",2025-03,keepa_backcast_estimate,,,186.79222222222222,284507,16.122712782569124,3011.5973489067146,94.98053323985151,186.79222222222222,low,global:all:all:simple_power_law,simple_power_law,[]
coway,Other,B00XQEM2BM,"CUCKOO High Pressure Rice Cooker 10-Cup Uncooked / 20-Cup Cooked with Nonstick Inner Pot, Large Rice Maker with 13 Menu Options and Steam Plate, Fuzzy Logic Tech, Voice Guide, White (CRP-P1009SW)",2025-04,keepa_backcast_estimate,,,148.11083333333332,284507,15.474154945393694,2291.889984091381,91.15981336208965,148.11083333333332,low,global:all:all:simple_power_law,simple_power_law,[]
coway,Other,B00XQEM2BM,"CUCKOO High Pressure Rice Cooker 10-Cup Uncooked / 20-Cup Cooked with Nonstick Inner Pot, Large Rice Maker with 13 Menu Options and Steam Plate, Fuzzy Logic Tech, Voice Guide, White (CRP-P1009SW)",2025-05,keepa_backcast_estimate,,,116.52833333333335,284507,14.830633702447978,1728.1890276234258,87.36876457083179,116.52833333333335,low,global:all:all:simple_power_law,simple_power_law,[]
coway,Other,B00XQEM2BM,"CUCKOO High Pressure Rice Cooker 10-Cup Uncooked / 20-Cup Cooked with Nonstick Inner Pot, Large Rice Maker with 13 Menu Options and Steam Plate, Fuzzy Logic Tech, Voice Guide, White (CRP-P1009SW)",2025-06,keepa_backcast_estimate,,,124.53333333333332,284507,15.006229962792075,1868.7758380330395,88.4032199176043,124.53333333333332,low,global:all:all:simple_power_law,simple_power_law,[]
coway,Other,B00XQEM2BM,"CUCKOO High Pressure Rice Cooker 10-Cup Uncooked / 20-Cup Cooked with Nonstick Inner Pot, Large Rice Maker with 13 Menu Options and Steam Plate, Fuzzy Logic Tech, Voice Guide, White (CRP-P1009SW)",2025-07,keepa_backcast_estimate,,,139.8175,284507,15.317082908214875,2141.5962395193333,90.2344860893466,139.8175,low,global:all:all:simple_power_law,simple_power_law,[]
coway,Other,B00XQEM2BM,"CUCKOO High Pressure Rice Cooker 10-Cup Uncooked / 20-Cup Cooked with Nonstick Inner Pot, Large Rice Maker with 13 Menu Options and Steam Plate, Fuzzy Logic Tech, Voice Guide, White (CRP-P1009SW)",2025-08,keepa_backcast_estimate,,,139.83571428571426,284507,15.317436223220101,2141.924635299856,90.23656750381144,139.83571428571426,low,global:all:all:simple_power_law,simple_power_law,[]
coway,Other,B00XQEM2BM,"CUCKOO High Pressure Rice Cooker 10-Cup Uncooked / 20-Cup Cooked with Nonstick Inner Pot, Large Rice Maker with 13 Menu Options and Steam Plate, Fuzzy Logic Tech, Voice Guide, White (CRP-P1009SW)",2025-09,keepa_backcast_estimate,,,194.84799999999998,284507,16.243540065387446,3165.021294660613,95.69233899529571,194.84799999999998,low,global:all:all:simple_power_law,simple_power_law,[]
coway,Other,B00XQEM2BM,"CUCKOO High Pressure Rice Cooker 10-Cup Uncooked / 20-Cup Cooked with Nonstick Inner Pot, Large Rice Maker with 13 Menu Options and Steam Plate, Fuzzy Logic Tech, Voice Guide, White (CRP-P1009SW)",2025-10,keepa_backcast_estimate,,,196.58624999999995,284507,16.26906755012862,3198.274980676472,95.84272399226784,196.58624999999995,low,global:all:all:simple_power_law,simple_power_law,[]
coway,Other,B00XQEM2BM,"CUCKOO High Pressure Rice Cooker 10-Cup Uncooked / 20-Cup Cooked with Nonstick Inner Pot, Large Rice Maker with 13 Menu Options and Steam Plate, Fuzzy Logic Tech, Voice Guide, White (CRP-P1009SW)",2025-11,keepa_backcast_estimate,,,179.78400000000002,284507,16.014034941241192,2879.067257876107,94.34030107421727,179.78400000000002,low,global:all:all:simple_power_law,simple_power_law,[]
coway,Other,B00XQEM2BM,"CUCKOO High Pressure Rice Cooker 10-Cup Uncooked / 20-Cup Cooked with Nonstick Inner Pot, Large Rice Maker with 13 Menu Options and Steam Plate, Fuzzy Logic Tech, Voice Guide, White (CRP-P1009SW)",2025-12,keepa_backcast_estimate,,,176.5325,284507,15.962417793351557,2817.8855191048337,94.03621923036168,176.5325,low,global:all:all:simple_power_law,simple_power_law,[]
coway,Other,B00XQEM2BM,"CUCKOO High Pressure Rice Cooker 10-Cup Uncooked / 20-Cup Cooked with Nonstick Inner Pot, Large Rice Maker with 13 Menu Options and Steam Plate, Fuzzy Logic Tech, Voice Guide, White (CRP-P1009SW)",2026-01,keepa_backcast_estimate,,,155.09285714285716,284507,15.600847916312315,2419.5800771920667,91.90617447996561,155.09285714285716,low,global:all:all:simple_power_law,simple_power_law,[]
coway,Other,B00XQEM2BM,"CUCKOO High Pressure Rice Cooker 10-Cup Uncooked / 20-Cup Cooked with Nonstick Inner Pot, Large Rice Maker with 13 Menu Options and Steam Plate, Fuzzy Logic Tech, Voice Guide, White (CRP-P1009SW)",2026-02,keepa_backcast_estimate,,,195.90000000000003,284507,16.259011885833484,3185.14042843478,95.78348505588575,195.90000000000003,low,global:all:all:simple_power_law,simple_power_law,[]
coway,Other,B00XQEM2BM,"CUCKOO High Pressure Rice Cooker 10-Cup Uncooked / 20-Cup Cooked with Nonstick Inner Pot, Large Rice Maker with 13 Menu Options and Steam Plate, Fuzzy Logic Tech, Voice Guide, White (CRP-P1009SW)",2026-03,keepa_backcast_estimate,,,150.83285714285716,284507,15.524123513341342,2341.5479041558847,91.45418325460739,150.83285714285716,low,global:all:all:simple_power_law,simple_power_law,[]
coway,Other,B00XQEM2BM,"CUCKOO High Pressure Rice Cooker 10-Cup Uncooked / 20-Cup Cooked with Nonstick Inner Pot, Large Rice Maker with 13 Menu Options and Steam Plate, Fuzzy Logic Tech, Voice Guide, White (CRP-P1009SW)",2026-04,keepa_backcast_estimate,,,179.73166666666668,284507,16.013210299146326,2878.080975749401,94.33544302415096,179.73166666666668,low,global:all:all:simple_power_law,simple_power_law,[]
coway,Other,B00XQEM2BM,"CUCKOO High Pressure Rice Cooker 10-Cup Uncooked / 20-Cup Cooked with Nonstick Inner Pot, Large Rice Maker with 13 Menu Options and Steam Plate, Fuzzy Logic Tech, Voice Guide, White (CRP-P1009SW)",2026-05,keepa_backcast_estimate,,,162.64166666666668,284507,15.732623625665115,2558.7801275175507,92.68247852452568,162.64166666666668,low,global:all:all:simple_power_law,simple_power_law,[]
coway,Other,B00XQEM2BM,"CUCKOO High Pressure Rice Cooker 10-Cup Uncooked / 20-Cup Cooked with Nonstick Inner Pot, Large Rice Maker with 13 Menu Options and Steam Plate, Fuzzy Logic Tech, Voice Guide, White (CRP-P1009SW)",2026-06,keepa_backcast_estimate,,,191.76,284507,16.197721559538138,3106.075086257033,95.42241753874497,191.76,low,global:all:all:simple_power_law,simple_power_law,[]
coway,Other,B00XQEM2E4,"CUCKOO High Pressure Rice Cooker 10-Cup Uncooked / 20-Cup Cooked with Nonstick Inner Pot, Large Rice Maker with 13 Menu Options and Steam Plate, Fuzzy Logic Tech, Voice Guide, Black (CRP-P1009SB)",2016-11,keepa_backcast_estimate,,,279.99,284507,17.3177424869198,4848.794718912675,101.43985560550244,279.99,low,global:all:all:simple_power_law,simple_power_law,[]
coway,Other,B00XQEM2E4,"CUCKOO High Pressure Rice Cooker 10-Cup Uncooked / 20-Cup Cooked with Nonstick Inner Pot, Large Rice Maker with 13 Menu Options and Steam Plate, Fuzzy Logic Tech, Voice Guide, Black (CRP-P1009SB)",2016-12,keepa_backcast_estimate,,,223.99,284507,16.648671972782395,3729.1360351835287,97.5207295187587,223.99,low,global:all:all:simple_power_law,simple_power_law,[]
coway,Other,B00XQEM2E4,"CUCKOO High Pressure Rice Cooker 10-Cup Uncooked / 20-Cup Cooked with Nonstick Inner Pot, Large Rice Maker with 13 Menu Options and Steam Plate, Fuzzy Logic Tech, Voice Guide, Black (CRP-P1009SB)",2017-04,keepa_backcast_estimate,,,263.19,284507,17.1296562554447,4508.354229870491,100.33812769976483,263.19,low,global:all:all:simple_power_law,simple_power_law,[]
coway,Other,B00XQEM2E4,"CUCKOO High Pressure Rice Cooker 10-Cup Uncooked / 20-Cup Cooked with Nonstick Inner Pot, Large Rice Maker with 13 Menu Options and Steam Plate, Fuzzy Logic Tech, Voice Guide, Black (CRP-P1009SB)",2017-05,keepa_backcast_estimate,,,216.56,284507,16.54973092069227,3584.009728185118,96.94117557025417,216.56,low,global:all:all:simple_power_law,simple_power_law,[]
coway,Other,B00XQEM2E4,"CUCKOO High Pressure Rice Cooker 10-Cup Uncooked / 20-Cup Cooked with Nonstick Inner Pot, Large Rice Maker with 13 Menu Options and Steam Plate, Fuzzy Logic Tech, Voice Guide, Black (CRP-P1009SB)",2017-06,keepa_backcast_estimate,,,505.65200000000004,284507,19.217742851308827,9717.490108250013,112.56923709154772,505.65200000000004,low,global:all:all:simple_power_law,simple_power_law,[]
coway,Other,B00XQEM2E4,"CUCKOO High Pressure Rice Cooker 10-Cup Uncooked / 20-Cup Cooked with Nonstick Inner Pot, Large Rice Maker with 13 Menu Options and Steam Plate, Fuzzy Logic Tech, Voice Guide, Black (CRP-P1009SB)",2017-07,keepa_backcast_estimate,,,223.54,284507,16.64275757328691,3720.322027932556,97.48608552106279,223.54,low,global:all:all:simple_power_law,simple_power_law,[]
coway,Other,B00XQEM2E4,"CUCKOO High Pressure Rice Cooker 10-Cup Uncooked / 20-Cup Cooked with Nonstick Inner Pot, Large Rice Maker with 13 Menu Options and Steam Plate, Fuzzy Logic Tech, Voice Guide, Black (CRP-P1009SB)",2017-08,keepa_backcast_estimate,,,918.6342857142857,284507,21.339663266422463,19603.34632213338,124.99853038298407,918.6342857142857,low,global:all:all:simple_power_law,simple_power_law,[]
coway,Other,B00XQEM2E4,"CUCKOO High Pressure Rice Cooker 10-Cup Uncooked / 20-Cup Cooked with Nonstick Inner Pot, Large Rice Maker with 13 Menu Options and Steam Plate, Fuzzy Logic Tech, Voice Guide, Black (CRP-P1009SB)",2017-09,keepa_backcast_estimate,,,787.64375,284507,20.772308536970154,16361.178992216184,121.67521142982314,787.64375,low,global:all:all:simple_power_law,simple_power_law,[]
coway,Other,B00XQEM2E4,"CUCKOO High Pressure Rice Cooker 10-Cup Uncooked / 20-Cup Cooked with Nonstick Inner Pot, Large Rice Maker with 13 Menu Options and Steam Plate, Fuzzy Logic Tech, Voice Guide, Black (CRP-P1009SB)",2017-10,keepa_backcast_estimate,,,952.8271428571428,284507,21.476612848390406,20463.499658580833,125.80072188286087,952.8271428571428,low,global:all:all:simple_power_law,simple_power_law,[]
coway,Other,B00XQEM2E4,"CUCKOO High Pressure Rice Cooker 10-Cup Uncooked / 20-Cup Cooked with Nonstick Inner Pot, Large Rice Maker with 13 Menu Options and Steam Plate, Fuzzy Logic Tech, Voice Guide, Black (CRP-P1009SB)",2017-11,keepa_backcast_estimate,,,646.0142857142857,284507,20.062627409636175,12960.743915587964,117.51820591151822,646.0142857142857,low,global:all:all:simple_power_law,simple_power_law,[]
coway,Other,B00XQEM2E4,"CUCKOO High Pressure Rice Cooker 10-Cup Uncooked / 20-Cup Cooked with Nonstick Inner Pot, Large Rice Maker with 13 Menu Options and Steam Plate, Fuzzy Logic Tech, Voice Guide, Black (CRP-P1009SB)",2017-12,keepa_backcast_estimate,,,682.45,284507,20.256696234960337,13824.182345548683,118.65497726802047,682.45,low,global:all:all:simple_power_law,simple_power_law,[]
coway,Other,B00XQEM2E4,"CUCKOO High Pressure Rice Cooker 10-Cup Uncooked / 20-Cup Cooked with Nonstick Inner Pot, Large Rice Maker with 13 Menu Options and Steam Plate, Fuzzy Logic Tech, Voice Guide, Black (CRP-P1009SB)",2018-01,keepa_backcast_estimate,,,827.67125,284507,20.95351575719013,17342.62257864825,122.73664505881217,827.67125,low,global:all:all:simple_power_law,simple_power_law,[]
coway,Other,B00XQEM2E4,"CUCKOO High Pressure Rice Cooker 10-Cup Uncooked / 20-Cup Cooked with Nonstick Inner Pot, Large Rice Maker with 13 Menu Options and Steam Plate, Fuzzy Logic Tech, Voice Guide, Black (CRP-P1009SB)",2018-02,keepa_backcast_estimate,,,355.13399999999996,284507,18.05910298603614,6413.401479842958,105.78242520074768,355.13399999999996,low,global:all:all:simple_power_law,simple_power_law,[]
coway,Other,B00XQEM2E4,"CUCKOO High Pressure Rice Cooker 10-Cup Uncooked / 20-Cup Cooked with Nonstick Inner Pot, Large Rice Maker with 13 Menu Options and Steam Plate, Fuzzy Logic Tech, Voice Guide, Black (CRP-P1009SB)",2018-03,keepa_backcast_estimate,,,328.0566666666667,284507,17.808452220068645,5842.181473808319,104.31422127484015,328.0566666666667,low,global:all:all:simple_power_law,simple_power_law,[]
coway,Other,B00XQEM2E4,"CUCKOO High Pressure Rice Cooker 10-Cup Uncooked / 20-Cup Cooked with Nonstick Inner Pot, Large Rice Maker with 13 Menu Options and Steam Plate, Fuzzy Logic Tech, Voice Guide, Black (CRP-P1009SB)",2018-04,keepa_backcast_estimate,,,295.78,284507,17.486170254159006,5172.05943777515,102.42643271863405,295.78,low,global:all:all:simple_power_law,simple_power_law,[]
coway,Other,B00XQEM2E4,"CUCKOO High Pressure Rice Cooker 10-Cup Uncooked / 20-Cup Cooked with Nonstick Inner Pot, Large Rice Maker with 13 Menu Options and Steam Plate, Fuzzy Logic Tech, Voice Guide, Black (CRP-P1009SB)",2018-05,keepa_backcast_estimate,,,292.11,284507,17.447701090923726,5096.64796566973,102.20109697601063,292.11,low,global:all:all:simple_power_law,simple_power_law,[]
coway,Other,B00XQEM2E4,"CUCKOO High Pressure Rice Cooker 10-Cup Uncooked / 20-Cup Cooked with Nonstick Inner Pot, Large Rice Maker with 13 Menu Options and Steam Plate, Fuzzy Logic Tech, Voice Guide, Black (CRP-P1009SB)",2018-06,keepa_backcast_estimate,,,333.395,284507,17.85919349988655,5954.165816894676,104.61144177582949,333.395,low,global:all:all:simple_power_law,simple_power_law,[]
coway,Other,B00XQEM2E4,"CUCKOO High Pressure Rice Cooker 10-Cup Uncooked / 20-Cup Cooked with Nonstick Inner Pot, Large Rice Maker with 13 Menu Options and Steam Plate, Fuzzy Logic Tech, Voice Guide, Black (CRP-P1009SB)",2018-07,keepa_backcast_estimate,,,326.65000000000003,284507,17.79496770936504,5812.726202264091,104.23523483537105,326.65000000000003,low,global:all:all:simple_power_law,simple_power_law,[]
coway,Other,B00XQEM2E4,"CUCKOO High Pressure Rice Cooker 10-Cup Uncooked / 20-Cup Cooked with Nonstick Inner Pot, Large Rice Maker with 13 Menu Options and Steam Plate, Fuzzy Logic Tech, Voice Guide, Black (CRP-P1009SB)",2018-08,keepa_backcast_estimate,,,365.9157142857143,284507,18.154504753726712,6643.018574463305,106.34124754992804,365.9157142857143,low,global:all:all:simple_power_law,simple_power_law,[]
coway,Other,B00XQEM2E4,"CUCKOO High Pressure Rice Cooker 10-Cup Uncooked / 20-Cup Cooked with Nonstick Inner Pot, Large Rice Maker with 13 Menu Options and Steam Plate, Fuzzy Logic Tech, Voice Guide, Black (CRP-P1009SB)",2018-09,keepa_backcast_estimate,,,331.0775,284507,17.8372489333437,5905.511783729099,104.48289998332314,331.0775,low,global:all:all:simple_power_law,simple_power_law,[]
coway,Other,B00XQEM2E4,"CUCKOO High Pressure Rice Cooker 10-Cup Uncooked / 20-Cup Cooked with Nonstick Inner Pot, Large Rice Maker with 13 Menu Options and Steam Plate, Fuzzy Logic Tech, Voice Guide, Black (CRP-P1009SB)",2018-10,keepa_backcast_estimate,,,352.45,284507,18.034980299781125,6356.428806657857,105.64112492374139,352.45,low,global:all:all:simple_power_law,simple_power_law,[]
coway,Other,B00XQEM2E4,"CUCKOO High Pressure Rice Cooker 10-Cup Uncooked / 20-Cup Cooked with Nonstick Inner Pot, Large Rice Maker with 13 Menu Options and Steam Plate, Fuzzy Logic Tech, Voice Guide, Black (CRP-P1009SB)",2018-12,keepa_backcast_estimate,,,400,284507,18.441482129675396,7376.5928518701585,108.02223706690859,400,low,global:all:all:simple_power_law,simple_power_law,[]
coway,Other,B00XQEM2E4,"CUCKOO High Pressure Rice Cooker 10-Cup Uncooked / 20-Cup Cooked with Nonstick Inner Pot, Large Rice Maker with 13 Menu Options and Steam Plate, Fuzzy Logic Tech, Voice Guide, Black (CRP-P1009SB)",2019-02,keepa_backcast_estimate,,,279.99,284507,17.3177424869198,4848.794718912675,101.43985560550244,279.99,low,global:all:all:simple_power_law,simple_power_law,[]
coway,Other,B00XQEM2E4,"CUCKOO High Pressure Rice Cooker 10-Cup Uncooked / 20-Cup Cooked with Nonstick Inner Pot, Large Rice Maker with 13 Menu Options and Steam Plate, Fuzzy Logic Tech, Voice Guide, Black (CRP-P1009SB)",2019-03,keepa_backcast_estimate,,,389.99,284507,18.35937787914775,7159.973779088831,107.5413058298023,389.99,low,global:all:all:simple_power_law,simple_power_law,[]
coway,Other,B00XQEM2E4,"CUCKOO High Pressure Rice Cooker 10-Cup Uncooked / 20-Cup Cooked with Nonstick Inner Pot, Large Rice Maker with 13 Menu Options and Steam Plate, Fuzzy Logic Tech, Voice Guide, Black (CRP-P1009SB)",2019-04,keepa_backcast_estimate,,,335.985,284507,17.883569058337013,6008.610950065362,104.7542232689361,335.985,low,global:all:all:simple_power_law,simple_power_law,[]
coway,Other,B00XQEM2E4,"CUCKOO High Pressure Rice Cooker 10-Cup Uncooked / 20-Cup Cooked with Nonstick Inner Pot, Large Rice Maker with 13 Menu Options and Steam Plate, Fuzzy Logic Tech, Voice Guide, Black (CRP-P1009SB)",2019-05,keepa_backcast_estimate,,,337.63,284507,17.898969955598364,6043.229226108676,104.8444350731344,337.63,low,global:all:all:simple_power_law,simple_power_law,[]
coway,Other,B00XQEM2E4,"CUCKOO High Pressure Rice Cooker 10-Cup Uncooked / 20-Cup Cooked with Nonstick Inner Pot, Large Rice Maker with 13 Menu Options and Steam Plate, Fuzzy Logic Tech, Voice Guide, Black (CRP-P1009SB)",2019-06,keepa_backcast_estimate,,,330.1,284507,17.82795466860258,5885.007836105712,104.42845819485038,330.1,low,global:all:all:simple_power_law,simple_power_law,[]
coway,Other,B00XQEM2E4,"CUCKOO High Pressure Rice Cooker 10-Cup Uncooked / 20-Cup Cooked with Nonstick Inner Pot, Large Rice Maker with 13 Menu Options and Steam Plate, Fuzzy Logic Tech, Voice Guide, Black (CRP-P1009SB)",2019-07,keepa_backcast_estimate,,,258.20500000000004,284507,17.07193132674415,4408.0580282219735,100,258.20500000000004,low,global:all:all:simple_power_law,simple_power_law,[]
coway,Other,B00XQEM2E4,"CUCKOO High Pressure Rice Cooker 10-Cup Uncooked / 20-Cup Cooked with Nonstick Inner Pot, Large Rice Maker with 13 Menu Options and Steam Plate, Fuzzy Logic Tech, Voice Guide, Black (CRP-P1009SB)",2019-08,keepa_backcast_estimate,,,269.99,284507,17.206953424772685,4645.705355154378,100.79090113147899,269.99,low,global:all:all:simple_power_law,simple_power_law,[]
coway,Other,B00XQEM2E4,"CUCKOO High Pressure Rice Cooker 10-Cup Uncooked / 20-Cup Cooked with Nonstick Inner Pot, Large Rice Maker with 13 Menu Options and Steam Plate, Fuzzy Logic Tech, Voice Guide, Black (CRP-P1009SB)",2019-10,keepa_backcast_estimate,,,339.64,284507,17.917703744077834,6085.568899638595,104.9541695145454,339.64,low,global:all:all:simple_power_law,simple_power_law,[]
coway,Other,B00XQEM2E4,"CUCKOO High Pressure Rice Cooker 10-Cup Uncooked / 20-Cup Cooked with Nonstick Inner Pot, Large Rice Maker with 13 Menu Options and Steam Plate, Fuzzy Logic Tech, Voice Guide, Black (CRP-P1009SB)",2020-03,keepa_backcast_estimate,,,279.99,284507,17.3177424869198,4848.794718912675,101.43985560550244,279.99,low,global:all:all:simple_power_law,simple_power_law,[]
coway,Other,B00XQEM2E4,"CUCKOO High Pressure Rice Cooker 10-Cup Uncooked / 20-Cup Cooked with Nonstick Inner Pot, Large Rice Maker with 13 Menu Options and Steam Plate, Fuzzy Logic Tech, Voice Guide, Black (CRP-P1009SB)",2020-04,keepa_backcast_estimate,,,269.99,284507,17.206953424772685,4645.705355154378,100.79090113147899,269.99,low,global:all:all:simple_power_law,simple_power_law,[]
coway,Other,B00XQEM2E4,"CUCKOO High Pressure Rice Cooker 10-Cup Uncooked / 20-Cup Cooked with Nonstick Inner Pot, Large Rice Maker with 13 Menu Options and Steam Plate, Fuzzy Logic Tech, Voice Guide, Black (CRP-P1009SB)",2020-07,keepa_backcast_estimate,,,280,284507,17.31785162142455,4848.998453998874,101.44049486829385,280,low,global:all:all:simple_power_law,simple_power_law,[]
coway,Other,B00XQEM2E4,"CUCKOO High Pressure Rice Cooker 10-Cup Uncooked / 20-Cup Cooked with Nonstick Inner Pot, Large Rice Maker with 13 Menu Options and Steam Plate, Fuzzy Logic Tech, Voice Guide, Black (CRP-P1009SB)",2020-08,keepa_backcast_estimate,,,354.99,284507,18.057812622574705,6410.3429028877945,105.77486680892463,354.99,low,global:all:all:simple_power_law,simple_power_law,[]
coway,Other,B00XQEM2E4,"CUCKOO High Pressure Rice Cooker 10-Cup Uncooked / 20-Cup Cooked with Nonstick Inner Pot, Large Rice Maker with 13 Menu Options and Steam Plate, Fuzzy Logic Tech, Voice Guide, Black (CRP-P1009SB)",2021-01,keepa_backcast_estimate,,,188.15,284507,16.143376464500676,3037.3762817958022,94.56092667858358,188.15,low,global:all:all:simple_power_law,simple_power_law,[]
coway,Other,B00XQEM2E4,"CUCKOO High Pressure Rice Cooker 10-Cup Uncooked / 20-Cup Cooked with Nonstick Inner Pot, Large Rice Maker with 13 Menu Options and Steam Plate, Fuzzy Logic Tech, Voice Guide, Black (CRP-P1009SB)",2021-02,keepa_backcast_estimate,,,192.07,284507,16.202348698605466,3111.9851145411517,94.90636055467003,192.07,low,global:all:all:simple_power_law,simple_power_law,[]
coway,Other,B00XQEM2E4,"CUCKOO High Pressure Rice Cooker 10-Cup Uncooked / 20-Cup Cooked with Nonstick Inner Pot, Large Rice Maker with 13 Menu Options and Steam Plate, Fuzzy Logic Tech, Voice Guide, Black (CRP-P1009SB)",2021-08,keepa_backcast_estimate,,,287.495,284507,17.39875302178556,5002.054499998239,101.91438032865928,287.495,low,global:all:all:simple_power_law,simple_power_law,[]
coway,Other,B00XQEM2E4,"CUCKOO High Pressure Rice Cooker 10-Cup Uncooked / 20-Cup Cooked with Nonstick Inner Pot, Large Rice Maker with 13 Menu Options and Steam Plate, Fuzzy Logic Tech, Voice Guide, Black (CRP-P1009SB)",2021-09,keepa_backcast_estimate,,,280,284507,17.31785162142455,4848.998453998874,101.44049486829385,280,low,global:all:all:simple_power_law,simple_power_law,[]
coway,Other,B00XQEM2E4,"CUCKOO High Pressure Rice Cooker 10-Cup Uncooked / 20-Cup Cooked with Nonstick Inner Pot, Large Rice Maker with 13 Menu Options and Steam Plate, Fuzzy Logic Tech, Voice Guide, Black (CRP-P1009SB)",2021-10,keepa_backcast_estimate,,,207.78400000000002,284507,16.42917466861836,3413.7196293441975,96.23500911628624,207.78400000000002,low,global:all:all:simple_power_law,simple_power_law,[]
coway,Other,B00XQEM2E4,"CUCKOO High Pressure Rice Cooker 10-Cup Uncooked / 20-Cup Cooked with Nonstick Inner Pot, Large Rice Maker with 13 Menu Options and Steam Plate, Fuzzy Logic Tech, Voice Guide, Black (CRP-P1009SB)",2021-11,keepa_backcast_estimate,,,253.65750000000003,284507,17.01846063136835,4316.860177601317,99.68679176156223,253.65750000000003,low,global:all:all:simple_power_law,simple_power_law,[]
coway,Other,B00XQEM2E4,"CUCKOO High Pressure Rice Cooker 10-Cup Uncooked / 20-Cup Cooked with Nonstick Inner Pot, Large Rice Maker with 13 Menu Options and Steam Plate, Fuzzy Logic Tech, Voice Guide, Black (CRP-P1009SB)",2021-12,keepa_backcast_estimate,,,261.3925,284507,17.108947070875814,4472.150447223906,100.21682224127552,261.3925,low,global:all:all:simple_power_law,simple_power_law,[]
coway,Other,B00XQEM2E4,"CUCKOO High Pressure Rice Cooker 10-Cup Uncooked / 20-Cup Cooked with Nonstick Inner Pot, Large Rice Maker with 13 Menu Options and Steam Plate, Fuzzy Logic Tech, Voice Guide, Black (CRP-P1009SB)",2022-01,keepa_backcast_estimate,,,283.46500000000003,284507,17.355473503090746,4919.669296553619,101.66086760144361,283.46500000000003,low,global:all:all:simple_power_law,simple_power_law,[]
coway,Other,B00XQEM2E4,"CUCKOO High Pressure Rice Cooker 10-Cup Uncooked / 20-Cup Cooked with Nonstick Inner Pot, Large Rice Maker with 13 Menu Options and Steam Plate, Fuzzy Logic Tech, Voice Guide, Black (CRP-P1009SB)",2022-02,keepa_backcast_estimate,,,261.9811111111111,284507,17.115741492120616,4484.000973596306,100.25662102627977,261.9811111111111,low,global:all:all:simple_power_law,simple_power_law,[]
coway,Other,B00XQEM2E4,"CUCKOO High Pressure Rice Cooker 10-Cup Uncooked / 20-Cup Cooked with Nonstick Inner Pot, Large Rice Maker with 13 Menu Options and Steam Plate, Fuzzy Logic Tech, Voice Guide, Black (CRP-P1009SB)",2022-03,keepa_backcast_estimate,,,258.5727777777777,284507,17.076221528651555,4415.446034612121,100.02513014974869,258.5727777777777,low,global:all:all:simple_power_law,simple_power_law,[]
coway,Other,B00XQEM2E4,"CUCKOO High Pressure Rice Cooker 10-Cup Uncooked / 20-Cup Cooked with Nonstick Inner Pot, Large Rice Maker with 13 Menu Options and Steam Plate, Fuzzy Logic Tech, Voice Guide, Black (CRP-P1009SB)",2022-04,keepa_backcast_estimate,,,257.4765384615384,284507,17.063418693463106,4393.429979512786,99.95013667101796,257.4765384615384,low,global:all:all:simple_power_law,simple_power_law,[]
coway,Other,B00XQEM2E4,"CUCKOO High Pressure Rice Cooker 10-Cup Uncooked / 20-Cup Cooked with Nonstick Inner Pot, Large Rice Maker with 13 Menu Options and Steam Plate, Fuzzy Logic Tech, Voice Guide, Black (CRP-P1009SB)",2022-05,keepa_backcast_estimate,,,249.58249999999998,284507,16.969866018697797,4235.381585611643,99.40214550953318,249.58249999999998,low,global:all:all:simple_power_law,simple_power_law,[]
coway,Other,B00XQEM2E4,"CUCKOO High Pressure Rice Cooker 10-Cup Uncooked / 20-Cup Cooked with Nonstick Inner Pot, Large Rice Maker with 13 Menu Options and Steam Plate, Fuzzy Logic Tech, Voice Guide, Black (CRP-P1009SB)",2022-06,keepa_backcast_estimate,,,211.1114285714286,284507,16.475371560176207,3478.1392263138855,96.50561055366127,211.1114285714286,low,global:all:all:simple_power_law,simple_power_law,[]
coway,Other,B00XQEM2E4,"CUCKOO High Pressure Rice Cooker 10-Cup Uncooked / 20-Cup Cooked with Nonstick Inner Pot, Large Rice Maker with 13 Menu Options and Steam Plate, Fuzzy Logic Tech, Voice Guide, Black (CRP-P1009SB)",2022-07,keepa_backcast_estimate,,,273.67428571428565,284507,17.24816128723576,4720.37822016904,101.03227899127931,273.67428571428565,low,global:all:all:simple_power_law,simple_power_law,[]
coway,Other,B00XQEM2E4,"CUCKOO High Pressure Rice Cooker 10-Cup Uncooked / 20-Cup Cooked with Nonstick Inner Pot, Large Rice Maker with 13 Menu Options and Steam Plate, Fuzzy Logic Tech, Voice Guide, Black (CRP-P1009SB)",2022-08,keepa_backcast_estimate,,,260.06318181818176,284507,17.0935557475627,4445.404496297624,100.1266665171308,260.06318181818176,low,global:all:all:simple_power_law,simple_power_law,[]
coway,Other,B00XQEM2E4,"CUCKOO High Pressure Rice Cooker 10-Cup Uncooked / 20-Cup Cooked with Nonstick Inner Pot, Large Rice Maker with 13 Menu Options and Steam Plate, Fuzzy Logic Tech, Voice Guide, Black (CRP-P1009SB)",2022-09,keepa_backcast_estimate,,,261.23799999999994,284507,17.107161553109645,4469.0406698112565,100.2063634494025,261.23799999999994,low,global:all:all:simple_power_law,simple_power_law,[]
coway,Other,B00XQEM2E4,"CUCKOO High Pressure Rice Cooker 10-Cup Uncooked / 20-Cup Cooked with Nonstick Inner Pot, Large Rice Maker with 13 Menu Options and Steam Plate, Fuzzy Logic Tech, Voice Guide, Black (CRP-P1009SB)",2022-10,keepa_backcast_estimate,,,270.8976470588235,284507,17.2171483423718,4664.084975011244,100.8506185553837,270.8976470588235,low,global:all:all:simple_power_law,simple_power_law,[]
coway,Other,B00XQEM2E4,"CUCKOO High Pressure Rice Cooker 10-Cup Uncooked / 20-Cup Cooked with Nonstick Inner Pot, Large Rice Maker with 13 Menu Options and Steam Plate, Fuzzy Logic Tech, Voice Guide, Black (CRP-P1009SB)",2022-11,keepa_backcast_estimate,,,250.82166666666663,284507,16.984712344164972,4260.133858017364,99.48910887169195,250.82166666666663,low,global:all:all:simple_power_law,simple_power_law,[]
coway,Other,B00XQEM2E4,"CUCKOO High Pressure Rice Cooker 10-Cup Uncooked / 20-Cup Cooked with Nonstick Inner Pot, Large Rice Maker with 13 Menu Options and Steam Plate, Fuzzy Logic Tech, Voice Guide, Black (CRP-P1009SB)",2022-12,keepa_backcast_estimate,,,216.44111111111113,284507,16.54812501909315,3581.694565938098,96.93176889230787,216.44111111111113,low,global:all:all:simple_power_law,simple_power_law,[]
coway,Other,B00XQEM2E4,"CUCKOO High Pressure Rice Cooker 10-Cup Uncooked / 20-Cup Cooked with Nonstick Inner Pot, Large Rice Maker with 13 Menu Options and Steam Plate, Fuzzy Logic Tech, Voice Guide, Black (CRP-P1009SB)",2023-01,keepa_backcast_estimate,,,247.76666666666665,284507,16.947999911573,4199.149444757403,99.27406329840957,247.76666666666665,low,global:all:all:simple_power_law,simple_power_law,[]
coway,Other,B00XQEM2E4,"CUCKOO High Pressure Rice Cooker 10-Cup Uncooked / 20-Cup Cooked with Nonstick Inner Pot, Large Rice Maker with 13 Menu Options and Steam Plate, Fuzzy Logic Tech, Voice Guide, Black (CRP-P1009SB)",2023-02,keepa_backcast_estimate,,,255.32666666666668,284507,17.038178793771188,4350.301397484285,99.80229224024532,255.32666666666668,low,global:all:all:simple_power_law,simple_power_law,[]
coway,Other,B00XQEM2E4,"CUCKOO High Pressure Rice Cooker 10-Cup Uncooked / 20-Cup Cooked with Nonstick Inner Pot, Large Rice Maker with 13 Menu Options and Steam Plate, Fuzzy Logic Tech, Voice Guide, Black (CRP-P1009SB)",2023-04,keepa_backcast_estimate,,,220.16636363636363,284507,16.598100382473962,3654.3434044806286,97.22450298562352,220.16636363636363,low,global:all:all:simple_power_law,simple_power_law,[]
coway,Other,B00XQEM2E4,"CUCKOO High Pressure Rice Cooker 10-Cup Uncooked / 20-Cup Cooked with Nonstick Inner Pot, Large Rice Maker with 13 Menu Options and Steam Plate, Fuzzy Logic Tech, Voice Guide, Black (CRP-P1009SB)",2023-05,keepa_backcast_estimate,,,260.2735294117647,284507,17.095995566793754,4449.635104977293,100.1409579243791,260.2735294117647,low,global:all:all:simple_power_law,simple_power_law,[]
coway,Other,B00XQEM2E4,"CUCKOO High Pressure Rice Cooker 10-Cup Uncooked / 20-Cup Cooked with Nonstick Inner Pot, Large Rice Maker with 13 Menu Options and Steam Plate, Fuzzy Logic Tech, Voice Guide, Black (CRP-P1009SB)",2023-06,keepa_backcast_estimate,,,263.5734782608695,284507,17.1340591582781,4516.0835690748645,100.36391800286017,263.5734782608695,low,global:all:all:simple_power_law,simple_power_law,[]
coway,Other,B00XQEM2E4,"CUCKOO High Pressure Rice Cooker 10-Cup Uncooked / 20-Cup Cooked with Nonstick Inner Pot, Large Rice Maker with 13 Menu Options and Steam Plate, Fuzzy Logic Tech, Voice Guide, Black (CRP-P1009SB)",2023-07,keepa_backcast_estimate,,,172.17333333333332,284507,15.89196721145222,2736.172968019767,93.08827986296167,172.17333333333332,low,global:all:all:simple_power_law,simple_power_law,[]
coway,Other,B00XQEM2E4,"CUCKOO High Pressure Rice Cooker 10-Cup Uncooked / 20-Cup Cooked with Nonstick Inner Pot, Large Rice Maker with 13 Menu Options and Steam Plate, Fuzzy Logic Tech, Voice Guide, Black (CRP-P1009SB)",2023-08,keepa_backcast_estimate,,,193.48454545454544,284507,16.22338437955556,3138.9741524126807,95.02957848794009,193.48454545454544,low,global:all:all:simple_power_law,simple_power_law,[]
coway,Other,B00XQEM2E4,"CUCKOO High Pressure Rice Cooker 10-Cup Uncooked / 20-Cup Cooked with Nonstick Inner Pot, Large Rice Maker with 13 Menu Options and Steam Plate, Fuzzy Logic Tech, Voice Guide, Black (CRP-P1009SB)",2023-09,keepa_backcast_estimate,,,187.3375,284507,16.131026128555526,3021.946107358271,94.48858374497652,187.3375,low,global:all:all:simple_power_law,simple_power_law,[]
coway,Other,B00XQEM2E4,"CUCKOO High Pressure Rice Cooker 10-Cup Uncooked / 20-Cup Cooked with Nonstick Inner Pot, Large Rice Maker with 13 Menu Options and Steam Plate, Fuzzy Logic Tech, Voice Guide, Black (CRP-P1009SB)",2023-10,keepa_backcast_estimate,,,204.84857142857143,284507,16.38790842199117,3357.0396289471455,95.99328926726984,204.84857142857143,low,global:all:all:simple_power_law,simple_power_law,[]
coway,Other,B00XQEM2E4,"CUCKOO High Pressure Rice Cooker 10-Cup Uncooked / 20-Cup Cooked with Nonstick Inner Pot, Large Rice Maker with 13 Menu Options and Steam Plate, Fuzzy Logic Tech, Voice Guide, Black (CRP-P1009SB)",2023-11,keepa_backcast_estimate,,,279.96500000000003,284507,17.317469636509767,4848.285386785457,101.43825736565006,279.96500000000003,low,global:all:all:simple_power_law,simple_power_law,[]
coway,Other,B00XQEM2E4,"CUCKOO High Pressure Rice Cooker 10-Cup Uncooked / 20-Cup Cooked with Nonstick Inner Pot, Large Rice Maker with 13 Menu Options and Steam Plate, Fuzzy Logic Tech, Voice Guide, Black (CRP-P1009SB)",2023-12,keepa_backcast_estimate,,,213.32333333333335,284507,16.50574813109992,3521.0612104866723,96.68354338587767,213.32333333333335,low,global:all:all:simple_power_law,simple_power_law,[]
coway,Other,B00XQEM2E4,"CUCKOO High Pressure Rice Cooker 10-Cup Uncooked / 20-Cup Cooked with Nonstick Inner Pot, Large Rice Maker with 13 Menu Options and Steam Plate, Fuzzy Logic Tech, Voice Guide, Black (CRP-P1009SB)",2024-01,keepa_backcast_estimate,,,235.99,284507,16.802868851247702,3965.309020205945,98.4239482320612,235.99,low,global:all:all:simple_power_law,simple_power_law,[]
coway,Other,B00XQEM2E4,"CUCKOO High Pressure Rice Cooker 10-Cup Uncooked / 20-Cup Cooked with Nonstick Inner Pot, Large Rice Maker with 13 Menu Options and Steam Plate, Fuzzy Logic Tech, Voice Guide, Black (CRP-P1009SB)",2024-02,keepa_backcast_estimate,,,226.65666666666667,284507,16.683519526481867,3781.430924140625,97.72485143696768,226.65666666666667,low,global:all:all:simple_power_law,simple_power_law,[]
coway,Other,B00XQEM2E4,"CUCKOO High Pressure Rice Cooker 10-Cup Uncooked / 20-Cup Cooked with Nonstick Inner Pot, Large Rice Maker with 13 Menu Options and Steam Plate, Fuzzy Logic Tech, Voice Guide, Black (CRP-P1009SB)",2024-03,keepa_backcast_estimate,,,237.72,284507,16.824559752267547,3999.534344309041,98.55100416149706,237.72,low,global:all:all:simple_power_law,simple_power_law,[]
coway,Other,B00XQEM2E4,"CUCKOO High Pressure Rice Cooker 10-Cup Uncooked / 20-Cup Cooked with Nonstick Inner Pot, Large Rice Maker with 13 Menu Options and Steam Plate, Fuzzy Logic Tech, Voice Guide, Black (CRP-P1009SB)",2024-04,keepa_backcast_estimate,,,219.99,284507,16.595750276723827,3650.8991033764746,97.21073708119738,219.99,low,global:all:all:simple_power_law,simple_power_law,[]
coway,Other,B00XQEM2E4,"CUCKOO High Pressure Rice Cooker 10-Cup Uncooked / 20-Cup Cooked with Nonstick Inner Pot, Large Rice Maker with 13 Menu Options and Steam Plate, Fuzzy Logic Tech, Voice Guide, Black (CRP-P1009SB)",2024-05,keepa_backcast_estimate,,,223.4766666666667,284507,16.641924384290522,3719.081788319965,97.48120505979311,223.4766666666667,low,global:all:all:simple_power_law,simple_power_law,[]
coway,Other,B00XQEM2E4,"CUCKOO High Pressure Rice Cooker 10-Cup Uncooked / 20-Cup Cooked with Nonstick Inner Pot, Large Rice Maker with 13 Menu Options and Steam Plate, Fuzzy Logic Tech, Voice Guide, Black (CRP-P1009SB)",2024-07,keepa_backcast_estimate,,,279.99,284507,17.3177424869198,4848.794718912675,101.43985560550244,279.99,low,global:all:all:simple_power_law,simple_power_law,[]
coway,Other,B00XQEM2E4,"CUCKOO High Pressure Rice Cooker 10-Cup Uncooked / 20-Cup Cooked with Nonstick Inner Pot, Large Rice Maker with 13 Menu Options and Steam Plate, Fuzzy Logic Tech, Voice Guide, Black (CRP-P1009SB)",2024-08,keepa_backcast_estimate,,,191.99,284507,16.201155190716314,3110.459785065625,94.89936950095556,191.99,low,global:all:all:simple_power_law,simple_power_law,[]
coway,Other,B00XQEM2E4,"CUCKOO High Pressure Rice Cooker 10-Cup Uncooked / 20-Cup Cooked with Nonstick Inner Pot, Large Rice Maker with 13 Menu Options and Steam Plate, Fuzzy Logic Tech, Voice Guide, Black (CRP-P1009SB)",2024-09,keepa_backcast_estimate,,,268.7325,284507,17.192781789429016,4620.259232227733,100.70788981265142,268.7325,low,global:all:all:simple_power_law,simple_power_law,[]
coway,Other,B00XQEM2E4,"CUCKOO High Pressure Rice Cooker 10-Cup Uncooked / 20-Cup Cooked with Nonstick Inner Pot, Large Rice Maker with 13 Menu Options and Steam Plate, Fuzzy Logic Tech, Voice Guide, Black (CRP-P1009SB)",2024-10,keepa_backcast_estimate,,,279.97,284507,17.317524208208823,4848.3872525722245,101.4385770230925,279.97,low,global:all:all:simple_power_law,simple_power_law,[]
coway,Other,B00XQEM2E4,"CUCKOO High Pressure Rice Cooker 10-Cup Uncooked / 20-Cup Cooked with Nonstick Inner Pot, Large Rice Maker with 13 Menu Options and Steam Plate, Fuzzy Logic Tech, Voice Guide, Black (CRP-P1009SB)",2024-11,keepa_backcast_estimate,,,228.72250000000003,284507,16.710282626816717,3822.017618112087,97.88161811920547,228.72250000000003,low,global:all:all:simple_power_law,simple_power_law,[]
coway,Other,B00XQEM2E4,"CUCKOO High Pressure Rice Cooker 10-Cup Uncooked / 20-Cup Cooked with Nonstick Inner Pot, Large Rice Maker with 13 Menu Options and Steam Plate, Fuzzy Logic Tech, Voice Guide, Black (CRP-P1009SB)",2024-12,keepa_backcast_estimate,,,214.9723076923077,284507,16.52822448385422,3553.110559350643,96.81520015232148,214.9723076923077,low,global:all:all:simple_power_law,simple_power_law,[]
coway,Other,B00XQEM2E4,"CUCKOO High Pressure Rice Cooker 10-Cup Uncooked / 20-Cup Cooked with Nonstick Inner Pot, Large Rice Maker with 13 Menu Options and Steam Plate, Fuzzy Logic Tech, Voice Guide, Black (CRP-P1009SB)",2025-01,keepa_backcast_estimate,,,213.60285714285715,284507,16.509568293161664,3526.4909576144546,96.70592024523017,213.60285714285715,low,global:all:all:simple_power_law,simple_power_law,[]
coway,Other,B00XQEM2E4,"CUCKOO High Pressure Rice Cooker 10-Cup Uncooked / 20-Cup Cooked with Nonstick Inner Pot, Large Rice Maker with 13 Menu Options and Steam Plate, Fuzzy Logic Tech, Voice Guide, Black (CRP-P1009SB)",2025-02,keepa_backcast_estimate,,,208.54749999999999,284507,16.439828747510457,3428.4851857214367,96.29741610872422,208.54749999999999,low,global:all:all:simple_power_law,simple_power_law,[]
coway,Other,B00XQEM2E4,"CUCKOO High Pressure Rice Cooker 10-Cup Uncooked / 20-Cup Cooked with Nonstick Inner Pot, Large Rice Maker with 13 Menu Options and Steam Plate, Fuzzy Logic Tech, Voice Guide, Black (CRP-P1009SB)",2025-03,keepa_backcast_estimate,,,233.26866666666663,284507,16.768480223120417,3911.5610236736684,98.22251450163486,233.26866666666663,low,global:all:all:simple_power_law,simple_power_law,[]
coway,Other,B00XQEM2E4,"CUCKOO High Pressure Rice Cooker 10-Cup Uncooked / 20-Cup Cooked with Nonstick Inner Pot, Large Rice Maker with 13 Menu Options and Steam Plate, Fuzzy Logic Tech, Voice Guide, Black (CRP-P1009SB)",2025-04,keepa_backcast_estimate,,,183.40076923076924,284507,16.070550417487926,2947.3513085291456,94.134343150224,183.40076923076924,low,global:all:all:simple_power_law,simple_power_law,[]
coway,Other,B00XQEM2E4,"CUCKOO High Pressure Rice Cooker 10-Cup Uncooked / 20-Cup Cooked with Nonstick Inner Pot, Large Rice Maker with 13 Menu Options and Steam Plate, Fuzzy Logic Tech, Voice Guide, Black (CRP-P1009SB)",2025-05,keepa_backcast_estimate,,,203.36874999999995,284507,16.366919036870314,3328.519865879519,95.87034251497138,203.36874999999995,low,global:all:all:simple_power_law,simple_power_law,[]
coway,Other,B00XQEM2E4,"CUCKOO High Pressure Rice Cooker 10-Cup Uncooked / 20-Cup Cooked with Nonstick Inner Pot, Large Rice Maker with 13 Menu Options and Steam Plate, Fuzzy Logic Tech, Voice Guide, Black (CRP-P1009SB)",2025-06,keepa_backcast_estimate,,,240.04705882352937,284507,16.853531139088975,4045.6405807290753,98.72070603216967,240.04705882352937,low,global:all:all:simple_power_law,simple_power_law,[]
coway,Other,B00XQEM2E4,"CUCKOO High Pressure Rice Cooker 10-Cup Uncooked / 20-Cup Cooked with Nonstick Inner Pot, Large Rice Maker with 13 Menu Options and Steam Plate, Fuzzy Logic Tech, Voice Guide, Black (CRP-P1009SB)",2025-07,keepa_backcast_estimate,,,190.23294117647058,284507,16.17483744839912,3076.986900860283,94.74521153362608,190.23294117647058,low,global:all:all:simple_power_law,simple_power_law,[]
coway,Other,B00XQEM2E4,"CUCKOO High Pressure Rice Cooker 10-Cup Uncooked / 20-Cup Cooked with Nonstick Inner Pot, Large Rice Maker with 13 Menu Options and Steam Plate, Fuzzy Logic Tech, Voice Guide, Black (CRP-P1009SB)",2025-08,keepa_backcast_estimate,,,214.41294117647058,284507,16.520616098536827,3542.2338877346297,96.77063351734753,214.41294117647058,low,global:all:all:simple_power_law,simple_power_law,[]
coway,Other,B00XQEM2E4,"CUCKOO High Pressure Rice Cooker 10-Cup Uncooked / 20-Cup Cooked with Nonstick Inner Pot, Large Rice Maker with 13 Menu Options and Steam Plate, Fuzzy Logic Tech, Voice Guide, Black (CRP-P1009SB)",2025-09,keepa_backcast_estimate,,,236.30279999999996,284507,16.80680050845769,3971.4940191899755,98.44697818183515,236.30279999999996,low,global:all:all:simple_power_law,simple_power_law,[]
coway,Other,B00XQEM2E4,"CUCKOO High Pressure Rice Cooker 10-Cup Uncooked / 20-Cup Cooked with Nonstick Inner Pot, Large Rice Maker with 13 Menu Options and Steam Plate, Fuzzy Logic Tech, Voice Guide, Black (CRP-P1009SB)",2025-10,keepa_backcast_estimate,,,209.48571428571424,284507,16.452876664484936,3446.6426201143863,96.37384517070176,209.48571428571424,low,global:all:all:simple_power_law,simple_power_law,[]
coway,Other,B00XQEM2E4,"CUCKOO High Pressure Rice Cooker 10-Cup Uncooked / 20-Cup Cooked with Nonstick Inner Pot, Large Rice Maker with 13 Menu Options and Steam Plate, Fuzzy Logic Tech, Voice Guide, Black (CRP-P1009SB)",2025-11,keepa_backcast_estimate,,,181.54916666666668,284507,16.041733815196903,2912.363406037485,93.96554794047593,181.54916666666668,low,global:all:all:simple_power_law,simple_power_law,[]
coway,Other,B00XQEM2E4,"CUCKOO High Pressure Rice Cooker 10-Cup Uncooked / 20-Cup Cooked with Nonstick Inner Pot, Large Rice Maker with 13 Menu Options and Steam Plate, Fuzzy Logic Tech, Voice Guide, Black (CRP-P1009SB)",2025-12,keepa_backcast_estimate,,,174.8526666666667,284507,15.93544159395323,2786.3544572136398,93.34293401818842,174.8526666666667,low,global:all:all:simple_power_law,simple_power_law,[]
coway,Other,B00XQEM2E4,"CUCKOO High Pressure Rice Cooker 10-Cup Uncooked / 20-Cup Cooked with Nonstick Inner Pot, Large Rice Maker with 13 Menu Options and Steam Plate, Fuzzy Logic Tech, Voice Guide, Black (CRP-P1009SB)",2026-01,keepa_backcast_estimate,,,194.7770588235294,284507,16.2424942413854,3163.6652562951617,95.14151580460386,194.7770588235294,low,global:all:all:simple_power_law,simple_power_law,[]
coway,Other,B00XQEM2E4,"CUCKOO High Pressure Rice Cooker 10-Cup Uncooked / 20-Cup Cooked with Nonstick Inner Pot, Large Rice Maker with 13 Menu Options and Steam Plate, Fuzzy Logic Tech, Voice Guide, Black (CRP-P1009SB)",2026-02,keepa_backcast_estimate,,,195.032,284507,16.246251147995764,3168.53885389591,95.1635221408435,195.032,low,global:all:all:simple_power_law,simple_power_law,[]
coway,Other,B00XQEM2E4,"CUCKOO High Pressure Rice Cooker 10-Cup Uncooked / 20-Cup Cooked with Nonstick Inner Pot, Large Rice Maker with 13 Menu Options and Steam Plate, Fuzzy Logic Tech, Voice Guide, Black (CRP-P1009SB)",2026-03,keepa_backcast_estimate,,,178.7592857142857,284507,15.997851731249463,2859.7645484412033,93.7085056462705,178.7592857142857,low,global:all:all:simple_power_law,simple_power_law,[]
coway,Other,B00XQEM2E4,"CUCKOO High Pressure Rice Cooker 10-Cup Uncooked / 20-Cup Cooked with Nonstick Inner Pot, Large Rice Maker with 13 Menu Options and Steam Plate, Fuzzy Logic Tech, Voice Guide, Black (CRP-P1009SB)",2026-04,keepa_backcast_estimate,,,165.55375,284507,15.782107862627319,2612.7871395624375,92.4447712480178,165.55375,low,global:all:all:simple_power_law,simple_power_law,[]
coway,Other,B00XQEM2E4,"CUCKOO High Pressure Rice Cooker 10-Cup Uncooked / 20-Cup Cooked with Nonstick Inner Pot, Large Rice Maker with 13 Menu Options and Steam Plate, Fuzzy Logic Tech, Voice Guide, Black (CRP-P1009SB)",2026-05,keepa_backcast_estimate,,,156.8557142857143,284507,15.632088503825086,2451.9824080449866,91.56602264054644,156.8557142857143,low,global:all:all:simple_power_law,simple_power_law,[]
coway,Other,B00XQEM2E4,"CUCKOO High Pressure Rice Cooker 10-Cup Uncooked / 20-Cup Cooked with Nonstick Inner Pot, Large Rice Maker with 13 Menu Options and Steam Plate, Fuzzy Logic Tech, Voice Guide, Black (CRP-P1009SB)",2026-06,keepa_backcast_estimate,,,216.255,284507,16.545609639160237,3578.070812516597,96.9170348831043,216.255,low,global:all:all:simple_power_law,simple_power_law,[]
coway,Other,B019486ADO,Cuckoo Electric Heating Rice Cooker CR-0671V (Violet/White),2017-07,keepa_backcast_estimate,,,73.35,284507,13.662445682051976,1002.1403907785124,103.48150177892803,73.35,low,global:all:all:simple_power_law,simple_power_law,[]
coway,Other,B019486ADO,Cuckoo Electric Heating Rice Cooker CR-0671V (Violet/White),2017-08,keepa_backcast_estimate,,,59.82,284507,13.177585535637299,788.2831667418232,99.80909514900421,59.82,low,global:all:all:simple_power_law,simple_power_law,[]
coway,Other,B019486ADO,Cuckoo Electric Heating Rice Cooker CR-0671V (Violet/White),2017-11,keepa_backcast_estimate,,,69,284507,13.515201549344646,932.5489069047806,102.36625167398475,69,low,global:all:all:simple_power_law,simple_power_law,[]
coway,Other,B019486ADO,Cuckoo Electric Heating Rice Cooker CR-0671V (Violet/White),2017-12,keepa_backcast_estimate,,,68.99,284507,13.514854382461186,932.3898038459971,102.36362217767754,68.99,low,global:all:all:simple_power_law,simple_power_law,[]
coway,Other,B019486ADO,Cuckoo Electric Heating Rice Cooker CR-0671V (Violet/White),2018-01,keepa_backcast_estimate,,,67.49,284507,13.462305442296257,908.5709943005743,101.96560828091957,67.49,low,global:all:all:simple_power_law,simple_power_law,[]
coway,Other,B019486ADO,Cuckoo Electric Heating Rice Cooker CR-0671V (Violet/White),2018-05,keepa_backcast_estimate,,,67.36,284507,13.457706218186583,906.5110908570482,101.93077303773083,67.36,low,global:all:all:simple_power_law,simple_power_law,[]
coway,Other,B019486ADO,Cuckoo Electric Heating Rice Cooker CR-0671V (Violet/White),2018-06,keepa_backcast_estimate,,,67.10166666666667,284507,13.448545078910135,902.4197890366684,101.86138513512579,67.10166666666667,low,global:all:all:simple_power_law,simple_power_law,[]
coway,Other,B019486ADO,Cuckoo Electric Heating Rice Cooker CR-0671V (Violet/White),2018-07,keepa_backcast_estimate,,,66.81666666666666,284507,13.43840464462945,897.9094036719911,101.78457989889829,66.81666666666666,low,global:all:all:simple_power_law,simple_power_law,[]
coway,Other,B019486ADO,Cuckoo Electric Heating Rice Cooker CR-0671V (Violet/White),2018-08,keepa_backcast_estimate,,,99.43,284507,14.419402125749547,1433.7211533632776,109.21480834774849,99.43,low,global:all:all:simple_power_law,simple_power_law,[]
coway,Other,B019486ADO,Cuckoo Electric Heating Rice Cooker CR-0671V (Violet/White),2018-09,keepa_backcast_estimate,,,67.69,284507,13.469366999258149,911.7414521797841,102.01909361848791,67.69,low,global:all:all:simple_power_law,simple_power_law,[]
coway,Other,B019486ADO,Cuckoo Electric Heating Rice Cooker CR-0671V (Violet/White),2018-10,keepa_backcast_estimate,,,65.545,284507,13.392721126545622,877.8259062394328,101.43856578342627,65.545,low,global:all:all:simple_power_law,simple_power_law,[]
coway,Other,B019486ADO,Cuckoo Electric Heating Rice Cooker CR-0671V (Violet/White),2018-11,keepa_backcast_estimate,,,56.97,284507,13.064130310850128,744.2635038091317,98.94976752063782,56.97,low,global:all:all:simple_power_law,simple_power_law,[]
coway,Other,B019486ADO,Cuckoo Electric Heating Rice Cooker CR-0671V (Violet/White),2018-12,keepa_backcast_estimate,,,70.08000000000001,284507,13.552454784893552,949.7560313253402,102.64841351019165,70.08000000000001,low,global:all:all:simple_power_law,simple_power_law,[]
coway,Other,B019486ADO,Cuckoo Electric Heating Rice Cooker CR-0671V (Violet/White),2019-01,keepa_backcast_estimate,,,64.95,284507,13.371096218614195,868.452699398992,101.27477534643923,64.95,low,global:all:all:simple_power_law,simple_power_law,[]
coway,Other,B019486ADO,Cuckoo Electric Heating Rice Cooker CR-0671V (Violet/White),2019-02,keepa_backcast_estimate,,,57.95,284507,13.10365671565223,759.3569066720468,99.24914669652114,57.95,low,global:all:all:simple_power_law,simple_power_law,[]
coway,Other,B019486ADO,Cuckoo Electric Heating Rice Cooker CR-0671V (Violet/White),2019-03,keepa_backcast_estimate,,,69.04333333333334,284507,13.516705462183344,933.238400794012,102.37764254518855,69.04333333333334,low,global:all:all:simple_power_law,simple_power_law,[]
coway,Other,B019486ADO,Cuckoo Electric Heating Rice Cooker CR-0671V (Violet/White),2019-04,keepa_backcast_estimate,,,60.05999999999999,284507,13.186936195034123,792.0073878737493,99.87991850666101,60.05999999999999,low,global:all:all:simple_power_law,simple_power_law,[]
coway,Other,B019486ADO,Cuckoo Electric Heating Rice Cooker CR-0671V (Violet/White),2019-05,keepa_backcast_estimate,,,58.102,284507,13.109738251230066,761.7020118729693,99.29520919875259,58.102,low,global:all:all:simple_power_law,simple_power_law,[]
coway,Other,B019486ADO,Cuckoo Electric Heating Rice Cooker CR-0671V (Violet/White),2019-06,keepa_backcast_estimate,,,59.525000000000006,284507,13.166049835855851,783.7091164793196,99.72172195351379,59.525000000000006,low,global:all:all:simple_power_law,simple_power_law,[]
coway,Other,B019486ADO,Cuckoo Electric Heating Rice Cooker CR-0671V (Violet/White),2019-07,keepa_backcast_estimate,,,58.99000000000001,284507,13.145009193412811,775.4240923194218,99.56235683477378,58.99000000000001,low,global:all:all:simple_power_law,simple_power_law,[]
coway,Other,B019486ADO,Cuckoo Electric Heating Rice Cooker CR-0671V (Violet/White),2019-08,keepa_backcast_estimate,,,60.865,284507,13.21807802577118,804.5183190385628,100.11579160638351,60.865,low,global:all:all:simple_power_law,simple_power_law,[]
coway,Other,B019486ADO,Cuckoo Electric Heating Rice Cooker CR-0671V (Violet/White),2019-09,keepa_backcast_estimate,,,76.185,284507,13.754591520696934,1047.8935550042959,104.17942878171826,76.185,low,global:all:all:simple_power_law,simple_power_law,[]
coway,Other,B019486ADO,Cuckoo Electric Heating Rice Cooker CR-0671V (Violet/White),2019-10,keepa_backcast_estimate,,,60.21333333333333,284507,13.192894219378475,794.3881372628425,99.92504551548045,60.21333333333333,low,global:all:all:simple_power_law,simple_power_law,[]
coway,Other,B019486ADO,Cuckoo Electric Heating Rice Cooker CR-0671V (Violet/White),2019-11,keepa_backcast_estimate,,,66.34666666666665,284507,13.421604053821158,890.4786902908542,101.6573295948111,66.34666666666665,low,global:all:all:simple_power_law,simple_power_law,[]
coway,Other,B019486ADO,Cuckoo Electric Heating Rice Cooker CR-0671V (Violet/White),2019-12,keepa_backcast_estimate,,,105.04,284507,14.560355430037353,1529.4197343711237,110.28241073372288,105.04,low,global:all:all:simple_power_law,simple_power_law,[]
coway,Other,B019486ADO,Cuckoo Electric Heating Rice Cooker CR-0671V (Violet/White),2020-01,keepa_backcast_estimate,,,67.32,284507,13.456289607289454,905.877416362726,101.9200434050953,67.32,low,global:all:all:simple_power_law,simple_power_law,[]
coway,Other,B019486ADO,Cuckoo Electric Heating Rice Cooker CR-0671V (Violet/White),2020-02,keepa_backcast_estimate,,,67.26,284507,13.45416339562232,904.9270299895574,101.9039391451747,67.26,low,global:all:all:simple_power_law,simple_power_law,[]
coway,Other,B019486ADO,Cuckoo Electric Heating Rice Cooker CR-0671V (Violet/White),2020-03,keepa_backcast_estimate,,,69.67,284507,13.538368210111239,943.21811319845,102.54171958823082,69.67,low,global:all:all:simple_power_law,simple_power_law,[]
coway,Other,B019486ADO,Cuckoo Electric Heating Rice Cooker CR-0671V (Violet/White),2020-08,keepa_backcast_estimate,,,80.99,284507,13.904522857351692,1126.1273062169134,105.3150321899088,80.99,low,global:all:all:simple_power_law,simple_power_law,[]
coway,Other,B019486ADO,Cuckoo Electric Heating Rice Cooker CR-0671V (Violet/White),2020-09,keepa_backcast_estimate,,,75.99,284507,13.748344491327687,1044.7366978959908,104.1321128036108,75.99,low,global:all:all:simple_power_law,simple_power_law,[]
coway,Other,B019486ADO,Cuckoo Electric Heating Rice Cooker CR-0671V (Violet/White),2020-10,keepa_backcast_estimate,,,60.957142857142856,284507,13.221621064216826,805.9522440144742,100.14262713405901,60.957142857142856,low,global:all:all:simple_power_law,simple_power_law,[]
coway,Other,B019486ADO,Cuckoo Electric Heating Rice Cooker CR-0671V (Violet/White),2020-11,keepa_backcast_estimate,,,53.456666666666656,284507,12.917693273493216,690.5368234233689,97.84063048218964,53.456666666666656,low,global:all:all:simple_power_law,simple_power_law,[]
coway,Other,B019486ADO,Cuckoo Electric Heating Rice Cooker CR-0671V (Violet/White),2020-12,keepa_backcast_estimate,,,69.125,284507,13.51953765503983,934.5380404046283,102.39909401712389,69.125,low,global:all:all:simple_power_law,simple_power_law,[]
coway,Other,B019486ADO,Cuckoo Electric Heating Rice Cooker CR-0671V (Violet/White),2021-01,keepa_backcast_estimate,,,62.97333333333333,284507,13.298069574391043,837.4237679979852,100.72166011436812,62.97333333333333,low,global:all:all:simple_power_law,simple_power_law,[]
coway,Other,B019486ADO,Cuckoo Electric Heating Rice Cooker CR-0671V (Violet/White),2021-02,keepa_backcast_estimate,,,65.59,284507,13.394350066966421,878.5354208923276,101.45090363310383,65.59,low,global:all:all:simple_power_law,simple_power_law,[]
coway,Other,B019486ADO,Cuckoo Electric Heating Rice Cooker CR-0671V (Violet/White),2021-04,keepa_backcast_estimate,,,62.77,284507,13.290451419272653,834.2416355877444,100.6639590152544,62.77,low,global:all:all:simple_power_law,simple_power_law,[]
coway,Other,B019486ADO,Cuckoo Electric Heating Rice Cooker CR-0671V (Violet/White),2021-05,keepa_backcast_estimate,,,103.91999999999999,284507,14.532719570455017,1510.2402177616852,110.07309240821337,103.91999999999999,low,global:all:all:simple_power_law,simple_power_law,[]
coway,Other,B019486ADO,Cuckoo Electric Heating Rice Cooker CR-0671V (Violet/White),2021-06,keepa_backcast_estimate,,,149.97,284507,15.508365233840859,2325.789534119114,117.46278535198083,149.97,low,global:all:all:simple_power_law,simple_power_law,[]
coway,Other,B019486ADO,Cuckoo Electric Heating Rice Cooker CR-0671V (Violet/White),2021-08,keepa_backcast_estimate,,,124.975,284507,15.01564402043667,1876.5801114540727,113.7308377704155,124.975,low,global:all:all:simple_power_law,simple_power_law,[]
coway,Other,B019486ADO,Cuckoo Electric Heating Rice Cooker CR-0671V (Violet/White),2021-09,keepa_backcast_estimate,,,125.97999999999999,284507,15.036963461316779,1894.3566568566876,113.89231455215005,125.97999999999999,low,global:all:all:simple_power_law,simple_power_law,[]
coway,Other,B019486ADO,Cuckoo Electric Heating Rice Cooker CR-0671V (Violet/White),2021-12,keepa_backcast_estimate,,,99,284507,14.408329888507064,1426.4246589621994,109.13094549006041,99,low,global:all:all:simple_power_law,simple_power_law,[]
coway,Other,B019486ADO,Cuckoo Electric Heating Rice Cooker CR-0671V (Violet/White),2022-01,keepa_backcast_estimate,,,138.65666666666667,284507,15.294486545083775,2120.682522719499,115.84283469115834,138.65666666666667,low,global:all:all:simple_power_law,simple_power_law,[]
coway,Other,B019486ADO,Cuckoo Electric Heating Rice Cooker CR-0671V (Violet/White),2022-02,keepa_backcast_estimate,,,102.49000000000001,284507,14.497075241481348,1485.8052414994233,109.8031166822024,102.49000000000001,low,global:all:all:simple_power_law,simple_power_law,[]
coway,Other,B019486ADO,Cuckoo Electric Heating Rice Cooker CR-0671V (Violet/White),2022-03,keepa_backcast_estimate,,,72.03833333333334,284507,13.618819341540249,981.0770473323237,103.15106904833698,72.03833333333334,low,global:all:all:simple_power_law,simple_power_law,[]
coway,Other,B019486ADO,Cuckoo Electric Heating Rice Cooker CR-0671V (Violet/White),2022-04,keepa_backcast_estimate,,,120.70750000000001,284507,14.92350771532674,1801.3793075478027,113.0329829761116,120.70750000000001,low,global:all:all:simple_power_law,simple_power_law,[]
coway,Other,B019486ADO,Cuckoo Electric Heating Rice Cooker CR-0671V (Violet/White),2022-05,keepa_backcast_estimate,,,91.955,284507,14.2210297976867,1307.6947950462804,107.71230528958134,91.955,low,global:all:all:simple_power_law,simple_power_law,[]
coway,Other,B019486ADO,Cuckoo Electric Heating Rice Cooker CR-0671V (Violet/White),2022-06,keepa_backcast_estimate,,,76.61285714285715,284507,13.768252459303712,1054.825158771427,104.28289886867321,76.61285714285715,low,global:all:all:simple_power_law,simple_power_law,[]
coway,Other,B019486ADO,Cuckoo Electric Heating Rice Cooker CR-0671V (Violet/White),2022-07,keepa_backcast_estimate,,,70.39000000000001,284507,13.563060766053583,954.7038473225119,102.7287448713418,70.39000000000001,low,global:all:all:simple_power_law,simple_power_law,[]
coway,Other,B019486ADO,Cuckoo Electric Heating Rice Cooker CR-0671V (Violet/White),2022-08,keepa_backcast_estimate,,,113.99,284507,14.772873204402154,1683.9598165698014,111.89205361595407,113.99,low,global:all:all:simple_power_law,simple_power_law,[]
coway,Other,B019486ADO,Cuckoo Electric Heating Rice Cooker CR-0671V (Violet/White),2022-09,keepa_backcast_estimate,,,99,284507,14.408329888507064,1426.4246589621994,109.13094549006041,99,low,global:all:all:simple_power_law,simple_power_law,[]
coway,Other,B019486ADO,Cuckoo Electric Heating Rice Cooker CR-0671V (Violet/White),2022-10,keepa_backcast_estimate,,,88.25,284507,14.117736661934364,1245.8902604157076,106.9299469139394,88.25,low,global:all:all:simple_power_law,simple_power_law,[]
coway,Other,B019486ADO,Cuckoo Electric Heating Rice Cooker CR-0671V (Violet/White),2022-11,keepa_backcast_estimate,,,29.515,284507,11.631553123105082,343.3052904284465,88.09920370124516,29.515,low,global:all:all:simple_power_law,simple_power_law,[]
coway,Other,B019486ADO,Cuckoo Electric Heating Rice Cooker CR-0671V (Violet/White),2022-12,keepa_backcast_estimate,,,29.32,284507,11.618003608607909,340.6398658043839,87.99657755793432,29.32,low,global:all:all:simple_power_law,simple_power_law,[]
coway,Other,B019486ADO,Cuckoo Electric Heating Rice Cooker CR-0671V (Violet/White),2023-01,keepa_backcast_estimate,,,49.89,284507,12.760753781781087,636.6340061730584,96.65194621081301,49.89,low,global:all:all:simple_power_law,simple_power_law,[]
coway,Other,B019486ADO,Cuckoo Electric Heating Rice Cooker CR-0671V (Violet/White),2023-07,keepa_backcast_estimate,,,33.6,284507,11.900045006912592,399.8415122322631,90.13280324838581,33.6,low,global:all:all:simple_power_law,simple_power_law,[]
coway,Other,B019486ADO,Cuckoo Electric Heating Rice Cooker CR-0671V (Violet/White),2023-08,keepa_backcast_estimate,,,30.77,284507,11.717071455562179,360.53428868764826,88.74693293495882,30.77,low,global:all:all:simple_power_law,simple_power_law,[]
coway,Other,B019486ADO,Cuckoo Electric Heating Rice Cooker CR-0671V (Violet/White),2023-09,keepa_backcast_estimate,,,35.887499999999996,284507,12.039045809791357,432.05125649888726,91.18561708312018,35.887499999999996,low,global:all:all:simple_power_law,simple_power_law,[]
coway,Other,B019486ADO,Cuckoo Electric Heating Rice Cooker CR-0671V (Violet/White),2023-10,keepa_backcast_estimate,,,69.89,284507,13.545935294298339,946.7254177185109,102.59903386811831,69.89,low,global:all:all:simple_power_law,simple_power_law,[]
coway,Other,B019486ADO,Cuckoo Electric Heating Rice Cooker CR-0671V (Violet/White),2023-11,keepa_backcast_estimate,,,60.725,284507,13.212686386205789,802.3403808023465,100.07495448451958,60.725,low,global:all:all:simple_power_law,simple_power_law,[]
coway,Other,B019486ADO,Cuckoo Electric Heating Rice Cooker CR-0671V (Violet/White),2023-12,keepa_backcast_estimate,,,49.0825,284507,12.723955545775643,624.5235480755331,96.37323061235607,49.0825,low,global:all:all:simple_power_law,simple_power_law,[]
coway,Other,B019486ADO,Cuckoo Electric Heating Rice Cooker CR-0671V (Violet/White),2024-01,keepa_backcast_estimate,,,40.485,284507,12.29798464890887,497.88390851107556,93.14686037472009,40.485,low,global:all:all:simple_power_law,simple_power_law,[]
coway,Other,B019486ADO,Cuckoo Electric Heating Rice Cooker CR-0671V (Violet/White),2024-02,keepa_backcast_estimate,,,41.540000000000006,284507,12.354009829852645,513.1855683320789,93.57120386317136,41.540000000000006,low,global:all:all:simple_power_law,simple_power_law,[]
coway,Other,B019486ADO,Cuckoo Electric Heating Rice Cooker CR-0671V (Violet/White),2024-03,keepa_backcast_estimate,,,35.035000000000004,284507,11.988104966659389,420.0032575069117,90.79978316495824,35.035000000000004,low,global:all:all:simple_power_law,simple_power_law,[]
coway,Other,B019486ADO,Cuckoo Electric Heating Rice Cooker CR-0671V (Violet/White),2024-04,keepa_backcast_estimate,,,35.185,284507,11.997140392690072,422.1193847168002,90.86821889576564,35.185,low,global:all:all:simple_power_law,simple_power_law,[]
coway,Other,B019486ADO,Cuckoo Electric Heating Rice Cooker CR-0671V (Violet/White),2024-05,keepa_backcast_estimate,,,48.13666666666666,284507,12.680219854322624,610.3835163875767,96.04196964062214,48.13666666666666,low,global:all:all:simple_power_law,simple_power_law,[]
coway,Other,B019486ADO,Cuckoo Electric Heating Rice Cooker CR-0671V (Violet/White),2024-06,keepa_backcast_estimate,,,36.019999999999996,284507,12.046875082531312,433.9284404727778,91.2449172201397,36.019999999999996,low,global:all:all:simple_power_law,simple_power_law,[]
coway,Other,B019486ADO,Cuckoo Electric Heating Rice Cooker CR-0671V (Violet/White),2024-07,keepa_backcast_estimate,,,37.25,284507,12.118462144840661,451.41271489531465,91.78712883350002,37.25,low,global:all:all:simple_power_law,simple_power_law,[]
coway,Other,B019486ADO,Cuckoo Electric Heating Rice Cooker CR-0671V (Violet/White),2024-08,keepa_backcast_estimate,,,32.22,284507,11.81244359357753,380.59693258506803,89.46929643409871,32.22,low,global:all:all:simple_power_law,simple_power_law,[]
coway,Other,B019486ADO,Cuckoo Electric Heating Rice Cooker CR-0671V (Violet/White),2024-09,keepa_backcast_estimate,,,31.26,284507,11.749698829518191,367.2955854107387,88.99405777151031,31.26,low,global:all:all:simple_power_law,simple_power_law,[]
coway,Other,B019486ADO,Cuckoo Electric Heating Rice Cooker CR-0671V (Violet/White),2024-10,keepa_backcast_estimate,,,32.45428571428571,284507,11.82752681561559,383.8539345673642,89.58353911835061,32.45428571428571,low,global:all:all:simple_power_law,simple_power_law,[]
coway,Other,B019486ADO,Cuckoo Electric Heating Rice Cooker CR-0671V (Violet/White),2024-11,keepa_backcast_estimate,,,32.42,284507,11.82532501917094,383.3770371215219,89.56686236749603,32.42,low,global:all:all:simple_power_law,simple_power_law,[]
coway,Other,B019486ADO,Cuckoo Electric Heating Rice Cooker CR-0671V (Violet/White),2024-12,keepa_backcast_estimate,,,30.387999999999998,284507,11.691343507754233,355.2765465136356,88.55206543181818,30.387999999999998,low,global:all:all:simple_power_law,simple_power_law,[]
coway,Other,B019486ADO,Cuckoo Electric Heating Rice Cooker CR-0671V (Violet/White),2025-01,keepa_backcast_estimate,,,34.802499999999995,284507,11.974037976336076,416.7264566714362,90.69323757875486,34.802499999999995,low,global:all:all:simple_power_law,simple_power_law,[]
coway,Other,B019486ADO,Cuckoo Electric Heating Rice Cooker CR-0671V (Violet/White),2025-02,keepa_backcast_estimate,,,38.093333333333334,284507,12.166445099906495,463.4604486724381,92.15055924453736,38.093333333333334,low,global:all:all:simple_power_law,simple_power_law,[]
coway,Other,B019486ADO,Cuckoo Electric Heating Rice Cooker CR-0671V (Violet/White),2025-03,keepa_backcast_estimate,,,38.87428571428571,284507,12.210116275208264,474.6595486870961,92.48133156084486,38.87428571428571,low,global:all:all:simple_power_law,simple_power_law,[]
coway,Other,B019486ADO,Cuckoo Electric Heating Rice Cooker CR-0671V (Violet/White),2025-04,keepa_backcast_estimate,,,35.940000000000005,284507,12.042150770836031,432.794898703847,91.20913454400129,35.940000000000005,low,global:all:all:simple_power_law,simple_power_law,[]
coway,Other,B019486ADO,Cuckoo Electric Heating Rice Cooker CR-0671V (Violet/White),2025-05,keepa_backcast_estimate,,,37.239999999999995,284507,12.117887914428978,451.2701459333351,91.78277952249444,37.239999999999995,low,global:all:all:simple_power_law,simple_power_law,[]
coway,Other,B019486ADO,Cuckoo Electric Heating Rice Cooker CR-0671V (Violet/White),2025-06,keepa_backcast_estimate,,,41.472,284507,12.350433811536787,512.1971910320536,93.5441185407975,41.472,low,global:all:all:simple_power_law,simple_power_law,[]
coway,Other,B019486ADO,Cuckoo Electric Heating Rice Cooker CR-0671V (Violet/White),2025-07,keepa_backcast_estimate,,,42.5475,284507,12.406442879614541,527.8631284203997,93.96833998787984,42.5475,low,global:all:all:simple_power_law,simple_power_law,[]
coway,Other,B019486ADO,Cuckoo Electric Heating Rice Cooker CR-0671V (Violet/White),2025-08,keepa_backcast_estimate,,,36.349999999999994,284507,12.06627346863354,438.6090405848291,91.39184363234006,36.349999999999994,low,global:all:all:simple_power_law,simple_power_law,[]
coway,Other,B019486ADO,Cuckoo Electric Heating Rice Cooker CR-0671V (Violet/White),2025-09,keepa_backcast_estimate,,,40.06,284507,12.275079614049275,491.739689338814,92.97337405603827,40.06,low,global:all:all:simple_power_law,simple_power_law,[]
coway,Other,B019486ADO,Cuckoo Electric Heating Rice Cooker CR-0671V (Violet/White),2025-10,keepa_backcast_estimate,,,45.76714285714286,284507,12.567492681417871,575.178232906549,95.18815639115387,45.76714285714286,low,global:all:all:simple_power_law,simple_power_law,[]
coway,Other,B019486ADO,Cuckoo Electric Heating Rice Cooker CR-0671V (Violet/White),2025-11,keepa_backcast_estimate,,,44.633750000000006,284507,12.511882853495301,558.4522513121959,94.76695885148825,44.633750000000006,low,global:all:all:simple_power_law,simple_power_law,[]
coway,Other,B019486ADO,Cuckoo Electric Heating Rice Cooker CR-0671V (Violet/White),2025-12,keepa_backcast_estimate,,,46.68555555555556,284507,12.611737395721564,588.7859668400366,95.52327278162124,46.68555555555556,low,global:all:all:simple_power_law,simple_power_law,[]
coway,Other,B019486ADO,Cuckoo Electric Heating Rice Cooker CR-0671V (Violet/White),2026-01,keepa_backcast_estimate,,,56.63,284507,13.050287036733447,739.0377548902152,98.84491639599523,56.63,low,global:all:all:simple_power_law,simple_power_law,[]
coway,Other,B019486ADO,Cuckoo Electric Heating Rice Cooker CR-0671V (Violet/White),2026-02,keepa_backcast_estimate,,,57.3975,284507,13.08144057945819,750.8419856594516,99.08087820414539,57.3975,low,global:all:all:simple_power_law,simple_power_law,[]
coway,Other,B019486ADO,Cuckoo Electric Heating Rice Cooker CR-0671V (Violet/White),2026-03,keepa_backcast_estimate,,,56.943333333333335,284507,13.063047010392133,743.8534402617627,98.94156243343163,56.943333333333335,low,global:all:all:simple_power_law,simple_power_law,[]
coway,Other,B019486ADO,Cuckoo Electric Heating Rice Cooker CR-0671V (Violet/White),2026-04,keepa_backcast_estimate,,,58.667142857142856,284507,13.132236063642138,770.4307691794166,99.46561115088625,58.667142857142856,low,global:all:all:simple_power_law,simple_power_law,[]
coway,Other,B019486ADO,Cuckoo Electric Heating Rice Cooker CR-0671V (Violet/White),2026-05,keepa_backcast_estimate,,,54.25,284507,12.95143294301402,702.6152371585106,98.09618001942397,54.25,low,global:all:all:simple_power_law,simple_power_law,[]
coway,Other,B019486ADO,Cuckoo Electric Heating Rice Cooker CR-0671V (Violet/White),2026-06,keepa_backcast_estimate,,,79.8,284507,13.868086823895124,1106.6733285468308,105.03905997024201,79.8,low,global:all:all:simple_power_law,simple_power_law,[]
coway,Other,B01JRTZVVM,"CUCKOO High Pressure Rice Cooker 6-Cup Uncooked / 12-Cup Cooked with Nonstick Inner Pot, Versatile Rice Maker with 12 Menu Options and Steam Plate, Fuzzy Logic Tech, Voice Guide, Black (CRP-P0609S)",2017-01,keepa_backcast_estimate,,,259.99,284507,17.09270652874602,4443.932770408678,102.89257882856113,259.99,low,global:all:all:simple_power_law,simple_power_law,[]
coway,Other,B01JRTZVVM,"CUCKOO High Pressure Rice Cooker 6-Cup Uncooked / 12-Cup Cooked with Nonstick Inner Pot, Versatile Rice Maker with 12 Menu Options and Steam Plate, Fuzzy Logic Tech, Voice Guide, Black (CRP-P0609S)",2017-02,keepa_backcast_estimate,,,259.99,284507,17.09270652874602,4443.932770408678,102.89257882856113,259.99,low,global:all:all:simple_power_law,simple_power_law,[]
coway,Other,B01JRTZVVM,"CUCKOO High Pressure Rice Cooker 6-Cup Uncooked / 12-Cup Cooked with Nonstick Inner Pot, Versatile Rice Maker with 12 Menu Options and Steam Plate, Fuzzy Logic Tech, Voice Guide, Black (CRP-P0609S)",2017-04,keepa_backcast_estimate,,,269.99,284507,17.206953424772685,4645.705355154378,103.58030828413756,269.99,low,global:all:all:simple_power_law,simple_power_law,[]
coway,Other,B01JRTZVVM,"CUCKOO High Pressure Rice Cooker 6-Cup Uncooked / 12-Cup Cooked with Nonstick Inner Pot, Versatile Rice Maker with 12 Menu Options and Steam Plate, Fuzzy Logic Tech, Voice Guide, Black (CRP-P0609S)",2017-05,keepa_backcast_estimate,,,279.42,284507,17.311516468228795,4837.18393155249,104.2097440714582,279.42,low,global:all:all:simple_power_law,simple_power_law,[]
coway,Other,B01JRTZVVM,"CUCKOO High Pressure Rice Cooker 6-Cup Uncooked / 12-Cup Cooked with Nonstick Inner Pot, Versatile Rice Maker with 12 Menu Options and Steam Plate, Fuzzy Logic Tech, Voice Guide, Black (CRP-P0609S)",2017-06,keepa_backcast_estimate,,,270.70500000000004,284507,17.21498685404886,4660.183016325297,103.62866693662318,270.70500000000004,low,global:all:all:simple_power_law,simple_power_law,[]
coway,Other,B01JRTZVVM,"CUCKOO High Pressure Rice Cooker 6-Cup Uncooked / 12-Cup Cooked with Nonstick Inner Pot, Versatile Rice Maker with 12 Menu Options and Steam Plate, Fuzzy Logic Tech, Voice Guide, Black (CRP-P0609S)",2017-07,keepa_backcast_estimate,,,297.0925,284507,17.499831834021183,5199.068789148938,105.34334181894403,297.0925,low,global:all:all:simple_power_law,simple_power_law,[]
coway,Other,B01JRTZVVM,"CUCKOO High Pressure Rice Cooker 6-Cup Uncooked / 12-Cup Cooked with Nonstick Inner Pot, Versatile Rice Maker with 12 Menu Options and Steam Plate, Fuzzy Logic Tech, Voice Guide, Black (CRP-P0609S)",2017-08,keepa_backcast_estimate,,,258.5,284507,17.07537296303992,4413.98391094582,102.78823635519126,258.5,low,global:all:all:simple_power_law,simple_power_law,[]
coway,Other,B01JRTZVVM,"CUCKOO High Pressure Rice Cooker 6-Cup Uncooked / 12-Cup Cooked with Nonstick Inner Pot, Versatile Rice Maker with 12 Menu Options and Steam Plate, Fuzzy Logic Tech, Voice Guide, Black (CRP-P0609S)",2017-09,keepa_backcast_estimate,,,241.07999999999998,284507,16.86631646784567,4066.131574068234,101.52978370024034,241.07999999999998,low,global:all:all:simple_power_law,simple_power_law,[]
coway,Other,B01JRTZVVM,"CUCKOO High Pressure Rice Cooker 6-Cup Uncooked / 12-Cup Cooked with Nonstick Inner Pot, Versatile Rice Maker with 12 Menu Options and Steam Plate, Fuzzy Logic Tech, Voice Guide, Black (CRP-P0609S)",2017-10,keepa_backcast_estimate,,,217.098,284507,16.55698887919592,3594.4891716956763,99.66773141229714,217.098,low,global:all:all:simple_power_law,simple_power_law,[]
coway,Other,B01JRTZVVM,"CUCKOO High Pressure Rice Cooker 6-Cup Uncooked / 12-Cup Cooked with Nonstick Inner Pot, Versatile Rice Maker with 12 Menu Options and Steam Plate, Fuzzy Logic Tech, Voice Guide, Black (CRP-P0609S)",2017-11,keepa_backcast_estimate,,,381.30727272727285,284507,18.28673038830419,6972.8632914632135,110.08021724534174,381.30727272727285,low,global:all:all:simple_power_law,simple_power_law,[]
coway,Other,B01JRTZVVM,"CUCKOO High Pressure Rice Cooker 6-Cup Uncooked / 12-Cup Cooked with Nonstick Inner Pot, Versatile Rice Maker with 12 Menu Options and Steam Plate, Fuzzy Logic Tech, Voice Guide, Black (CRP-P0609S)",2017-12,keepa_backcast_estimate,,,604.969,284507,19.832788789031092,11998.222400911352,119.38699002604906,604.969,low,global:all:all:simple_power_law,simple_power_law,[]
coway,Other,B01JRTZVVM,"CUCKOO High Pressure Rice Cooker 6-Cup Uncooked / 12-Cup Cooked with Nonstick Inner Pot, Versatile Rice Maker with 12 Menu Options and Steam Plate, Fuzzy Logic Tech, Voice Guide, Black (CRP-P0609S)",2018-01,keepa_backcast_estimate,,,384.98,284507,18.31762565867091,7051.919526075127,110.26619680547117,384.98,low,global:all:all:simple_power_law,simple_power_law,[]
coway,Other,B01JRTZVVM,"CUCKOO High Pressure Rice Cooker 6-Cup Uncooked / 12-Cup Cooked with Nonstick Inner Pot, Versatile Rice Maker with 12 Menu Options and Steam Plate, Fuzzy Logic Tech, Voice Guide, Black (CRP-P0609S)",2018-02,keepa_backcast_estimate,,,314.73249999999996,284507,17.67874837204166,5564.076672003601,106.42036165550677,314.73249999999996,low,global:all:all:simple_power_law,simple_power_law,[]
coway,Other,B01JRTZVVM,"CUCKOO High Pressure Rice Cooker 6-Cup Uncooked / 12-Cup Cooked with Nonstick Inner Pot, Versatile Rice Maker with 12 Menu Options and Steam Plate, Fuzzy Logic Tech, Voice Guide, Black (CRP-P0609S)",2018-03,keepa_backcast_estimate,,,269.25166666666667,284507,17.198639290154276,4630.7622932728555,103.53025987605324,269.25166666666667,low,global:all:all:simple_power_law,simple_power_law,[]
coway,Other,B01JRTZVVM,"CUCKOO High Pressure Rice Cooker 6-Cup Uncooked / 12-Cup Cooked with Nonstick Inner Pot, Versatile Rice Maker with 12 Menu Options and Steam Plate, Fuzzy Logic Tech, Voice Guide, Black (CRP-P0609S)",2018-04,keepa_backcast_estimate,,,261.88399999999996,284507,17.114621397568747,4482.045510080893,103.02449926866626,261.88399999999996,low,global:all:all:simple_power_law,simple_power_law,[]
coway,Other,B01JRTZVVM,"CUCKOO High Pressure Rice Cooker 6-Cup Uncooked / 12-Cup Cooked with Nonstick Inner Pot, Versatile Rice Maker with 12 Menu Options and Steam Plate, Fuzzy Logic Tech, Voice Guide, Black (CRP-P0609S)",2018-05,keepa_backcast_estimate,,,261.21250000000003,284507,17.10686677179937,4468.527436628644,102.97781892334355,261.21250000000003,low,global:all:all:simple_power_law,simple_power_law,[]
coway,Other,B01JRTZVVM,"CUCKOO High Pressure Rice Cooker 6-Cup Uncooked / 12-Cup Cooked with Nonstick Inner Pot, Versatile Rice Maker with 12 Menu Options and Steam Plate, Fuzzy Logic Tech, Voice Guide, Black (CRP-P0609S)",2018-06,keepa_backcast_estimate,,,259.3455555555555,284507,17.085219673205767,4430.975787936256,102.84751037362932,259.3455555555555,low,global:all:all:simple_power_law,simple_power_law,[]
coway,Other,B01JRTZVVM,"CUCKOO High Pressure Rice Cooker 6-Cup Uncooked / 12-Cup Cooked with Nonstick Inner Pot, Versatile Rice Maker with 12 Menu Options and Steam Plate, Fuzzy Logic Tech, Voice Guide, Black (CRP-P0609S)",2018-07,keepa_backcast_estimate,,,261.08000000000004,284507,17.105334680660295,4465.860778426791,102.96859622897185,261.08000000000004,low,global:all:all:simple_power_law,simple_power_law,[]
coway,Other,B01JRTZVVM,"CUCKOO High Pressure Rice Cooker 6-Cup Uncooked / 12-Cup Cooked with Nonstick Inner Pot, Versatile Rice Maker with 12 Menu Options and Steam Plate, Fuzzy Logic Tech, Voice Guide, Black (CRP-P0609S)",2018-08,keepa_backcast_estimate,,,325.2583333333333,284507,17.781579475413842,5783.606904207314,107.03937172228328,325.2583333333333,low,global:all:all:simple_power_law,simple_power_law,[]
coway,Other,B01JRTZVVM,"CUCKOO High Pressure Rice Cooker 6-Cup Uncooked / 12-Cup Cooked with Nonstick Inner Pot, Versatile Rice Maker with 12 Menu Options and Steam Plate, Fuzzy Logic Tech, Voice Guide, Black (CRP-P0609S)",2018-09,keepa_backcast_estimate,,,310.16,284507,17.633186314774203,5469.109067390367,106.1460927700556,310.16,low,global:all:all:simple_power_law,simple_power_law,[]
coway,Other,B01JRTZVVM,"CUCKOO High Pressure Rice Cooker 6-Cup Uncooked / 12-Cup Cooked with Nonstick Inner Pot, Versatile Rice Maker with 12 Menu Options and Steam Plate, Fuzzy Logic Tech, Voice Guide, Black (CRP-P0609S)",2018-10,keepa_backcast_estimate,,,260.00142857142856,284507,17.09283916160547,4444.162600359081,102.89337723558481,260.00142857142856,low,global:all:all:simple_power_law,simple_power_law,[]
coway,Other,B01JRTZVVM,"CUCKOO High Pressure Rice Cooker 6-Cup Uncooked / 12-Cup Cooked with Nonstick Inner Pot, Versatile Rice Maker with 12 Menu Options and Steam Plate, Fuzzy Logic Tech, Voice Guide, Black (CRP-P0609S)",2018-11,keepa_backcast_estimate,,,230.51999999999998,284507,16.733406899036154,3857.384958365814,100.7297109754905,230.51999999999998,low,global:all:all:simple_power_law,simple_power_law,[]
coway,Other,B01JRTZVVM,"CUCKOO High Pressure Rice Cooker 6-Cup Uncooked / 12-Cup Cooked with Nonstick Inner Pot, Versatile Rice Maker with 12 Menu Options and Steam Plate, Fuzzy Logic Tech, Voice Guide, Black (CRP-P0609S)",2018-12,keepa_backcast_estimate,,,283.035,284507,17.350825503340232,4910.890896337903,104.44637178088946,283.035,low,global:all:all:simple_power_law,simple_power_law,[]
coway,Other,B01JRTZVVM,"CUCKOO High Pressure Rice Cooker 6-Cup Uncooked / 12-Cup Cooked with Nonstick Inner Pot, Versatile Rice Maker with 12 Menu Options and Steam Plate, Fuzzy Logic Tech, Voice Guide, Black (CRP-P0609S)",2019-01,keepa_backcast_estimate,,,231.99,284507,16.75220714068898,3886.3445345684368,100.8428823648785,231.99,low,global:all:all:simple_power_law,simple_power_law,[]
coway,Other,B01JRTZVVM,"CUCKOO High Pressure Rice Cooker 6-Cup Uncooked / 12-Cup Cooked with Nonstick Inner Pot, Versatile Rice Maker with 12 Menu Options and Steam Plate, Fuzzy Logic Tech, Voice Guide, Black (CRP-P0609S)",2019-02,keepa_backcast_estimate,,,270.945,284507,17.217679444266896,4665.044157026894,103.64487546104829,270.945,low,global:all:all:simple_power_law,simple_power_law,[]
coway,Other,B01JRTZVVM,"CUCKOO High Pressure Rice Cooker 6-Cup Uncooked / 12-Cup Cooked with Nonstick Inner Pot, Versatile Rice Maker with 12 Menu Options and Steam Plate, Fuzzy Logic Tech, Voice Guide, Black (CRP-P0609S)",2019-03,keepa_backcast_estimate,,,332.985,284507,17.855320420405448,5945.553870188708,107.483268420719,332.985,low,global:all:all:simple_power_law,simple_power_law,[]
coway,Other,B01JRTZVVM,"CUCKOO High Pressure Rice Cooker 6-Cup Uncooked / 12-Cup Cooked with Nonstick Inner Pot, Versatile Rice Maker with 12 Menu Options and Steam Plate, Fuzzy Logic Tech, Voice Guide, Black (CRP-P0609S)",2019-04,keepa_backcast_estimate,,,246.782,284507,16.936087016939155,4179.521426214279,101.94977989630445,246.782,low,global:all:all:simple_power_law,simple_power_law,[]
coway,Other,B01JRTZVVM,"CUCKOO High Pressure Rice Cooker 6-Cup Uncooked / 12-Cup Cooked with Nonstick Inner Pot, Versatile Rice Maker with 12 Menu Options and Steam Plate, Fuzzy Logic Tech, Voice Guide, Black (CRP-P0609S)",2019-05,keepa_backcast_estimate,,,225.28999999999996,284507,16.665702864459536,3754.6161983340885,100.32215453011595,225.28999999999996,low,global:all:all:simple_power_law,simple_power_law,[]
coway,Other,B01JRTZVVM,"CUCKOO High Pressure Rice Cooker 6-Cup Uncooked / 12-Cup Cooked with Nonstick Inner Pot, Versatile Rice Maker with 12 Menu Options and Steam Plate, Fuzzy Logic Tech, Voice Guide, Black (CRP-P0609S)",2019-06,keepa_backcast_estimate,,,224.98666666666668,284507,16.661736290044825,3748.6685087762185,100.29827703184154,224.98666666666668,low,global:all:all:simple_power_law,simple_power_law,[]
coway,Other,B01JRTZVVM,"CUCKOO High Pressure Rice Cooker 6-Cup Uncooked / 12-Cup Cooked with Nonstick Inner Pot, Versatile Rice Maker with 12 Menu Options and Steam Plate, Fuzzy Logic Tech, Voice Guide, Black (CRP-P0609S)",2019-07,keepa_backcast_estimate,,,259.99,284507,17.09270652874602,4443.932770408678,102.89257882856113,259.99,low,global:all:all:simple_power_law,simple_power_law,[]
coway,Other,B01JRTZVVM,"CUCKOO High Pressure Rice Cooker 6-Cup Uncooked / 12-Cup Cooked with Nonstick Inner Pot, Versatile Rice Maker with 12 Menu Options and Steam Plate, Fuzzy Logic Tech, Voice Guide, Black (CRP-P0609S)",2019-08,keepa_backcast_estimate,,,250.99,284507,16.986724432924007,4263.497965419597,102.25460080381453,250.99,low,global:all:all:simple_power_law,simple_power_law,[]
coway,Other,B01JRTZVVM,"CUCKOO High Pressure Rice Cooker 6-Cup Uncooked / 12-Cup Cooked with Nonstick Inner Pot, Versatile Rice Maker with 12 Menu Options and Steam Plate, Fuzzy Logic Tech, Voice Guide, Black (CRP-P0609S)",2019-09,keepa_backcast_estimate,,,259.98,284507,17.092590471027275,4443.731670657671,102.891880198537,259.98,low,global:all:all:simple_power_law,simple_power_law,[]
coway,Other,B01JRTZVVM,"CUCKOO High Pressure Rice Cooker 6-Cup Uncooked / 12-Cup Cooked with Nonstick Inner Pot, Versatile Rice Maker with 12 Menu Options and Steam Plate, Fuzzy Logic Tech, Voice Guide, Black (CRP-P0609S)",2019-11,keepa_backcast_estimate,,,244.99,284507,16.91430516801257,4143.8356231114,101.81866019305903,244.99,low,global:all:all:simple_power_law,simple_power_law,[]
coway,Other,B01JRTZVVM,"CUCKOO High Pressure Rice Cooker 6-Cup Uncooked / 12-Cup Cooked with Nonstick Inner Pot, Versatile Rice Maker with 12 Menu Options and Steam Plate, Fuzzy Logic Tech, Voice Guide, Black (CRP-P0609S)",2019-12,keepa_backcast_estimate,,,259.99,284507,17.09270652874602,4443.932770408678,102.89257882856113,259.99,low,global:all:all:simple_power_law,simple_power_law,[]
coway,Other,B01JRTZVVM,"CUCKOO High Pressure Rice Cooker 6-Cup Uncooked / 12-Cup Cooked with Nonstick Inner Pot, Versatile Rice Maker with 12 Menu Options and Steam Plate, Fuzzy Logic Tech, Voice Guide, Black (CRP-P0609S)",2020-01,keepa_backcast_estimate,,,226.97428571428568,284507,16.687647436363978,3787.6668571205446,100.45425377319015,226.97428571428568,low,global:all:all:simple_power_law,simple_power_law,[]
coway,Other,B01JRTZVVM,"CUCKOO High Pressure Rice Cooker 6-Cup Uncooked / 12-Cup Cooked with Nonstick Inner Pot, Versatile Rice Maker with 12 Menu Options and Steam Plate, Fuzzy Logic Tech, Voice Guide, Black (CRP-P0609S)",2020-02,keepa_backcast_estimate,,,254.224,284507,17.02516482782651,4328.205503189367,102.48599957943003,254.224,low,global:all:all:simple_power_law,simple_power_law,[]
coway,Other,B01JRTZVVM,"CUCKOO High Pressure Rice Cooker 6-Cup Uncooked / 12-Cup Cooked with Nonstick Inner Pot, Versatile Rice Maker with 12 Menu Options and Steam Plate, Fuzzy Logic Tech, Voice Guide, Black (CRP-P0609S)",2020-03,keepa_backcast_estimate,,,254.68400000000003,284507,17.03059955041388,4337.421215897609,102.51871485604767,254.68400000000003,low,global:all:all:simple_power_law,simple_power_law,[]
coway,Other,B01JRTZVVM,"CUCKOO High Pressure Rice Cooker 6-Cup Uncooked / 12-Cup Cooked with Nonstick Inner Pot, Versatile Rice Maker with 12 Menu Options and Steam Plate, Fuzzy Logic Tech, Voice Guide, Black (CRP-P0609S)",2020-04,keepa_backcast_estimate,,,229.99,284507,16.726604200500464,3846.951700073102,100.68876092500241,229.99,low,global:all:all:simple_power_law,simple_power_law,[]
coway,Other,B01JRTZVVM,"CUCKOO High Pressure Rice Cooker 6-Cup Uncooked / 12-Cup Cooked with Nonstick Inner Pot, Versatile Rice Maker with 12 Menu Options and Steam Plate, Fuzzy Logic Tech, Voice Guide, Black (CRP-P0609S)",2020-05,keepa_backcast_estimate,,,232.21,284507,16.755012280668556,3890.6814016940457,100.85976840255708,232.21,low,global:all:all:simple_power_law,simple_power_law,[]
coway,Other,B01JRTZVVM,"CUCKOO High Pressure Rice Cooker 6-Cup Uncooked / 12-Cup Cooked with Nonstick Inner Pot, Versatile Rice Maker with 12 Menu Options and Steam Plate, Fuzzy Logic Tech, Voice Guide, Black (CRP-P0609S)",2020-06,keepa_backcast_estimate,,,225.23,284507,16.664918618694145,3753.439620488482,100.31743362362282,225.23,low,global:all:all:simple_power_law,simple_power_law,[]
coway,Other,B01JRTZVVM,"CUCKOO High Pressure Rice Cooker 6-Cup Uncooked / 12-Cup Cooked with Nonstick Inner Pot, Versatile Rice Maker with 12 Menu Options and Steam Plate, Fuzzy Logic Tech, Voice Guide, Black (CRP-P0609S)",2020-07,keepa_backcast_estimate,,,217.51733333333334,284507,16.562635619664547,3602.6603329611135,99.70172296815845,217.51733333333334,low,global:all:all:simple_power_law,simple_power_law,[]
coway,Other,B01JRTZVVM,"CUCKOO High Pressure Rice Cooker 6-Cup Uncooked / 12-Cup Cooked with Nonstick Inner Pot, Versatile Rice Maker with 12 Menu Options and Steam Plate, Fuzzy Logic Tech, Voice Guide, Black (CRP-P0609S)",2020-08,keepa_backcast_estimate,,,264.99,284507,17.150277016829786,4544.651906689725,103.23913459334861,264.99,low,global:all:all:simple_power_law,simple_power_law,[]
coway,Other,B01JRTZVVM,"CUCKOO High Pressure Rice Cooker 6-Cup Uncooked / 12-Cup Cooked with Nonstick Inner Pot, Versatile Rice Maker with 12 Menu Options and Steam Plate, Fuzzy Logic Tech, Voice Guide, Black (CRP-P0609S)",2020-09,keepa_backcast_estimate,,,233.2875,284507,16.768719354278804,3911.9326163613164,100.94228056349424,233.2875,low,global:all:all:simple_power_law,simple_power_law,[]
coway,Other,B01JRTZVVM,"CUCKOO High Pressure Rice Cooker 6-Cup Uncooked / 12-Cup Cooked with Nonstick Inner Pot, Versatile Rice Maker with 12 Menu Options and Steam Plate, Fuzzy Logic Tech, Voice Guide, Black (CRP-P0609S)",2020-10,keepa_backcast_estimate,,,250.96333333333334,284507,16.986405760802924,4262.965011083638,102.25268250045609,250.96333333333334,low,global:all:all:simple_power_law,simple_power_law,[]
coway,Other,B01JRTZVVM,"CUCKOO High Pressure Rice Cooker 6-Cup Uncooked / 12-Cup Cooked with Nonstick Inner Pot, Versatile Rice Maker with 12 Menu Options and Steam Plate, Fuzzy Logic Tech, Voice Guide, Black (CRP-P0609S)",2020-11,keepa_backcast_estimate,,,259.99,284507,17.09270652874602,4443.932770408678,102.89257882856113,259.99,low,global:all:all:simple_power_law,simple_power_law,[]
coway,Other,B01JRTZVVM,"CUCKOO High Pressure Rice Cooker 6-Cup Uncooked / 12-Cup Cooked with Nonstick Inner Pot, Versatile Rice Maker with 12 Menu Options and Steam Plate, Fuzzy Logic Tech, Voice Guide, Black (CRP-P0609S)",2021-01,keepa_backcast_estimate,,,259.99,284507,17.09270652874602,4443.932770408678,102.89257882856113,259.99,low,global:all:all:simple_power_law,simple_power_law,[]
coway,Other,B01JRTZVVM,"CUCKOO High Pressure Rice Cooker 6-Cup Uncooked / 12-Cup Cooked with Nonstick Inner Pot, Versatile Rice Maker with 12 Menu Options and Steam Plate, Fuzzy Logic Tech, Voice Guide, Black (CRP-P0609S)",2021-02,keepa_backcast_estimate,,,216.57,284507,16.549865963212067,3584.204471652837,99.62485375608013,216.57,low,global:all:all:simple_power_law,simple_power_law,[]
coway,Other,B01JRTZVVM,"CUCKOO High Pressure Rice Cooker 6-Cup Uncooked / 12-Cup Cooked with Nonstick Inner Pot, Versatile Rice Maker with 12 Menu Options and Steam Plate, Fuzzy Logic Tech, Voice Guide, Black (CRP-P0609S)",2021-04,keepa_backcast_estimate,,,232.314,284507,16.756337579965923,3892.7318085522033,100.8677462767572,232.314,low,global:all:all:simple_power_law,simple_power_law,[]
coway,Other,B01JRTZVVM,"CUCKOO High Pressure Rice Cooker 6-Cup Uncooked / 12-Cup Cooked with Nonstick Inner Pot, Versatile Rice Maker with 12 Menu Options and Steam Plate, Fuzzy Logic Tech, Voice Guide, Black (CRP-P0609S)",2021-05,keepa_backcast_estimate,,,232.52333333333334,284507,16.759003678896956,3896.859398762717,100.88379533218121,232.52333333333334,low,global:all:all:simple_power_law,simple_power_law,[]
coway,Other,B01JRTZVVM,"CUCKOO High Pressure Rice Cooker 6-Cup Uncooked / 12-Cup Cooked with Nonstick Inner Pot, Versatile Rice Maker with 12 Menu Options and Steam Plate, Fuzzy Logic Tech, Voice Guide, Black (CRP-P0609S)",2021-06,keepa_backcast_estimate,,,234.92583333333332,284507,16.789460655133357,3944.278035624416,101.06713650304921,234.92583333333332,low,global:all:all:simple_power_law,simple_power_law,[]
coway,Other,B01JRTZVVM,"CUCKOO High Pressure Rice Cooker 6-Cup Uncooked / 12-Cup Cooked with Nonstick Inner Pot, Versatile Rice Maker with 12 Menu Options and Steam Plate, Fuzzy Logic Tech, Voice Guide, Black (CRP-P0609S)",2021-07,keepa_backcast_estimate,,,252.065,284507,16.999547582737733,4284.990961442787,102.33179202866944,252.065,low,global:all:all:simple_power_law,simple_power_law,[]
coway,Other,B01JRTZVVM,"CUCKOO High Pressure Rice Cooker 6-Cup Uncooked / 12-Cup Cooked with Nonstick Inner Pot, Versatile Rice Maker with 12 Menu Options and Steam Plate, Fuzzy Logic Tech, Voice Guide, Black (CRP-P0609S)",2021-08,keepa_backcast_estimate,,,241.5475,284507,16.872088068623153,4075.4106927557514,101.56452687487834,241.5475,low,global:all:all:simple_power_law,simple_power_law,[]
coway,Other,B01JRTZVVM,"CUCKOO High Pressure Rice Cooker 6-Cup Uncooked / 12-Cup Cooked with Nonstick Inner Pot, Versatile Rice Maker with 12 Menu Options and Steam Plate, Fuzzy Logic Tech, Voice Guide, Black (CRP-P0609S)",2021-09,keepa_backcast_estimate,,,250.42000000000002,284507,16.979906693638302,4252.108234220904,102.21356021286381,250.42000000000002,low,global:all:all:simple_power_law,simple_power_law,[]
coway,Other,B01JRTZVVM,"CUCKOO High Pressure Rice Cooker 6-Cup Uncooked / 12-Cup Cooked with Nonstick Inner Pot, Versatile Rice Maker with 12 Menu Options and Steam Plate, Fuzzy Logic Tech, Voice Guide, Black (CRP-P0609S)",2021-10,keepa_backcast_estimate,,,240.98000000000002,284507,16.865080696164338,4064.1471461616825,101.52234475340522,240.98000000000002,low,global:all:all:simple_power_law,simple_power_law,[]
coway,Other,B01JRTZVVM,"CUCKOO High Pressure Rice Cooker 6-Cup Uncooked / 12-Cup Cooked with Nonstick Inner Pot, Versatile Rice Maker with 12 Menu Options and Steam Plate, Fuzzy Logic Tech, Voice Guide, Black (CRP-P0609S)",2021-11,keepa_backcast_estimate,,,230.24249999999998,284507,16.729846727788104,3851.921735222752,100.708279893165,230.24249999999998,low,global:all:all:simple_power_law,simple_power_law,[]
coway,Other,B01JRTZVVM,"CUCKOO High Pressure Rice Cooker 6-Cup Uncooked / 12-Cup Cooked with Nonstick Inner Pot, Versatile Rice Maker with 12 Menu Options and Steam Plate, Fuzzy Logic Tech, Voice Guide, Black (CRP-P0609S)",2021-12,keepa_backcast_estimate,,,249.495,284507,16.96881538161583,4233.634593636241,102.14679409278418,249.495,low,global:all:all:simple_power_law,simple_power_law,[]
coway,Other,B01JRTZVVM,"CUCKOO High Pressure Rice Cooker 6-Cup Uncooked / 12-Cup Cooked with Nonstick Inner Pot, Versatile Rice Maker with 12 Menu Options and Steam Plate, Fuzzy Logic Tech, Voice Guide, Black (CRP-P0609S)",2022-01,keepa_backcast_estimate,,,253.49,284507,17.01647598833277,4313.506498282473,102.43369556888406,253.49,low,global:all:all:simple_power_law,simple_power_law,[]
coway,Other,B01JRTZVVM,"CUCKOO High Pressure Rice Cooker 6-Cup Uncooked / 12-Cup Cooked with Nonstick Inner Pot, Versatile Rice Maker with 12 Menu Options and Steam Plate, Fuzzy Logic Tech, Voice Guide, Black (CRP-P0609S)",2022-02,keepa_backcast_estimate,,,232.59500000000003,284507,16.759915978476336,3898.272657013704,100.88928708132163,232.59500000000003,low,global:all:all:simple_power_law,simple_power_law,[]
coway,Other,B01JRTZVVM,"CUCKOO High Pressure Rice Cooker 6-Cup Uncooked / 12-Cup Cooked with Nonstick Inner Pot, Versatile Rice Maker with 12 Menu Options and Steam Plate, Fuzzy Logic Tech, Voice Guide, Black (CRP-P0609S)",2022-03,keepa_backcast_estimate,,,183.18,284507,16.06712725647429,2943.1763708409608,96.71892248340073,183.18,low,global:all:all:simple_power_law,simple_power_law,[]
coway,Other,B01JRTZVVM,"CUCKOO High Pressure Rice Cooker 6-Cup Uncooked / 12-Cup Cooked with Nonstick Inner Pot, Versatile Rice Maker with 12 Menu Options and Steam Plate, Fuzzy Logic Tech, Voice Guide, Black (CRP-P0609S)",2022-04,keepa_backcast_estimate,,,202.10500000000002,284507,16.348893937943824,3304.193209328137,98.41506700186004,202.10500000000002,low,global:all:all:simple_power_law,simple_power_law,[]
coway,Other,B01JRTZVVM,"CUCKOO High Pressure Rice Cooker 6-Cup Uncooked / 12-Cup Cooked with Nonstick Inner Pot, Versatile Rice Maker with 12 Menu Options and Steam Plate, Fuzzy Logic Tech, Voice Guide, Black (CRP-P0609S)",2022-05,keepa_backcast_estimate,,,177.88666666666666,284507,15.984009879749916,2843.3422374757797,96.21858269097213,177.88666666666666,low,global:all:all:simple_power_law,simple_power_law,[]
coway,Other,B01JRTZVVM,"CUCKOO High Pressure Rice Cooker 6-Cup Uncooked / 12-Cup Cooked with Nonstick Inner Pot, Versatile Rice Maker with 12 Menu Options and Steam Plate, Fuzzy Logic Tech, Voice Guide, Black (CRP-P0609S)",2022-06,keepa_backcast_estimate,,,157.67538461538464,284507,15.646515512865527,2467.0703513816543,94.18697548526444,157.67538461538464,low,global:all:all:simple_power_law,simple_power_law,[]
coway,Other,B01JRTZVVM,"CUCKOO High Pressure Rice Cooker 6-Cup Uncooked / 12-Cup Cooked with Nonstick Inner Pot, Versatile Rice Maker with 12 Menu Options and Steam Plate, Fuzzy Logic Tech, Voice Guide, Black (CRP-P0609S)",2022-07,keepa_backcast_estimate,,,175.23411764705884,284507,15.94158602826728,2793.509761558098,95.96320479189293,175.23411764705884,low,global:all:all:simple_power_law,simple_power_law,[]
coway,Other,B01JRTZVVM,"CUCKOO High Pressure Rice Cooker 6-Cup Uncooked / 12-Cup Cooked with Nonstick Inner Pot, Versatile Rice Maker with 12 Menu Options and Steam Plate, Fuzzy Logic Tech, Voice Guide, Black (CRP-P0609S)",2022-08,keepa_backcast_estimate,,,182.45999999999998,284507,16.055939428897183,2929.56670819658,96.65157537082018,182.45999999999998,low,global:all:all:simple_power_law,simple_power_law,[]
coway,Other,B01JRTZVVM,"CUCKOO High Pressure Rice Cooker 6-Cup Uncooked / 12-Cup Cooked with Nonstick Inner Pot, Versatile Rice Maker with 12 Menu Options and Steam Plate, Fuzzy Logic Tech, Voice Guide, Black (CRP-P0609S)",2022-09,keepa_backcast_estimate,,,193.61545454545455,284507,16.2253246799624,3141.4736130585025,97.6712199349103,193.61545454545455,low,global:all:all:simple_power_law,simple_power_law,[]
coway,Other,B01JRTZVVM,"CUCKOO High Pressure Rice Cooker 6-Cup Uncooked / 12-Cup Cooked with Nonstick Inner Pot, Versatile Rice Maker with 12 Menu Options and Steam Plate, Fuzzy Logic Tech, Voice Guide, Black (CRP-P0609S)",2022-10,keepa_backcast_estimate,,,200.02,284507,16.31895003878971,3264.1163867587175,98.2348143894977,200.02,low,global:all:all:simple_power_law,simple_power_law,[]
coway,Other,B01JRTZVVM,"CUCKOO High Pressure Rice Cooker 6-Cup Uncooked / 12-Cup Cooked with Nonstick Inner Pot, Versatile Rice Maker with 12 Menu Options and Steam Plate, Fuzzy Logic Tech, Voice Guide, Black (CRP-P0609S)",2022-11,keepa_backcast_estimate,,,183.35444444444445,284507,16.069832406524956,2946.4751932137133,96.7352066139662,183.35444444444445,low,global:all:all:simple_power_law,simple_power_law,[]
coway,Other,B01JRTZVVM,"CUCKOO High Pressure Rice Cooker 6-Cup Uncooked / 12-Cup Cooked with Nonstick Inner Pot, Versatile Rice Maker with 12 Menu Options and Steam Plate, Fuzzy Logic Tech, Voice Guide, Black (CRP-P0609S)",2022-12,keepa_backcast_estimate,,,188.4257142857143,284507,16.147557398741224,3042.6150368273857,97.20308599135514,188.4257142857143,low,global:all:all:simple_power_law,simple_power_law,[]
coway,Other,B01JRTZVVM,"CUCKOO High Pressure Rice Cooker 6-Cup Uncooked / 12-Cup Cooked with Nonstick Inner Pot, Versatile Rice Maker with 12 Menu Options and Steam Plate, Fuzzy Logic Tech, Voice Guide, Black (CRP-P0609S)",2023-01,keepa_backcast_estimate,,,168.74222222222224,284507,15.835469292968796,2672.112278427317,95.32441628093558,168.74222222222224,low,global:all:all:simple_power_law,simple_power_law,[]
coway,Other,B01JRTZVVM,"CUCKOO High Pressure Rice Cooker 6-Cup Uncooked / 12-Cup Cooked with Nonstick Inner Pot, Versatile Rice Maker with 12 Menu Options and Steam Plate, Fuzzy Logic Tech, Voice Guide, Black (CRP-P0609S)",2023-02,keepa_backcast_estimate,,,193.38833333333332,284507,16.221957655197887,3137.137354342627,97.65095153210248,193.38833333333332,low,global:all:all:simple_power_law,simple_power_law,[]
coway,Other,B01JRTZVVM,"CUCKOO High Pressure Rice Cooker 6-Cup Uncooked / 12-Cup Cooked with Nonstick Inner Pot, Versatile Rice Maker with 12 Menu Options and Steam Plate, Fuzzy Logic Tech, Voice Guide, Black (CRP-P0609S)",2023-03,keepa_backcast_estimate,,,201.86749999999998,284507,16.34549601338391,3299.6244164817763,98.39461259225286,201.86749999999998,low,global:all:all:simple_power_law,simple_power_law,[]
coway,Other,B01JRTZVVM,"CUCKOO High Pressure Rice Cooker 6-Cup Uncooked / 12-Cup Cooked with Nonstick Inner Pot, Versatile Rice Maker with 12 Menu Options and Steam Plate, Fuzzy Logic Tech, Voice Guide, Black (CRP-P0609S)",2023-04,keepa_backcast_estimate,,,216.284375,284507,16.546006775423376,3578.64273416821,99.60162269064914,216.284375,low,global:all:all:simple_power_law,simple_power_law,[]
coway,Other,B01JRTZVVM,"CUCKOO High Pressure Rice Cooker 6-Cup Uncooked / 12-Cup Cooked with Nonstick Inner Pot, Versatile Rice Maker with 12 Menu Options and Steam Plate, Fuzzy Logic Tech, Voice Guide, Black (CRP-P0609S)",2023-05,keepa_backcast_estimate,,,171.54000000000002,284507,15.881609085906394,2724.331222596383,95.60216294873106,171.54000000000002,low,global:all:all:simple_power_law,simple_power_law,[]
coway,Other,B01JRTZVVM,"CUCKOO High Pressure Rice Cooker 6-Cup Uncooked / 12-Cup Cooked with Nonstick Inner Pot, Versatile Rice Maker with 12 Menu Options and Steam Plate, Fuzzy Logic Tech, Voice Guide, Black (CRP-P0609S)",2023-06,keepa_backcast_estimate,,,190.21238095238093,284507,16.174528301678198,3076.5955390438803,97.36544212564276,190.21238095238093,low,global:all:all:simple_power_law,simple_power_law,[]
coway,Other,B01JRTZVVM,"CUCKOO High Pressure Rice Cooker 6-Cup Uncooked / 12-Cup Cooked with Nonstick Inner Pot, Versatile Rice Maker with 12 Menu Options and Steam Plate, Fuzzy Logic Tech, Voice Guide, Black (CRP-P0609S)",2023-07,keepa_backcast_estimate,,,169.5511111111111,284507,15.84887382749172,2687.1941673110296,95.40510725417265,169.5511111111111,low,global:all:all:simple_power_law,simple_power_law,[]
coway,Other,B01JRTZVVM,"CUCKOO High Pressure Rice Cooker 6-Cup Uncooked / 12-Cup Cooked with Nonstick Inner Pot, Versatile Rice Maker with 12 Menu Options and Steam Plate, Fuzzy Logic Tech, Voice Guide, Black (CRP-P0609S)",2023-08,keepa_backcast_estimate,,,158.21777777777777,284507,15.656028091625082,2477.0619734833836,94.2442381404346,158.21777777777777,low,global:all:all:simple_power_law,simple_power_law,[]
coway,Other,B01JRTZVVM,"CUCKOO High Pressure Rice Cooker 6-Cup Uncooked / 12-Cup Cooked with Nonstick Inner Pot, Versatile Rice Maker with 12 Menu Options and Steam Plate, Fuzzy Logic Tech, Voice Guide, Black (CRP-P0609S)",2023-09,keepa_backcast_estimate,,,210.60100000000003,284507,16.46832430098078,3468.2455661108534,99.13399925654053,210.60100000000003,low,global:all:all:simple_power_law,simple_power_law,[]
coway,Other,B01JRTZVVM,"CUCKOO High Pressure Rice Cooker 6-Cup Uncooked / 12-Cup Cooked with Nonstick Inner Pot, Versatile Rice Maker with 12 Menu Options and Steam Plate, Fuzzy Logic Tech, Voice Guide, Black (CRP-P0609S)",2023-10,keepa_backcast_estimate,,,198.39357142857145,284507,16.295411890801397,3232.9049629156993,98.0931223325205,198.39357142857145,low,global:all:all:simple_power_law,simple_power_law,[]
coway,Other,B01JRTZVVM,"CUCKOO High Pressure Rice Cooker 6-Cup Uncooked / 12-Cup Cooked with Nonstick Inner Pot, Versatile Rice Maker with 12 Menu Options and Steam Plate, Fuzzy Logic Tech, Voice Guide, Black (CRP-P0609S)",2023-11,keepa_backcast_estimate,,,161.91133333333337,284507,15.720098357265984,2545.262085156079,94.6299204691481,161.91133333333337,low,global:all:all:simple_power_law,simple_power_law,[]
coway,Other,B01JRTZVVM,"CUCKOO High Pressure Rice Cooker 6-Cup Uncooked / 12-Cup Cooked with Nonstick Inner Pot, Versatile Rice Maker with 12 Menu Options and Steam Plate, Fuzzy Logic Tech, Voice Guide, Black (CRP-P0609S)",2023-12,keepa_backcast_estimate,,,191.15666666666667,284507,16.18869826067933,3094.5775971839253,97.45074070729626,191.15666666666667,low,global:all:all:simple_power_law,simple_power_law,[]
coway,Other,B01JRTZVVM,"CUCKOO High Pressure Rice Cooker 6-Cup Uncooked / 12-Cup Cooked with Nonstick Inner Pot, Versatile Rice Maker with 12 Menu Options and Steam Plate, Fuzzy Logic Tech, Voice Guide, Black (CRP-P0609S)",2024-01,keepa_backcast_estimate,,,191.75277777777782,284507,16.19761368497555,3105.93741746541,97.50440868525202,191.75277777777782,low,global:all:all:simple_power_law,simple_power_law,[]
coway,Other,B01JRTZVVM,"CUCKOO High Pressure Rice Cooker 6-Cup Uncooked / 12-Cup Cooked with Nonstick Inner Pot, Versatile Rice Maker with 12 Menu Options and Steam Plate, Fuzzy Logic Tech, Voice Guide, Black (CRP-P0609S)",2024-02,keepa_backcast_estimate,,,208.49062500000005,284507,16.439036213973417,3427.3849346489524,98.95769442172256,208.49062500000005,low,global:all:all:simple_power_law,simple_power_law,[]
coway,Other,B01JRTZVVM,"CUCKOO High Pressure Rice Cooker 6-Cup Uncooked / 12-Cup Cooked with Nonstick Inner Pot, Versatile Rice Maker with 12 Menu Options and Steam Plate, Fuzzy Logic Tech, Voice Guide, Black (CRP-P0609S)",2024-03,keepa_backcast_estimate,,,182.13,284507,16.05079945317971,2923.3321044076206,96.62063437526763,182.13,low,global:all:all:simple_power_law,simple_power_law,[]
coway,Other,B01JRTZVVM,"CUCKOO High Pressure Rice Cooker 6-Cup Uncooked / 12-Cup Cooked with Nonstick Inner Pot, Versatile Rice Maker with 12 Menu Options and Steam Plate, Fuzzy Logic Tech, Voice Guide, Black (CRP-P0609S)",2024-04,keepa_backcast_estimate,,,195.09777777777776,284507,16.247219813216876,3169.796480625694,97.80302157326167,195.09777777777776,low,global:all:all:simple_power_law,simple_power_law,[]
coway,Other,B01JRTZVVM,"CUCKOO High Pressure Rice Cooker 6-Cup Uncooked / 12-Cup Cooked with Nonstick Inner Pot, Versatile Rice Maker with 12 Menu Options and Steam Plate, Fuzzy Logic Tech, Voice Guide, Black (CRP-P0609S)",2024-05,keepa_backcast_estimate,,,198.23857142857142,284507,16.29316035181326,3229.9328322001006,98.07956879420678,198.23857142857142,low,global:all:all:simple_power_law,simple_power_law,[]
coway,Other,B01JRTZVVM,"CUCKOO High Pressure Rice Cooker 6-Cup Uncooked / 12-Cup Cooked with Nonstick Inner Pot, Versatile Rice Maker with 12 Menu Options and Steam Plate, Fuzzy Logic Tech, Voice Guide, Black (CRP-P0609S)",2024-06,keepa_backcast_estimate,,,152.73222222222222,284507,15.558550435756377,2376.2919826095954,93.6574541004918,152.73222222222222,low,global:all:all:simple_power_law,simple_power_law,[]
coway,Other,B01JRTZVVM,"CUCKOO High Pressure Rice Cooker 6-Cup Uncooked / 12-Cup Cooked with Nonstick Inner Pot, Versatile Rice Maker with 12 Menu Options and Steam Plate, Fuzzy Logic Tech, Voice Guide, Black (CRP-P0609S)",2024-07,keepa_backcast_estimate,,,152.06285714285715,284507,15.54645848216157,2364.038895250295,93.58466444097519,152.06285714285715,low,global:all:all:simple_power_law,simple_power_law,[]
coway,Other,B01JRTZVVM,"CUCKOO High Pressure Rice Cooker 6-Cup Uncooked / 12-Cup Cooked with Nonstick Inner Pot, Versatile Rice Maker with 12 Menu Options and Steam Plate, Fuzzy Logic Tech, Voice Guide, Black (CRP-P0609S)",2024-08,keepa_backcast_estimate,,,143.01727272727274,284507,15.378575301926515,2199.401898112525,92.57406185868233,143.01727272727274,low,global:all:all:simple_power_law,simple_power_law,[]
coway,Other,B01JRTZVVM,"CUCKOO High Pressure Rice Cooker 6-Cup Uncooked / 12-Cup Cooked with Nonstick Inner Pot, Versatile Rice Maker with 12 Menu Options and Steam Plate, Fuzzy Logic Tech, Voice Guide, Black (CRP-P0609S)",2024-09,keepa_backcast_estimate,,,180.31428571428575,284507,16.022379723279236,2889.0639552461507,96.44955677008245,180.31428571428575,low,global:all:all:simple_power_law,simple_power_law,[]
coway,Other,B01JRTZVVM,"CUCKOO High Pressure Rice Cooker 6-Cup Uncooked / 12-Cup Cooked with Nonstick Inner Pot, Versatile Rice Maker with 12 Menu Options and Steam Plate, Fuzzy Logic Tech, Voice Guide, Black (CRP-P0609S)",2024-10,keepa_backcast_estimate,,,170.15625,284507,15.858867342101691,2698.485396179491,95.46526498800208,170.15625,low,global:all:all:simple_power_law,simple_power_law,[]
coway,Other,B01JRTZVVM,"CUCKOO High Pressure Rice Cooker 6-Cup Uncooked / 12-Cup Cooked with Nonstick Inner Pot, Versatile Rice Maker with 12 Menu Options and Steam Plate, Fuzzy Logic Tech, Voice Guide, Black (CRP-P0609S)",2024-11,keepa_backcast_estimate,,,163.94882352941173,284507,15.754925724772653,2583.0015373697406,94.83956998548098,163.94882352941173,low,global:all:all:simple_power_law,simple_power_law,[]
coway,Other,B01JRTZVVM,"CUCKOO High Pressure Rice Cooker 6-Cup Uncooked / 12-Cup Cooked with Nonstick Inner Pot, Versatile Rice Maker with 12 Menu Options and Steam Plate, Fuzzy Logic Tech, Voice Guide, Black (CRP-P0609S)",2024-12,keepa_backcast_estimate,,,172.07333333333335,284507,15.890333817026459,2734.302707675133,95.65468301528807,172.07333333333335,low,global:all:all:simple_power_law,simple_power_law,[]
coway,Other,B01JRTZVVM,"CUCKOO High Pressure Rice Cooker 6-Cup Uncooked / 12-Cup Cooked with Nonstick Inner Pot, Versatile Rice Maker with 12 Menu Options and Steam Plate, Fuzzy Logic Tech, Voice Guide, Black (CRP-P0609S)",2025-01,keepa_backcast_estimate,,,202.90285714285716,284507,16.360284749132337,3319.5485192696633,98.48363601029439,202.90285714285716,low,global:all:all:simple_power_law,simple_power_law,[]
coway,Other,B01JRTZVVM,"CUCKOO High Pressure Rice Cooker 6-Cup Uncooked / 12-Cup Cooked with Nonstick Inner Pot, Versatile Rice Maker with 12 Menu Options and Steam Plate, Fuzzy Logic Tech, Voice Guide, Black (CRP-P0609S)",2025-02,keepa_backcast_estimate,,,184.23777777777775,284507,16.08349782980024,2963.187899056107,96.81746805332416,184.23777777777775,low,global:all:all:simple_power_law,simple_power_law,[]
coway,Other,B01JRTZVVM,"CUCKOO High Pressure Rice Cooker 6-Cup Uncooked / 12-Cup Cooked with Nonstick Inner Pot, Versatile Rice Maker with 12 Menu Options and Steam Plate, Fuzzy Logic Tech, Voice Guide, Black (CRP-P0609S)",2025-03,keepa_backcast_estimate,,,186.75535714285706,284507,16.122150009807847,3010.897882992381,97.05014170694595,186.75535714285706,low,global:all:all:simple_power_law,simple_power_law,[]
coway,Other,B01JRTZVVM,"CUCKOO High Pressure Rice Cooker 6-Cup Uncooked / 12-Cup Cooked with Nonstick Inner Pot, Versatile Rice Maker with 12 Menu Options and Steam Plate, Fuzzy Logic Tech, Voice Guide, Black (CRP-P0609S)",2025-04,keepa_backcast_estimate,,,135.71428571428572,284507,15.236502680709844,2067.811078096336,91.71883051463905,135.71428571428572,low,global:all:all:simple_power_law,simple_power_law,[]
coway,Other,B01JRTZVVM,"CUCKOO High Pressure Rice Cooker 6-Cup Uncooked / 12-Cup Cooked with Nonstick Inner Pot, Versatile Rice Maker with 12 Menu Options and Steam Plate, Fuzzy Logic Tech, Voice Guide, Black (CRP-P0609S)",2025-05,keepa_backcast_estimate,,,165.67294117647057,284507,15.784117854426107,2615.0012288188154,95.01529718798633,165.67294117647057,low,global:all:all:simple_power_law,simple_power_law,[]
coway,Other,B01JRTZVVM,"CUCKOO High Pressure Rice Cooker 6-Cup Uncooked / 12-Cup Cooked with Nonstick Inner Pot, Versatile Rice Maker with 12 Menu Options and Steam Plate, Fuzzy Logic Tech, Voice Guide, Black (CRP-P0609S)",2025-06,keepa_backcast_estimate,,,181.26173913043476,284507,16.037238764742124,2906.937789347183,96.5390034058429,181.26173913043476,low,global:all:all:simple_power_law,simple_power_law,[]
coway,Other,B01JRTZVVM,"CUCKOO High Pressure Rice Cooker 6-Cup Uncooked / 12-Cup Cooked with Nonstick Inner Pot, Versatile Rice Maker with 12 Menu Options and Steam Plate, Fuzzy Logic Tech, Voice Guide, Black (CRP-P0609S)",2025-07,keepa_backcast_estimate,,,171.37333333333328,284507,15.87887800268499,2721.216252913468,95.58572270884436,171.37333333333328,low,global:all:all:simple_power_law,simple_power_law,[]
coway,Other,B01JRTZVVM,"CUCKOO High Pressure Rice Cooker 6-Cup Uncooked / 12-Cup Cooked with Nonstick Inner Pot, Versatile Rice Maker with 12 Menu Options and Steam Plate, Fuzzy Logic Tech, Voice Guide, Black (CRP-P0609S)",2025-08,keepa_backcast_estimate,,,189.44944444444445,284507,16.163037054501906,3062.078390510356,97.2962685249648,189.44944444444445,low,global:all:all:simple_power_law,simple_power_law,[]
coway,Other,B01JRTZVVM,"CUCKOO High Pressure Rice Cooker 6-Cup Uncooked / 12-Cup Cooked with Nonstick Inner Pot, Versatile Rice Maker with 12 Menu Options and Steam Plate, Fuzzy Logic Tech, Voice Guide, Black (CRP-P0609S)",2025-09,keepa_backcast_estimate,,,199.00639999999993,284507,16.304299628225184,3244.659973534431,98.14662364443659,199.00639999999993,low,global:all:all:simple_power_law,simple_power_law,[]
coway,Other,B01JRTZVVM,"CUCKOO High Pressure Rice Cooker 6-Cup Uncooked / 12-Cup Cooked with Nonstick Inner Pot, Versatile Rice Maker with 12 Menu Options and Steam Plate, Fuzzy Logic Tech, Voice Guide, Black (CRP-P0609S)",2025-10,keepa_backcast_estimate,,,157.77428571428572,284507,15.648252072368813,2468.8917933950806,94.1974290132228,157.77428571428572,low,global:all:all:simple_power_law,simple_power_law,[]
coway,Other,B01JRTZVVM,"CUCKOO High Pressure Rice Cooker 6-Cup Uncooked / 12-Cup Cooked with Nonstick Inner Pot, Versatile Rice Maker with 12 Menu Options and Steam Plate, Fuzzy Logic Tech, Voice Guide, Black (CRP-P0609S)",2025-11,keepa_backcast_estimate,,,165.08388888888888,284507,15.77417263042383,2604.0617618350398,94.95543014803563,165.08388888888888,low,global:all:all:simple_power_law,simple_power_law,[]
coway,Other,B01JRTZVVM,"CUCKOO High Pressure Rice Cooker 6-Cup Uncooked / 12-Cup Cooked with Nonstick Inner Pot, Versatile Rice Maker with 12 Menu Options and Steam Plate, Fuzzy Logic Tech, Voice Guide, Black (CRP-P0609S)",2025-12,keepa_backcast_estimate,,,161.32666666666668,284507,15.710037544185028,2534.4479902115568,94.56935762023528,161.32666666666668,low,global:all:all:simple_power_law,simple_power_law,[]
coway,Other,B01JRTZVVM,"CUCKOO High Pressure Rice Cooker 6-Cup Uncooked / 12-Cup Cooked with Nonstick Inner Pot, Versatile Rice Maker with 12 Menu Options and Steam Plate, Fuzzy Logic Tech, Voice Guide, Black (CRP-P0609S)",2026-01,keepa_backcast_estimate,,,147.71636363636364,284507,15.46685072575483,2284.7069461149554,93.10545143057979,147.71636363636364,low,global:all:all:simple_power_law,simple_power_law,[]
coway,Other,B01JRTZVVM,"CUCKOO High Pressure Rice Cooker 6-Cup Uncooked / 12-Cup Cooked with Nonstick Inner Pot, Versatile Rice Maker with 12 Menu Options and Steam Plate, Fuzzy Logic Tech, Voice Guide, Black (CRP-P0609S)",2026-02,keepa_backcast_estimate,,,197.11062500000003,284507,16.27673166985264,3208.316752401948,97.98067342904974,197.11062500000003,low,global:all:all:simple_power_law,simple_power_law,[]
coway,Other,B01JRTZVVM,"CUCKOO High Pressure Rice Cooker 6-Cup Uncooked / 12-Cup Cooked with Nonstick Inner Pot, Versatile Rice Maker with 12 Menu Options and Steam Plate, Fuzzy Logic Tech, Voice Guide, Black (CRP-P0609S)",2026-03,keepa_backcast_estimate,,,178.08666666666667,284507,15.987187321862635,2847.1048995261103,96.23770986737958,178.08666666666667,low,global:all:all:simple_power_law,simple_power_law,[]
coway,Other,B01JRTZVVM,"CUCKOO High Pressure Rice Cooker 6-Cup Uncooked / 12-Cup Cooked with Nonstick Inner Pot, Versatile Rice Maker with 12 Menu Options and Steam Plate, Fuzzy Logic Tech, Voice Guide, Black (CRP-P0609S)",2026-04,keepa_backcast_estimate,,,161.999,284507,15.721604312928326,2546.884177090076,94.63898583638175,161.999,low,global:all:all:simple_power_law,simple_power_law,[]
coway,Other,B01JRTZVVM,"CUCKOO High Pressure Rice Cooker 6-Cup Uncooked / 12-Cup Cooked with Nonstick Inner Pot, Versatile Rice Maker with 12 Menu Options and Steam Plate, Fuzzy Logic Tech, Voice Guide, Black (CRP-P0609S)",2026-05,keepa_backcast_estimate,,,157.52888888888887,284507,15.643941604118604,2464.3727387394656,94.17148138500625,157.52888888888887,low,global:all:all:simple_power_law,simple_power_law,[]
coway,Other,B01JRTZVVM,"CUCKOO High Pressure Rice Cooker 6-Cup Uncooked / 12-Cup Cooked with Nonstick Inner Pot, Versatile Rice Maker with 12 Menu Options and Steam Plate, Fuzzy Logic Tech, Voice Guide, Black (CRP-P0609S)",2026-06,keepa_backcast_estimate,,,209.99,284507,16.459869861408222,3456.4080721971127,99.08310625789767,209.99,low,global:all:all:simple_power_law,simple_power_law,[]
coway,Other,B01LYLW8P6,"CUCKOO Basic Rice Cooker 6-Cup Uncooked / 12-Cup Cooked, Versatile Rice Maker with Non-Stick Inner Pot, Easy to Use, Auto Keep Warm, White/Purple (CR-0671V)",2017-08,keepa_backcast_estimate,,,49.99,284507,12.765276944593843,638.1361944602462,100,49.99,low,global:all:all:simple_power_law,simple_power_law,[]
coway,Other,B01LYLW8P6,"CUCKOO Basic Rice Cooker 6-Cup Uncooked / 12-Cup Cooked, Versatile Rice Maker with Non-Stick Inner Pot, Easy to Use, Auto Keep Warm, White/Purple (CR-0671V)",2017-09,keepa_backcast_estimate,,,49.99,284507,12.765276944593843,638.1361944602462,100,49.99,low,global:all:all:simple_power_law,simple_power_law,[]
coway,Other,B01LYLW8P6,"CUCKOO Basic Rice Cooker 6-Cup Uncooked / 12-Cup Cooked, Versatile Rice Maker with Non-Stick Inner Pot, Easy to Use, Auto Keep Warm, White/Purple (CR-0671V)",2017-12,keepa_backcast_estimate,,,49.99,284507,12.765276944593843,638.1361944602462,100,49.99,low,global:all:all:simple_power_law,simple_power_law,[]
coway,Other,B01LYLW8P6,"CUCKOO Basic Rice Cooker 6-Cup Uncooked / 12-Cup Cooked, Versatile Rice Maker with Non-Stick Inner Pot, Easy to Use, Auto Keep Warm, White/Purple (CR-0671V)",2018-02,keepa_backcast_estimate,,,68.1,284507,13.48378983828182,918.2460879869919,105.6286510414666,68.1,low,global:all:all:simple_power_law,simple_power_law,[]
coway,Other,B01LYLW8P6,"CUCKOO Basic Rice Cooker 6-Cup Uncooked / 12-Cup Cooked, Versatile Rice Maker with Non-Stick Inner Pot, Easy to Use, Auto Keep Warm, White/Purple (CR-0671V)",2018-05,keepa_backcast_estimate,,,40.79,284507,12.314302265089774,502.30038939301187,96.46717668984802,40.79,low,global:all:all:simple_power_law,simple_power_law,[]
coway,Other,B01LYLW8P6,"CUCKOO Basic Rice Cooker 6-Cup Uncooked / 12-Cup Cooked, Versatile Rice Maker with Non-Stick Inner Pot, Easy to Use, Auto Keep Warm, White/Purple (CR-0671V)",2018-06,keepa_backcast_estimate,,,34.839999999999996,284507,11.976311980333964,417.2547093948353,93.81944498592324,34.839999999999996,low,global:all:all:simple_power_law,simple_power_law,[]
coway,Other,B01LYLW8P6,"CUCKOO Basic Rice Cooker 6-Cup Uncooked / 12-Cup Cooked, Versatile Rice Maker with Non-Stick Inner Pot, Easy to Use, Auto Keep Warm, White/Purple (CR-0671V)",2018-09,keepa_backcast_estimate,,,56.435,284507,13.042316800396598,736.043148630382,102.17026122508123,56.435,low,global:all:all:simple_power_law,simple_power_law,[]
coway,Other,B01LYLW8P6,"CUCKOO Basic Rice Cooker 6-Cup Uncooked / 12-Cup Cooked, Versatile Rice Maker with Non-Stick Inner Pot, Easy to Use, Auto Keep Warm, White/Purple (CR-0671V)",2018-12,keepa_backcast_estimate,,,55.99,284507,13.024043594547067,729.2162008586903,102.02711348195868,55.99,low,global:all:all:simple_power_law,simple_power_law,[]
coway,Other,B01LYLW8P6,"CUCKOO Basic Rice Cooker 6-Cup Uncooked / 12-Cup Cooked, Versatile Rice Maker with Non-Stick Inner Pot, Easy to Use, Auto Keep Warm, White/Purple (CR-0671V)",2019-01,keepa_backcast_estimate,,,53.49,284507,12.91911911661456,691.0436815477128,101.20516125649644,53.49,low,global:all:all:simple_power_law,simple_power_law,[]
coway,Other,B01LYLW8P6,"CUCKOO Basic Rice Cooker 6-Cup Uncooked / 12-Cup Cooked, Versatile Rice Maker with Non-Stick Inner Pot, Easy to Use, Auto Keep Warm, White/Purple (CR-0671V)",2019-02,keepa_backcast_estimate,,,49.99,284507,12.765276944593843,638.1361944602462,100,49.99,low,global:all:all:simple_power_law,simple_power_law,[]
coway,Other,B01LYLW8P6,"CUCKOO Basic Rice Cooker 6-Cup Uncooked / 12-Cup Cooked, Versatile Rice Maker with Non-Stick Inner Pot, Easy to Use, Auto Keep Warm, White/Purple (CR-0671V)",2019-03,keepa_backcast_estimate,,,54.49,284507,12.961560419108794,706.2754272372382,101.5376358489275,54.49,low,global:all:all:simple_power_law,simple_power_law,[]
coway,Other,B01LYLW8P6,"CUCKOO Basic Rice Cooker 6-Cup Uncooked / 12-Cup Cooked, Versatile Rice Maker with Non-Stick Inner Pot, Easy to Use, Auto Keep Warm, White/Purple (CR-0671V)",2019-04,keepa_backcast_estimate,,,55.49,284507,13.003369625752557,721.5569805330094,101.86515875990882,55.49,low,global:all:all:simple_power_law,simple_power_law,[]
coway,Other,B01LYLW8P6,"CUCKOO Basic Rice Cooker 6-Cup Uncooked / 12-Cup Cooked, Versatile Rice Maker with Non-Stick Inner Pot, Easy to Use, Auto Keep Warm, White/Purple (CR-0671V)",2019-05,keepa_backcast_estimate,,,52.24,284507,12.865145857773095,672.0752196100665,100.78234819042878,52.24,low,global:all:all:simple_power_law,simple_power_law,[]
coway,Other,B01LYLW8P6,"CUCKOO Basic Rice Cooker 6-Cup Uncooked / 12-Cup Cooked, Versatile Rice Maker with Non-Stick Inner Pot, Easy to Use, Auto Keep Warm, White/Purple (CR-0671V)",2019-06,keepa_backcast_estimate,,,47.99,284507,12.673375278554527,608.1952796178318,99.2800652391781,47.99,low,global:all:all:simple_power_law,simple_power_law,[]
coway,Other,B01LYLW8P6,"CUCKOO Basic Rice Cooker 6-Cup Uncooked / 12-Cup Cooked, Versatile Rice Maker with Non-Stick Inner Pot, Easy to Use, Auto Keep Warm, White/Purple (CR-0671V)",2019-07,keepa_backcast_estimate,,,49.99,284507,12.765276944593843,638.1361944602462,100,49.99,low,global:all:all:simple_power_law,simple_power_law,[]
coway,Other,B01LYLW8P6,"CUCKOO Basic Rice Cooker 6-Cup Uncooked / 12-Cup Cooked, Versatile Rice Maker with Non-Stick Inner Pot, Easy to Use, Auto Keep Warm, White/Purple (CR-0671V)",2019-10,keepa_backcast_estimate,,,55.99,284507,13.024043594547067,729.2162008586903,102.02711348195868,55.99,low,global:all:all:simple_power_law,simple_power_law,[]
coway,Other,B01LYLW8P6,"CUCKOO Basic Rice Cooker 6-Cup Uncooked / 12-Cup Cooked, Versatile Rice Maker with Non-Stick Inner Pot, Easy to Use, Auto Keep Warm, White/Purple (CR-0671V)",2019-11,keepa_backcast_estimate,,,51.96333333333333,284507,12.853057365137154,667.8877042170769,100.68764995012887,51.96333333333333,low,global:all:all:simple_power_law,simple_power_law,[]
coway,Other,B01LYLW8P6,"CUCKOO Basic Rice Cooker 6-Cup Uncooked / 12-Cup Cooked, Versatile Rice Maker with Non-Stick Inner Pot, Easy to Use, Auto Keep Warm, White/Purple (CR-0671V)",2019-12,keepa_backcast_estimate,,,49.99,284507,12.765276944593843,638.1361944602462,100,49.99,low,global:all:all:simple_power_law,simple_power_law,[]
coway,Other,B01LYLW8P6,"CUCKOO Basic Rice Cooker 6-Cup Uncooked / 12-Cup Cooked, Versatile Rice Maker with Non-Stick Inner Pot, Easy to Use, Auto Keep Warm, White/Purple (CR-0671V)",2020-01,keepa_backcast_estimate,,,53.77,284507,12.931067614241151,695.3035056177467,101.29876281076315,53.77,low,global:all:all:simple_power_law,simple_power_law,[]
coway,Other,B01LYLW8P6,"CUCKOO Basic Rice Cooker 6-Cup Uncooked / 12-Cup Cooked, Versatile Rice Maker with Non-Stick Inner Pot, Easy to Use, Auto Keep Warm, White/Purple (CR-0671V)",2020-02,keepa_backcast_estimate,,,55.620000000000005,284507,13.00875946839334,723.5472016320376,101.90738144465101,55.620000000000005,low,global:all:all:simple_power_law,simple_power_law,[]
coway,Other,B01LYLW8P6,"CUCKOO Basic Rice Cooker 6-Cup Uncooked / 12-Cup Cooked, Versatile Rice Maker with Non-Stick Inner Pot, Easy to Use, Auto Keep Warm, White/Purple (CR-0671V)",2020-03,keepa_backcast_estimate,,,49.99,284507,12.765276944593843,638.1361944602462,100,49.99,low,global:all:all:simple_power_law,simple_power_law,[]
coway,Other,B01LYLW8P6,"CUCKOO Basic Rice Cooker 6-Cup Uncooked / 12-Cup Cooked, Versatile Rice Maker with Non-Stick Inner Pot, Easy to Use, Auto Keep Warm, White/Purple (CR-0671V)",2020-11,keepa_backcast_estimate,,,79,284507,13.843340062802751,1093.6238649614174,108.44527794334672,79,low,global:all:all:simple_power_law,simple_power_law,[]
coway,Other,B01LYLW8P6,"CUCKOO Basic Rice Cooker 6-Cup Uncooked / 12-Cup Cooked, Versatile Rice Maker with Non-Stick Inner Pot, Easy to Use, Auto Keep Warm, White/Purple (CR-0671V)",2021-04,keepa_backcast_estimate,,,43.95666666666667,284507,12.478110763358675,548.4961554547028,97.75041166375334,43.95666666666667,low,global:all:all:simple_power_law,simple_power_law,[]
coway,Other,B01LYLW8P6,"CUCKOO Basic Rice Cooker 6-Cup Uncooked / 12-Cup Cooked, Versatile Rice Maker with Non-Stick Inner Pot, Easy to Use, Auto Keep Warm, White/Purple (CR-0671V)",2021-06,keepa_backcast_estimate,,,94.27,284507,14.283843099985123,1346.5378890355976,111.8960690158344,94.27,low,global:all:all:simple_power_law,simple_power_law,[]
coway,Other,B01LYLW8P6,"CUCKOO Basic Rice Cooker 6-Cup Uncooked / 12-Cup Cooked, Versatile Rice Maker with Non-Stick Inner Pot, Easy to Use, Auto Keep Warm, White/Purple (CR-0671V)",2021-07,keepa_backcast_estimate,,,103.84333333333335,284507,14.530818862554806,1508.9286667505664,113.83081562291272,103.84333333333335,low,global:all:all:simple_power_law,simple_power_law,[]
coway,Other,B01LYLW8P6,"CUCKOO Basic Rice Cooker 6-Cup Uncooked / 12-Cup Cooked, Versatile Rice Maker with Non-Stick Inner Pot, Easy to Use, Auto Keep Warm, White/Purple (CR-0671V)",2021-08,keepa_backcast_estimate,,,103.39999999999999,284507,14.519805063457886,1501.3478435615452,113.74453626411211,103.39999999999999,low,global:all:all:simple_power_law,simple_power_law,[]
coway,Other,B01LYLW8P6,"CUCKOO Basic Rice Cooker 6-Cup Uncooked / 12-Cup Cooked, Versatile Rice Maker with Non-Stick Inner Pot, Easy to Use, Auto Keep Warm, White/Purple (CR-0671V)",2021-09,keepa_backcast_estimate,,,92.61333333333334,284507,14.239023799485349,1318.7234574830031,111.54496577934133,92.61333333333334,low,global:all:all:simple_power_law,simple_power_law,[]
coway,Other,B01LYLW8P6,"CUCKOO Basic Rice Cooker 6-Cup Uncooked / 12-Cup Cooked, Versatile Rice Maker with Non-Stick Inner Pot, Easy to Use, Auto Keep Warm, White/Purple (CR-0671V)",2021-11,keepa_backcast_estimate,,,49.99,284507,12.765276944593843,638.1361944602462,100,49.99,low,global:all:all:simple_power_law,simple_power_law,[]
coway,Other,B01LYLW8P6,"CUCKOO Basic Rice Cooker 6-Cup Uncooked / 12-Cup Cooked, Versatile Rice Maker with Non-Stick Inner Pot, Easy to Use, Auto Keep Warm, White/Purple (CR-0671V)",2022-02,keepa_backcast_estimate,,,80.74,284507,13.89690493436936,1122.0361044009821,108.86489180522454,80.74,low,global:all:all:simple_power_law,simple_power_law,[]
coway,Other,B01LYLW8P6,"CUCKOO Basic Rice Cooker 6-Cup Uncooked / 12-Cup Cooked, Versatile Rice Maker with Non-Stick Inner Pot, Easy to Use, Auto Keep Warm, White/Purple (CR-0671V)",2022-03,keepa_backcast_estimate,,,64.945,284507,13.370913809623685,868.3739973660101,104.74440834819751,64.945,low,global:all:all:simple_power_law,simple_power_law,[]
coway,Other,B01LYLW8P6,"CUCKOO Basic Rice Cooker 6-Cup Uncooked / 12-Cup Cooked, Versatile Rice Maker with Non-Stick Inner Pot, Easy to Use, Auto Keep Warm, White/Purple (CR-0671V)",2022-04,keepa_backcast_estimate,,,56.54600000000001,284507,13.046856461327707,737.7475454622366,102.20582379807368,56.54600000000001,low,global:all:all:simple_power_law,simple_power_law,[]
coway,Other,B01LYLW8P6,"CUCKOO Basic Rice Cooker 6-Cup Uncooked / 12-Cup Cooked, Versatile Rice Maker with Non-Stick Inner Pot, Easy to Use, Auto Keep Warm, White/Purple (CR-0671V)",2022-05,keepa_backcast_estimate,,,73.47200000000001,284507,13.666470778007271,1004.1029410017503,107.05972802098185,73.47200000000001,low,global:all:all:simple_power_law,simple_power_law,[]
coway,Other,B01LYLW8P6,"CUCKOO Basic Rice Cooker 6-Cup Uncooked / 12-Cup Cooked, Versatile Rice Maker with Non-Stick Inner Pot, Easy to Use, Auto Keep Warm, White/Purple (CR-0671V)",2022-06,keepa_backcast_estimate,,,63.563750000000006,284507,13.320076636316433,846.6740212916587,104.34616259506653,63.563750000000006,low,global:all:all:simple_power_law,simple_power_law,[]
coway,Other,B01LYLW8P6,"CUCKOO Basic Rice Cooker 6-Cup Uncooked / 12-Cup Cooked, Versatile Rice Maker with Non-Stick Inner Pot, Easy to Use, Auto Keep Warm, White/Purple (CR-0671V)",2022-07,keepa_backcast_estimate,,,58.22833333333333,284507,13.114782959333537,763.651953750393,102.73794306427257,58.22833333333333,low,global:all:all:simple_power_law,simple_power_law,[]
coway,Other,B01LYLW8P6,"CUCKOO Basic Rice Cooker 6-Cup Uncooked / 12-Cup Cooked, Versatile Rice Maker with Non-Stick Inner Pot, Easy to Use, Auto Keep Warm, White/Purple (CR-0671V)",2022-08,keepa_backcast_estimate,,,62.12166666666667,284507,13.266024934531064,824.1075789746272,103.92273502651494,62.12166666666667,low,global:all:all:simple_power_law,simple_power_law,[]
coway,Other,B01LYLW8P6,"CUCKOO Basic Rice Cooker 6-Cup Uncooked / 12-Cup Cooked, Versatile Rice Maker with Non-Stick Inner Pot, Easy to Use, Auto Keep Warm, White/Purple (CR-0671V)",2022-09,keepa_backcast_estimate,,,48.915000000000006,284507,12.716260680438767,622.0158911836623,99.61601879561387,48.915000000000006,low,global:all:all:simple_power_law,simple_power_law,[]
coway,Other,B01LYLW8P6,"CUCKOO Basic Rice Cooker 6-Cup Uncooked / 12-Cup Cooked, Versatile Rice Maker with Non-Stick Inner Pot, Easy to Use, Auto Keep Warm, White/Purple (CR-0671V)",2022-10,keepa_backcast_estimate,,,44.93,284507,12.526528375679954,562.8169199193003,98.1297031787861,44.93,low,global:all:all:simple_power_law,simple_power_law,[]
coway,Other,B01LYLW8P6,"CUCKOO Basic Rice Cooker 6-Cup Uncooked / 12-Cup Cooked, Versatile Rice Maker with Non-Stick Inner Pot, Easy to Use, Auto Keep Warm, White/Purple (CR-0671V)",2022-11,keepa_backcast_estimate,,,41.239999999999995,284507,12.338197294060501,508.827256407055,96.65436439501445,41.239999999999995,low,global:all:all:simple_power_law,simple_power_law,[]
coway,Other,B01LYLW8P6,"CUCKOO Basic Rice Cooker 6-Cup Uncooked / 12-Cup Cooked, Versatile Rice Maker with Non-Stick Inner Pot, Easy to Use, Auto Keep Warm, White/Purple (CR-0671V)",2022-12,keepa_backcast_estimate,,,38.916666666666664,284507,12.212465798687504,475.26846066558863,95.66941517754961,38.916666666666664,low,global:all:all:simple_power_law,simple_power_law,[]
coway,Other,B01LYLW8P6,"CUCKOO Basic Rice Cooker 6-Cup Uncooked / 12-Cup Cooked, Versatile Rice Maker with Non-Stick Inner Pot, Easy to Use, Auto Keep Warm, White/Purple (CR-0671V)",2023-01,keepa_backcast_estimate,,,42.983636363636364,284507,12.428827855819167,534.2362169807653,97.36434164150928,42.983636363636364,low,global:all:all:simple_power_law,simple_power_law,[]
coway,Other,B01LYLW8P6,"CUCKOO Basic Rice Cooker 6-Cup Uncooked / 12-Cup Cooked, Versatile Rice Maker with Non-Stick Inner Pot, Easy to Use, Auto Keep Warm, White/Purple (CR-0671V)",2023-02,keepa_backcast_estimate,,,47.90285714285715,284507,12.669300449958435,606.8956895542947,99.2481440469174,47.90285714285715,low,global:all:all:simple_power_law,simple_power_law,[]
coway,Other,B01LYLW8P6,"CUCKOO Basic Rice Cooker 6-Cup Uncooked / 12-Cup Cooked, Versatile Rice Maker with Non-Stick Inner Pot, Easy to Use, Auto Keep Warm, White/Purple (CR-0671V)",2023-03,keepa_backcast_estimate,,,45.288333333333334,284507,12.544138338868182,568.1031184701085,98.26765524410095,45.288333333333334,low,global:all:all:simple_power_law,simple_power_law,[]
coway,Other,B01LYLW8P6,"CUCKOO Basic Rice Cooker 6-Cup Uncooked / 12-Cup Cooked, Versatile Rice Maker with Non-Stick Inner Pot, Easy to Use, Auto Keep Warm, White/Purple (CR-0671V)",2023-04,keepa_backcast_estimate,,,44.135,284507,12.48704667464655,551.1158049855254,97.82041336701963,44.135,low,global:all:all:simple_power_law,simple_power_law,[]
coway,Other,B01LYLW8P6,"CUCKOO Basic Rice Cooker 6-Cup Uncooked / 12-Cup Cooked, Versatile Rice Maker with Non-Stick Inner Pot, Easy to Use, Auto Keep Warm, White/Purple (CR-0671V)",2023-05,keepa_backcast_estimate,,,49.88,284507,12.760301058598913,636.4838168029138,99.96102014851282,49.88,low,global:all:all:simple_power_law,simple_power_law,[]
coway,Other,B01LYLW8P6,"CUCKOO Basic Rice Cooker 6-Cup Uncooked / 12-Cup Cooked, Versatile Rice Maker with Non-Stick Inner Pot, Easy to Use, Auto Keep Warm, White/Purple (CR-0671V)",2023-06,keepa_backcast_estimate,,,41.545,284507,12.354272584491715,513.2582545227083,96.7802942162082,41.545,low,global:all:all:simple_power_law,simple_power_law,[]
coway,Other,B01LYLW8P6,"CUCKOO Basic Rice Cooker 6-Cup Uncooked / 12-Cup Cooked, Versatile Rice Maker with Non-Stick Inner Pot, Easy to Use, Auto Keep Warm, White/Purple (CR-0671V)",2023-07,keepa_backcast_estimate,,,35.4825,284507,12.014968781969552,426.32112980623464,94.12227274127373,35.4825,low,global:all:all:simple_power_law,simple_power_law,[]
coway,Other,B01LYLW8P6,"CUCKOO Basic Rice Cooker 6-Cup Uncooked / 12-Cup Cooked, Versatile Rice Maker with Non-Stick Inner Pot, Easy to Use, Auto Keep Warm, White/Purple (CR-0671V)",2023-08,keepa_backcast_estimate,,,40.375,284507,12.29207509432623,496.2925319334215,96.29305457044536,40.375,low,global:all:all:simple_power_law,simple_power_law,[]
coway,Other,B01LYLW8P6,"CUCKOO Basic Rice Cooker 6-Cup Uncooked / 12-Cup Cooked, Versatile Rice Maker with Non-Stick Inner Pot, Easy to Use, Auto Keep Warm, White/Purple (CR-0671V)",2023-09,keepa_backcast_estimate,,,49.50588235294117,284507,12.743310416940881,630.868826288085,99.82791969380449,49.50588235294117,low,global:all:all:simple_power_law,simple_power_law,[]
coway,Other,B01LYLW8P6,"CUCKOO Basic Rice Cooker 6-Cup Uncooked / 12-Cup Cooked, Versatile Rice Maker with Non-Stick Inner Pot, Easy to Use, Auto Keep Warm, White/Purple (CR-0671V)",2023-10,keepa_backcast_estimate,,,50.615,284507,12.793380560548957,647.5369570721855,100.22015672732441,50.615,low,global:all:all:simple_power_law,simple_power_law,[]
coway,Other,B01LYLW8P6,"CUCKOO Basic Rice Cooker 6-Cup Uncooked / 12-Cup Cooked, Versatile Rice Maker with Non-Stick Inner Pot, Easy to Use, Auto Keep Warm, White/Purple (CR-0671V)",2023-11,keepa_backcast_estimate,,,49.651666666666664,284507,12.749943666969589,633.0559529711517,99.8798829223149,49.651666666666664,low,global:all:all:simple_power_law,simple_power_law,[]
coway,Other,B01LYLW8P6,"CUCKOO Basic Rice Cooker 6-Cup Uncooked / 12-Cup Cooked, Versatile Rice Maker with Non-Stick Inner Pot, Easy to Use, Auto Keep Warm, White/Purple (CR-0671V)",2023-12,keepa_backcast_estimate,,,37.836666666666666,284507,12.1519335806322,459.78866024585363,95.19522085871081,37.836666666666666,low,global:all:all:simple_power_law,simple_power_law,[]
coway,Other,B01LYLW8P6,"CUCKOO Basic Rice Cooker 6-Cup Uncooked / 12-Cup Cooked, Versatile Rice Maker with Non-Stick Inner Pot, Easy to Use, Auto Keep Warm, White/Purple (CR-0671V)",2024-01,keepa_backcast_estimate,,,38.985,284507,12.216249704850807,476.25049474360867,95.69905735593498,38.985,low,global:all:all:simple_power_law,simple_power_law,[]
coway,Other,B01LYLW8P6,"CUCKOO Basic Rice Cooker 6-Cup Uncooked / 12-Cup Cooked, Versatile Rice Maker with Non-Stick Inner Pot, Easy to Use, Auto Keep Warm, White/Purple (CR-0671V)",2024-02,keepa_backcast_estimate,,,35.57666666666666,284507,12.020586720672515,427.65240689912576,94.16628227375273,35.57666666666666,low,global:all:all:simple_power_law,simple_power_law,[]
coway,Other,B01LYLW8P6,"CUCKOO Basic Rice Cooker 6-Cup Uncooked / 12-Cup Cooked, Versatile Rice Maker with Non-Stick Inner Pot, Easy to Use, Auto Keep Warm, White/Purple (CR-0671V)",2024-03,keepa_backcast_estimate,,,49.7775,284507,12.755656369562494,634.9446849358972,99.92463481150385,49.7775,low,global:all:all:simple_power_law,simple_power_law,[]
coway,Other,B01LYLW8P6,"CUCKOO Basic Rice Cooker 6-Cup Uncooked / 12-Cup Cooked, Versatile Rice Maker with Non-Stick Inner Pot, Easy to Use, Auto Keep Warm, White/Purple (CR-0671V)",2024-04,keepa_backcast_estimate,,,45.3725,284507,12.548258165077641,569.3458435949852,98.29992893645671,45.3725,low,global:all:all:simple_power_law,simple_power_law,[]
coway,Other,B01LYLW8P6,"CUCKOO Basic Rice Cooker 6-Cup Uncooked / 12-Cup Cooked, Versatile Rice Maker with Non-Stick Inner Pot, Easy to Use, Auto Keep Warm, White/Purple (CR-0671V)",2024-05,keepa_backcast_estimate,,,40.92,284507,12.321227190737142,504.18461664496385,96.52142483250425,40.92,low,global:all:all:simple_power_law,simple_power_law,[]
coway,Other,B01LYLW8P6,"CUCKOO Basic Rice Cooker 6-Cup Uncooked / 12-Cup Cooked, Versatile Rice Maker with Non-Stick Inner Pot, Easy to Use, Auto Keep Warm, White/Purple (CR-0671V)",2024-06,keepa_backcast_estimate,,,39.526666666666664,284507,12.246055091561825,484.04573758580034,95.93254533148291,39.526666666666664,low,global:all:all:simple_power_law,simple_power_law,[]
coway,Other,B01LYLW8P6,"CUCKOO Basic Rice Cooker 6-Cup Uncooked / 12-Cup Cooked, Versatile Rice Maker with Non-Stick Inner Pot, Easy to Use, Auto Keep Warm, White/Purple (CR-0671V)",2024-07,keepa_backcast_estimate,,,37.194,284507,12.115244843105655,450.61441669447174,94.9078104273838,37.194,low,global:all:all:simple_power_law,simple_power_law,[]
coway,Other,B01LYLW8P6,"CUCKOO Basic Rice Cooker 6-Cup Uncooked / 12-Cup Cooked, Versatile Rice Maker with Non-Stick Inner Pot, Easy to Use, Auto Keep Warm, White/Purple (CR-0671V)",2024-08,keepa_backcast_estimate,,,43.17,284507,12.438336768084818,536.9629982782217,97.438832091712,43.17,low,global:all:all:simple_power_law,simple_power_law,[]
coway,Other,B01LYLW8P6,"CUCKOO Basic Rice Cooker 6-Cup Uncooked / 12-Cup Cooked, Versatile Rice Maker with Non-Stick Inner Pot, Easy to Use, Auto Keep Warm, White/Purple (CR-0671V)",2024-09,keepa_backcast_estimate,,,43.42666666666667,284507,12.451378248678058,540.7218527459258,97.5409958022985,43.42666666666667,low,global:all:all:simple_power_law,simple_power_law,[]
coway,Other,B01LYLW8P6,"CUCKOO Basic Rice Cooker 6-Cup Uncooked / 12-Cup Cooked, Versatile Rice Maker with Non-Stick Inner Pot, Easy to Use, Auto Keep Warm, White/Purple (CR-0671V)",2024-10,keepa_backcast_estimate,,,46.566,284507,12.606018164602787,587.0118418528934,98.75240638583635,46.566,low,global:all:all:simple_power_law,simple_power_law,[]
coway,Other,B01LYLW8P6,"CUCKOO Basic Rice Cooker 6-Cup Uncooked / 12-Cup Cooked, Versatile Rice Maker with Non-Stick Inner Pot, Easy to Use, Auto Keep Warm, White/Purple (CR-0671V)",2024-11,keepa_backcast_estimate,,,30.928000000000004,284507,11.727637612982543,362.71237609432416,91.8713919320744,30.928000000000004,low,global:all:all:simple_power_law,simple_power_law,[]
coway,Other,B01LYLW8P6,"CUCKOO Basic Rice Cooker 6-Cup Uncooked / 12-Cup Cooked, Versatile Rice Maker with Non-Stick Inner Pot, Easy to Use, Auto Keep Warm, White/Purple (CR-0671V)",2024-12,keepa_backcast_estimate,,,33.6,284507,11.900045006912592,399.8415122322631,93.22198851277032,33.6,low,global:all:all:simple_power_law,simple_power_law,[]
coway,Other,B01LYLW8P6,"CUCKOO Basic Rice Cooker 6-Cup Uncooked / 12-Cup Cooked, Versatile Rice Maker with Non-Stick Inner Pot, Easy to Use, Auto Keep Warm, White/Purple (CR-0671V)",2025-01,keepa_backcast_estimate,,,48.12571428571429,284507,12.679709321510307,610.2200680329132,99.32968455400591,48.12571428571429,low,global:all:all:simple_power_law,simple_power_law,[]
coway,Other,B01LYLW8P6,"CUCKOO Basic Rice Cooker 6-Cup Uncooked / 12-Cup Cooked, Versatile Rice Maker with Non-Stick Inner Pot, Easy to Use, Auto Keep Warm, White/Purple (CR-0671V)",2025-02,keepa_backcast_estimate,,,30.8475,284507,11.722259676143828,361.6024053598467,91.82926251442012,30.8475,low,global:all:all:simple_power_law,simple_power_law,[]
coway,Other,B01LYLW8P6,"CUCKOO Basic Rice Cooker 6-Cup Uncooked / 12-Cup Cooked, Versatile Rice Maker with Non-Stick Inner Pot, Easy to Use, Auto Keep Warm, White/Purple (CR-0671V)",2025-03,keepa_backcast_estimate,,,40.28,284507,12.28696085183205,494.918783111795,96.252990868605,40.28,low,global:all:all:simple_power_law,simple_power_law,[]
coway,Other,B01LYLW8P6,"CUCKOO Basic Rice Cooker 6-Cup Uncooked / 12-Cup Cooked, Versatile Rice Maker with Non-Stick Inner Pot, Easy to Use, Auto Keep Warm, White/Purple (CR-0671V)",2025-04,keepa_backcast_estimate,,,53.128,284507,12.903595415857804,685.5422172536935,101.08355245142207,53.128,low,global:all:all:simple_power_law,simple_power_law,[]
coway,Other,B01LYLW8P6,"CUCKOO Basic Rice Cooker 6-Cup Uncooked / 12-Cup Cooked, Versatile Rice Maker with Non-Stick Inner Pot, Easy to Use, Auto Keep Warm, White/Purple (CR-0671V)",2025-05,keepa_backcast_estimate,,,70.70714285714287,284507,13.573871518402271,959.7696725761722,106.33432848592346,70.70714285714287,low,global:all:all:simple_power_law,simple_power_law,[]
coway,Other,B01LYLW8P6,"CUCKOO Basic Rice Cooker 6-Cup Uncooked / 12-Cup Cooked, Versatile Rice Maker with Non-Stick Inner Pot, Easy to Use, Auto Keep Warm, White/Purple (CR-0671V)",2025-06,keepa_backcast_estimate,,,61.49,284507,13.242024645258931,814.2520954369717,103.73472273836559,61.49,low,global:all:all:simple_power_law,simple_power_law,[]
coway,Other,B01LYLW8P6,"CUCKOO Basic Rice Cooker 6-Cup Uncooked / 12-Cup Cooked, Versatile Rice Maker with Non-Stick Inner Pot, Easy to Use, Auto Keep Warm, White/Purple (CR-0671V)",2025-07,keepa_backcast_estimate,,,56.088,284507,13.028077980326824,730.7188377605709,102.05871785526969,56.088,low,global:all:all:simple_power_law,simple_power_law,[]
coway,Other,B01LYLW8P6,"CUCKOO Basic Rice Cooker 6-Cup Uncooked / 12-Cup Cooked, Versatile Rice Maker with Non-Stick Inner Pot, Easy to Use, Auto Keep Warm, White/Purple (CR-0671V)",2025-08,keepa_backcast_estimate,,,52.29875,284507,12.867706107221228,672.9649447750362,100.80240454689675,52.29875,low,global:all:all:simple_power_law,simple_power_law,[]
coway,Other,B01LYLW8P6,"CUCKOO Basic Rice Cooker 6-Cup Uncooked / 12-Cup Cooked, Versatile Rice Maker with Non-Stick Inner Pot, Easy to Use, Auto Keep Warm, White/Purple (CR-0671V)",2025-09,keepa_backcast_estimate,,,55.790000000000006,284507,13.015792199159538,726.1510467911107,101.962474105756,55.790000000000006,low,global:all:all:simple_power_law,simple_power_law,[]
coway,Other,B01LYLW8P6,"CUCKOO Basic Rice Cooker 6-Cup Uncooked / 12-Cup Cooked, Versatile Rice Maker with Non-Stick Inner Pot, Easy to Use, Auto Keep Warm, White/Purple (CR-0671V)",2025-10,keepa_backcast_estimate,,,53.66125000000001,284507,12.926432956973727,693.6485505124066,101.26245606013377,53.66125000000001,low,global:all:all:simple_power_law,simple_power_law,[]
coway,Other,B01LYLW8P6,"CUCKOO Basic Rice Cooker 6-Cup Uncooked / 12-Cup Cooked, Versatile Rice Maker with Non-Stick Inner Pot, Easy to Use, Auto Keep Warm, White/Purple (CR-0671V)",2025-11,keepa_backcast_estimate,,,50.09111111111111,284507,12.769842861817951,639.6556176627521,100.03576825825186,50.09111111111111,low,global:all:all:simple_power_law,simple_power_law,[]
coway,Other,B01LYLW8P6,"CUCKOO Basic Rice Cooker 6-Cup Uncooked / 12-Cup Cooked, Versatile Rice Maker with Non-Stick Inner Pot, Easy to Use, Auto Keep Warm, White/Purple (CR-0671V)",2025-12,keepa_backcast_estimate,,,50.37375,284507,12.782566316360217,643.9057999787505,100.13544063196917,50.37375,low,global:all:all:simple_power_law,simple_power_law,[]
coway,Other,B01LYLW8P6,"CUCKOO Basic Rice Cooker 6-Cup Uncooked / 12-Cup Cooked, Versatile Rice Maker with Non-Stick Inner Pot, Easy to Use, Auto Keep Warm, White/Purple (CR-0671V)",2026-01,keepa_backcast_estimate,,,50.1125,284507,12.770807764729119,639.977104109988,100.04332706731927,50.1125,low,global:all:all:simple_power_law,simple_power_law,[]
coway,Other,B01LYLW8P6,"CUCKOO Basic Rice Cooker 6-Cup Uncooked / 12-Cup Cooked, Versatile Rice Maker with Non-Stick Inner Pot, Easy to Use, Auto Keep Warm, White/Purple (CR-0671V)",2026-02,keepa_backcast_estimate,,,45.256,284507,12.542554014611015,567.6258244852361,98.25524404249488,45.256,low,global:all:all:simple_power_law,simple_power_law,[]
coway,Other,B01LYLW8P6,"CUCKOO Basic Rice Cooker 6-Cup Uncooked / 12-Cup Cooked, Versatile Rice Maker with Non-Stick Inner Pot, Easy to Use, Auto Keep Warm, White/Purple (CR-0671V)",2026-03,keepa_backcast_estimate,,,54.65625000000001,284507,12.968554446149895,708.8125539473803,101.59242531469042,54.65625000000001,low,global:all:all:simple_power_law,simple_power_law,[]
coway,Other,B01LYLW8P6,"CUCKOO Basic Rice Cooker 6-Cup Uncooked / 12-Cup Cooked, Versatile Rice Maker with Non-Stick Inner Pot, Easy to Use, Auto Keep Warm, White/Purple (CR-0671V)",2026-04,keepa_backcast_estimate,,,56.2725,284507,13.035657708021057,733.5490483746149,102.11809555406255,56.2725,low,global:all:all:simple_power_law,simple_power_law,[]
coway,Other,B01LYLW8P6,"CUCKOO Basic Rice Cooker 6-Cup Uncooked / 12-Cup Cooked, Versatile Rice Maker with Non-Stick Inner Pot, Easy to Use, Auto Keep Warm, White/Purple (CR-0671V)",2026-05,keepa_backcast_estimate,,,49.725,284507,12.753274358672067,634.1565674849686,99.90597473150116,49.725,low,global:all:all:simple_power_law,simple_power_law,[]
coway,Other,B01LYLW8P6,"CUCKOO Basic Rice Cooker 6-Cup Uncooked / 12-Cup Cooked, Versatile Rice Maker with Non-Stick Inner Pot, Easy to Use, Auto Keep Warm, White/Purple (CR-0671V)",2026-06,keepa_backcast_estimate,,,79.99,284507,13.873934186514473,1109.7759955792926,108.68494468809902,79.99,low,global:all:all:simple_power_law,simple_power_law,[]
coway,Other,B01MQWFGKG,"CUCKOO Micom Rice Cooker 6 Cup Uncooked / 12 Cup Cooked, Fuzzy Logic Rice Maker with Delay Timer & Keep Warm Setting, Versatile Food Steamer for Cooking, Non-Stick Inner Pot, Red (CR-0655F)",2017-04,keepa_backcast_estimate,,,79.99,284507,13.873934186514473,1109.7759955792926,100.31171535400394,79.99,low,global:all:all:simple_power_law,simple_power_law,[]
coway,Other,B01MQWFGKG,"CUCKOO Micom Rice Cooker 6 Cup Uncooked / 12 Cup Cooked, Fuzzy Logic Rice Maker with Delay Timer & Keep Warm Setting, Versatile Food Steamer for Cooking, Non-Stick Inner Pot, Red (CR-0655F)",2017-10,keepa_backcast_estimate,,,79.11000000000001,284507,13.846754926015752,1095.4167821971064,100.11520308819473,79.11000000000001,low,global:all:all:simple_power_law,simple_power_law,[]
coway,Other,B01MQWFGKG,"CUCKOO Micom Rice Cooker 6 Cup Uncooked / 12 Cup Cooked, Fuzzy Logic Rice Maker with Delay Timer & Keep Warm Setting, Versatile Food Steamer for Cooking, Non-Stick Inner Pot, Red (CR-0655F)",2017-11,keepa_backcast_estimate,,,348.2283333333333,284507,17.996727281143162,6266.970346567014,130.12045178103938,348.2283333333333,low,global:all:all:simple_power_law,simple_power_law,[]
coway,Other,B01MQWFGKG,"CUCKOO Micom Rice Cooker 6 Cup Uncooked / 12 Cup Cooked, Fuzzy Logic Rice Maker with Delay Timer & Keep Warm Setting, Versatile Food Steamer for Cooking, Non-Stick Inner Pot, Red (CR-0655F)",2017-12,keepa_backcast_estimate,,,480.4542857142857,284507,19.045814071009502,9150.642995333961,137.70558906308065,480.4542857142857,low,global:all:all:simple_power_law,simple_power_law,[]
coway,Other,B01MQWFGKG,"CUCKOO Micom Rice Cooker 6 Cup Uncooked / 12 Cup Cooked, Fuzzy Logic Rice Maker with Delay Timer & Keep Warm Setting, Versatile Food Steamer for Cooking, Non-Stick Inner Pot, Red (CR-0655F)",2018-01,keepa_backcast_estimate,,,341.15999999999997,284507,17.931809569458785,6117.616152716559,129.65108188722468,341.15999999999997,low,global:all:all:simple_power_law,simple_power_law,[]
coway,Other,B01MQWFGKG,"CUCKOO Micom Rice Cooker 6 Cup Uncooked / 12 Cup Cooked, Fuzzy Logic Rice Maker with Delay Timer & Keep Warm Setting, Versatile Food Steamer for Cooking, Non-Stick Inner Pot, Red (CR-0655F)",2018-02,keepa_backcast_estimate,,,97.01285714285713,284507,14.356641401963447,1392.778801379908,103.8017988547969,97.01285714285713,low,global:all:all:simple_power_law,simple_power_law,[]
coway,Other,B01MQWFGKG,"CUCKOO Micom Rice Cooker 6 Cup Uncooked / 12 Cup Cooked, Fuzzy Logic Rice Maker with Delay Timer & Keep Warm Setting, Versatile Food Steamer for Cooking, Non-Stick Inner Pot, Red (CR-0655F)",2018-03,keepa_backcast_estimate,,,106.31,284507,14.591400026260695,1551.2117367917745,105.49915736758939,106.31,low,global:all:all:simple_power_law,simple_power_law,[]
coway,Other,B01MQWFGKG,"CUCKOO Micom Rice Cooker 6 Cup Uncooked / 12 Cup Cooked, Fuzzy Logic Rice Maker with Delay Timer & Keep Warm Setting, Versatile Food Steamer for Cooking, Non-Stick Inner Pot, Red (CR-0655F)",2018-04,keepa_backcast_estimate,,,105.58666666666666,284507,14.57375619844581,1538.794337806565,105.37158845961214,105.58666666666666,low,global:all:all:simple_power_law,simple_power_law,[]
coway,Other,B01MQWFGKG,"CUCKOO Micom Rice Cooker 6 Cup Uncooked / 12 Cup Cooked, Fuzzy Logic Rice Maker with Delay Timer & Keep Warm Setting, Versatile Food Steamer for Cooking, Non-Stick Inner Pot, Red (CR-0655F)",2018-05,keepa_backcast_estimate,,,89.67333333333333,284507,14.157833275603647,1269.5801026009644,102.36437065935024,89.67333333333333,low,global:all:all:simple_power_law,simple_power_law,[]
coway,Other,B01MQWFGKG,"CUCKOO Micom Rice Cooker 6 Cup Uncooked / 12 Cup Cooked, Fuzzy Logic Rice Maker with Delay Timer & Keep Warm Setting, Versatile Food Steamer for Cooking, Non-Stick Inner Pot, Red (CR-0655F)",2018-06,keepa_backcast_estimate,,,99.28999999999999,284507,14.415801552021607,1431.3449361002254,104.22954026203975,99.28999999999999,low,global:all:all:simple_power_law,simple_power_law,[]
coway,Other,B01MQWFGKG,"CUCKOO Micom Rice Cooker 6 Cup Uncooked / 12 Cup Cooked, Fuzzy Logic Rice Maker with Delay Timer & Keep Warm Setting, Versatile Food Steamer for Cooking, Non-Stick Inner Pot, Red (CR-0655F)",2018-07,keepa_backcast_estimate,,,108.44,284507,14.642786843706489,1587.8638053315317,105.87069580328277,108.44,low,global:all:all:simple_power_law,simple_power_law,[]
coway,Other,B01MQWFGKG,"CUCKOO Micom Rice Cooker 6 Cup Uncooked / 12 Cup Cooked, Fuzzy Logic Rice Maker with Delay Timer & Keep Warm Setting, Versatile Food Steamer for Cooking, Non-Stick Inner Pot, Red (CR-0655F)",2018-08,keepa_backcast_estimate,,,130.30875,284507,15.12721537915146,1971.2085270380028,109.37322484109143,130.30875,low,global:all:all:simple_power_law,simple_power_law,[]
coway,Other,B01MQWFGKG,"CUCKOO Micom Rice Cooker 6 Cup Uncooked / 12 Cup Cooked, Fuzzy Logic Rice Maker with Delay Timer & Keep Warm Setting, Versatile Food Steamer for Cooking, Non-Stick Inner Pot, Red (CR-0655F)",2018-09,keepa_backcast_estimate,,,101.19200000000001,284507,14.464364334506838,1463.6779557374161,104.58066027947443,101.19200000000001,low,global:all:all:simple_power_law,simple_power_law,[]
coway,Other,B01MQWFGKG,"CUCKOO Micom Rice Cooker 6 Cup Uncooked / 12 Cup Cooked, Fuzzy Logic Rice Maker with Delay Timer & Keep Warm Setting, Versatile Food Steamer for Cooking, Non-Stick Inner Pot, Red (CR-0655F)",2018-10,keepa_backcast_estimate,,,119.59,284507,14.89893673072702,1781.7638436276443,107.72271803499692,119.59,low,global:all:all:simple_power_law,simple_power_law,[]
coway,Other,B01MQWFGKG,"CUCKOO Micom Rice Cooker 6 Cup Uncooked / 12 Cup Cooked, Fuzzy Logic Rice Maker with Delay Timer & Keep Warm Setting, Versatile Food Steamer for Cooking, Non-Stick Inner Pot, Red (CR-0655F)",2018-11,keepa_backcast_estimate,,,109.3725,284507,14.665021943902774,1603.9501125595061,106.03146066001142,109.3725,low,global:all:all:simple_power_law,simple_power_law,[]
coway,Other,B01MQWFGKG,"CUCKOO Micom Rice Cooker 6 Cup Uncooked / 12 Cup Cooked, Fuzzy Logic Rice Maker with Delay Timer & Keep Warm Setting, Versatile Food Steamer for Cooking, Non-Stick Inner Pot, Red (CR-0655F)",2018-12,keepa_backcast_estimate,,,114.91375,284507,14.794015148613328,1700.0357582839647,106.96411101423489,114.91375,low,global:all:all:simple_power_law,simple_power_law,[]
coway,Other,B01MQWFGKG,"CUCKOO Micom Rice Cooker 6 Cup Uncooked / 12 Cup Cooked, Fuzzy Logic Rice Maker with Delay Timer & Keep Warm Setting, Versatile Food Steamer for Cooking, Non-Stick Inner Pot, Red (CR-0655F)",2019-01,keepa_backcast_estimate,,,88.21249999999999,284507,14.11667307442902,1245.2670235780697,102.06677299681009,88.21249999999999,low,global:all:all:simple_power_law,simple_power_law,[]
coway,Other,B01MQWFGKG,"CUCKOO Micom Rice Cooker 6 Cup Uncooked / 12 Cup Cooked, Fuzzy Logic Rice Maker with Delay Timer & Keep Warm Setting, Versatile Food Steamer for Cooking, Non-Stick Inner Pot, Red (CR-0655F)",2019-02,keepa_backcast_estimate,,,112.99,284507,14.74982612154439,1666.5828534733005,106.64461424817566,112.99,low,global:all:all:simple_power_law,simple_power_law,[]
coway,Other,B01MQWFGKG,"CUCKOO Micom Rice Cooker 6 Cup Uncooked / 12 Cup Cooked, Fuzzy Logic Rice Maker with Delay Timer & Keep Warm Setting, Versatile Food Steamer for Cooking, Non-Stick Inner Pot, Red (CR-0655F)",2019-03,keepa_backcast_estimate,,,144.495,284507,15.406590635185085,2226.1753138310687,111.39317179942691,144.495,low,global:all:all:simple_power_law,simple_power_law,[]
coway,Other,B01MQWFGKG,"CUCKOO Micom Rice Cooker 6 Cup Uncooked / 12 Cup Cooked, Fuzzy Logic Rice Maker with Delay Timer & Keep Warm Setting, Versatile Food Steamer for Cooking, Non-Stick Inner Pot, Red (CR-0655F)",2019-04,keepa_backcast_estimate,,,91.715,284507,14.214443562556221,1303.677691339844,102.77367597351375,91.715,low,global:all:all:simple_power_law,simple_power_law,[]
coway,Other,B01MQWFGKG,"CUCKOO Micom Rice Cooker 6 Cup Uncooked / 12 Cup Cooked, Fuzzy Logic Rice Maker with Delay Timer & Keep Warm Setting, Versatile Food Steamer for Cooking, Non-Stick Inner Pot, Red (CR-0655F)",2019-07,keepa_backcast_estimate,,,78.4325,284507,13.825660108645932,1084.381086471372,99.96268273693755,78.4325,low,global:all:all:simple_power_law,simple_power_law,[]
coway,Other,B01MQWFGKG,"CUCKOO Micom Rice Cooker 6 Cup Uncooked / 12 Cup Cooked, Fuzzy Logic Rice Maker with Delay Timer & Keep Warm Setting, Versatile Food Steamer for Cooking, Non-Stick Inner Pot, Red (CR-0655F)",2019-08,keepa_backcast_estimate,,,82.295,284507,13.943977288436901,1147.5196109519147,100.81814299075774,82.295,low,global:all:all:simple_power_law,simple_power_law,[]
coway,Other,B01MQWFGKG,"CUCKOO Micom Rice Cooker 6 Cup Uncooked / 12 Cup Cooked, Fuzzy Logic Rice Maker with Delay Timer & Keep Warm Setting, Versatile Food Steamer for Cooking, Non-Stick Inner Pot, Red (CR-0655F)",2019-09,keepa_backcast_estimate,,,89.99,284507,14.166682736376117,1274.8597794464868,102.42835428346943,89.99,low,global:all:all:simple_power_law,simple_power_law,[]
coway,Other,B01MQWFGKG,"CUCKOO Micom Rice Cooker 6 Cup Uncooked / 12 Cup Cooked, Fuzzy Logic Rice Maker with Delay Timer & Keep Warm Setting, Versatile Food Steamer for Cooking, Non-Stick Inner Pot, Red (CR-0655F)",2019-10,keepa_backcast_estimate,,,101.49,284507,14.471904697915907,1468.7536077914854,104.63517883043394,101.49,low,global:all:all:simple_power_law,simple_power_law,[]
coway,Other,B01MQWFGKG,"CUCKOO Micom Rice Cooker 6 Cup Uncooked / 12 Cup Cooked, Fuzzy Logic Rice Maker with Delay Timer & Keep Warm Setting, Versatile Food Steamer for Cooking, Non-Stick Inner Pot, Red (CR-0655F)",2019-11,keepa_backcast_estimate,,,108.5975,284507,14.646553413281046,1590.5790842987883,105.89792896223716,108.5975,low,global:all:all:simple_power_law,simple_power_law,[]
coway,Other,B01MQWFGKG,"CUCKOO Micom Rice Cooker 6 Cup Uncooked / 12 Cup Cooked, Fuzzy Logic Rice Maker with Delay Timer & Keep Warm Setting, Versatile Food Steamer for Cooking, Non-Stick Inner Pot, Red (CR-0655F)",2019-12,keepa_backcast_estimate,,,86.345,284507,14.063229506121479,1214.289551706059,101.6803637822717,86.345,low,global:all:all:simple_power_law,simple_power_law,[]
coway,Other,B01MQWFGKG,"CUCKOO Micom Rice Cooker 6 Cup Uncooked / 12 Cup Cooked, Fuzzy Logic Rice Maker with Delay Timer & Keep Warm Setting, Versatile Food Steamer for Cooking, Non-Stick Inner Pot, Red (CR-0655F)",2020-01,keepa_backcast_estimate,,,78.46333333333332,284507,13.826623390876371,1084.8829599927963,99.96964748764245,78.46333333333332,low,global:all:all:simple_power_law,simple_power_law,[]
coway,Other,B01MQWFGKG,"CUCKOO Micom Rice Cooker 6 Cup Uncooked / 12 Cup Cooked, Fuzzy Logic Rice Maker with Delay Timer & Keep Warm Setting, Versatile Food Steamer for Cooking, Non-Stick Inner Pot, Red (CR-0655F)",2020-02,keepa_backcast_estimate,,,72.47666666666666,284507,13.633470466298178,988.1084944957375,98.5731076936946,72.47666666666666,low,global:all:all:simple_power_law,simple_power_law,[]
coway,Other,B01MQWFGKG,"CUCKOO Micom Rice Cooker 6 Cup Uncooked / 12 Cup Cooked, Fuzzy Logic Rice Maker with Delay Timer & Keep Warm Setting, Versatile Food Steamer for Cooking, Non-Stick Inner Pot, Red (CR-0655F)",2020-03,keepa_backcast_estimate,,,79.4325,284507,13.856744231847058,1100.6758361961915,100.18742805262536,79.4325,low,global:all:all:simple_power_law,simple_power_law,[]
coway,Other,B01MQWFGKG,"CUCKOO Micom Rice Cooker 6 Cup Uncooked / 12 Cup Cooked, Fuzzy Logic Rice Maker with Delay Timer & Keep Warm Setting, Versatile Food Steamer for Cooking, Non-Stick Inner Pot, Red (CR-0655F)",2020-04,keepa_backcast_estimate,,,85.74333333333334,284507,14.045808538396354,1204.3344434438982,101.55440620368287,85.74333333333334,low,global:all:all:simple_power_law,simple_power_law,[]
coway,Other,B01MQWFGKG,"CUCKOO Micom Rice Cooker 6 Cup Uncooked / 12 Cup Cooked, Fuzzy Logic Rice Maker with Delay Timer & Keep Warm Setting, Versatile Food Steamer for Cooking, Non-Stick Inner Pot, Red (CR-0655F)",2020-05,keepa_backcast_estimate,,,78.29,284507,13.821204134338245,1082.0620716773412,99.93046502418439,78.29,low,global:all:all:simple_power_law,simple_power_law,[]
coway,Other,B01MQWFGKG,"CUCKOO Micom Rice Cooker 6 Cup Uncooked / 12 Cup Cooked, Fuzzy Logic Rice Maker with Delay Timer & Keep Warm Setting, Versatile Food Steamer for Cooking, Non-Stick Inner Pot, Red (CR-0655F)",2020-06,keepa_backcast_estimate,,,99.12875000000001,284507,14.411649273184421,1428.6087778891804,104.19951833695443,99.12875000000001,low,global:all:all:simple_power_law,simple_power_law,[]
coway,Other,B01MQWFGKG,"CUCKOO Micom Rice Cooker 6 Cup Uncooked / 12 Cup Cooked, Fuzzy Logic Rice Maker with Delay Timer & Keep Warm Setting, Versatile Food Steamer for Cooking, Non-Stick Inner Pot, Red (CR-0655F)",2020-07,keepa_backcast_estimate,,,110.95125000000002,284507,14.702312567524306,1631.2399572575314,106.30108039236768,110.95125000000002,low,global:all:all:simple_power_law,simple_power_law,[]
coway,Other,B01MQWFGKG,"CUCKOO Micom Rice Cooker 6 Cup Uncooked / 12 Cup Cooked, Fuzzy Logic Rice Maker with Delay Timer & Keep Warm Setting, Versatile Food Steamer for Cooking, Non-Stick Inner Pot, Red (CR-0655F)",2020-08,keepa_backcast_estimate,,,105.57333333333335,284507,14.573430032003806,1538.5655865787487,105.36923020168409,105.57333333333335,low,global:all:all:simple_power_law,simple_power_law,[]
coway,Other,B01MQWFGKG,"CUCKOO Micom Rice Cooker 6 Cup Uncooked / 12 Cup Cooked, Fuzzy Logic Rice Maker with Delay Timer & Keep Warm Setting, Versatile Food Steamer for Cooking, Non-Stick Inner Pot, Red (CR-0655F)",2020-09,keepa_backcast_estimate,,,87.71333333333332,284507,14.102479970124064,1236.9755264461485,101.96415360854655,87.71333333333332,low,global:all:all:simple_power_law,simple_power_law,[]
coway,Other,B01MQWFGKG,"CUCKOO Micom Rice Cooker 6 Cup Uncooked / 12 Cup Cooked, Fuzzy Logic Rice Maker with Delay Timer & Keep Warm Setting, Versatile Food Steamer for Cooking, Non-Stick Inner Pot, Red (CR-0655F)",2020-10,keepa_backcast_estimate,,,93.56642857142859,284507,14.264888649913317,1334.7146849414967,103.13840548541322,93.56642857142859,low,global:all:all:simple_power_law,simple_power_law,[]
coway,Other,B01MQWFGKG,"CUCKOO Micom Rice Cooker 6 Cup Uncooked / 12 Cup Cooked, Fuzzy Logic Rice Maker with Delay Timer & Keep Warm Setting, Versatile Food Steamer for Cooking, Non-Stick Inner Pot, Red (CR-0655F)",2020-11,keepa_backcast_estimate,,,95.70904761904761,284507,14.32225135565153,1370.7690370100213,103.55315095937836,95.70904761904761,low,global:all:all:simple_power_law,simple_power_law,[]
coway,Other,B01MQWFGKG,"CUCKOO Micom Rice Cooker 6 Cup Uncooked / 12 Cup Cooked, Fuzzy Logic Rice Maker with Delay Timer & Keep Warm Setting, Versatile Food Steamer for Cooking, Non-Stick Inner Pot, Red (CR-0655F)",2020-12,keepa_backcast_estimate,,,105.97666666666669,284507,14.583281571143514,1545.4875699712195,105.44045908144497,105.97666666666669,low,global:all:all:simple_power_law,simple_power_law,[]
coway,Other,B01MQWFGKG,"CUCKOO Micom Rice Cooker 6 Cup Uncooked / 12 Cup Cooked, Fuzzy Logic Rice Maker with Delay Timer & Keep Warm Setting, Versatile Food Steamer for Cooking, Non-Stick Inner Pot, Red (CR-0655F)",2021-01,keepa_backcast_estimate,,,114.86318181818181,284507,14.792861426410726,1699.1551316329835,106.95576933900209,114.86318181818181,low,global:all:all:simple_power_law,simple_power_law,[]
coway,Other,B01MQWFGKG,"CUCKOO Micom Rice Cooker 6 Cup Uncooked / 12 Cup Cooked, Fuzzy Logic Rice Maker with Delay Timer & Keep Warm Setting, Versatile Food Steamer for Cooking, Non-Stick Inner Pot, Red (CR-0655F)",2021-02,keepa_backcast_estimate,,,110.60533333333332,284507,14.694179527322067,1625.2546246792995,106.24227665272454,110.60533333333332,low,global:all:all:simple_power_law,simple_power_law,[]
coway,Other,B01MQWFGKG,"CUCKOO Micom Rice Cooker 6 Cup Uncooked / 12 Cup Cooked, Fuzzy Logic Rice Maker with Delay Timer & Keep Warm Setting, Versatile Food Steamer for Cooking, Non-Stick Inner Pot, Red (CR-0655F)",2021-03,keepa_backcast_estimate,,,102.145,284507,14.4884143739362,1479.919086225713,104.75454756170154,102.145,low,global:all:all:simple_power_law,simple_power_law,[]
coway,Other,B01MQWFGKG,"CUCKOO Micom Rice Cooker 6 Cup Uncooked / 12 Cup Cooked, Fuzzy Logic Rice Maker with Delay Timer & Keep Warm Setting, Versatile Food Steamer for Cooking, Non-Stick Inner Pot, Red (CR-0655F)",2021-04,keepa_backcast_estimate,,,94.894,284507,14.300556598663066,1357.0370178735332,103.39629290754931,94.894,low,global:all:all:simple_power_law,simple_power_law,[]
coway,Other,B01MQWFGKG,"CUCKOO Micom Rice Cooker 6 Cup Uncooked / 12 Cup Cooked, Fuzzy Logic Rice Maker with Delay Timer & Keep Warm Setting, Versatile Food Steamer for Cooking, Non-Stick Inner Pot, Red (CR-0655F)",2021-05,keepa_backcast_estimate,,,90.29666666666667,284507,14.175228333797818,1279.9758677808304,102.49014090610808,90.29666666666667,low,global:all:all:simple_power_law,simple_power_law,[]
coway,Other,B01MQWFGKG,"CUCKOO Micom Rice Cooker 6 Cup Uncooked / 12 Cup Cooked, Fuzzy Logic Rice Maker with Delay Timer & Keep Warm Setting, Versatile Food Steamer for Cooking, Non-Stick Inner Pot, Red (CR-0655F)",2021-06,keepa_backcast_estimate,,,85.41307692307693,284507,14.036203314268777,1198.8753133895864,101.48495823776031,85.41307692307693,low,global:all:all:simple_power_law,simple_power_law,[]
coway,Other,B01MQWFGKG,"CUCKOO Micom Rice Cooker 6 Cup Uncooked / 12 Cup Cooked, Fuzzy Logic Rice Maker with Delay Timer & Keep Warm Setting, Versatile Food Steamer for Cooking, Non-Stick Inner Pot, Red (CR-0655F)",2021-07,keepa_backcast_estimate,,,85.09400000000001,284507,14.026894162375351,1193.6045318531683,101.41765094176432,85.09400000000001,low,global:all:all:simple_power_law,simple_power_law,[]
coway,Other,B01MQWFGKG,"CUCKOO Micom Rice Cooker 6 Cup Uncooked / 12 Cup Cooked, Fuzzy Logic Rice Maker with Delay Timer & Keep Warm Setting, Versatile Food Steamer for Cooking, Non-Stick Inner Pot, Red (CR-0655F)",2021-08,keepa_backcast_estimate,,,86.42666666666666,284507,14.0655864179046,1215.6417488114348,101.69740479318644,86.42666666666666,low,global:all:all:simple_power_law,simple_power_law,[]
coway,Other,B01MQWFGKG,"CUCKOO Micom Rice Cooker 6 Cup Uncooked / 12 Cup Cooked, Fuzzy Logic Rice Maker with Delay Timer & Keep Warm Setting, Versatile Food Steamer for Cooking, Non-Stick Inner Pot, Red (CR-0655F)",2021-09,keepa_backcast_estimate,,,85.47,284507,14.037861050598156,1199.8159839946245,101.49694405033296,85.47,low,global:all:all:simple_power_law,simple_power_law,[]
coway,Other,B01MQWFGKG,"CUCKOO Micom Rice Cooker 6 Cup Uncooked / 12 Cup Cooked, Fuzzy Logic Rice Maker with Delay Timer & Keep Warm Setting, Versatile Food Steamer for Cooking, Non-Stick Inner Pot, Red (CR-0655F)",2021-10,keepa_backcast_estimate,,,75.91304347826087,284507,13.745875482724085,1043.4912431667935,99.38582165503352,75.91304347826087,low,global:all:all:simple_power_law,simple_power_law,[]
coway,Other,B01MQWFGKG,"CUCKOO Micom Rice Cooker 6 Cup Uncooked / 12 Cup Cooked, Fuzzy Logic Rice Maker with Delay Timer & Keep Warm Setting, Versatile Food Steamer for Cooking, Non-Stick Inner Pot, Red (CR-0655F)",2021-11,keepa_backcast_estimate,,,103.76538461538463,284507,14.528885183475396,1507.5953590960876,105.04716076514227,103.76538461538463,low,global:all:all:simple_power_law,simple_power_law,[]
coway,Other,B01MQWFGKG,"CUCKOO Micom Rice Cooker 6 Cup Uncooked / 12 Cup Cooked, Fuzzy Logic Rice Maker with Delay Timer & Keep Warm Setting, Versatile Food Steamer for Cooking, Non-Stick Inner Pot, Red (CR-0655F)",2021-12,keepa_backcast_estimate,,,103.68588235294118,284507,14.526911731212738,1506.235660714085,105.03289225420838,103.68588235294118,low,global:all:all:simple_power_law,simple_power_law,[]
coway,Other,B01MQWFGKG,"CUCKOO Micom Rice Cooker 6 Cup Uncooked / 12 Cup Cooked, Fuzzy Logic Rice Maker with Delay Timer & Keep Warm Setting, Versatile Food Steamer for Cooking, Non-Stick Inner Pot, Red (CR-0655F)",2022-01,keepa_backcast_estimate,,,107.77823529411766,284507,14.626911432711493,1576.462702020999,105.75591295312296,107.77823529411766,low,global:all:all:simple_power_law,simple_power_law,[]
coway,Other,B01MQWFGKG,"CUCKOO Micom Rice Cooker 6 Cup Uncooked / 12 Cup Cooked, Fuzzy Logic Rice Maker with Delay Timer & Keep Warm Setting, Versatile Food Steamer for Cooking, Non-Stick Inner Pot, Red (CR-0655F)",2022-02,keepa_backcast_estimate,,,80.83555555555556,284507,13.899818961115113,1123.5995878433853,100.49886819088749,80.83555555555556,low,global:all:all:simple_power_law,simple_power_law,[]
coway,Other,B01MQWFGKG,"CUCKOO Micom Rice Cooker 6 Cup Uncooked / 12 Cup Cooked, Fuzzy Logic Rice Maker with Delay Timer & Keep Warm Setting, Versatile Food Steamer for Cooking, Non-Stick Inner Pot, Red (CR-0655F)",2022-03,keepa_backcast_estimate,,,68.1275,284507,13.484754671732853,918.68262389848,97.49785850679982,68.1275,low,global:all:all:simple_power_law,simple_power_law,[]
coway,Other,B01MQWFGKG,"CUCKOO Micom Rice Cooker 6 Cup Uncooked / 12 Cup Cooked, Fuzzy Logic Rice Maker with Delay Timer & Keep Warm Setting, Versatile Food Steamer for Cooking, Non-Stick Inner Pot, Red (CR-0655F)",2022-04,keepa_backcast_estimate,,,65.32199999999999,284507,13.384635262097882,874.3111445907577,96.77397229069854,65.32199999999999,low,global:all:all:simple_power_law,simple_power_law,[]
coway,Other,B01MQWFGKG,"CUCKOO Micom Rice Cooker 6 Cup Uncooked / 12 Cup Cooked, Fuzzy Logic Rice Maker with Delay Timer & Keep Warm Setting, Versatile Food Steamer for Cooking, Non-Stick Inner Pot, Red (CR-0655F)",2022-05,keepa_backcast_estimate,,,69.50857142857141,284507,13.532803253685989,940.6458215876362,97.8452607368559,69.50857142857141,low,global:all:all:simple_power_law,simple_power_law,[]
coway,Other,B01MQWFGKG,"CUCKOO Micom Rice Cooker 6 Cup Uncooked / 12 Cup Cooked, Fuzzy Logic Rice Maker with Delay Timer & Keep Warm Setting, Versatile Food Steamer for Cooking, Non-Stick Inner Pot, Red (CR-0655F)",2022-06,keepa_backcast_estimate,,,74.75500000000001,284507,13.708471172850071,1024.7767625264073,99.11537994508639,74.75500000000001,low,global:all:all:simple_power_law,simple_power_law,[]
coway,Other,B01MQWFGKG,"CUCKOO Micom Rice Cooker 6 Cup Uncooked / 12 Cup Cooked, Fuzzy Logic Rice Maker with Delay Timer & Keep Warm Setting, Versatile Food Steamer for Cooking, Non-Stick Inner Pot, Red (CR-0655F)",2022-07,keepa_backcast_estimate,,,73.773,284507,13.676378116145838,1008.9474427624268,98.8833398095577,73.773,low,global:all:all:simple_power_law,simple_power_law,[]
coway,Other,B01MQWFGKG,"CUCKOO Micom Rice Cooker 6 Cup Uncooked / 12 Cup Cooked, Fuzzy Logic Rice Maker with Delay Timer & Keep Warm Setting, Versatile Food Steamer for Cooking, Non-Stick Inner Pot, Red (CR-0655F)",2022-08,keepa_backcast_estimate,,,80.315,284507,13.883909830009863,1115.086217997242,100.3838415366231,80.315,low,global:all:all:simple_power_law,simple_power_law,[]
coway,Other,B01MQWFGKG,"CUCKOO Micom Rice Cooker 6 Cup Uncooked / 12 Cup Cooked, Fuzzy Logic Rice Maker with Delay Timer & Keep Warm Setting, Versatile Food Steamer for Cooking, Non-Stick Inner Pot, Red (CR-0655F)",2022-09,keepa_backcast_estimate,,,61.85,284507,13.255727530088535,819.8667477359759,95.84193992364142,61.85,low,global:all:all:simple_power_law,simple_power_law,[]
coway,Other,B01MQWFGKG,"CUCKOO Micom Rice Cooker 6 Cup Uncooked / 12 Cup Cooked, Fuzzy Logic Rice Maker with Delay Timer & Keep Warm Setting, Versatile Food Steamer for Cooking, Non-Stick Inner Pot, Red (CR-0655F)",2022-10,keepa_backcast_estimate,,,63.31777777777778,284507,13.310928767425375,842.8184297116694,96.24105748701463,63.31777777777778,low,global:all:all:simple_power_law,simple_power_law,[]
coway,Other,B01MQWFGKG,"CUCKOO Micom Rice Cooker 6 Cup Uncooked / 12 Cup Cooked, Fuzzy Logic Rice Maker with Delay Timer & Keep Warm Setting, Versatile Food Steamer for Cooking, Non-Stick Inner Pot, Red (CR-0655F)",2022-11,keepa_backcast_estimate,,,68.98249999999999,284507,13.514593980195544,932.2704792388389,97.71360352739961,68.98249999999999,low,global:all:all:simple_power_law,simple_power_law,[]
coway,Other,B01MQWFGKG,"CUCKOO Micom Rice Cooker 6 Cup Uncooked / 12 Cup Cooked, Fuzzy Logic Rice Maker with Delay Timer & Keep Warm Setting, Versatile Food Steamer for Cooking, Non-Stick Inner Pot, Red (CR-0655F)",2022-12,keepa_backcast_estimate,,,74.08600000000001,284507,13.686645275986052,1013.9888019167029,98.95757372198224,74.08600000000001,low,global:all:all:simple_power_law,simple_power_law,[]
coway,Other,B01MQWFGKG,"CUCKOO Micom Rice Cooker 6 Cup Uncooked / 12 Cup Cooked, Fuzzy Logic Rice Maker with Delay Timer & Keep Warm Setting, Versatile Food Steamer for Cooking, Non-Stick Inner Pot, Red (CR-0655F)",2023-01,keepa_backcast_estimate,,,64.67055555555554,284507,13.360883875859432,864.0557829650936,96.60224433930532,64.67055555555554,low,global:all:all:simple_power_law,simple_power_law,[]
coway,Other,B01MQWFGKG,"CUCKOO Micom Rice Cooker 6 Cup Uncooked / 12 Cup Cooked, Fuzzy Logic Rice Maker with Delay Timer & Keep Warm Setting, Versatile Food Steamer for Cooking, Non-Stick Inner Pot, Red (CR-0655F)",2023-02,keepa_backcast_estimate,,,70.4392857142857,284507,13.564743436182466,955.4908385422383,98.07619555691983,70.4392857142857,low,global:all:all:simple_power_law,simple_power_law,[]
coway,Other,B01MQWFGKG,"CUCKOO Micom Rice Cooker 6 Cup Uncooked / 12 Cup Cooked, Fuzzy Logic Rice Maker with Delay Timer & Keep Warm Setting, Versatile Food Steamer for Cooking, Non-Stick Inner Pot, Red (CR-0655F)",2023-03,keepa_backcast_estimate,,,79.47818181818182,284507,13.858156509971451,1101.421082764331,100.1976391462712,79.47818181818182,low,global:all:all:simple_power_law,simple_power_law,[]
coway,Other,B01MQWFGKG,"CUCKOO Micom Rice Cooker 6 Cup Uncooked / 12 Cup Cooked, Fuzzy Logic Rice Maker with Delay Timer & Keep Warm Setting, Versatile Food Steamer for Cooking, Non-Stick Inner Pot, Red (CR-0655F)",2023-04,keepa_backcast_estimate,,,76.78299999999999,284507,13.77366748599632,1057.5835105772553,99.58676419115076,76.78299999999999,low,global:all:all:simple_power_law,simple_power_law,[]
coway,Other,B01MQWFGKG,"CUCKOO Micom Rice Cooker 6 Cup Uncooked / 12 Cup Cooked, Fuzzy Logic Rice Maker with Delay Timer & Keep Warm Setting, Versatile Food Steamer for Cooking, Non-Stick Inner Pot, Red (CR-0655F)",2023-05,keepa_backcast_estimate,,,58.665,284507,13.132151094196642,770.397643941046,94.94845404609566,58.665,low,global:all:all:simple_power_law,simple_power_law,[]
coway,Other,B01MQWFGKG,"CUCKOO Micom Rice Cooker 6 Cup Uncooked / 12 Cup Cooked, Fuzzy Logic Rice Maker with Delay Timer & Keep Warm Setting, Versatile Food Steamer for Cooking, Non-Stick Inner Pot, Red (CR-0655F)",2023-06,keepa_backcast_estimate,,,57.384,284507,13.080895555203254,750.6341105397835,94.57786478361967,57.384,low,global:all:all:simple_power_law,simple_power_law,[]
coway,Other,B01MQWFGKG,"CUCKOO Micom Rice Cooker 6 Cup Uncooked / 12 Cup Cooked, Fuzzy Logic Rice Maker with Delay Timer & Keep Warm Setting, Versatile Food Steamer for Cooking, Non-Stick Inner Pot, Red (CR-0655F)",2023-07,keepa_backcast_estimate,,,59.531000000000006,284507,13.166284926164796,783.8021079395165,95.1952494532455,59.531000000000006,low,global:all:all:simple_power_law,simple_power_law,[]
coway,Other,B01MQWFGKG,"CUCKOO Micom Rice Cooker 6 Cup Uncooked / 12 Cup Cooked, Fuzzy Logic Rice Maker with Delay Timer & Keep Warm Setting, Versatile Food Steamer for Cooking, Non-Stick Inner Pot, Red (CR-0655F)",2023-08,keepa_backcast_estimate,,,64.48666666666666,284507,13.354143870740744,861.1642244111681,96.55351256172435,64.48666666666666,low,global:all:all:simple_power_law,simple_power_law,[]
coway,Other,B01MQWFGKG,"CUCKOO Micom Rice Cooker 6 Cup Uncooked / 12 Cup Cooked, Fuzzy Logic Rice Maker with Delay Timer & Keep Warm Setting, Versatile Food Steamer for Cooking, Non-Stick Inner Pot, Red (CR-0655F)",2023-09,keepa_backcast_estimate,,,66.33571428571427,284507,13.42121138823662,890.305644018239,97.03842604294046,66.33571428571427,low,global:all:all:simple_power_law,simple_power_law,[]
coway,Other,B01MQWFGKG,"CUCKOO Micom Rice Cooker 6 Cup Uncooked / 12 Cup Cooked, Fuzzy Logic Rice Maker with Delay Timer & Keep Warm Setting, Versatile Food Steamer for Cooking, Non-Stick Inner Pot, Red (CR-0655F)",2023-10,keepa_backcast_estimate,,,66.29285714285714,284507,13.419674359395946,889.6285552110984,97.02731297310146,66.29285714285714,low,global:all:all:simple_power_law,simple_power_law,[]
coway,Other,B01MQWFGKG,"CUCKOO Micom Rice Cooker 6 Cup Uncooked / 12 Cup Cooked, Fuzzy Logic Rice Maker with Delay Timer & Keep Warm Setting, Versatile Food Steamer for Cooking, Non-Stick Inner Pot, Red (CR-0655F)",2023-11,keepa_backcast_estimate,,,63.47083333333333,284507,13.31662442010706,845.2172491312118,96.28223835776689,63.47083333333333,low,global:all:all:simple_power_law,simple_power_law,[]
coway,Other,B01MQWFGKG,"CUCKOO Micom Rice Cooker 6 Cup Uncooked / 12 Cup Cooked, Fuzzy Logic Rice Maker with Delay Timer & Keep Warm Setting, Versatile Food Steamer for Cooking, Non-Stick Inner Pot, Red (CR-0655F)",2023-12,keepa_backcast_estimate,,,72.7425,284507,13.642320432421704,992.3764940554358,98.63709497161743,72.7425,low,global:all:all:simple_power_law,simple_power_law,[]
coway,Other,B01MQWFGKG,"CUCKOO Micom Rice Cooker 6 Cup Uncooked / 12 Cup Cooked, Fuzzy Logic Rice Maker with Delay Timer & Keep Warm Setting, Versatile Food Steamer for Cooking, Non-Stick Inner Pot, Red (CR-0655F)",2024-01,keepa_backcast_estimate,,,70.88000000000001,284507,13.579747113769193,962.5324754239605,98.18467557528447,70.88000000000001,low,global:all:all:simple_power_law,simple_power_law,[]
coway,Other,B01MQWFGKG,"CUCKOO Micom Rice Cooker 6 Cup Uncooked / 12 Cup Cooked, Fuzzy Logic Rice Maker with Delay Timer & Keep Warm Setting, Versatile Food Steamer for Cooking, Non-Stick Inner Pot, Red (CR-0655F)",2024-02,keepa_backcast_estimate,,,80.989375,284507,13.904503836672635,1126.1170754172188,100.53274091199727,80.989375,low,global:all:all:simple_power_law,simple_power_law,[]
coway,Other,B01MQWFGKG,"CUCKOO Micom Rice Cooker 6 Cup Uncooked / 12 Cup Cooked, Fuzzy Logic Rice Maker with Delay Timer & Keep Warm Setting, Versatile Food Steamer for Cooking, Non-Stick Inner Pot, Red (CR-0655F)",2024-03,keepa_backcast_estimate,,,75.12199999999999,284507,13.72037634176062,1030.702111545741,99.20145703749158,75.12199999999999,low,global:all:all:simple_power_law,simple_power_law,[]
coway,Other,B01MQWFGKG,"CUCKOO Micom Rice Cooker 6 Cup Uncooked / 12 Cup Cooked, Fuzzy Logic Rice Maker with Delay Timer & Keep Warm Setting, Versatile Food Steamer for Cooking, Non-Stick Inner Pot, Red (CR-0655F)",2024-04,keepa_backcast_estimate,,,57.61333333333333,284507,13.090140024919837,754.1666006357148,94.64470441269258,57.61333333333333,low,global:all:all:simple_power_law,simple_power_law,[]
coway,Other,B01MQWFGKG,"CUCKOO Micom Rice Cooker 6 Cup Uncooked / 12 Cup Cooked, Fuzzy Logic Rice Maker with Delay Timer & Keep Warm Setting, Versatile Food Steamer for Cooking, Non-Stick Inner Pot, Red (CR-0655F)",2024-05,keepa_backcast_estimate,,,57.199999999999996,284507,13.073456595759186,747.8017172774254,94.52407940650518,57.199999999999996,low,global:all:all:simple_power_law,simple_power_law,[]
coway,Other,B01MQWFGKG,"CUCKOO Micom Rice Cooker 6 Cup Uncooked / 12 Cup Cooked, Fuzzy Logic Rice Maker with Delay Timer & Keep Warm Setting, Versatile Food Steamer for Cooking, Non-Stick Inner Pot, Red (CR-0655F)",2024-06,keepa_backcast_estimate,,,52.08857142857143,284507,12.858535933742054,669.7827674515754,92.9701538953901,52.08857142857143,low,global:all:all:simple_power_law,simple_power_law,[]
coway,Other,B01MQWFGKG,"CUCKOO Micom Rice Cooker 6 Cup Uncooked / 12 Cup Cooked, Fuzzy Logic Rice Maker with Delay Timer & Keep Warm Setting, Versatile Food Steamer for Cooking, Non-Stick Inner Pot, Red (CR-0655F)",2024-07,keepa_backcast_estimate,,,44.00555555555556,284507,12.480563415714697,549.2141267548674,90.23732619631897,44.00555555555556,low,global:all:all:simple_power_law,simple_power_law,[]
coway,Other,B01MQWFGKG,"CUCKOO Micom Rice Cooker 6 Cup Uncooked / 12 Cup Cooked, Fuzzy Logic Rice Maker with Delay Timer & Keep Warm Setting, Versatile Food Steamer for Cooking, Non-Stick Inner Pot, Red (CR-0655F)",2024-08,keepa_backcast_estimate,,,53.435833333333335,284507,12.91680175249459,690.2200656460088,93.39142908287465,53.435833333333335,low,global:all:all:simple_power_law,simple_power_law,[]
coway,Other,B01MQWFGKG,"CUCKOO Micom Rice Cooker 6 Cup Uncooked / 12 Cup Cooked, Fuzzy Logic Rice Maker with Delay Timer & Keep Warm Setting, Versatile Food Steamer for Cooking, Non-Stick Inner Pot, Red (CR-0655F)",2024-09,keepa_backcast_estimate,,,59.14333333333334,284507,13.151055452437262,777.7972563086479,95.08513687717226,59.14333333333334,low,global:all:all:simple_power_law,simple_power_law,[]
coway,Other,B01MQWFGKG,"CUCKOO Micom Rice Cooker 6 Cup Uncooked / 12 Cup Cooked, Fuzzy Logic Rice Maker with Delay Timer & Keep Warm Setting, Versatile Food Steamer for Cooking, Non-Stick Inner Pot, Red (CR-0655F)",2024-10,keepa_backcast_estimate,,,54.56285714285714,284507,12.964627615249634,707.3871244812065,93.73722100222128,54.56285714285714,low,global:all:all:simple_power_law,simple_power_law,[]
coway,Other,B01MQWFGKG,"CUCKOO Micom Rice Cooker 6 Cup Uncooked / 12 Cup Cooked, Fuzzy Logic Rice Maker with Delay Timer & Keep Warm Setting, Versatile Food Steamer for Cooking, Non-Stick Inner Pot, Red (CR-0655F)",2024-11,keepa_backcast_estimate,,,49.835,284507,12.758262887047715,635.8080309760229,92.24515684823254,49.835,low,global:all:all:simple_power_law,simple_power_law,[]
coway,Other,B01MQWFGKG,"CUCKOO Micom Rice Cooker 6 Cup Uncooked / 12 Cup Cooked, Fuzzy Logic Rice Maker with Delay Timer & Keep Warm Setting, Versatile Food Steamer for Cooking, Non-Stick Inner Pot, Red (CR-0655F)",2024-12,keepa_backcast_estimate,,,59.106666666666676,284507,13.149610776467659,777.2296609610819,95.07469153970032,59.106666666666676,low,global:all:all:simple_power_law,simple_power_law,[]
coway,Other,B01MQWFGKG,"CUCKOO Micom Rice Cooker 6 Cup Uncooked / 12 Cup Cooked, Fuzzy Logic Rice Maker with Delay Timer & Keep Warm Setting, Versatile Food Steamer for Cooking, Non-Stick Inner Pot, Red (CR-0655F)",2025-01,keepa_backcast_estimate,,,63.61833333333333,284507,13.322102691571684,847.5299697333046,96.32184751263269,63.61833333333333,low,global:all:all:simple_power_law,simple_power_law,[]
coway,Other,B01MQWFGKG,"CUCKOO Micom Rice Cooker 6 Cup Uncooked / 12 Cup Cooked, Fuzzy Logic Rice Maker with Delay Timer & Keep Warm Setting, Versatile Food Steamer for Cooking, Non-Stick Inner Pot, Red (CR-0655F)",2025-02,keepa_backcast_estimate,,,60.57428571428572,284507,13.206870728919531,799.9967609252086,95.48869408391874,60.57428571428572,low,global:all:all:simple_power_law,simple_power_law,[]
coway,Other,B01MQWFGKG,"CUCKOO Micom Rice Cooker 6 Cup Uncooked / 12 Cup Cooked, Fuzzy Logic Rice Maker with Delay Timer & Keep Warm Setting, Versatile Food Steamer for Cooking, Non-Stick Inner Pot, Red (CR-0655F)",2025-03,keepa_backcast_estimate,,,55.00375,284507,12.983117544098059,714.1201516161835,93.87090741406557,55.00375,low,global:all:all:simple_power_law,simple_power_law,[]
coway,Other,B01MQWFGKG,"CUCKOO Micom Rice Cooker 6 Cup Uncooked / 12 Cup Cooked, Fuzzy Logic Rice Maker with Delay Timer & Keep Warm Setting, Versatile Food Steamer for Cooking, Non-Stick Inner Pot, Red (CR-0655F)",2025-04,keepa_backcast_estimate,,,54.58333333333332,284507,12.965489034879722,707.699609820518,93.74344926304276,54.58333333333332,low,global:all:all:simple_power_law,simple_power_law,[]
coway,Other,B01MQWFGKG,"CUCKOO Micom Rice Cooker 6 Cup Uncooked / 12 Cup Cooked, Fuzzy Logic Rice Maker with Delay Timer & Keep Warm Setting, Versatile Food Steamer for Cooking, Non-Stick Inner Pot, Red (CR-0655F)",2025-05,keepa_backcast_estimate,,,56.38545454545454,284507,13.040288139757298,735.2825741639151,94.28426388824884,56.38545454545454,low,global:all:all:simple_power_law,simple_power_law,[]
coway,Other,B01MQWFGKG,"CUCKOO Micom Rice Cooker 6 Cup Uncooked / 12 Cup Cooked, Fuzzy Logic Rice Maker with Delay Timer & Keep Warm Setting, Versatile Food Steamer for Cooking, Non-Stick Inner Pot, Red (CR-0655F)",2025-06,keepa_backcast_estimate,,,72.12,284507,13.62155455764076,982.3865146970517,98.48695295046474,72.12,low,global:all:all:simple_power_law,simple_power_law,[]
coway,Other,B01MQWFGKG,"CUCKOO Micom Rice Cooker 6 Cup Uncooked / 12 Cup Cooked, Fuzzy Logic Rice Maker with Delay Timer & Keep Warm Setting, Versatile Food Steamer for Cooking, Non-Stick Inner Pot, Red (CR-0655F)",2025-07,keepa_backcast_estimate,,,69.99066666666666,284507,13.549391290097926,948.3309293214804,97.96519603166604,69.99066666666666,low,global:all:all:simple_power_law,simple_power_law,[]
coway,Other,B01MQWFGKG,"CUCKOO Micom Rice Cooker 6 Cup Uncooked / 12 Cup Cooked, Fuzzy Logic Rice Maker with Delay Timer & Keep Warm Setting, Versatile Food Steamer for Cooking, Non-Stick Inner Pot, Red (CR-0655F)",2025-08,keepa_backcast_estimate,,,69.21142857142858,284507,13.522532000899629,935.9137576851219,97.77099723149519,69.21142857142858,low,global:all:all:simple_power_law,simple_power_law,[]
coway,Other,B01MQWFGKG,"CUCKOO Micom Rice Cooker 6 Cup Uncooked / 12 Cup Cooked, Fuzzy Logic Rice Maker with Delay Timer & Keep Warm Setting, Versatile Food Steamer for Cooking, Non-Stick Inner Pot, Red (CR-0655F)",2025-09,keepa_backcast_estimate,,,78.7325,284507,13.835019394421078,1089.2656644712577,100.03035251235755,78.7325,low,global:all:all:simple_power_law,simple_power_law,[]
coway,Other,B01MQWFGKG,"CUCKOO Micom Rice Cooker 6 Cup Uncooked / 12 Cup Cooked, Fuzzy Logic Rice Maker with Delay Timer & Keep Warm Setting, Versatile Food Steamer for Cooking, Non-Stick Inner Pot, Red (CR-0655F)",2025-10,keepa_backcast_estimate,,,74.511875,284507,13.700557934165996,1020.8542602208349,99.05816542065993,74.511875,low,global:all:all:simple_power_law,simple_power_law,[]
coway,Other,B01MQWFGKG,"CUCKOO Micom Rice Cooker 6 Cup Uncooked / 12 Cup Cooked, Fuzzy Logic Rice Maker with Delay Timer & Keep Warm Setting, Versatile Food Steamer for Cooking, Non-Stick Inner Pot, Red (CR-0655F)",2025-11,keepa_backcast_estimate,,,68.91846153846154,284507,13.5123695987748,931.2517244866381,97.69752074129751,68.91846153846154,low,global:all:all:simple_power_law,simple_power_law,[]
coway,Other,B01MQWFGKG,"CUCKOO Micom Rice Cooker 6 Cup Uncooked / 12 Cup Cooked, Fuzzy Logic Rice Maker with Delay Timer & Keep Warm Setting, Versatile Food Steamer for Cooking, Non-Stick Inner Pot, Red (CR-0655F)",2025-12,keepa_backcast_estimate,,,97.085,284507,14.358533139702226,1393.9981898679905,103.81547655104552,97.085,low,global:all:all:simple_power_law,simple_power_law,[]
coway,Other,B01MQWFGKG,"CUCKOO Micom Rice Cooker 6 Cup Uncooked / 12 Cup Cooked, Fuzzy Logic Rice Maker with Delay Timer & Keep Warm Setting, Versatile Food Steamer for Cooking, Non-Stick Inner Pot, Red (CR-0655F)",2026-01,keepa_backcast_estimate,,,72.38000000000001,284507,13.630245686649303,986.5571827996766,98.54979179974062,72.38000000000001,low,global:all:all:simple_power_law,simple_power_law,[]
coway,Other,B01MQWFGKG,"CUCKOO Micom Rice Cooker 6 Cup Uncooked / 12 Cup Cooked, Fuzzy Logic Rice Maker with Delay Timer & Keep Warm Setting, Versatile Food Steamer for Cooking, Non-Stick Inner Pot, Red (CR-0655F)",2026-02,keepa_backcast_estimate,,,74.5425,284507,13.701555884160962,1021.3482294950686,99.06538082722643,74.5425,low,global:all:all:simple_power_law,simple_power_law,[]
coway,Other,B01MQWFGKG,"CUCKOO Micom Rice Cooker 6 Cup Uncooked / 12 Cup Cooked, Fuzzy Logic Rice Maker with Delay Timer & Keep Warm Setting, Versatile Food Steamer for Cooking, Non-Stick Inner Pot, Red (CR-0655F)",2026-03,keepa_backcast_estimate,,,77.55928571428569,284507,13.798249389746367,1070.1823667763067,99.76449697398544,77.55928571428569,low,global:all:all:simple_power_law,simple_power_law,[]
coway,Other,B01MQWFGKG,"CUCKOO Micom Rice Cooker 6 Cup Uncooked / 12 Cup Cooked, Fuzzy Logic Rice Maker with Delay Timer & Keep Warm Setting, Versatile Food Steamer for Cooking, Non-Stick Inner Pot, Red (CR-0655F)",2026-04,keepa_backcast_estimate,,,63.318,284507,13.310937045152032,842.8219118249364,96.2411173368704,63.318,low,global:all:all:simple_power_law,simple_power_law,[]
coway,Other,B01MQWFGKG,"CUCKOO Micom Rice Cooker 6 Cup Uncooked / 12 Cup Cooked, Fuzzy Logic Rice Maker with Delay Timer & Keep Warm Setting, Versatile Food Steamer for Cooking, Non-Stick Inner Pot, Red (CR-0655F)",2026-05,keepa_backcast_estimate,,,69.01125,284507,13.515592062734681,932.7279027393988,97.72081989229076,69.01125,low,global:all:all:simple_power_law,simple_power_law,[]
coway,Other,B01MQWFGKG,"CUCKOO Micom Rice Cooker 6 Cup Uncooked / 12 Cup Cooked, Fuzzy Logic Rice Maker with Delay Timer & Keep Warm Setting, Versatile Food Steamer for Cooking, Non-Stick Inner Pot, Red (CR-0655F)",2026-06,keepa_backcast_estimate,,,66.48,284507,13.426380072075924,892.5857471916074,97.07579680851228,66.48,low,global:all:all:simple_power_law,simple_power_law,[]
coway,Other,B01N21414D,"Cuckoo CRP-HY1083F 10 Cup Pressure Rice Cooker, 110V, Black by Cuckoo",2018-01,keepa_backcast_estimate,,,479.99,-1,Infinity,Infinity,,479.99,low,global:all:all:simple_power_law,simple_power_law,[]
coway,Other,B01N21414D,"Cuckoo CRP-HY1083F 10 Cup Pressure Rice Cooker, 110V, Black by Cuckoo",2018-02,keepa_backcast_estimate,,,866.265,-1,Infinity,Infinity,,866.265,low,global:all:all:simple_power_law,simple_power_law,[]
coway,Other,B01N21414D,"Cuckoo CRP-HY1083F 10 Cup Pressure Rice Cooker, 110V, Black by Cuckoo",2018-03,keepa_backcast_estimate,,,848.83,-1,Infinity,Infinity,,848.83,low,global:all:all:simple_power_law,simple_power_law,[]
coway,Other,B01N21414D,"Cuckoo CRP-HY1083F 10 Cup Pressure Rice Cooker, 110V, Black by Cuckoo",2018-04,keepa_backcast_estimate,,,647.53,-1,Infinity,Infinity,,647.53,low,global:all:all:simple_power_law,simple_power_law,[]
coway,Other,B01N21414D,"Cuckoo CRP-HY1083F 10 Cup Pressure Rice Cooker, 110V, Black by Cuckoo",2018-05,keepa_backcast_estimate,,,722.4866666666667,-1,Infinity,Infinity,,722.4866666666667,low,global:all:all:simple_power_law,simple_power_law,[]
coway,Other,B01N21414D,"Cuckoo CRP-HY1083F 10 Cup Pressure Rice Cooker, 110V, Black by Cuckoo",2018-06,keepa_backcast_estimate,,,481.66,-1,Infinity,Infinity,,481.66,low,global:all:all:simple_power_law,simple_power_law,[]
coway,Other,B01N21414D,"Cuckoo CRP-HY1083F 10 Cup Pressure Rice Cooker, 110V, Black by Cuckoo",2018-07,keepa_backcast_estimate,,,647.53,-1,Infinity,Infinity,,647.53,low,global:all:all:simple_power_law,simple_power_law,[]
coway,Other,B01N21414D,"Cuckoo CRP-HY1083F 10 Cup Pressure Rice Cooker, 110V, Black by Cuckoo",2018-08,keepa_backcast_estimate,,,1540.13,-1,Infinity,Infinity,,1540.13,low,global:all:all:simple_power_law,simple_power_law,[]
coway,Other,B01N21414D,"Cuckoo CRP-HY1083F 10 Cup Pressure Rice Cooker, 110V, Black by Cuckoo",2018-09,keepa_backcast_estimate,,,687.3599999999999,-1,Infinity,Infinity,,687.3599999999999,low,global:all:all:simple_power_law,simple_power_law,[]
coway,Other,B01N21414D,"Cuckoo CRP-HY1083F 10 Cup Pressure Rice Cooker, 110V, Black by Cuckoo",2018-10,keepa_backcast_estimate,,,839.2049999999999,-1,Infinity,Infinity,,839.2049999999999,low,global:all:all:simple_power_law,simple_power_law,[]
coway,Other,B01N21414D,"Cuckoo CRP-HY1083F 10 Cup Pressure Rice Cooker, 110V, Black by Cuckoo",2018-11,keepa_backcast_estimate,,,652.49,-1,Infinity,Infinity,,652.49,low,global:all:all:simple_power_law,simple_power_law,[]
coway,Other,B01N21414D,"Cuckoo CRP-HY1083F 10 Cup Pressure Rice Cooker, 110V, Black by Cuckoo",2018-12,keepa_backcast_estimate,,,798.8100000000001,-1,Infinity,Infinity,,798.8100000000001,low,global:all:all:simple_power_law,simple_power_law,[]
coway,Other,B01N21414D,"Cuckoo CRP-HY1083F 10 Cup Pressure Rice Cooker, 110V, Black by Cuckoo",2019-01,keepa_backcast_estimate,,,701.86,-1,Infinity,Infinity,,701.86,low,global:all:all:simple_power_law,simple_power_law,[]
coway,Other,B01N21414D,"Cuckoo CRP-HY1083F 10 Cup Pressure Rice Cooker, 110V, Black by Cuckoo",2019-02,keepa_backcast_estimate,,,1007.47,-1,Infinity,Infinity,,1007.47,low,global:all:all:simple_power_law,simple_power_law,[]
coway,Other,B01N21414D,"Cuckoo CRP-HY1083F 10 Cup Pressure Rice Cooker, 110V, Black by Cuckoo",2019-03,keepa_backcast_estimate,,,694.675,-1,Infinity,Infinity,,694.675,low,global:all:all:simple_power_law,simple_power_law,[]
coway,Other,B01N21414D,"Cuckoo CRP-HY1083F 10 Cup Pressure Rice Cooker, 110V, Black by Cuckoo",2019-05,keepa_backcast_estimate,,,674.58,-1,Infinity,Infinity,,674.58,low,global:all:all:simple_power_law,simple_power_law,[]
coway,Other,B01N21414D,"Cuckoo CRP-HY1083F 10 Cup Pressure Rice Cooker, 110V, Black by Cuckoo",2019-06,keepa_backcast_estimate,,,730.48,-1,Infinity,Infinity,,730.48,low,global:all:all:simple_power_law,simple_power_law,[]
coway,Other,B01N21414D,"Cuckoo CRP-HY1083F 10 Cup Pressure Rice Cooker, 110V, Black by Cuckoo",2019-07,keepa_backcast_estimate,,,868.54,-1,Infinity,Infinity,,868.54,low,global:all:all:simple_power_law,simple_power_law,[]
coway,Other,B01N21414D,"Cuckoo CRP-HY1083F 10 Cup Pressure Rice Cooker, 110V, Black by Cuckoo",2019-08,keepa_backcast_estimate,,,734.6,-1,Infinity,Infinity,,734.6,low,global:all:all:simple_power_law,simple_power_law,[]
coway,Other,B01N21414D,"Cuckoo CRP-HY1083F 10 Cup Pressure Rice Cooker, 110V, Black by Cuckoo",2019-09,keepa_backcast_estimate,,,685.8166666666666,-1,Infinity,Infinity,,685.8166666666666,low,global:all:all:simple_power_law,simple_power_law,[]
coway,Other,B01N21414D,"Cuckoo CRP-HY1083F 10 Cup Pressure Rice Cooker, 110V, Black by Cuckoo",2019-10,keepa_backcast_estimate,,,703.42,-1,Infinity,Infinity,,703.42,low,global:all:all:simple_power_law,simple_power_law,[]
coway,Other,B01N21414D,"Cuckoo CRP-HY1083F 10 Cup Pressure Rice Cooker, 110V, Black by Cuckoo",2019-11,keepa_backcast_estimate,,,699.52,-1,Infinity,Infinity,,699.52,low,global:all:all:simple_power_law,simple_power_law,[]
coway,Other,B01N21414D,"Cuckoo CRP-HY1083F 10 Cup Pressure Rice Cooker, 110V, Black by Cuckoo",2019-12,keepa_backcast_estimate,,,638.12,-1,Infinity,Infinity,,638.12,low,global:all:all:simple_power_law,simple_power_law,[]
coway,Other,B01N21414D,"Cuckoo CRP-HY1083F 10 Cup Pressure Rice Cooker, 110V, Black by Cuckoo",2020-02,keepa_backcast_estimate,,,679.03,-1,Infinity,Infinity,,679.03,low,global:all:all:simple_power_law,simple_power_law,[]
coway,Other,B01N21414D,"Cuckoo CRP-HY1083F 10 Cup Pressure Rice Cooker, 110V, Black by Cuckoo",2020-03,keepa_backcast_estimate,,,699.52,-1,Infinity,Infinity,,699.52,low,global:all:all:simple_power_law,simple_power_law,[]
coway,Other,B01N21414D,"Cuckoo CRP-HY1083F 10 Cup Pressure Rice Cooker, 110V, Black by Cuckoo",2020-07,keepa_backcast_estimate,,,919.98,-1,Infinity,Infinity,,919.98,low,global:all:all:simple_power_law,simple_power_law,[]
coway,Other,B01N21414D,"Cuckoo CRP-HY1083F 10 Cup Pressure Rice Cooker, 110V, Black by Cuckoo",2022-08,keepa_backcast_estimate,,,499.99,-1,Infinity,Infinity,,499.99,low,global:all:all:simple_power_law,simple_power_law,[]
coway,Other,B01N21414D,"Cuckoo CRP-HY1083F 10 Cup Pressure Rice Cooker, 110V, Black by Cuckoo",2022-11,keepa_backcast_estimate,,,489.99,-1,Infinity,Infinity,,489.99,low,global:all:all:simple_power_law,simple_power_law,[]
coway,Other,B01N21414D,"Cuckoo CRP-HY1083F 10 Cup Pressure Rice Cooker, 110V, Black by Cuckoo",2024-12,keepa_backcast_estimate,,,449.99,-1,Infinity,Infinity,,449.99,low,global:all:all:simple_power_law,simple_power_law,[]
coway,Other,B01N21414D,"Cuckoo CRP-HY1083F 10 Cup Pressure Rice Cooker, 110V, Black by Cuckoo",2026-01,keepa_backcast_estimate,,,439.99,-1,Infinity,Infinity,,439.99,low,global:all:all:simple_power_law,simple_power_law,[]
coway,Other,B071H1FXFC,"CUCKOO CRP-HS0657FW 6-Cup (Uncooked) 12-Cup (Cooked) Induction Heating Pressure Rice Cooker with Nonstick Inner Pot & 16 Menu Modes (White/Silver, Made in Korea)",2017-08,keepa_backcast_estimate,,,359.99,284507,18.102364665247865,6516.6702558425795,103.66184665492094,359.99,low,global:all:all:simple_power_law,simple_power_law,[]
coway,Other,B071H1FXFC,"CUCKOO CRP-HS0657FW 6-Cup (Uncooked) 12-Cup (Cooked) Induction Heating Pressure Rice Cooker with Nonstick Inner Pot & 16 Menu Modes (White/Silver, Made in Korea)",2017-09,keepa_backcast_estimate,,,323.99,284507,17.769336265979298,5757.087256814633,101.75478426306744,323.99,low,global:all:all:simple_power_law,simple_power_law,[]
coway,Other,B071H1FXFC,"CUCKOO CRP-HS0657FW 6-Cup (Uncooked) 12-Cup (Cooked) Induction Heating Pressure Rice Cooker with Nonstick Inner Pot & 16 Menu Modes (White/Silver, Made in Korea)",2017-11,keepa_backcast_estimate,,,359.98,284507,18.102276075309515,6516.457341589919,103.66133935121921,359.98,low,global:all:all:simple_power_law,simple_power_law,[]
coway,Other,B071H1FXFC,"CUCKOO CRP-HS0657FW 6-Cup (Uncooked) 12-Cup (Cooked) Induction Heating Pressure Rice Cooker with Nonstick Inner Pot & 16 Menu Modes (White/Silver, Made in Korea)",2017-12,keepa_backcast_estimate,,,359.99,284507,18.102364665247865,6516.6702558425795,103.66184665492094,359.99,low,global:all:all:simple_power_law,simple_power_law,[]
coway,Other,B071H1FXFC,"CUCKOO CRP-HS0657FW 6-Cup (Uncooked) 12-Cup (Cooked) Induction Heating Pressure Rice Cooker with Nonstick Inner Pot & 16 Menu Modes (White/Silver, Made in Korea)",2018-01,keepa_backcast_estimate,,,359.99,284507,18.102364665247865,6516.6702558425795,103.66184665492094,359.99,low,global:all:all:simple_power_law,simple_power_law,[]
coway,Other,B071H1FXFC,"CUCKOO CRP-HS0657FW 6-Cup (Uncooked) 12-Cup (Cooked) Induction Heating Pressure Rice Cooker with Nonstick Inner Pot & 16 Menu Modes (White/Silver, Made in Korea)",2018-03,keepa_backcast_estimate,,,494.42,284507,19.1420052189946,9464.19022037531,109.61527106392235,494.42,low,global:all:all:simple_power_law,simple_power_law,[]
coway,Other,B071H1FXFC,"CUCKOO CRP-HS0657FW 6-Cup (Uncooked) 12-Cup (Cooked) Induction Heating Pressure Rice Cooker with Nonstick Inner Pot & 16 Menu Modes (White/Silver, Made in Korea)",2018-04,keepa_backcast_estimate,,,428.08000000000004,284507,18.663022290371053,7989.266582062041,106.87241090087308,428.08000000000004,low,global:all:all:simple_power_law,simple_power_law,[]
coway,Other,B071H1FXFC,"CUCKOO CRP-HS0657FW 6-Cup (Uncooked) 12-Cup (Cooked) Induction Heating Pressure Rice Cooker with Nonstick Inner Pot & 16 Menu Modes (White/Silver, Made in Korea)",2018-05,keepa_backcast_estimate,,,512.46,284507,19.26297149418183,9871.502371908422,110.3079754536946,512.46,low,global:all:all:simple_power_law,simple_power_law,[]
coway,Other,B071H1FXFC,"CUCKOO CRP-HS0657FW 6-Cup (Uncooked) 12-Cup (Cooked) Induction Heating Pressure Rice Cooker with Nonstick Inner Pot & 16 Menu Modes (White/Silver, Made in Korea)",2018-06,keepa_backcast_estimate,,,356.92499999999995,284507,18.075115689360334,6451.460667424936,103.50580741849016,356.92499999999995,low,global:all:all:simple_power_law,simple_power_law,[]
coway,Other,B071H1FXFC,"CUCKOO CRP-HS0657FW 6-Cup (Uncooked) 12-Cup (Cooked) Induction Heating Pressure Rice Cooker with Nonstick Inner Pot & 16 Menu Modes (White/Silver, Made in Korea)",2018-07,keepa_backcast_estimate,,,361.09,284507,18.112097107592913,6540.0971445807245,103.71757876310717,361.09,low,global:all:all:simple_power_law,simple_power_law,[]
coway,Other,B071H1FXFC,"CUCKOO CRP-HS0657FW 6-Cup (Uncooked) 12-Cup (Cooked) Induction Heating Pressure Rice Cooker with Nonstick Inner Pot & 16 Menu Modes (White/Silver, Made in Korea)",2018-08,keepa_backcast_estimate,,,500,284507,19.17980799213729,9589.903996068646,109.83174583642383,500,low,global:all:all:simple_power_law,simple_power_law,[]
coway,Other,B071H1FXFC,"CUCKOO CRP-HS0657FW 6-Cup (Uncooked) 12-Cup (Cooked) Induction Heating Pressure Rice Cooker with Nonstick Inner Pot & 16 Menu Modes (White/Silver, Made in Korea)",2018-10,keepa_backcast_estimate,,,481.22,284507,19.051147855535298,9167.793371040696,109.09498312074165,481.22,low,global:all:all:simple_power_law,simple_power_law,[]
coway,Other,B071H1FXFC,"CUCKOO CRP-HS0657FW 6-Cup (Uncooked) 12-Cup (Cooked) Induction Heating Pressure Rice Cooker with Nonstick Inner Pot & 16 Menu Modes (White/Silver, Made in Korea)",2018-11,keepa_backcast_estimate,,,344.35,284507,17.96124441305231,6184.954513634563,102.8537320128,344.35,low,global:all:all:simple_power_law,simple_power_law,[]
coway,Other,B071H1FXFC,"CUCKOO CRP-HS0657FW 6-Cup (Uncooked) 12-Cup (Cooked) Induction Heating Pressure Rice Cooker with Nonstick Inner Pot & 16 Menu Modes (White/Silver, Made in Korea)",2018-12,keepa_backcast_estimate,,,535.4300000000001,284507,19.411975859683096,10393.75423455012,111.1612378850475,535.4300000000001,low,global:all:all:simple_power_law,simple_power_law,[]
coway,Other,B071H1FXFC,"CUCKOO CRP-HS0657FW 6-Cup (Uncooked) 12-Cup (Cooked) Induction Heating Pressure Rice Cooker with Nonstick Inner Pot & 16 Menu Modes (White/Silver, Made in Korea)",2019-01,keepa_backcast_estimate,,,369.41499999999996,284507,18.18496642990847,6717.799373704637,104.13485952478713,369.41499999999996,low,global:all:all:simple_power_law,simple_power_law,[]
coway,Other,B071H1FXFC,"CUCKOO CRP-HS0657FW 6-Cup (Uncooked) 12-Cup (Cooked) Induction Heating Pressure Rice Cooker with Nonstick Inner Pot & 16 Menu Modes (White/Silver, Made in Korea)",2019-02,keepa_backcast_estimate,,,355.99,284507,18.066764526154248,6431.587503665651,103.45798510269506,355.99,low,global:all:all:simple_power_law,simple_power_law,[]
coway,Other,B071H1FXFC,"CUCKOO CRP-HS0657FW 6-Cup (Uncooked) 12-Cup (Cooked) Induction Heating Pressure Rice Cooker with Nonstick Inner Pot & 16 Menu Modes (White/Silver, Made in Korea)",2019-03,keepa_backcast_estimate,,,450.63800000000003,284507,18.832413314586745,8486.601071258743,107.84241601908155,450.63800000000003,low,global:all:all:simple_power_law,simple_power_law,[]
coway,Other,B071H1FXFC,"CUCKOO CRP-HS0657FW 6-Cup (Uncooked) 12-Cup (Cooked) Induction Heating Pressure Rice Cooker with Nonstick Inner Pot & 16 Menu Modes (White/Silver, Made in Korea)",2019-04,keepa_backcast_estimate,,,395.98,284507,18.408716517069536,7289.483566429195,105.41614777929034,395.98,low,global:all:all:simple_power_law,simple_power_law,[]
coway,Other,B071H1FXFC,"CUCKOO CRP-HS0657FW 6-Cup (Uncooked) 12-Cup (Cooked) Induction Heating Pressure Rice Cooker with Nonstick Inner Pot & 16 Menu Modes (White/Silver, Made in Korea)",2019-05,keepa_backcast_estimate,,,400.65999999999997,284507,18.44683539778771,7390.909070477623,105.63443271834309,400.65999999999997,low,global:all:all:simple_power_law,simple_power_law,[]
coway,Other,B071H1FXFC,"CUCKOO CRP-HS0657FW 6-Cup (Uncooked) 12-Cup (Cooked) Induction Heating Pressure Rice Cooker with Nonstick Inner Pot & 16 Menu Modes (White/Silver, Made in Korea)",2019-06,keepa_backcast_estimate,,,355.168,284507,18.059407591793388,6414.123675562074,103.4158561645332,355.168,low,global:all:all:simple_power_law,simple_power_law,[]
coway,Other,B071H1FXFC,"CUCKOO CRP-HS0657FW 6-Cup (Uncooked) 12-Cup (Cooked) Induction Heating Pressure Rice Cooker with Nonstick Inner Pot & 16 Menu Modes (White/Silver, Made in Korea)",2019-07,keepa_backcast_estimate,,,313.485,284507,17.666372610042547,5538.142817659188,101.16517053524126,313.485,low,global:all:all:simple_power_law,simple_power_law,[]
coway,Other,B071H1FXFC,"CUCKOO CRP-HS0657FW 6-Cup (Uncooked) 12-Cup (Cooked) Induction Heating Pressure Rice Cooker with Nonstick Inner Pot & 16 Menu Modes (White/Silver, Made in Korea)",2019-10,keepa_backcast_estimate,,,359.97,284507,18.10218748332786,6516.24442837353,103.66083203581668,359.97,low,global:all:all:simple_power_law,simple_power_law,[]
coway,Other,B071H1FXFC,"CUCKOO CRP-HS0657FW 6-Cup (Uncooked) 12-Cup (Cooked) Induction Heating Pressure Rice Cooker with Nonstick Inner Pot & 16 Menu Modes (White/Silver, Made in Korea)",2019-11,keepa_backcast_estimate,,,359.15250000000003,284507,18.094938167679633,6498.8422802675595,103.61931936821904,359.15250000000003,low,global:all:all:simple_power_law,simple_power_law,[]
coway,Other,B071H1FXFC,"CUCKOO CRP-HS0657FW 6-Cup (Uncooked) 12-Cup (Cooked) Induction Heating Pressure Rice Cooker with Nonstick Inner Pot & 16 Menu Modes (White/Silver, Made in Korea)",2019-12,keepa_backcast_estimate,,,335.946,284507,17.883203171762904,6007.790572741061,102.40683464127413,335.946,low,global:all:all:simple_power_law,simple_power_law,[]
coway,Other,B071H1FXFC,"CUCKOO CRP-HS0657FW 6-Cup (Uncooked) 12-Cup (Cooked) Induction Heating Pressure Rice Cooker with Nonstick Inner Pot & 16 Menu Modes (White/Silver, Made in Korea)",2020-01,keepa_backcast_estimate,,,350.99,284507,18.02179430844216,6325.469584320114,103.20046649124768,350.99,low,global:all:all:simple_power_law,simple_power_law,[]
coway,Other,B071H1FXFC,"CUCKOO CRP-HS0657FW 6-Cup (Uncooked) 12-Cup (Cooked) Induction Heating Pressure Rice Cooker with Nonstick Inner Pot & 16 Menu Modes (White/Silver, Made in Korea)",2020-02,keepa_backcast_estimate,,,359.88,284507,18.101390063526384,6514.328256061875,103.65626567055398,359.88,low,global:all:all:simple_power_law,simple_power_law,[]
coway,Other,B071H1FXFC,"CUCKOO CRP-HS0657FW 6-Cup (Uncooked) 12-Cup (Cooked) Induction Heating Pressure Rice Cooker with Nonstick Inner Pot & 16 Menu Modes (White/Silver, Made in Korea)",2020-03,keepa_backcast_estimate,,,358.54833333333335,284507,18.089571811349025,6485.9858236728405,103.588589327292,358.54833333333335,low,global:all:all:simple_power_law,simple_power_law,[]
coway,Other,B071H1FXFC,"CUCKOO CRP-HS0657FW 6-Cup (Uncooked) 12-Cup (Cooked) Induction Heating Pressure Rice Cooker with Nonstick Inner Pot & 16 Menu Modes (White/Silver, Made in Korea)",2020-04,keepa_backcast_estimate,,,349.52,284507,18.00847191556622,6294.321103928704,103.12417679799925,349.52,low,global:all:all:simple_power_law,simple_power_law,[]
coway,Other,B071H1FXFC,"CUCKOO CRP-HS0657FW 6-Cup (Uncooked) 12-Cup (Cooked) Induction Heating Pressure Rice Cooker with Nonstick Inner Pot & 16 Menu Modes (White/Silver, Made in Korea)",2020-05,keepa_backcast_estimate,,,328.3985714285714,284507,17.81172251687299,5849.3442292232085,101.99750598046018,328.3985714285714,low,global:all:all:simple_power_law,simple_power_law,[]
coway,Other,B071H1FXFC,"CUCKOO CRP-HS0657FW 6-Cup (Uncooked) 12-Cup (Cooked) Induction Heating Pressure Rice Cooker with Nonstick Inner Pot & 16 Menu Modes (White/Silver, Made in Korea)",2020-06,keepa_backcast_estimate,,,329.9916666666667,284507,17.82692320795652,5882.736100932251,102.08455160887881,329.9916666666667,low,global:all:all:simple_power_law,simple_power_law,[]
coway,Other,B071H1FXFC,"CUCKOO CRP-HS0657FW 6-Cup (Uncooked) 12-Cup (Cooked) Induction Heating Pressure Rice Cooker with Nonstick Inner Pot & 16 Menu Modes (White/Silver, Made in Korea)",2020-07,keepa_backcast_estimate,,,359.99,284507,18.102364665247865,6516.6702558425795,103.66184665492094,359.99,low,global:all:all:simple_power_law,simple_power_law,[]
coway,Other,B071H1FXFC,"CUCKOO CRP-HS0657FW 6-Cup (Uncooked) 12-Cup (Cooked) Induction Heating Pressure Rice Cooker with Nonstick Inner Pot & 16 Menu Modes (White/Silver, Made in Korea)",2020-08,keepa_backcast_estimate,,,293.615,284507,17.463524831655064,5127.552843446402,100.00357779935618,293.615,low,global:all:all:simple_power_law,simple_power_law,[]
coway,Other,B071H1FXFC,"CUCKOO CRP-HS0657FW 6-Cup (Uncooked) 12-Cup (Cooked) Induction Heating Pressure Rice Cooker with Nonstick Inner Pot & 16 Menu Modes (White/Silver, Made in Korea)",2020-09,keepa_backcast_estimate,,,228.05,284507,16.70159239088094,3808.7981447403986,95.64042827179388,228.05,low,global:all:all:simple_power_law,simple_power_law,[]
coway,Other,B071H1FXFC,"CUCKOO CRP-HS0657FW 6-Cup (Uncooked) 12-Cup (Cooked) Induction Heating Pressure Rice Cooker with Nonstick Inner Pot & 16 Menu Modes (White/Silver, Made in Korea)",2020-10,keepa_backcast_estimate,,,310,284507,17.631581947621285,5465.7904037625985,100.96594439105363,310,low,global:all:all:simple_power_law,simple_power_law,[]
coway,Other,B071H1FXFC,"CUCKOO CRP-HS0657FW 6-Cup (Uncooked) 12-Cup (Cooked) Induction Heating Pressure Rice Cooker with Nonstick Inner Pot & 16 Menu Modes (White/Silver, Made in Korea)",2020-12,keepa_backcast_estimate,,,216.95,284507,16.554993753708246,3591.605894867004,94.80094206502277,216.95,low,global:all:all:simple_power_law,simple_power_law,[]
coway,Other,B071H1FXFC,"CUCKOO CRP-HS0657FW 6-Cup (Uncooked) 12-Cup (Cooked) Induction Heating Pressure Rice Cooker with Nonstick Inner Pot & 16 Menu Modes (White/Silver, Made in Korea)",2021-01,keepa_backcast_estimate,,,193.61,284507,16.22524385581068,3141.3694629235065,92.91265376775102,193.61,low,global:all:all:simple_power_law,simple_power_law,[]
coway,Other,B071H1FXFC,"CUCKOO CRP-HS0657FW 6-Cup (Uncooked) 12-Cup (Cooked) Induction Heating Pressure Rice Cooker with Nonstick Inner Pot & 16 Menu Modes (White/Silver, Made in Korea)",2021-02,keepa_backcast_estimate,,,247.31,284507,16.942479864912755,4190.044695391573,97.01985249928804,247.31,low,global:all:all:simple_power_law,simple_power_law,[]
coway,Other,B071H1FXFC,"CUCKOO CRP-HS0657FW 6-Cup (Uncooked) 12-Cup (Cooked) Induction Heating Pressure Rice Cooker with Nonstick Inner Pot & 16 Menu Modes (White/Silver, Made in Korea)",2021-03,keepa_backcast_estimate,,,296.015,284507,17.488620019569222,5176.893855092783,100.14728352893569,296.015,low,global:all:all:simple_power_law,simple_power_law,[]
coway,Other,B071H1FXFC,"CUCKOO CRP-HS0657FW 6-Cup (Uncooked) 12-Cup (Cooked) Induction Heating Pressure Rice Cooker with Nonstick Inner Pot & 16 Menu Modes (White/Silver, Made in Korea)",2021-04,keepa_backcast_estimate,,,244.87,284507,16.912841847684266,4141.447583242446,96.85013259507058,244.87,low,global:all:all:simple_power_law,simple_power_law,[]
coway,Other,B071H1FXFC,"CUCKOO CRP-HS0657FW 6-Cup (Uncooked) 12-Cup (Cooked) Induction Heating Pressure Rice Cooker with Nonstick Inner Pot & 16 Menu Modes (White/Silver, Made in Korea)",2021-05,keepa_backcast_estimate,,,305.79285714285714,284507,17.589147045213032,5378.635529661537,100.72294407437646,305.79285714285714,low,global:all:all:simple_power_law,simple_power_law,[]
coway,Other,B071H1FXFC,"CUCKOO CRP-HS0657FW 6-Cup (Uncooked) 12-Cup (Cooked) Induction Heating Pressure Rice Cooker with Nonstick Inner Pot & 16 Menu Modes (White/Silver, Made in Korea)",2021-06,keepa_backcast_estimate,,,344.04,284507,17.95839392747709,6178.405846809218,102.8374089188808,344.04,low,global:all:all:simple_power_law,simple_power_law,[]
coway,Other,B071H1FXFC,"CUCKOO CRP-HS0657FW 6-Cup (Uncooked) 12-Cup (Cooked) Induction Heating Pressure Rice Cooker with Nonstick Inner Pot & 16 Menu Modes (White/Silver, Made in Korea)",2021-07,keepa_backcast_estimate,,,289.02714285714285,284507,17.415075221006536,5033.429433769745,99.72613470269931,289.02714285714285,low,global:all:all:simple_power_law,simple_power_law,[]
coway,Other,B071H1FXFC,"CUCKOO CRP-HS0657FW 6-Cup (Uncooked) 12-Cup (Cooked) Induction Heating Pressure Rice Cooker with Nonstick Inner Pot & 16 Menu Modes (White/Silver, Made in Korea)",2021-08,keepa_backcast_estimate,,,293.5554545454545,284507,17.462900044129714,5126.329560136336,100,293.5554545454545,low,global:all:all:simple_power_law,simple_power_law,[]
coway,Other,B071H1FXFC,"CUCKOO CRP-HS0657FW 6-Cup (Uncooked) 12-Cup (Cooked) Induction Heating Pressure Rice Cooker with Nonstick Inner Pot & 16 Menu Modes (White/Silver, Made in Korea)",2021-09,keepa_backcast_estimate,,,268.52624999999995,284507,17.19045216717008,4616.087656254554,98.43984746937139,268.52624999999995,low,global:all:all:simple_power_law,simple_power_law,[]
coway,Other,B071H1FXFC,"CUCKOO CRP-HS0657FW 6-Cup (Uncooked) 12-Cup (Cooked) Induction Heating Pressure Rice Cooker with Nonstick Inner Pot & 16 Menu Modes (White/Silver, Made in Korea)",2021-10,keepa_backcast_estimate,,,309.228947368421,284507,17.623840726334894,5449.801716393248,100.92161486235662,309.228947368421,low,global:all:all:simple_power_law,simple_power_law,[]
coway,Other,B071H1FXFC,"CUCKOO CRP-HS0657FW 6-Cup (Uncooked) 12-Cup (Cooked) Induction Heating Pressure Rice Cooker with Nonstick Inner Pot & 16 Menu Modes (White/Silver, Made in Korea)",2021-11,keepa_backcast_estimate,,,288.0272727272727,284507,17.40443158450623,5012.950962653735,99.66518470886433,288.0272727272727,low,global:all:all:simple_power_law,simple_power_law,[]
coway,Other,B071H1FXFC,"CUCKOO CRP-HS0657FW 6-Cup (Uncooked) 12-Cup (Cooked) Induction Heating Pressure Rice Cooker with Nonstick Inner Pot & 16 Menu Modes (White/Silver, Made in Korea)",2021-12,keepa_backcast_estimate,,,363.8525,284507,18.13643071031489,6598.985655024849,103.8569233316524,363.8525,low,global:all:all:simple_power_law,simple_power_law,[]
coway,Other,B071H1FXFC,"CUCKOO CRP-HS0657FW 6-Cup (Uncooked) 12-Cup (Cooked) Induction Heating Pressure Rice Cooker with Nonstick Inner Pot & 16 Menu Modes (White/Silver, Made in Korea)",2022-01,keepa_backcast_estimate,,,491.709375,284507,19.123513494370158,9403.210868120817,109.50937957638183,491.709375,low,global:all:all:simple_power_law,simple_power_law,[]
coway,Other,B071H1FXFC,"CUCKOO CRP-HS0657FW 6-Cup (Uncooked) 12-Cup (Cooked) Induction Heating Pressure Rice Cooker with Nonstick Inner Pot & 16 Menu Modes (White/Silver, Made in Korea)",2022-02,keepa_backcast_estimate,,,527.9652380952381,284507,19.36414530046418,10223.595584070357,110.88733974042061,527.9652380952381,low,global:all:all:simple_power_law,simple_power_law,[]
coway,Other,B071H1FXFC,"CUCKOO CRP-HS0657FW 6-Cup (Uncooked) 12-Cup (Cooked) Induction Heating Pressure Rice Cooker with Nonstick Inner Pot & 16 Menu Modes (White/Silver, Made in Korea)",2022-03,keepa_backcast_estimate,,,419.355,284507,18.595511741428933,7798.12082632693,106.48581675687913,419.355,low,global:all:all:simple_power_law,simple_power_law,[]
coway,Other,B071H1FXFC,"CUCKOO CRP-HS0657FW 6-Cup (Uncooked) 12-Cup (Cooked) Induction Heating Pressure Rice Cooker with Nonstick Inner Pot & 16 Menu Modes (White/Silver, Made in Korea)",2022-04,keepa_backcast_estimate,,,342.616,284507,17.94527262614957,6148.337526080861,102.76227076144784,342.616,low,global:all:all:simple_power_law,simple_power_law,[]
coway,Other,B071H1FXFC,"CUCKOO CRP-HS0657FW 6-Cup (Uncooked) 12-Cup (Cooked) Induction Heating Pressure Rice Cooker with Nonstick Inner Pot & 16 Menu Modes (White/Silver, Made in Korea)",2022-05,keepa_backcast_estimate,,,360.15299999999996,284507,18.10380839323428,6520.140904248506,103.67011405599847,360.15299999999996,low,global:all:all:simple_power_law,simple_power_law,[]
coway,Other,B071H1FXFC,"CUCKOO CRP-HS0657FW 6-Cup (Uncooked) 12-Cup (Cooked) Induction Heating Pressure Rice Cooker with Nonstick Inner Pot & 16 Menu Modes (White/Silver, Made in Korea)",2022-06,keepa_backcast_estimate,,,321.87,284507,17.748782817936306,5712.800725609159,101.6370864695105,321.87,low,global:all:all:simple_power_law,simple_power_law,[]
coway,Other,B071H1FXFC,"CUCKOO CRP-HS0657FW 6-Cup (Uncooked) 12-Cup (Cooked) Induction Heating Pressure Rice Cooker with Nonstick Inner Pot & 16 Menu Modes (White/Silver, Made in Korea)",2022-07,keepa_backcast_estimate,,,327.1133333333333,284507,17.799414604321452,5822.425842601604,101.9270256334363,327.1133333333333,low,global:all:all:simple_power_law,simple_power_law,[]
coway,Other,B071H1FXFC,"CUCKOO CRP-HS0657FW 6-Cup (Uncooked) 12-Cup (Cooked) Induction Heating Pressure Rice Cooker with Nonstick Inner Pot & 16 Menu Modes (White/Silver, Made in Korea)",2022-08,keepa_backcast_estimate,,,306.66,284507,17.59793285651096,5396.582089777651,100.77325537018484,306.66,low,global:all:all:simple_power_law,simple_power_law,[]
coway,Other,B071H1FXFC,"CUCKOO CRP-HS0657FW 6-Cup (Uncooked) 12-Cup (Cooked) Induction Heating Pressure Rice Cooker with Nonstick Inner Pot & 16 Menu Modes (White/Silver, Made in Korea)",2022-09,keepa_backcast_estimate,,,235.94,284507,16.802239988956078,3964.320502994297,96.21677926630679,235.94,low,global:all:all:simple_power_law,simple_power_law,[]
coway,Other,B071H1FXFC,"CUCKOO CRP-HS0657FW 6-Cup (Uncooked) 12-Cup (Cooked) Induction Heating Pressure Rice Cooker with Nonstick Inner Pot & 16 Menu Modes (White/Silver, Made in Korea)",2022-10,keepa_backcast_estimate,,,236.878,284507,16.81401908453706,3982.871212706969,96.28423138222804,236.878,low,global:all:all:simple_power_law,simple_power_law,[]
coway,Other,B071H1FXFC,"CUCKOO CRP-HS0657FW 6-Cup (Uncooked) 12-Cup (Cooked) Induction Heating Pressure Rice Cooker with Nonstick Inner Pot & 16 Menu Modes (White/Silver, Made in Korea)",2022-11,keepa_backcast_estimate,,,186.14714285714285,284507,16.112851862176175,2999.3613374244887,92.26904936441316,186.14714285714285,low,global:all:all:simple_power_law,simple_power_law,[]
coway,Other,B071H1FXFC,"CUCKOO CRP-HS0657FW 6-Cup (Uncooked) 12-Cup (Cooked) Induction Heating Pressure Rice Cooker with Nonstick Inner Pot & 16 Menu Modes (White/Silver, Made in Korea)",2022-12,keepa_backcast_estimate,,,190.778,284507,16.183022963632478,3087.364754955877,92.67087896476005,190.778,low,global:all:all:simple_power_law,simple_power_law,[]
coway,Other,B071H1FXFC,"CUCKOO CRP-HS0657FW 6-Cup (Uncooked) 12-Cup (Cooked) Induction Heating Pressure Rice Cooker with Nonstick Inner Pot & 16 Menu Modes (White/Silver, Made in Korea)",2023-01,keepa_backcast_estimate,,,232.39900000000003,284507,16.757420392050363,3894.4077416921127,95.96012317371935,232.39900000000003,low,global:all:all:simple_power_law,simple_power_law,[]
coway,Other,B071H1FXFC,"CUCKOO CRP-HS0657FW 6-Cup (Uncooked) 12-Cup (Cooked) Induction Heating Pressure Rice Cooker with Nonstick Inner Pot & 16 Menu Modes (White/Silver, Made in Korea)",2023-02,keepa_backcast_estimate,,,220.01666666666668,284507,16.596105719355645,3651.419860020231,95.0363666826035,220.01666666666668,low,global:all:all:simple_power_law,simple_power_law,[]
coway,Other,B071H1FXFC,"CUCKOO CRP-HS0657FW 6-Cup (Uncooked) 12-Cup (Cooked) Induction Heating Pressure Rice Cooker with Nonstick Inner Pot & 16 Menu Modes (White/Silver, Made in Korea)",2023-03,keepa_backcast_estimate,,,203.65166666666667,284507,16.370941611523733,3333.9695440894943,93.74698114375882,203.65166666666667,low,global:all:all:simple_power_law,simple_power_law,[]
coway,Other,B071H1FXFC,"CUCKOO CRP-HS0657FW 6-Cup (Uncooked) 12-Cup (Cooked) Induction Heating Pressure Rice Cooker with Nonstick Inner Pot & 16 Menu Modes (White/Silver, Made in Korea)",2023-04,keepa_backcast_estimate,,,188.885,284507,16.154510775634034,3051.3447678556345,92.50760603800452,188.885,low,global:all:all:simple_power_law,simple_power_law,[]
coway,Other,B071H1FXFC,"CUCKOO CRP-HS0657FW 6-Cup (Uncooked) 12-Cup (Cooked) Induction Heating Pressure Rice Cooker with Nonstick Inner Pot & 16 Menu Modes (White/Silver, Made in Korea)",2023-05,keepa_backcast_estimate,,,189.12,284507,16.15806315495786,3055.8129038656302,92.5279484743401,189.12,low,global:all:all:simple_power_law,simple_power_law,[]
coway,Other,B071H1FXFC,"CUCKOO CRP-HS0657FW 6-Cup (Uncooked) 12-Cup (Cooked) Induction Heating Pressure Rice Cooker with Nonstick Inner Pot & 16 Menu Modes (White/Silver, Made in Korea)",2023-06,keepa_backcast_estimate,,,174.15666666666667,284507,15.924201733008832,2773.3058931483747,91.18875841221958,174.15666666666667,low,global:all:all:simple_power_law,simple_power_law,[]
coway,Other,B071H1FXFC,"CUCKOO CRP-HS0657FW 6-Cup (Uncooked) 12-Cup (Cooked) Induction Heating Pressure Rice Cooker with Nonstick Inner Pot & 16 Menu Modes (White/Silver, Made in Korea)",2023-07,keepa_backcast_estimate,,,176.6075,284507,15.963617243538806,2819.2945323382796,91.41446840557904,176.6075,low,global:all:all:simple_power_law,simple_power_law,[]
coway,Other,B071H1FXFC,"CUCKOO CRP-HS0657FW 6-Cup (Uncooked) 12-Cup (Cooked) Induction Heating Pressure Rice Cooker with Nonstick Inner Pot & 16 Menu Modes (White/Silver, Made in Korea)",2023-08,keepa_backcast_estimate,,,187.652,284507,16.13581191104474,3027.9173767313673,92.40052837884114,187.652,low,global:all:all:simple_power_law,simple_power_law,[]
coway,Other,B071H1FXFC,"CUCKOO CRP-HS0657FW 6-Cup (Uncooked) 12-Cup (Cooked) Induction Heating Pressure Rice Cooker with Nonstick Inner Pot & 16 Menu Modes (White/Silver, Made in Korea)",2023-09,keepa_backcast_estimate,,,220.16888888888892,284507,16.598134020995058,3654.392725031348,95.04798160128418,220.16888888888892,low,global:all:all:simple_power_law,simple_power_law,[]
coway,Other,B071H1FXFC,"CUCKOO CRP-HS0657FW 6-Cup (Uncooked) 12-Cup (Cooked) Induction Heating Pressure Rice Cooker with Nonstick Inner Pot & 16 Menu Modes (White/Silver, Made in Korea)",2023-10,keepa_backcast_estimate,,,224.14,284507,16.65064125066421,3732.074729923876,95.34866035187237,224.14,low,global:all:all:simple_power_law,simple_power_law,[]
coway,Other,B071H1FXFC,"CUCKOO CRP-HS0657FW 6-Cup (Uncooked) 12-Cup (Cooked) Induction Heating Pressure Rice Cooker with Nonstick Inner Pot & 16 Menu Modes (White/Silver, Made in Korea)",2023-11,keepa_backcast_estimate,,,187.4257142857143,284507,16.132369166441737,3023.6208141411757,92.38081375759094,187.4257142857143,low,global:all:all:simple_power_law,simple_power_law,[]
coway,Other,B071H1FXFC,"CUCKOO CRP-HS0657FW 6-Cup (Uncooked) 12-Cup (Cooked) Induction Heating Pressure Rice Cooker with Nonstick Inner Pot & 16 Menu Modes (White/Silver, Made in Korea)",2023-12,keepa_backcast_estimate,,,186.18500000000003,284507,16.113431341421112,3000.07921430249,92.27236770926696,186.18500000000003,low,global:all:all:simple_power_law,simple_power_law,[]
coway,Other,B071H1FXFC,"CUCKOO CRP-HS0657FW 6-Cup (Uncooked) 12-Cup (Cooked) Induction Heating Pressure Rice Cooker with Nonstick Inner Pot & 16 Menu Modes (White/Silver, Made in Korea)",2024-01,keepa_backcast_estimate,,,212.81799999999998,284507,16.498831361948533,3511.2482927871624,94.47933230021974,212.81799999999998,low,global:all:all:simple_power_law,simple_power_law,[]
coway,Other,B071H1FXFC,"CUCKOO CRP-HS0657FW 6-Cup (Uncooked) 12-Cup (Cooked) Induction Heating Pressure Rice Cooker with Nonstick Inner Pot & 16 Menu Modes (White/Silver, Made in Korea)",2024-02,keepa_backcast_estimate,,,171.61874999999998,284507,15.882898758696472,2725.80323134404,90.95223999770661,171.61874999999998,low,global:all:all:simple_power_law,simple_power_law,[]
coway,Other,B071H1FXFC,"CUCKOO CRP-HS0657FW 6-Cup (Uncooked) 12-Cup (Cooked) Induction Heating Pressure Rice Cooker with Nonstick Inner Pot & 16 Menu Modes (White/Silver, Made in Korea)",2024-03,keepa_backcast_estimate,,,149.79000000000002,284507,15.505068461086784,2322.50420478619,88.78862286278121,149.79000000000002,low,global:all:all:simple_power_law,simple_power_law,[]
coway,Other,B071H1FXFC,"CUCKOO CRP-HS0657FW 6-Cup (Uncooked) 12-Cup (Cooked) Induction Heating Pressure Rice Cooker with Nonstick Inner Pot & 16 Menu Modes (White/Silver, Made in Korea)",2024-04,keepa_backcast_estimate,,,196.035,284507,16.260992352276098,3187.723635778445,93.11736487744687,196.035,low,global:all:all:simple_power_law,simple_power_law,[]
coway,Other,B071H1FXFC,"CUCKOO CRP-HS0657FW 6-Cup (Uncooked) 12-Cup (Cooked) Induction Heating Pressure Rice Cooker with Nonstick Inner Pot & 16 Menu Modes (White/Silver, Made in Korea)",2024-05,keepa_backcast_estimate,,,199.0311111111111,284507,16.304657533007713,3245.1341050806727,93.36741029156063,199.0311111111111,low,global:all:all:simple_power_law,simple_power_law,[]
coway,Other,B071H1FXFC,"CUCKOO CRP-HS0657FW 6-Cup (Uncooked) 12-Cup (Cooked) Induction Heating Pressure Rice Cooker with Nonstick Inner Pot & 16 Menu Modes (White/Silver, Made in Korea)",2024-06,keepa_backcast_estimate,,,160.8766666666667,284507,15.702273477524164,2526.129416152496,89.91790274148997,160.8766666666667,low,global:all:all:simple_power_law,simple_power_law,[]
coway,Other,B071H1FXFC,"CUCKOO CRP-HS0657FW 6-Cup (Uncooked) 12-Cup (Cooked) Induction Heating Pressure Rice Cooker with Nonstick Inner Pot & 16 Menu Modes (White/Silver, Made in Korea)",2024-07,keepa_backcast_estimate,,,212.18888888888887,284507,16.490201335103308,3499.037498849643,94.42991309250844,212.18888888888887,low,global:all:all:simple_power_law,simple_power_law,[]
coway,Other,B071H1FXFC,"CUCKOO CRP-HS0657FW 6-Cup (Uncooked) 12-Cup (Cooked) Induction Heating Pressure Rice Cooker with Nonstick Inner Pot & 16 Menu Modes (White/Silver, Made in Korea)",2024-08,keepa_backcast_estimate,,,133.905,284507,15.20033016878135,2035.4002112506669,87.04356166713018,133.905,low,global:all:all:simple_power_law,simple_power_law,[]
coway,Other,B071H1FXFC,"CUCKOO CRP-HS0657FW 6-Cup (Uncooked) 12-Cup (Cooked) Induction Heating Pressure Rice Cooker with Nonstick Inner Pot & 16 Menu Modes (White/Silver, Made in Korea)",2024-09,keepa_backcast_estimate,,,174.30499999999998,284507,15.926600315469623,2776.086067987932,91.2024937165203,174.30499999999998,low,global:all:all:simple_power_law,simple_power_law,[]
coway,Other,B071H1FXFC,"CUCKOO CRP-HS0657FW 6-Cup (Uncooked) 12-Cup (Cooked) Induction Heating Pressure Rice Cooker with Nonstick Inner Pot & 16 Menu Modes (White/Silver, Made in Korea)",2024-10,keepa_backcast_estimate,,,156.58499999999998,284507,15.627309962439178,2447.0023304685383,89.4886297404675,156.58499999999998,low,global:all:all:simple_power_law,simple_power_law,[]
coway,Other,B071H1FXFC,"CUCKOO CRP-HS0657FW 6-Cup (Uncooked) 12-Cup (Cooked) Induction Heating Pressure Rice Cooker with Nonstick Inner Pot & 16 Menu Modes (White/Silver, Made in Korea)",2024-11,keepa_backcast_estimate,,,244.095,284507,16.903376889825704,4126.029781922005,96.7959322169281,244.095,low,global:all:all:simple_power_law,simple_power_law,[]
coway,Other,B071H1FXFC,"CUCKOO CRP-HS0657FW 6-Cup (Uncooked) 12-Cup (Cooked) Induction Heating Pressure Rice Cooker with Nonstick Inner Pot & 16 Menu Modes (White/Silver, Made in Korea)",2024-12,keepa_backcast_estimate,,,249.83571428571426,284507,16.972904713741595,4240.437772660998,97.19407813622094,249.83571428571426,low,global:all:all:simple_power_law,simple_power_law,[]
coway,Other,B071H1FXFC,"CUCKOO CRP-HS0657FW 6-Cup (Uncooked) 12-Cup (Cooked) Induction Heating Pressure Rice Cooker with Nonstick Inner Pot & 16 Menu Modes (White/Silver, Made in Korea)",2025-01,keepa_backcast_estimate,,,297.7875,284507,17.507045696223454,5213.379370264142,100.25279679768069,297.7875,low,global:all:all:simple_power_law,simple_power_law,[]
coway,Other,B071H1FXFC,"CUCKOO CRP-HS0657FW 6-Cup (Uncooked) 12-Cup (Cooked) Induction Heating Pressure Rice Cooker with Nonstick Inner Pot & 16 Menu Modes (White/Silver, Made in Korea)",2025-02,keepa_backcast_estimate,,,273.74749999999995,284507,17.24897549676763,4721.863919801396,98.77497696933794,273.74749999999995,low,global:all:all:simple_power_law,simple_power_law,[]
coway,Other,B071H1FXFC,"CUCKOO CRP-HS0657FW 6-Cup (Uncooked) 12-Cup (Cooked) Induction Heating Pressure Rice Cooker with Nonstick Inner Pot & 16 Menu Modes (White/Silver, Made in Korea)",2025-03,keepa_backcast_estimate,,,261.2846153846154,284507,17.107700367665643,4469.978910680761,97.96597543611621,261.2846153846154,low,global:all:all:simple_power_law,simple_power_law,[]
coway,Other,B071H1FXFC,"CUCKOO CRP-HS0657FW 6-Cup (Uncooked) 12-Cup (Cooked) Induction Heating Pressure Rice Cooker with Nonstick Inner Pot & 16 Menu Modes (White/Silver, Made in Korea)",2025-04,keepa_backcast_estimate,,,320.4916666666667,284507,17.7353594895192,5684.034921728491,101.56021877638288,320.4916666666667,low,global:all:all:simple_power_law,simple_power_law,[]
coway,Other,B071H1FXFC,"CUCKOO CRP-HS0657FW 6-Cup (Uncooked) 12-Cup (Cooked) Induction Heating Pressure Rice Cooker with Nonstick Inner Pot & 16 Menu Modes (White/Silver, Made in Korea)",2025-05,keepa_backcast_estimate,,,245.2485714285714,284507,16.917456255932745,4148.981978972854,96.8765566611582,245.2485714285714,low,global:all:all:simple_power_law,simple_power_law,[]
coway,Other,B071H1FXFC,"CUCKOO CRP-HS0657FW 6-Cup (Uncooked) 12-Cup (Cooked) Induction Heating Pressure Rice Cooker with Nonstick Inner Pot & 16 Menu Modes (White/Silver, Made in Korea)",2025-06,keepa_backcast_estimate,,,208.12624999999997,284507,16.43395451923866,3420.337326759695,94.10781987933933,208.12624999999997,low,global:all:all:simple_power_law,simple_power_law,[]
coway,Other,B071H1FXFC,"CUCKOO CRP-HS0657FW 6-Cup (Uncooked) 12-Cup (Cooked) Induction Heating Pressure Rice Cooker with Nonstick Inner Pot & 16 Menu Modes (White/Silver, Made in Korea)",2025-07,keepa_backcast_estimate,,,179.23666666666665,284507,16.005400491008576,2868.754632673407,91.65373706865437,179.23666666666665,low,global:all:all:simple_power_law,simple_power_law,[]
coway,Other,B071H1FXFC,"CUCKOO CRP-HS0657FW 6-Cup (Uncooked) 12-Cup (Cooked) Induction Heating Pressure Rice Cooker with Nonstick Inner Pot & 16 Menu Modes (White/Silver, Made in Korea)",2025-10,keepa_backcast_estimate,,,259.425,284507,17.086143455046926,4432.572765825549,97.84253137720135,259.425,low,global:all:all:simple_power_law,simple_power_law,[]
coway,Other,B071H1FXFC,"CUCKOO CRP-HS0657FW 6-Cup (Uncooked) 12-Cup (Cooked) Induction Heating Pressure Rice Cooker with Nonstick Inner Pot & 16 Menu Modes (White/Silver, Made in Korea)",2025-11,keepa_backcast_estimate,,,212.416,284507,16.493319244834613,3503.444900710789,94.44776757099383,212.416,low,global:all:all:simple_power_law,simple_power_law,[]
coway,Other,B071H1FXFC,"CUCKOO CRP-HS0657FW 6-Cup (Uncooked) 12-Cup (Cooked) Induction Heating Pressure Rice Cooker with Nonstick Inner Pot & 16 Menu Modes (White/Silver, Made in Korea)",2025-12,keepa_backcast_estimate,,,225.62142857142857,284507,16.670031771864792,3761.116382699237,95.45969873124567,225.62142857142857,low,global:all:all:simple_power_law,simple_power_law,[]
coway,Other,B071H1FXFC,"CUCKOO CRP-HS0657FW 6-Cup (Uncooked) 12-Cup (Cooked) Induction Heating Pressure Rice Cooker with Nonstick Inner Pot & 16 Menu Modes (White/Silver, Made in Korea)",2026-01,keepa_backcast_estimate,,,250.11333333333334,284507,16.976233344188984,4245.982309159587,97.21313929123515,250.11333333333334,low,global:all:all:simple_power_law,simple_power_law,[]
coway,Other,B071H1FXFC,"CUCKOO CRP-HS0657FW 6-Cup (Uncooked) 12-Cup (Cooked) Induction Heating Pressure Rice Cooker with Nonstick Inner Pot & 16 Menu Modes (White/Silver, Made in Korea)",2026-02,keepa_backcast_estimate,,,261.6975,284507,17.112469311315728,4478.290437598048,97.99328443770263,261.6975,low,global:all:all:simple_power_law,simple_power_law,[]
coway,Other,B071H1FXFC,"CUCKOO CRP-HS0657FW 6-Cup (Uncooked) 12-Cup (Cooked) Induction Heating Pressure Rice Cooker with Nonstick Inner Pot & 16 Menu Modes (White/Silver, Made in Korea)",2026-03,keepa_backcast_estimate,,,256.7416666666667,284507,17.05481088820619,4378.680572122871,97.66310776049649,256.7416666666667,low,global:all:all:simple_power_law,simple_power_law,[]
coway,Other,B071H1FXFC,"CUCKOO CRP-HS0657FW 6-Cup (Uncooked) 12-Cup (Cooked) Induction Heating Pressure Rice Cooker with Nonstick Inner Pot & 16 Menu Modes (White/Silver, Made in Korea)",2026-04,keepa_backcast_estimate,,,234.23333333333335,284507,16.78070828257988,3930.601236722961,96.09347954906747,234.23333333333335,low,global:all:all:simple_power_law,simple_power_law,[]
coway,Other,B071H1FXFC,"CUCKOO CRP-HS0657FW 6-Cup (Uncooked) 12-Cup (Cooked) Induction Heating Pressure Rice Cooker with Nonstick Inner Pot & 16 Menu Modes (White/Silver, Made in Korea)",2026-05,keepa_backcast_estimate,,,267.3866666666666,284507,17.177553594175663,4593.0487970346485,98.3659847491942,267.3866666666666,low,global:all:all:simple_power_law,simple_power_law,[]
coway,Other,B071H1FXFC,"CUCKOO CRP-HS0657FW 6-Cup (Uncooked) 12-Cup (Cooked) Induction Heating Pressure Rice Cooker with Nonstick Inner Pot & 16 Menu Modes (White/Silver, Made in Korea)",2026-06,keepa_backcast_estimate,,,345.91,284507,17.975556541056164,6217.924763116738,102.93568935074322,345.91,low,global:all:all:simple_power_law,simple_power_law,[]
coway,Other,B0721ZMW8K,"CUCKOO High Pressure Rice Cooker 6-Cup Uncooked / 12-Cup Cooked with Induction Heating Technology, Versatile Rice Maker with 13 Menu Options and Steam Plate, Voice Guide, Dark Gray (CRP-DHSR0609FD)",2022-05,keepa_backcast_estimate,,,479.99,284507,19.04257652605372,9140.246306740524,107.70498581310774,479.99,low,global:all:all:simple_power_law,simple_power_law,[]
coway,Other,B0721ZMW8K,"CUCKOO High Pressure Rice Cooker 6-Cup Uncooked / 12-Cup Cooked with Induction Heating Technology, Versatile Rice Maker with 13 Menu Options and Steam Plate, Voice Guide, Dark Gray (CRP-DHSR0609FD)",2022-06,keepa_backcast_estimate,,,420.78600000000006,284507,18.60666374314999,7829.423609825113,105.23945915319584,420.78600000000006,low,global:all:all:simple_power_law,simple_power_law,[]
coway,Other,B0721ZMW8K,"CUCKOO High Pressure Rice Cooker 6-Cup Uncooked / 12-Cup Cooked with Induction Heating Technology, Versatile Rice Maker with 13 Menu Options and Steam Plate, Voice Guide, Dark Gray (CRP-DHSR0609FD)",2022-07,keepa_backcast_estimate,,,380.5888888888889,284507,18.280658412713667,6957.415473452013,103.39557004283297,380.5888888888889,low,global:all:all:simple_power_law,simple_power_law,[]
coway,Other,B0721ZMW8K,"CUCKOO High Pressure Rice Cooker 6-Cup Uncooked / 12-Cup Cooked with Induction Heating Technology, Versatile Rice Maker with 13 Menu Options and Steam Plate, Voice Guide, Dark Gray (CRP-DHSR0609FD)",2022-08,keepa_backcast_estimate,,,339.066,284507,17.91236330511441,6073.473376411923,101.31248956867852,339.066,low,global:all:all:simple_power_law,simple_power_law,[]
coway,Other,B0721ZMW8K,"CUCKOO High Pressure Rice Cooker 6-Cup Uncooked / 12-Cup Cooked with Induction Heating Technology, Versatile Rice Maker with 13 Menu Options and Steam Plate, Voice Guide, Dark Gray (CRP-DHSR0609FD)",2022-09,keepa_backcast_estimate,,,258.448,284507,17.074766538299382,4412.939262290399,96.57503464688843,258.448,low,global:all:all:simple_power_law,simple_power_law,[]
coway,Other,B0721ZMW8K,"CUCKOO High Pressure Rice Cooker 6-Cup Uncooked / 12-Cup Cooked with Induction Heating Technology, Versatile Rice Maker with 13 Menu Options and Steam Plate, Voice Guide, Dark Gray (CRP-DHSR0609FD)",2022-10,keepa_backcast_estimate,,,373.07250000000005,284507,18.21655035711638,6796.093983105301,103.03297429802056,373.07250000000005,low,global:all:all:simple_power_law,simple_power_law,[]
coway,Other,B0721ZMW8K,"CUCKOO High Pressure Rice Cooker 6-Cup Uncooked / 12-Cup Cooked with Induction Heating Technology, Versatile Rice Maker with 13 Menu Options and Steam Plate, Voice Guide, Dark Gray (CRP-DHSR0609FD)",2022-11,keepa_backcast_estimate,,,227.73874999999998,284507,16.697563136914937,3802.6821568470864,94.44156878216245,227.73874999999998,low,global:all:all:simple_power_law,simple_power_law,[]
coway,Other,B0721ZMW8K,"CUCKOO High Pressure Rice Cooker 6-Cup Uncooked / 12-Cup Cooked with Induction Heating Technology, Versatile Rice Maker with 13 Menu Options and Steam Plate, Voice Guide, Dark Gray (CRP-DHSR0609FD)",2022-12,keepa_backcast_estimate,,,360.178,284507,18.104029775919997,6520.673236631313,102.39655686864289,360.178,low,global:all:all:simple_power_law,simple_power_law,[]
coway,Other,B0721ZMW8K,"CUCKOO High Pressure Rice Cooker 6-Cup Uncooked / 12-Cup Cooked with Induction Heating Technology, Versatile Rice Maker with 13 Menu Options and Steam Plate, Voice Guide, Dark Gray (CRP-DHSR0609FD)",2023-01,keepa_backcast_estimate,,,354.9628571428571,284507,18.057569350627514,6409.766409754029,102.13377628114458,354.9628571428571,low,global:all:all:simple_power_law,simple_power_law,[]
coway,Other,B0721ZMW8K,"CUCKOO High Pressure Rice Cooker 6-Cup Uncooked / 12-Cup Cooked with Induction Heating Technology, Versatile Rice Maker with 13 Menu Options and Steam Plate, Voice Guide, Dark Gray (CRP-DHSR0609FD)",2023-02,keepa_backcast_estimate,,,265.046,284507,17.150916685891673,4545.781863928844,97.00574057341429,265.046,low,global:all:all:simple_power_law,simple_power_law,[]
coway,Other,B0721ZMW8K,"CUCKOO High Pressure Rice Cooker 6-Cup Uncooked / 12-Cup Cooked with Induction Heating Technology, Versatile Rice Maker with 13 Menu Options and Steam Plate, Voice Guide, Dark Gray (CRP-DHSR0609FD)",2023-03,keepa_backcast_estimate,,,336.124,284507,17.884872828927964,6011.534994750584,101.15700318564595,336.124,low,global:all:all:simple_power_law,simple_power_law,[]
coway,Other,B0721ZMW8K,"CUCKOO High Pressure Rice Cooker 6-Cup Uncooked / 12-Cup Cooked with Induction Heating Technology, Versatile Rice Maker with 13 Menu Options and Steam Plate, Voice Guide, Dark Gray (CRP-DHSR0609FD)",2023-04,keepa_backcast_estimate,,,316.73833333333334,284507,17.698562050451642,5605.813046256636,100.1032277301467,316.73833333333334,low,global:all:all:simple_power_law,simple_power_law,[]
coway,Other,B0721ZMW8K,"CUCKOO High Pressure Rice Cooker 6-Cup Uncooked / 12-Cup Cooked with Induction Heating Technology, Versatile Rice Maker with 13 Menu Options and Steam Plate, Voice Guide, Dark Gray (CRP-DHSR0609FD)",2023-05,keepa_backcast_estimate,,,318.23857142857145,284507,17.713313482919347,5637.059578070706,100.18666196618527,318.23857142857145,low,global:all:all:simple_power_law,simple_power_law,[]
coway,Other,B0721ZMW8K,"CUCKOO High Pressure Rice Cooker 6-Cup Uncooked / 12-Cup Cooked with Induction Heating Technology, Versatile Rice Maker with 13 Menu Options and Steam Plate, Voice Guide, Dark Gray (CRP-DHSR0609FD)",2023-06,keepa_backcast_estimate,,,318.6985714285714,284507,17.717824975385874,5646.645508476941,100.2121790085581,318.6985714285714,low,global:all:all:simple_power_law,simple_power_law,[]
coway,Other,B0721ZMW8K,"CUCKOO High Pressure Rice Cooker 6-Cup Uncooked / 12-Cup Cooked with Induction Heating Technology, Versatile Rice Maker with 13 Menu Options and Steam Plate, Voice Guide, Dark Gray (CRP-DHSR0609FD)",2023-07,keepa_backcast_estimate,,,329.296,284507,17.82029293778391,5868.15118324049,100.79173873469492,329.296,low,global:all:all:simple_power_law,simple_power_law,[]
coway,Other,B0721ZMW8K,"CUCKOO High Pressure Rice Cooker 6-Cup Uncooked / 12-Cup Cooked with Induction Heating Technology, Versatile Rice Maker with 13 Menu Options and Steam Plate, Voice Guide, Dark Gray (CRP-DHSR0609FD)",2023-08,keepa_backcast_estimate,,,348.7775,284507,18.001725057229834,6278.596661147978,101.81792045040072,348.7775,low,global:all:all:simple_power_law,simple_power_law,[]
coway,Other,B0721ZMW8K,"CUCKOO High Pressure Rice Cooker 6-Cup Uncooked / 12-Cup Cooked with Induction Heating Technology, Versatile Rice Maker with 13 Menu Options and Steam Plate, Voice Guide, Dark Gray (CRP-DHSR0609FD)",2023-09,keepa_backcast_estimate,,,377.93199999999996,284507,18.25811865086789,6900.327297959802,103.26808494508326,377.93199999999996,low,global:all:all:simple_power_law,simple_power_law,[]
coway,Other,B0721ZMW8K,"CUCKOO High Pressure Rice Cooker 6-Cup Uncooked / 12-Cup Cooked with Induction Heating Technology, Versatile Rice Maker with 13 Menu Options and Steam Plate, Voice Guide, Dark Gray (CRP-DHSR0609FD)",2023-10,keepa_backcast_estimate,,,316.262,284507,17.693866265489092,5595.897532856111,100.07666832774227,316.262,low,global:all:all:simple_power_law,simple_power_law,[]
coway,Other,B0721ZMW8K,"CUCKOO High Pressure Rice Cooker 6-Cup Uncooked / 12-Cup Cooked with Induction Heating Technology, Versatile Rice Maker with 13 Menu Options and Steam Plate, Voice Guide, Dark Gray (CRP-DHSR0609FD)",2023-11,keepa_backcast_estimate,,,343.399,284507,17.952493089620454,6164.868174482574,101.53946399438149,343.399,low,global:all:all:simple_power_law,simple_power_law,[]
coway,Other,B0721ZMW8K,"CUCKOO High Pressure Rice Cooker 6-Cup Uncooked / 12-Cup Cooked with Induction Heating Technology, Versatile Rice Maker with 13 Menu Options and Steam Plate, Voice Guide, Dark Gray (CRP-DHSR0609FD)",2023-12,keepa_backcast_estimate,,,307.535,284507,17.606777402092334,5414.7002883524665,99.58409292525963,307.535,low,global:all:all:simple_power_law,simple_power_law,[]
coway,Other,B0721ZMW8K,"CUCKOO High Pressure Rice Cooker 6-Cup Uncooked / 12-Cup Cooked with Induction Heating Technology, Versatile Rice Maker with 13 Menu Options and Steam Plate, Voice Guide, Dark Gray (CRP-DHSR0609FD)",2024-01,keepa_backcast_estimate,,,303.75,284507,17.56836698741724,5336.391472427987,99.36684327093913,303.75,low,global:all:all:simple_power_law,simple_power_law,[]
coway,Other,B0721ZMW8K,"CUCKOO High Pressure Rice Cooker 6-Cup Uncooked / 12-Cup Cooked with Induction Heating Technology, Versatile Rice Maker with 13 Menu Options and Steam Plate, Voice Guide, Dark Gray (CRP-DHSR0609FD)",2024-02,keepa_backcast_estimate,,,258.15000000000003,284507,17.0712893050861,4406.953334107978,96.5553673842471,258.15000000000003,low,global:all:all:simple_power_law,simple_power_law,[]
coway,Other,B0721ZMW8K,"CUCKOO High Pressure Rice Cooker 6-Cup Uncooked / 12-Cup Cooked with Induction Heating Technology, Versatile Rice Maker with 13 Menu Options and Steam Plate, Voice Guide, Dark Gray (CRP-DHSR0609FD)",2024-03,keepa_backcast_estimate,,,227.98250000000002,284507,16.700718964049063,3807.4716612213156,94.45941816910043,227.98250000000002,low,global:all:all:simple_power_law,simple_power_law,[]
coway,Other,B0721ZMW8K,"CUCKOO High Pressure Rice Cooker 6-Cup Uncooked / 12-Cup Cooked with Induction Heating Technology, Versatile Rice Maker with 13 Menu Options and Steam Plate, Voice Guide, Dark Gray (CRP-DHSR0609FD)",2024-04,keepa_backcast_estimate,,,239.445,284507,16.846058041282248,4033.704367694828,95.28145731018374,239.445,low,global:all:all:simple_power_law,simple_power_law,[]
coway,Other,B0721ZMW8K,"CUCKOO High Pressure Rice Cooker 6-Cup Uncooked / 12-Cup Cooked with Induction Heating Technology, Versatile Rice Maker with 13 Menu Options and Steam Plate, Voice Guide, Dark Gray (CRP-DHSR0609FD)",2024-05,keepa_backcast_estimate,,,244.334,284507,16.90629841481638,4130.7835168857455,95.62217741011312,244.334,low,global:all:all:simple_power_law,simple_power_law,[]
coway,Other,B0721ZMW8K,"CUCKOO High Pressure Rice Cooker 6-Cup Uncooked / 12-Cup Cooked with Induction Heating Technology, Versatile Rice Maker with 13 Menu Options and Steam Plate, Voice Guide, Dark Gray (CRP-DHSR0609FD)",2024-06,keepa_backcast_estimate,,,245.115,284507,16.91582882815778,4146.323383213895,95.67608151454586,245.115,low,global:all:all:simple_power_law,simple_power_law,[]
coway,Other,B0721ZMW8K,"CUCKOO High Pressure Rice Cooker 6-Cup Uncooked / 12-Cup Cooked with Induction Heating Technology, Versatile Rice Maker with 13 Menu Options and Steam Plate, Voice Guide, Dark Gray (CRP-DHSR0609FD)",2024-07,keepa_backcast_estimate,,,244.28000000000003,284507,16.90563852858517,4129.709379762786,95.61844508759502,244.28000000000003,low,global:all:all:simple_power_law,simple_power_law,[]
coway,Other,B0721ZMW8K,"CUCKOO High Pressure Rice Cooker 6-Cup Uncooked / 12-Cup Cooked with Induction Heating Technology, Versatile Rice Maker with 13 Menu Options and Steam Plate, Voice Guide, Dark Gray (CRP-DHSR0609FD)",2024-08,keepa_backcast_estimate,,,256.41400000000004,284507,17.050966227964896,4372.106454377392,96.44041987543581,256.41400000000004,low,global:all:all:simple_power_law,simple_power_law,[]
coway,Other,B0721ZMW8K,"CUCKOO High Pressure Rice Cooker 6-Cup Uncooked / 12-Cup Cooked with Induction Heating Technology, Versatile Rice Maker with 13 Menu Options and Steam Plate, Voice Guide, Dark Gray (CRP-DHSR0609FD)",2024-09,keepa_backcast_estimate,,,279.12,284507,17.308235382983366,4831.0746600983175,97.89553655323955,279.12,low,global:all:all:simple_power_law,simple_power_law,[]
coway,Other,B0721ZMW8K,"CUCKOO High Pressure Rice Cooker 6-Cup Uncooked / 12-Cup Cooked with Induction Heating Technology, Versatile Rice Maker with 13 Menu Options and Steam Plate, Voice Guide, Dark Gray (CRP-DHSR0609FD)",2024-10,keepa_backcast_estimate,,,290.35625,284507,17.42917639514578,5060.670298683047,98.57958001665186,290.35625,low,global:all:all:simple_power_law,simple_power_law,[]
coway,Other,B0721ZMW8K,"CUCKOO High Pressure Rice Cooker 6-Cup Uncooked / 12-Cup Cooked with Induction Heating Technology, Versatile Rice Maker with 13 Menu Options and Steam Plate, Voice Guide, Dark Gray (CRP-DHSR0609FD)",2024-11,keepa_backcast_estimate,,,301.7942857142857,284507,17.548364404438146,5295.996100891407,99.25370847990699,301.7942857142857,low,global:all:all:simple_power_law,simple_power_law,[]
coway,Other,B0721ZMW8K,"CUCKOO High Pressure Rice Cooker 6-Cup Uncooked / 12-Cup Cooked with Induction Heating Technology, Versatile Rice Maker with 13 Menu Options and Steam Plate, Voice Guide, Dark Gray (CRP-DHSR0609FD)",2024-12,keepa_backcast_estimate,,,266.92333333333335,284507,17.17229623307231,4583.686551519105,97.12666348647863,266.92333333333335,low,global:all:all:simple_power_law,simple_power_law,[]
coway,Other,B0721ZMW8K,"CUCKOO High Pressure Rice Cooker 6-Cup Uncooked / 12-Cup Cooked with Induction Heating Technology, Versatile Rice Maker with 13 Menu Options and Steam Plate, Voice Guide, Dark Gray (CRP-DHSR0609FD)",2025-01,keepa_backcast_estimate,,,288.27285714285716,284507,17.407048672058373,5017.979655119045,98.45442541386242,288.27285714285716,low,global:all:all:simple_power_law,simple_power_law,[]
coway,Other,B0721ZMW8K,"CUCKOO High Pressure Rice Cooker 6-Cup Uncooked / 12-Cup Cooked with Induction Heating Technology, Versatile Rice Maker with 13 Menu Options and Steam Plate, Voice Guide, Dark Gray (CRP-DHSR0609FD)",2025-02,keepa_backcast_estimate,,,467.58125000000007,284507,18.95506880702509,8863.034766624802,107.21004135936639,467.58125000000007,low,global:all:all:simple_power_law,simple_power_law,[]
coway,Other,B0721ZMW8K,"CUCKOO High Pressure Rice Cooker 6-Cup Uncooked / 12-Cup Cooked with Induction Heating Technology, Versatile Rice Maker with 13 Menu Options and Steam Plate, Voice Guide, Dark Gray (CRP-DHSR0609FD)",2025-03,keepa_backcast_estimate,,,331.59444444444443,284507,17.84215493921833,5916.359454761802,100.91539041340123,331.59444444444443,low,global:all:all:simple_power_law,simple_power_law,[]
coway,Other,B0721ZMW8K,"CUCKOO High Pressure Rice Cooker 6-Cup Uncooked / 12-Cup Cooked with Induction Heating Technology, Versatile Rice Maker with 13 Menu Options and Steam Plate, Voice Guide, Dark Gray (CRP-DHSR0609FD)",2025-04,keepa_backcast_estimate,,,506.43000000000006,284507,19.222936977354955,9735.07197344187,108.72510616405226,506.43000000000006,low,global:all:all:simple_power_law,simple_power_law,[]
coway,Other,B0721ZMW8K,"CUCKOO High Pressure Rice Cooker 6-Cup Uncooked / 12-Cup Cooked with Induction Heating Technology, Versatile Rice Maker with 13 Menu Options and Steam Plate, Voice Guide, Dark Gray (CRP-DHSR0609FD)",2025-05,keepa_backcast_estimate,,,385.45599999999996,284507,18.321611871465834,7062.175225527733,103.62720317755428,385.45599999999996,low,global:all:all:simple_power_law,simple_power_law,[]
coway,Other,B0721ZMW8K,"CUCKOO High Pressure Rice Cooker 6-Cup Uncooked / 12-Cup Cooked with Induction Heating Technology, Versatile Rice Maker with 13 Menu Options and Steam Plate, Voice Guide, Dark Gray (CRP-DHSR0609FD)",2025-06,keepa_backcast_estimate,,,248.03142857142856,284507,16.951196409765913,4204.42946150911,95.87612087739868,248.03142857142856,low,global:all:all:simple_power_law,simple_power_law,[]
coway,Other,B0721ZMW8K,"CUCKOO High Pressure Rice Cooker 6-Cup Uncooked / 12-Cup Cooked with Induction Heating Technology, Versatile Rice Maker with 13 Menu Options and Steam Plate, Voice Guide, Dark Gray (CRP-DHSR0609FD)",2025-07,keepa_backcast_estimate,,,257.42125,284507,17.06277179006645,4392.320042663643,96.5071922419233,257.42125,low,global:all:all:simple_power_law,simple_power_law,[]
coway,Other,B0721ZMW8K,"CUCKOO High Pressure Rice Cooker 6-Cup Uncooked / 12-Cup Cooked with Induction Heating Technology, Versatile Rice Maker with 13 Menu Options and Steam Plate, Voice Guide, Dark Gray (CRP-DHSR0609FD)",2025-08,keepa_backcast_estimate,,,256.17833333333334,284507,17.0481985251113,4367.379084498804,96.4247657229542,256.17833333333334,low,global:all:all:simple_power_law,simple_power_law,[]
coway,Other,B0721ZMW8K,"CUCKOO High Pressure Rice Cooker 6-Cup Uncooked / 12-Cup Cooked with Induction Heating Technology, Versatile Rice Maker with 13 Menu Options and Steam Plate, Voice Guide, Dark Gray (CRP-DHSR0609FD)",2025-09,keepa_backcast_estimate,,,281.77500000000003,284507,17.337171966227707,4885.181630783813,98.05920213092791,281.77500000000003,low,global:all:all:simple_power_law,simple_power_law,[]
coway,Other,B0721ZMW8K,"CUCKOO High Pressure Rice Cooker 6-Cup Uncooked / 12-Cup Cooked with Induction Heating Technology, Versatile Rice Maker with 13 Menu Options and Steam Plate, Voice Guide, Dark Gray (CRP-DHSR0609FD)",2025-10,keepa_backcast_estimate,,,376.309,284507,18.244285082415868,6865.488675078833,103.18984215625524,376.309,low,global:all:all:simple_power_law,simple_power_law,[]
coway,Other,B0721ZMW8K,"CUCKOO High Pressure Rice Cooker 6-Cup Uncooked / 12-Cup Cooked with Induction Heating Technology, Versatile Rice Maker with 13 Menu Options and Steam Plate, Voice Guide, Dark Gray (CRP-DHSR0609FD)",2025-11,keepa_backcast_estimate,,,297.785,284507,17.507019772127222,5213.327882842906,99.01986286398396,297.785,low,global:all:all:simple_power_law,simple_power_law,[]
coway,Other,B0721ZMW8K,"CUCKOO High Pressure Rice Cooker 6-Cup Uncooked / 12-Cup Cooked with Induction Heating Technology, Versatile Rice Maker with 13 Menu Options and Steam Plate, Voice Guide, Dark Gray (CRP-DHSR0609FD)",2025-12,keepa_backcast_estimate,,,270.34399999999994,284507,17.2109330177726,4652.872475756714,97.34519349171796,270.34399999999994,low,global:all:all:simple_power_law,simple_power_law,[]
coway,Other,B0721ZMW8K,"CUCKOO High Pressure Rice Cooker 6-Cup Uncooked / 12-Cup Cooked with Induction Heating Technology, Versatile Rice Maker with 13 Menu Options and Steam Plate, Voice Guide, Dark Gray (CRP-DHSR0609FD)",2026-01,keepa_backcast_estimate,,,258.255,284507,17.072514884380038,4409.062331465567,96.5622992718667,258.255,low,global:all:all:simple_power_law,simple_power_law,[]
coway,Other,B0721ZMW8K,"CUCKOO High Pressure Rice Cooker 6-Cup Uncooked / 12-Cup Cooked with Induction Heating Technology, Versatile Rice Maker with 13 Menu Options and Steam Plate, Voice Guide, Dark Gray (CRP-DHSR0609FD)",2026-02,keepa_backcast_estimate,,,350.6244444444444,284507,18.01848566615806,6317.721526426854,101.91271860675124,350.6244444444444,low,global:all:all:simple_power_law,simple_power_law,[]
coway,Other,B0721ZMW8K,"CUCKOO High Pressure Rice Cooker 6-Cup Uncooked / 12-Cup Cooked with Induction Heating Technology, Versatile Rice Maker with 13 Menu Options and Steam Plate, Voice Guide, Dark Gray (CRP-DHSR0609FD)",2026-03,keepa_backcast_estimate,,,373.94357142857143,284507,18.224034468463735,6814.760534974716,103.07530449978648,373.94357142857143,low,global:all:all:simple_power_law,simple_power_law,[]
coway,Other,B0721ZMW8K,"CUCKOO High Pressure Rice Cooker 6-Cup Uncooked / 12-Cup Cooked with Induction Heating Technology, Versatile Rice Maker with 13 Menu Options and Steam Plate, Voice Guide, Dark Gray (CRP-DHSR0609FD)",2026-04,keepa_backcast_estimate,,,387.07727272727266,284507,18.33515844979549,7097.123127769247,103.7038227476432,387.07727272727266,low,global:all:all:simple_power_law,simple_power_law,[]
coway,Other,B0721ZMW8K,"CUCKOO High Pressure Rice Cooker 6-Cup Uncooked / 12-Cup Cooked with Induction Heating Technology, Versatile Rice Maker with 13 Menu Options and Steam Plate, Voice Guide, Dark Gray (CRP-DHSR0609FD)",2026-05,keepa_backcast_estimate,,,313.5235714285715,284507,17.66675586782022,5538.944395235667,99.92333167225773,313.5235714285715,low,global:all:all:simple_power_law,simple_power_law,[]
coway,Other,B0721ZMW8K,"CUCKOO High Pressure Rice Cooker 6-Cup Uncooked / 12-Cup Cooked with Induction Heating Technology, Versatile Rice Maker with 13 Menu Options and Steam Plate, Voice Guide, Dark Gray (CRP-DHSR0609FD)",2026-06,keepa_backcast_estimate,,,503.99,284507,19.206624632622905,9679.946748595617,108.63284339406731,503.99,low,global:all:all:simple_power_law,simple_power_law,[]
coway,Other,B072NFGLSV,"CUCKOO High Pressure Rice Cooker 3-Cup Uncooked / 6-Cup Cooked with Induction Heating Technology, Small Rice Maker with 16 Menu Options and Steam Plate, Voice Guide, Gold (CRP-EHSS0309F)",2017-08,keepa_backcast_estimate,,,369.99,284507,18.189948929598557,6730.099204462171,103.5703703757006,369.99,low,global:all:all:simple_power_law,simple_power_law,[]
coway,Other,B072NFGLSV,"CUCKOO High Pressure Rice Cooker 3-Cup Uncooked / 6-Cup Cooked with Induction Heating Technology, Small Rice Maker with 16 Menu Options and Steam Plate, Voice Guide, Gold (CRP-EHSS0309F)",2017-09,keepa_backcast_estimate,,,332.99,284507,17.85536767691967,5945.658882737481,101.66532356139474,332.99,low,global:all:all:simple_power_law,simple_power_law,[]
coway,Other,B072NFGLSV,"CUCKOO High Pressure Rice Cooker 3-Cup Uncooked / 6-Cup Cooked with Induction Heating Technology, Small Rice Maker with 16 Menu Options and Steam Plate, Voice Guide, Gold (CRP-EHSS0309F)",2017-10,keepa_backcast_estimate,,,369.95,284507,18.18960252908129,6729.243455633624,103.56839803207225,369.95,low,global:all:all:simple_power_law,simple_power_law,[]
coway,Other,B072NFGLSV,"CUCKOO High Pressure Rice Cooker 3-Cup Uncooked / 6-Cup Cooked with Induction Heating Technology, Small Rice Maker with 16 Menu Options and Steam Plate, Voice Guide, Gold (CRP-EHSS0309F)",2017-11,keepa_backcast_estimate,,,383.345,284507,18.30390227262452,7016.7094166992465,104.2192006714,383.345,low,global:all:all:simple_power_law,simple_power_law,[]
coway,Other,B072NFGLSV,"CUCKOO High Pressure Rice Cooker 3-Cup Uncooked / 6-Cup Cooked with Induction Heating Technology, Small Rice Maker with 16 Menu Options and Steam Plate, Voice Guide, Gold (CRP-EHSS0309F)",2018-03,keepa_backcast_estimate,,,410.68,284507,18.527221318573105,7608.759251111603,105.49074004681889,410.68,low,global:all:all:simple_power_law,simple_power_law,[]
coway,Other,B072NFGLSV,"CUCKOO High Pressure Rice Cooker 3-Cup Uncooked / 6-Cup Cooked with Induction Heating Technology, Small Rice Maker with 16 Menu Options and Steam Plate, Voice Guide, Gold (CRP-EHSS0309F)",2018-04,keepa_backcast_estimate,,,386.8666666666666,284507,18.33340139235903,7092.5818853239625,104.38716347154227,386.8666666666666,low,global:all:all:simple_power_law,simple_power_law,[]
coway,Other,B072NFGLSV,"CUCKOO High Pressure Rice Cooker 3-Cup Uncooked / 6-Cup Cooked with Induction Heating Technology, Small Rice Maker with 16 Menu Options and Steam Plate, Voice Guide, Gold (CRP-EHSS0309F)",2018-05,keepa_backcast_estimate,,,534.6,284507,19.406685107465982,10374.813858451314,110.49825220093147,534.6,low,global:all:all:simple_power_law,simple_power_law,[]
coway,Other,B072NFGLSV,"CUCKOO High Pressure Rice Cooker 3-Cup Uncooked / 6-Cup Cooked with Induction Heating Technology, Small Rice Maker with 16 Menu Options and Steam Plate, Voice Guide, Gold (CRP-EHSS0309F)",2018-06,keepa_backcast_estimate,,,451.71142857142866,284507,18.84029676572141,8510.377366753684,107.27333658637957,451.71142857142866,low,global:all:all:simple_power_law,simple_power_law,[]
coway,Other,B072NFGLSV,"CUCKOO High Pressure Rice Cooker 3-Cup Uncooked / 6-Cup Cooked with Induction Heating Technology, Small Rice Maker with 16 Menu Options and Steam Plate, Voice Guide, Gold (CRP-EHSS0309F)",2018-07,keepa_backcast_estimate,,,454.28000000000003,284507,18.859097825898676,8567.31096034925,107.38038651673132,454.28000000000003,low,global:all:all:simple_power_law,simple_power_law,[]
coway,Other,B072NFGLSV,"CUCKOO High Pressure Rice Cooker 3-Cup Uncooked / 6-Cup Cooked with Induction Heating Technology, Small Rice Maker with 16 Menu Options and Steam Plate, Voice Guide, Gold (CRP-EHSS0309F)",2018-08,keepa_backcast_estimate,,,441.97444444444443,284507,18.768209051094335,8295.068768574612,106.86288181642058,441.97444444444443,low,global:all:all:simple_power_law,simple_power_law,[]
coway,Other,B072NFGLSV,"CUCKOO High Pressure Rice Cooker 3-Cup Uncooked / 6-Cup Cooked with Induction Heating Technology, Small Rice Maker with 16 Menu Options and Steam Plate, Voice Guide, Gold (CRP-EHSS0309F)",2018-09,keepa_backcast_estimate,,,461.71500000000003,284507,18.91302604786724,8732.427821691024,107.68744432896622,461.71500000000003,low,global:all:all:simple_power_law,simple_power_law,[]
coway,Other,B072NFGLSV,"CUCKOO High Pressure Rice Cooker 3-Cup Uncooked / 6-Cup Cooked with Induction Heating Technology, Small Rice Maker with 16 Menu Options and Steam Plate, Voice Guide, Gold (CRP-EHSS0309F)",2018-10,keepa_backcast_estimate,,,532.605,284507,19.393940200810945,10329.309520652914,110.42568494371845,532.605,low,global:all:all:simple_power_law,simple_power_law,[]
coway,Other,B072NFGLSV,"CUCKOO High Pressure Rice Cooker 3-Cup Uncooked / 6-Cup Cooked with Induction Heating Technology, Small Rice Maker with 16 Menu Options and Steam Plate, Voice Guide, Gold (CRP-EHSS0309F)",2018-11,keepa_backcast_estimate,,,318.825,284507,17.719063988383475,5649.280576096361,100.88923432882429,318.825,low,global:all:all:simple_power_law,simple_power_law,[]
coway,Other,B072NFGLSV,"CUCKOO High Pressure Rice Cooker 3-Cup Uncooked / 6-Cup Cooked with Induction Heating Technology, Small Rice Maker with 16 Menu Options and Steam Plate, Voice Guide, Gold (CRP-EHSS0309F)",2018-12,keepa_backcast_estimate,,,408.355,284507,18.50871523798898,7558.1264110089905,105.38536967839627,408.355,low,global:all:all:simple_power_law,simple_power_law,[]
coway,Other,B072NFGLSV,"CUCKOO High Pressure Rice Cooker 3-Cup Uncooked / 6-Cup Cooked with Induction Heating Technology, Small Rice Maker with 16 Menu Options and Steam Plate, Voice Guide, Gold (CRP-EHSS0309F)",2019-01,keepa_backcast_estimate,,,381.02666666666664,284507,18.284359761087877,6966.828651901443,104.10792904739736,381.02666666666664,low,global:all:all:simple_power_law,simple_power_law,[]
coway,Other,B072NFGLSV,"CUCKOO High Pressure Rice Cooker 3-Cup Uncooked / 6-Cup Cooked with Induction Heating Technology, Small Rice Maker with 16 Menu Options and Steam Plate, Voice Guide, Gold (CRP-EHSS0309F)",2019-02,keepa_backcast_estimate,,,380,284507,18.275673860884,6944.756067135921,104.05847305911264,380,low,global:all:all:simple_power_law,simple_power_law,[]
coway,Other,B072NFGLSV,"CUCKOO High Pressure Rice Cooker 3-Cup Uncooked / 6-Cup Cooked with Induction Heating Technology, Small Rice Maker with 16 Menu Options and Steam Plate, Voice Guide, Gold (CRP-EHSS0309F)",2019-03,keepa_backcast_estimate,,,419.2825,284507,18.5949458970396,7796.535403075507,105.87635188676745,419.2825,low,global:all:all:simple_power_law,simple_power_law,[]
coway,Other,B072NFGLSV,"CUCKOO High Pressure Rice Cooker 3-Cup Uncooked / 6-Cup Cooked with Induction Heating Technology, Small Rice Maker with 16 Menu Options and Steam Plate, Voice Guide, Gold (CRP-EHSS0309F)",2019-04,keepa_backcast_estimate,,,507.085,284507,19.22730478564752,9749.877847230071,109.4768921937783,507.085,low,global:all:all:simple_power_law,simple_power_law,[]
coway,Other,B072NFGLSV,"CUCKOO High Pressure Rice Cooker 3-Cup Uncooked / 6-Cup Cooked with Induction Heating Technology, Small Rice Maker with 16 Menu Options and Steam Plate, Voice Guide, Gold (CRP-EHSS0309F)",2019-05,keepa_backcast_estimate,,,462.8071428571428,284507,18.920886802533495,8756.721561403947,107.73220208366732,462.8071428571428,low,global:all:all:simple_power_law,simple_power_law,[]
coway,Other,B072NFGLSV,"CUCKOO High Pressure Rice Cooker 3-Cup Uncooked / 6-Cup Cooked with Induction Heating Technology, Small Rice Maker with 16 Menu Options and Steam Plate, Voice Guide, Gold (CRP-EHSS0309F)",2019-06,keepa_backcast_estimate,,,392.0837499999999,284507,18.376694850237076,7205.203429486639,104.63366880724323,392.0837499999999,low,global:all:all:simple_power_law,simple_power_law,[]
coway,Other,B072NFGLSV,"CUCKOO High Pressure Rice Cooker 3-Cup Uncooked / 6-Cup Cooked with Induction Heating Technology, Small Rice Maker with 16 Menu Options and Steam Plate, Voice Guide, Gold (CRP-EHSS0309F)",2019-07,keepa_backcast_estimate,,,470.6766666666667,284507,18.977076966366823,8932.067329606316,108.05213899510193,470.6766666666667,low,global:all:all:simple_power_law,simple_power_law,[]
coway,Other,B072NFGLSV,"CUCKOO High Pressure Rice Cooker 3-Cup Uncooked / 6-Cup Cooked with Induction Heating Technology, Small Rice Maker with 16 Menu Options and Steam Plate, Voice Guide, Gold (CRP-EHSS0309F)",2019-08,keepa_backcast_estimate,,,442.256,284507,18.77031198344153,8301.283096548917,106.8748555433902,442.256,low,global:all:all:simple_power_law,simple_power_law,[]
coway,Other,B072NFGLSV,"CUCKOO High Pressure Rice Cooker 3-Cup Uncooked / 6-Cup Cooked with Induction Heating Technology, Small Rice Maker with 16 Menu Options and Steam Plate, Voice Guide, Gold (CRP-EHSS0309F)",2019-09,keepa_backcast_estimate,,,373.845,284507,18.223188284790425,6812.647824327477,103.75962941879058,373.845,low,global:all:all:simple_power_law,simple_power_law,[]
coway,Other,B072NFGLSV,"CUCKOO High Pressure Rice Cooker 3-Cup Uncooked / 6-Cup Cooked with Induction Heating Technology, Small Rice Maker with 16 Menu Options and Steam Plate, Voice Guide, Gold (CRP-EHSS0309F)",2019-10,keepa_backcast_estimate,,,423.615,284507,18.628618193079447,7891.36209586135,106.06807601891015,423.615,low,global:all:all:simple_power_law,simple_power_law,[]
coway,Other,B072NFGLSV,"CUCKOO High Pressure Rice Cooker 3-Cup Uncooked / 6-Cup Cooked with Induction Heating Technology, Small Rice Maker with 16 Menu Options and Steam Plate, Voice Guide, Gold (CRP-EHSS0309F)",2019-11,keepa_backcast_estimate,,,390.49375000000003,284507,18.36355133115311,7170.8520226194705,104.55883192095867,390.49375000000003,low,global:all:all:simple_power_law,simple_power_law,[]
coway,Other,B072NFGLSV,"CUCKOO High Pressure Rice Cooker 3-Cup Uncooked / 6-Cup Cooked with Induction Heating Technology, Small Rice Maker with 16 Menu Options and Steam Plate, Voice Guide, Gold (CRP-EHSS0309F)",2019-12,keepa_backcast_estimate,,,444.90250000000003,284507,18.790024468077963,8359.728860909056,106.98709496433207,444.90250000000003,low,global:all:all:simple_power_law,simple_power_law,[]
coway,Other,B072NFGLSV,"CUCKOO High Pressure Rice Cooker 3-Cup Uncooked / 6-Cup Cooked with Induction Heating Technology, Small Rice Maker with 16 Menu Options and Steam Plate, Voice Guide, Gold (CRP-EHSS0309F)",2020-01,keepa_backcast_estimate,,,369.71666666666664,284507,18.18758123934202,6724.251910538734,103.55688916375473,369.71666666666664,low,global:all:all:simple_power_law,simple_power_law,[]
coway,Other,B072NFGLSV,"CUCKOO High Pressure Rice Cooker 3-Cup Uncooked / 6-Cup Cooked with Induction Heating Technology, Small Rice Maker with 16 Menu Options and Steam Plate, Voice Guide, Gold (CRP-EHSS0309F)",2020-02,keepa_backcast_estimate,,,358.38800000000003,284507,18.088146430906022,6482.5746230795485,102.99072485082502,358.38800000000003,low,global:all:all:simple_power_law,simple_power_law,[]
coway,Other,B072NFGLSV,"CUCKOO High Pressure Rice Cooker 3-Cup Uncooked / 6-Cup Cooked with Induction Heating Technology, Small Rice Maker with 16 Menu Options and Steam Plate, Voice Guide, Gold (CRP-EHSS0309F)",2020-03,keepa_backcast_estimate,,,352.3866666666666,284507,18.03440924651337,6355.085359681357,102.68475477295205,352.3866666666666,low,global:all:all:simple_power_law,simple_power_law,[]
coway,Other,B072NFGLSV,"CUCKOO High Pressure Rice Cooker 3-Cup Uncooked / 6-Cup Cooked with Induction Heating Technology, Small Rice Maker with 16 Menu Options and Steam Plate, Voice Guide, Gold (CRP-EHSS0309F)",2020-04,keepa_backcast_estimate,,,368.6433333333334,284507,18.178269641062165,6701.297914713295,103.50387056065877,368.6433333333334,low,global:all:all:simple_power_law,simple_power_law,[]
coway,Other,B072NFGLSV,"CUCKOO High Pressure Rice Cooker 3-Cup Uncooked / 6-Cup Cooked with Induction Heating Technology, Small Rice Maker with 16 Menu Options and Steam Plate, Voice Guide, Gold (CRP-EHSS0309F)",2020-08,keepa_backcast_estimate,,,305.21,284507,17.583229964195223,5366.577617372023,100.11581928245728,305.21,low,global:all:all:simple_power_law,simple_power_law,[]
coway,Other,B072NFGLSV,"CUCKOO High Pressure Rice Cooker 3-Cup Uncooked / 6-Cup Cooked with Induction Heating Technology, Small Rice Maker with 16 Menu Options and Steam Plate, Voice Guide, Gold (CRP-EHSS0309F)",2020-09,keepa_backcast_estimate,,,290.04,284507,17.42582600115912,5054.1865733761915,99.21958879751483,290.04,low,global:all:all:simple_power_law,simple_power_law,[]
coway,Other,B072NFGLSV,"CUCKOO High Pressure Rice Cooker 3-Cup Uncooked / 6-Cup Cooked with Induction Heating Technology, Small Rice Maker with 16 Menu Options and Steam Plate, Voice Guide, Gold (CRP-EHSS0309F)",2020-10,keepa_backcast_estimate,,,324.9916666666667,284507,17.77900863876307,5778.029649192675,101.23054862640069,324.9916666666667,low,global:all:all:simple_power_law,simple_power_law,[]
coway,Other,B072NFGLSV,"CUCKOO High Pressure Rice Cooker 3-Cup Uncooked / 6-Cup Cooked with Induction Heating Technology, Small Rice Maker with 16 Menu Options and Steam Plate, Voice Guide, Gold (CRP-EHSS0309F)",2020-11,keepa_backcast_estimate,,,239.56,284507,16.847486689713016,4035.98391138765,95.9266264631438,239.56,low,global:all:all:simple_power_law,simple_power_law,[]
coway,Other,B072NFGLSV,"CUCKOO High Pressure Rice Cooker 3-Cup Uncooked / 6-Cup Cooked with Induction Heating Technology, Small Rice Maker with 16 Menu Options and Steam Plate, Voice Guide, Gold (CRP-EHSS0309F)",2020-12,keepa_backcast_estimate,,,368.99,284507,18.181279572242545,6708.710349361777,103.52100857948246,368.99,low,global:all:all:simple_power_law,simple_power_law,[]
coway,Other,B072NFGLSV,"CUCKOO High Pressure Rice Cooker 3-Cup Uncooked / 6-Cup Cooked with Induction Heating Technology, Small Rice Maker with 16 Menu Options and Steam Plate, Voice Guide, Gold (CRP-EHSS0309F)",2021-01,keepa_backcast_estimate,,,370.81500000000005,284507,18.197086514848348,6747.752636003491,103.61101053091875,370.81500000000005,low,global:all:all:simple_power_law,simple_power_law,[]
coway,Other,B072NFGLSV,"CUCKOO High Pressure Rice Cooker 3-Cup Uncooked / 6-Cup Cooked with Induction Heating Technology, Small Rice Maker with 16 Menu Options and Steam Plate, Voice Guide, Gold (CRP-EHSS0309F)",2021-02,keepa_backcast_estimate,,,327.53999999999996,284507,17.803504965123725,5831.360016276624,101.37002640084836,327.53999999999996,low,global:all:all:simple_power_law,simple_power_law,[]
coway,Other,B072NFGLSV,"CUCKOO High Pressure Rice Cooker 3-Cup Uncooked / 6-Cup Cooked with Induction Heating Technology, Small Rice Maker with 16 Menu Options and Steam Plate, Voice Guide, Gold (CRP-EHSS0309F)",2021-03,keepa_backcast_estimate,,,303.21333333333337,284507,17.56288875246335,5325.302041596921,100,303.21333333333337,low,global:all:all:simple_power_law,simple_power_law,[]
coway,Other,B072NFGLSV,"CUCKOO High Pressure Rice Cooker 3-Cup Uncooked / 6-Cup Cooked with Induction Heating Technology, Small Rice Maker with 16 Menu Options and Steam Plate, Voice Guide, Gold (CRP-EHSS0309F)",2021-04,keepa_backcast_estimate,,,364.9766666666667,284507,18.146289086376925,6622.972103115562,103.32177890628469,364.9766666666667,low,global:all:all:simple_power_law,simple_power_law,[]
coway,Other,B072NFGLSV,"CUCKOO High Pressure Rice Cooker 3-Cup Uncooked / 6-Cup Cooked with Induction Heating Technology, Small Rice Maker with 16 Menu Options and Steam Plate, Voice Guide, Gold (CRP-EHSS0309F)",2021-05,keepa_backcast_estimate,,,276.03357142857146,284507,17.274308265680187,4768.2890045337945,98.35687345714874,276.03357142857146,low,global:all:all:simple_power_law,simple_power_law,[]
coway,Other,B072NFGLSV,"CUCKOO High Pressure Rice Cooker 3-Cup Uncooked / 6-Cup Cooked with Induction Heating Technology, Small Rice Maker with 16 Menu Options and Steam Plate, Voice Guide, Gold (CRP-EHSS0309F)",2021-06,keepa_backcast_estimate,,,310.9347826086956,284507,17.640945586040225,5485.183580807246,100.44444188354791,310.9347826086956,low,global:all:all:simple_power_law,simple_power_law,[]
coway,Other,B072NFGLSV,"CUCKOO High Pressure Rice Cooker 3-Cup Uncooked / 6-Cup Cooked with Induction Heating Technology, Small Rice Maker with 16 Menu Options and Steam Plate, Voice Guide, Gold (CRP-EHSS0309F)",2021-07,keepa_backcast_estimate,,,252.0233333333333,284507,16.999051407069263,4284.157599114285,96.78960931005723,252.0233333333333,low,global:all:all:simple_power_law,simple_power_law,[]
coway,Other,B072NFGLSV,"CUCKOO High Pressure Rice Cooker 3-Cup Uncooked / 6-Cup Cooked with Induction Heating Technology, Small Rice Maker with 16 Menu Options and Steam Plate, Voice Guide, Gold (CRP-EHSS0309F)",2021-08,keepa_backcast_estimate,,,309.405,284507,17.62560967123638,5453.451760328891,100.35712188158243,309.405,low,global:all:all:simple_power_law,simple_power_law,[]
coway,Other,B072NFGLSV,"CUCKOO High Pressure Rice Cooker 3-Cup Uncooked / 6-Cup Cooked with Induction Heating Technology, Small Rice Maker with 16 Menu Options and Steam Plate, Voice Guide, Gold (CRP-EHSS0309F)",2021-09,keepa_backcast_estimate,,,294.4,284507,17.47175172068128,5143.683706568569,99.4810817681158,294.4,low,global:all:all:simple_power_law,simple_power_law,[]
coway,Other,B072NFGLSV,"CUCKOO High Pressure Rice Cooker 3-Cup Uncooked / 6-Cup Cooked with Induction Heating Technology, Small Rice Maker with 16 Menu Options and Steam Plate, Voice Guide, Gold (CRP-EHSS0309F)",2021-10,keepa_backcast_estimate,,,333.50222222222226,284507,17.86020572617701,5956.4182990260915,101.6928705630613,333.50222222222226,low,global:all:all:simple_power_law,simple_power_law,[]
coway,Other,B072NFGLSV,"CUCKOO High Pressure Rice Cooker 3-Cup Uncooked / 6-Cup Cooked with Induction Heating Technology, Small Rice Maker with 16 Menu Options and Steam Plate, Voice Guide, Gold (CRP-EHSS0309F)",2021-11,keepa_backcast_estimate,,,369.99,284507,18.189948929598557,6730.099204462171,103.5703703757006,369.99,low,global:all:all:simple_power_law,simple_power_law,[]
coway,Other,B072NFGLSV,"CUCKOO High Pressure Rice Cooker 3-Cup Uncooked / 6-Cup Cooked with Induction Heating Technology, Small Rice Maker with 16 Menu Options and Steam Plate, Voice Guide, Gold (CRP-EHSS0309F)",2021-12,keepa_backcast_estimate,,,362.92961538461526,284507,18.12831855553281,6579.303680929307,103.21945786390154,362.92961538461526,low,global:all:all:simple_power_law,simple_power_law,[]
coway,Other,B072NFGLSV,"CUCKOO High Pressure Rice Cooker 3-Cup Uncooked / 6-Cup Cooked with Induction Heating Technology, Small Rice Maker with 16 Menu Options and Steam Plate, Voice Guide, Gold (CRP-EHSS0309F)",2022-01,keepa_backcast_estimate,,,367.9263157894736,284507,18.172036675518513,6685.97050441472,103.46838115096368,367.9263157894736,low,global:all:all:simple_power_law,simple_power_law,[]
coway,Other,B072NFGLSV,"CUCKOO High Pressure Rice Cooker 3-Cup Uncooked / 6-Cup Cooked with Induction Heating Technology, Small Rice Maker with 16 Menu Options and Steam Plate, Voice Guide, Gold (CRP-EHSS0309F)",2022-02,keepa_backcast_estimate,,,339.826,284507,17.919432662308093,6089.4891239015105,102.03009832192176,339.826,low,global:all:all:simple_power_law,simple_power_law,[]
coway,Other,B072NFGLSV,"CUCKOO High Pressure Rice Cooker 3-Cup Uncooked / 6-Cup Cooked with Induction Heating Technology, Small Rice Maker with 16 Menu Options and Steam Plate, Voice Guide, Gold (CRP-EHSS0309F)",2022-03,keepa_backcast_estimate,,,304.0830769230769,284507,17.571762962221964,5343.275748515414,100.05052818977384,304.0830769230769,low,global:all:all:simple_power_law,simple_power_law,[]
coway,Other,B072NFGLSV,"CUCKOO High Pressure Rice Cooker 3-Cup Uncooked / 6-Cup Cooked with Induction Heating Technology, Small Rice Maker with 16 Menu Options and Steam Plate, Voice Guide, Gold (CRP-EHSS0309F)",2022-05,keepa_backcast_estimate,,,306.1775,284507,17.593046759277208,5386.595074138598,100.17171438730219,306.1775,low,global:all:all:simple_power_law,simple_power_law,[]
coway,Other,B072NFGLSV,"CUCKOO High Pressure Rice Cooker 3-Cup Uncooked / 6-Cup Cooked with Induction Heating Technology, Small Rice Maker with 16 Menu Options and Steam Plate, Voice Guide, Gold (CRP-EHSS0309F)",2022-06,keepa_backcast_estimate,,,311.435,284507,17.64594662939038,5495.565388524193,100.47291694491534,311.435,low,global:all:all:simple_power_law,simple_power_law,[]
coway,Other,B072NFGLSV,"CUCKOO High Pressure Rice Cooker 3-Cup Uncooked / 6-Cup Cooked with Induction Heating Technology, Small Rice Maker with 16 Menu Options and Steam Plate, Voice Guide, Gold (CRP-EHSS0309F)",2022-07,keepa_backcast_estimate,,,283.26000000000005,284507,17.35325832640337,4915.483953537019,98.80640121898752,283.26000000000005,low,global:all:all:simple_power_law,simple_power_law,[]
coway,Other,B072NFGLSV,"CUCKOO High Pressure Rice Cooker 3-Cup Uncooked / 6-Cup Cooked with Induction Heating Technology, Small Rice Maker with 16 Menu Options and Steam Plate, Voice Guide, Gold (CRP-EHSS0309F)",2022-08,keepa_backcast_estimate,,,267.5775,284507,17.179716749225555,4596.905658465901,97.81828599703421,267.5775,low,global:all:all:simple_power_law,simple_power_law,[]
coway,Other,B072NFGLSV,"CUCKOO High Pressure Rice Cooker 3-Cup Uncooked / 6-Cup Cooked with Induction Heating Technology, Small Rice Maker with 16 Menu Options and Steam Plate, Voice Guide, Gold (CRP-EHSS0309F)",2022-09,keepa_backcast_estimate,,,188.03,284507,16.14155519832558,3035.0966239411587,91.9071766941619,188.03,low,global:all:all:simple_power_law,simple_power_law,[]
coway,Other,B072NFGLSV,"CUCKOO High Pressure Rice Cooker 3-Cup Uncooked / 6-Cup Cooked with Induction Heating Technology, Small Rice Maker with 16 Menu Options and Steam Plate, Voice Guide, Gold (CRP-EHSS0309F)",2022-10,keepa_backcast_estimate,,,266.63,284507,17.16896391731686,4577.760849274194,97.75706126310662,266.63,low,global:all:all:simple_power_law,simple_power_law,[]
coway,Other,B072NFGLSV,"CUCKOO High Pressure Rice Cooker 3-Cup Uncooked / 6-Cup Cooked with Induction Heating Technology, Small Rice Maker with 16 Menu Options and Steam Plate, Voice Guide, Gold (CRP-EHSS0309F)",2022-11,keepa_backcast_estimate,,,79.35166666666667,284507,13.854243588431446,1099.3573191480161,78.88362662713027,79.35166666666667,low,global:all:all:simple_power_law,simple_power_law,[]
coway,Other,B072NFGLSV,"CUCKOO High Pressure Rice Cooker 3-Cup Uncooked / 6-Cup Cooked with Induction Heating Technology, Small Rice Maker with 16 Menu Options and Steam Plate, Voice Guide, Gold (CRP-EHSS0309F)",2022-12,keepa_backcast_estimate,,,265.4916666666667,284507,17.15600339333361,4554.775934235129,97.68326631874456,265.4916666666667,low,global:all:all:simple_power_law,simple_power_law,[]
coway,Other,B072NFGLSV,"CUCKOO High Pressure Rice Cooker 3-Cup Uncooked / 6-Cup Cooked with Induction Heating Technology, Small Rice Maker with 16 Menu Options and Steam Plate, Voice Guide, Gold (CRP-EHSS0309F)",2023-01,keepa_backcast_estimate,,,263.668,284507,17.135143592650703,4517.989040787025,97.56449428199758,263.668,low,global:all:all:simple_power_law,simple_power_law,[]
coway,Other,B072NFGLSV,"CUCKOO High Pressure Rice Cooker 3-Cup Uncooked / 6-Cup Cooked with Induction Heating Technology, Small Rice Maker with 16 Menu Options and Steam Plate, Voice Guide, Gold (CRP-EHSS0309F)",2023-02,keepa_backcast_estimate,,,230.38666666666666,284507,16.73169674993173,3854.759841894271,95.26733890849796,230.38666666666666,low,global:all:all:simple_power_law,simple_power_law,[]
coway,Other,B072NFGLSV,"CUCKOO High Pressure Rice Cooker 3-Cup Uncooked / 6-Cup Cooked with Induction Heating Technology, Small Rice Maker with 16 Menu Options and Steam Plate, Voice Guide, Gold (CRP-EHSS0309F)",2023-03,keepa_backcast_estimate,,,272.3257142857143,284507,17.233131532300717,4693.024853913459,98.1224203785019,272.3257142857143,low,global:all:all:simple_power_law,simple_power_law,[]
coway,Other,B072NFGLSV,"CUCKOO High Pressure Rice Cooker 3-Cup Uncooked / 6-Cup Cooked with Induction Heating Technology, Small Rice Maker with 16 Menu Options and Steam Plate, Voice Guide, Gold (CRP-EHSS0309F)",2023-04,keepa_backcast_estimate,,,236.89749999999998,284507,16.814263548505288,3983.2569989820313,95.73745973962818,236.89749999999998,low,global:all:all:simple_power_law,simple_power_law,[]
coway,Other,B072NFGLSV,"CUCKOO High Pressure Rice Cooker 3-Cup Uncooked / 6-Cup Cooked with Induction Heating Technology, Small Rice Maker with 16 Menu Options and Steam Plate, Voice Guide, Gold (CRP-EHSS0309F)",2023-05,keepa_backcast_estimate,,,225.09666666666666,284507,16.663175230128864,3750.8252003845737,94.87718942472779,225.09666666666666,low,global:all:all:simple_power_law,simple_power_law,[]
coway,Other,B072NFGLSV,"CUCKOO High Pressure Rice Cooker 3-Cup Uncooked / 6-Cup Cooked with Induction Heating Technology, Small Rice Maker with 16 Menu Options and Steam Plate, Voice Guide, Gold (CRP-EHSS0309F)",2023-06,keepa_backcast_estimate,,,236.952,284507,16.814946705491334,3984.3352517595827,95.74134951536881,236.952,low,global:all:all:simple_power_law,simple_power_law,[]
coway,Other,B072NFGLSV,"CUCKOO High Pressure Rice Cooker 3-Cup Uncooked / 6-Cup Cooked with Induction Heating Technology, Small Rice Maker with 16 Menu Options and Steam Plate, Voice Guide, Gold (CRP-EHSS0309F)",2023-07,keepa_backcast_estimate,,,211.97000000000003,284507,16.487193686494244,3494.790445726185,93.87518146285456,211.97000000000003,low,global:all:all:simple_power_law,simple_power_law,[]
coway,Other,B072NFGLSV,"CUCKOO High Pressure Rice Cooker 3-Cup Uncooked / 6-Cup Cooked with Induction Heating Technology, Small Rice Maker with 16 Menu Options and Steam Plate, Voice Guide, Gold (CRP-EHSS0309F)",2023-08,keepa_backcast_estimate,,,218.8242857142857,284507,16.580177343110684,3628.1454641223786,94.40461405180379,218.8242857142857,low,global:all:all:simple_power_law,simple_power_law,[]
coway,Other,B072NFGLSV,"CUCKOO High Pressure Rice Cooker 3-Cup Uncooked / 6-Cup Cooked with Induction Heating Technology, Small Rice Maker with 16 Menu Options and Steam Plate, Voice Guide, Gold (CRP-EHSS0309F)",2023-09,keepa_backcast_estimate,,,273.96999999999997,284507,17.25144879119759,4726.379425324403,98.22671562944291,273.96999999999997,low,global:all:all:simple_power_law,simple_power_law,[]
coway,Other,B072NFGLSV,"CUCKOO High Pressure Rice Cooker 3-Cup Uncooked / 6-Cup Cooked with Induction Heating Technology, Small Rice Maker with 16 Menu Options and Steam Plate, Voice Guide, Gold (CRP-EHSS0309F)",2023-10,keepa_backcast_estimate,,,268.1025,284507,17.185661191193617,4607.518729511987,97.85213260422876,268.1025,low,global:all:all:simple_power_law,simple_power_law,[]
coway,Other,B072NFGLSV,"CUCKOO High Pressure Rice Cooker 3-Cup Uncooked / 6-Cup Cooked with Induction Heating Technology, Small Rice Maker with 16 Menu Options and Steam Plate, Voice Guide, Gold (CRP-EHSS0309F)",2023-12,keepa_backcast_estimate,,,294.99,284507,17.47792301452623,5155.812510055092,99.51622003000386,294.99,low,global:all:all:simple_power_law,simple_power_law,[]
coway,Other,B072NFGLSV,"CUCKOO High Pressure Rice Cooker 3-Cup Uncooked / 6-Cup Cooked with Induction Heating Technology, Small Rice Maker with 16 Menu Options and Steam Plate, Voice Guide, Gold (CRP-EHSS0309F)",2024-01,keepa_backcast_estimate,,,175.39999999999998,284507,15.944254616612021,2796.622259753748,90.78378187856879,175.39999999999998,low,global:all:all:simple_power_law,simple_power_law,[]
coway,Other,B072NFGLSV,"CUCKOO High Pressure Rice Cooker 3-Cup Uncooked / 6-Cup Cooked with Induction Heating Technology, Small Rice Maker with 16 Menu Options and Steam Plate, Voice Guide, Gold (CRP-EHSS0309F)",2024-02,keepa_backcast_estimate,,,162.352,284507,15.727661401742557,2553.4172838957074,89.5505382025301,162.352,low,global:all:all:simple_power_law,simple_power_law,[]
coway,Other,B072NFGLSV,"CUCKOO High Pressure Rice Cooker 3-Cup Uncooked / 6-Cup Cooked with Induction Heating Technology, Small Rice Maker with 16 Menu Options and Steam Plate, Voice Guide, Gold (CRP-EHSS0309F)",2024-03,keepa_backcast_estimate,,,155.43666666666664,284507,15.606963736540706,2425.8944199954317,88.86330692239733,155.43666666666664,low,global:all:all:simple_power_law,simple_power_law,[]
coway,Other,B072NFGLSV,"CUCKOO High Pressure Rice Cooker 3-Cup Uncooked / 6-Cup Cooked with Induction Heating Technology, Small Rice Maker with 16 Menu Options and Steam Plate, Voice Guide, Gold (CRP-EHSS0309F)",2024-04,keepa_backcast_estimate,,,159.85999999999999,284507,15.684666057947206,2507.3507160234403,89.30573027599057,159.85999999999999,low,global:all:all:simple_power_law,simple_power_law,[]
coway,Other,B072NFGLSV,"CUCKOO High Pressure Rice Cooker 3-Cup Uncooked / 6-Cup Cooked with Induction Heating Technology, Small Rice Maker with 16 Menu Options and Steam Plate, Voice Guide, Gold (CRP-EHSS0309F)",2024-05,keepa_backcast_estimate,,,165.685,284507,15.78432114287948,2615.2252485579866,89.87314880455294,165.685,low,global:all:all:simple_power_law,simple_power_law,[]
coway,Other,B072NFGLSV,"CUCKOO High Pressure Rice Cooker 3-Cup Uncooked / 6-Cup Cooked with Induction Heating Technology, Small Rice Maker with 16 Menu Options and Steam Plate, Voice Guide, Gold (CRP-EHSS0309F)",2024-06,keepa_backcast_estimate,,,174.42999999999998,284507,15.928620281208596,2778.429235651215,90.69476272218866,174.42999999999998,low,global:all:all:simple_power_law,simple_power_law,[]
coway,Other,B072NFGLSV,"CUCKOO High Pressure Rice Cooker 3-Cup Uncooked / 6-Cup Cooked with Induction Heating Technology, Small Rice Maker with 16 Menu Options and Steam Plate, Voice Guide, Gold (CRP-EHSS0309F)",2024-08,keepa_backcast_estimate,,,199.4975,284507,16.311405608723497,3254.0846404263157,92.87427506158791,199.4975,low,global:all:all:simple_power_law,simple_power_law,[]
coway,Other,B072NFGLSV,"CUCKOO High Pressure Rice Cooker 3-Cup Uncooked / 6-Cup Cooked with Induction Heating Technology, Small Rice Maker with 16 Menu Options and Steam Plate, Voice Guide, Gold (CRP-EHSS0309F)",2024-09,keepa_backcast_estimate,,,166.19,284507,15.792823493127539,2624.6093363228656,89.92155969166778,166.19,low,global:all:all:simple_power_law,simple_power_law,[]
coway,Other,B072NFGLSV,"CUCKOO High Pressure Rice Cooker 3-Cup Uncooked / 6-Cup Cooked with Induction Heating Technology, Small Rice Maker with 16 Menu Options and Steam Plate, Voice Guide, Gold (CRP-EHSS0309F)",2024-10,keepa_backcast_estimate,,,242.19,284507,16.880005068696544,4088.168427587616,96.11178039449219,242.19,low,global:all:all:simple_power_law,simple_power_law,[]
coway,Other,B072NFGLSV,"CUCKOO High Pressure Rice Cooker 3-Cup Uncooked / 6-Cup Cooked with Induction Heating Technology, Small Rice Maker with 16 Menu Options and Steam Plate, Voice Guide, Gold (CRP-EHSS0309F)",2024-11,keepa_backcast_estimate,,,222.71599999999998,284507,16.631902023131495,3704.190690983754,94.69912528369642,222.71599999999998,low,global:all:all:simple_power_law,simple_power_law,[]
coway,Other,B072NFGLSV,"CUCKOO High Pressure Rice Cooker 3-Cup Uncooked / 6-Cup Cooked with Induction Heating Technology, Small Rice Maker with 16 Menu Options and Steam Plate, Voice Guide, Gold (CRP-EHSS0309F)",2024-12,keepa_backcast_estimate,,,277.1566666666667,284507,17.2866899810528,4791.121372848657,98.42737276706936,277.1566666666667,low,global:all:all:simple_power_law,simple_power_law,[]
coway,Other,B072NFGLSV,"CUCKOO High Pressure Rice Cooker 3-Cup Uncooked / 6-Cup Cooked with Induction Heating Technology, Small Rice Maker with 16 Menu Options and Steam Plate, Voice Guide, Gold (CRP-EHSS0309F)",2025-01,keepa_backcast_estimate,,,191.71200000000002,284507,16.197004545450206,3105.16013541735,92.22289552553495,191.71200000000002,low,global:all:all:simple_power_law,simple_power_law,[]
coway,Other,B072NFGLSV,"CUCKOO High Pressure Rice Cooker 3-Cup Uncooked / 6-Cup Cooked with Induction Heating Technology, Small Rice Maker with 16 Menu Options and Steam Plate, Voice Guide, Gold (CRP-EHSS0309F)",2025-02,keepa_backcast_estimate,,,289.99,284507,17.425296017131217,5053.161592007882,99.21657116166134,289.99,low,global:all:all:simple_power_law,simple_power_law,[]
coway,Other,B072NFGLSV,"CUCKOO High Pressure Rice Cooker 3-Cup Uncooked / 6-Cup Cooked with Induction Heating Technology, Small Rice Maker with 16 Menu Options and Steam Plate, Voice Guide, Gold (CRP-EHSS0309F)",2025-03,keepa_backcast_estimate,,,246.36249999999998,284507,16.930999760368767,4171.16342846385,96.40213520110149,246.36249999999998,low,global:all:all:simple_power_law,simple_power_law,[]
coway,Other,B072NFGLSV,"CUCKOO High Pressure Rice Cooker 3-Cup Uncooked / 6-Cup Cooked with Induction Heating Technology, Small Rice Maker with 16 Menu Options and Steam Plate, Voice Guide, Gold (CRP-EHSS0309F)",2025-04,keepa_backcast_estimate,,,162.94333333333333,284507,15.73778365136253,2564.3669274318486,89.60817251179802,162.94333333333333,low,global:all:all:simple_power_law,simple_power_law,[]
coway,Other,B072NFGLSV,"CUCKOO High Pressure Rice Cooker 3-Cup Uncooked / 6-Cup Cooked with Induction Heating Technology, Small Rice Maker with 16 Menu Options and Steam Plate, Voice Guide, Gold (CRP-EHSS0309F)",2025-05,keepa_backcast_estimate,,,369.99,284507,18.189948929598557,6730.099204462171,103.5703703757006,369.99,low,global:all:all:simple_power_law,simple_power_law,[]
coway,Other,B072NFGLSV,"CUCKOO High Pressure Rice Cooker 3-Cup Uncooked / 6-Cup Cooked with Induction Heating Technology, Small Rice Maker with 16 Menu Options and Steam Plate, Voice Guide, Gold (CRP-EHSS0309F)",2025-06,keepa_backcast_estimate,,,239.87400000000002,284507,16.85138462716855,4042.209036057429,95.94882063353612,239.87400000000002,low,global:all:all:simple_power_law,simple_power_law,[]
coway,Other,B072NFGLSV,"CUCKOO High Pressure Rice Cooker 3-Cup Uncooked / 6-Cup Cooked with Induction Heating Technology, Small Rice Maker with 16 Menu Options and Steam Plate, Voice Guide, Gold (CRP-EHSS0309F)",2025-07,keepa_backcast_estimate,,,180.56333333333336,284507,16.026291822671215,2893.7606724742573,91.25088730305477,180.56333333333336,low,global:all:all:simple_power_law,simple_power_law,[]
coway,Other,B072NFGLSV,"CUCKOO High Pressure Rice Cooker 3-Cup Uncooked / 6-Cup Cooked with Induction Heating Technology, Small Rice Maker with 16 Menu Options and Steam Plate, Voice Guide, Gold (CRP-EHSS0309F)",2025-08,keepa_backcast_estimate,,,193.505,284507,16.22368762315842,3139.3646735192697,92.37482427760013,193.505,low,global:all:all:simple_power_law,simple_power_law,[]
coway,Other,B072NFGLSV,"CUCKOO High Pressure Rice Cooker 3-Cup Uncooked / 6-Cup Cooked with Induction Heating Technology, Small Rice Maker with 16 Menu Options and Steam Plate, Voice Guide, Gold (CRP-EHSS0309F)",2025-10,keepa_backcast_estimate,,,246.62000000000003,284507,16.93412330116779,4176.293488534001,96.41992009311468,246.62000000000003,low,global:all:all:simple_power_law,simple_power_law,[]
coway,Other,B072NFGLSV,"CUCKOO High Pressure Rice Cooker 3-Cup Uncooked / 6-Cup Cooked with Induction Heating Technology, Small Rice Maker with 16 Menu Options and Steam Plate, Voice Guide, Gold (CRP-EHSS0309F)",2025-11,keepa_backcast_estimate,,,229.58210526315787,284507,16.72135990222204,3838.925009215088,95.20848271544577,229.58210526315787,low,global:all:all:simple_power_law,simple_power_law,[]
coway,Other,B072NFGLSV,"CUCKOO High Pressure Rice Cooker 3-Cup Uncooked / 6-Cup Cooked with Induction Heating Technology, Small Rice Maker with 16 Menu Options and Steam Plate, Voice Guide, Gold (CRP-EHSS0309F)",2025-12,keepa_backcast_estimate,,,231.6935294117647,284507,16.74842346161702,3880.5013439048525,95.36257786332504,231.6935294117647,low,global:all:all:simple_power_law,simple_power_law,[]
coway,Other,B072NFGLSV,"CUCKOO High Pressure Rice Cooker 3-Cup Uncooked / 6-Cup Cooked with Induction Heating Technology, Small Rice Maker with 16 Menu Options and Steam Plate, Voice Guide, Gold (CRP-EHSS0309F)",2026-01,keepa_backcast_estimate,,,208.22,284507,16.435262691788928,3422.1503976842905,93.57949551143024,208.22,low,global:all:all:simple_power_law,simple_power_law,[]
coway,Other,B072NFGLSV,"CUCKOO High Pressure Rice Cooker 3-Cup Uncooked / 6-Cup Cooked with Induction Heating Technology, Small Rice Maker with 16 Menu Options and Steam Plate, Voice Guide, Gold (CRP-EHSS0309F)",2026-02,keepa_backcast_estimate,,,317.63449999999995,284507,17.70738076875983,5624.4750367946435,100.82271213086294,317.63449999999995,low,global:all:all:simple_power_law,simple_power_law,[]
coway,Other,B072NFGLSV,"CUCKOO High Pressure Rice Cooker 3-Cup Uncooked / 6-Cup Cooked with Induction Heating Technology, Small Rice Maker with 16 Menu Options and Steam Plate, Voice Guide, Gold (CRP-EHSS0309F)",2026-03,keepa_backcast_estimate,,,218.22200000000004,284507,16.572104370656426,3616.397759973387,94.35864796633777,218.22200000000004,low,global:all:all:simple_power_law,simple_power_law,[]
coway,Other,B072NFGLSV,"CUCKOO High Pressure Rice Cooker 3-Cup Uncooked / 6-Cup Cooked with Induction Heating Technology, Small Rice Maker with 16 Menu Options and Steam Plate, Voice Guide, Gold (CRP-EHSS0309F)",2026-04,keepa_backcast_estimate,,,252.68888888888887,284507,17.006968864344636,4297.472065699174,96.83468991944311,252.68888888888887,low,global:all:all:simple_power_law,simple_power_law,[]
coway,Other,B072NFGLSV,"CUCKOO High Pressure Rice Cooker 3-Cup Uncooked / 6-Cup Cooked with Induction Heating Technology, Small Rice Maker with 16 Menu Options and Steam Plate, Voice Guide, Gold (CRP-EHSS0309F)",2026-05,keepa_backcast_estimate,,,240.99555555555557,284507,16.865272955237838,4064.4558254436292,96.02789833120326,240.99555555555557,low,global:all:all:simple_power_law,simple_power_law,[]
coway,Other,B072NFGLSV,"CUCKOO High Pressure Rice Cooker 3-Cup Uncooked / 6-Cup Cooked with Induction Heating Technology, Small Rice Maker with 16 Menu Options and Steam Plate, Voice Guide, Gold (CRP-EHSS0309F)",2026-06,keepa_backcast_estimate,,,226.12,284507,16.67653387384694,3770.89783955427,94.9532511928478,226.12,low,global:all:all:simple_power_law,simple_power_law,[]
coway,Other,B075R7VL2Z,"CUCKOO Electric Pressure Cooker 5QT, Versatile Slow Cooker with 10 Menu Options, High Pressure Food Steamer for Cooking, Instant Multicooker with Stainless Steel Non-Stick Inner Pot (CMC-QSB501S)",2017-10,keepa_backcast_estimate,,,300,284507,17.529918035831386,5258.9754107494155,113.84971302292423,300,low,global:all:all:simple_power_law,simple_power_law,[]
coway,Other,B075R7VL2Z,"CUCKOO Electric Pressure Cooker 5QT, Versatile Slow Cooker with 10 Menu Options, High Pressure Food Steamer for Cooking, Instant Multicooker with Stainless Steel Non-Stick Inner Pot (CMC-QSB501S)",2017-12,keepa_backcast_estimate,,,199.99,284507,16.318517307838274,3263.5402763945767,105.98215625763463,199.99,low,global:all:all:simple_power_law,simple_power_law,[]
coway,Other,B075R7VL2Z,"CUCKOO Electric Pressure Cooker 5QT, Versatile Slow Cooker with 10 Menu Options, High Pressure Food Steamer for Cooking, Instant Multicooker with Stainless Steel Non-Stick Inner Pot (CMC-QSB501S)",2018-02,keepa_backcast_estimate,,,247.2,284507,16.94114895555421,4187.852021813,110.02589646603475,247.2,low,global:all:all:simple_power_law,simple_power_law,[]
coway,Other,B075R7VL2Z,"CUCKOO Electric Pressure Cooker 5QT, Versatile Slow Cooker with 10 Menu Options, High Pressure Food Steamer for Cooking, Instant Multicooker with Stainless Steel Non-Stick Inner Pot (CMC-QSB501S)",2018-03,keepa_backcast_estimate,,,199.98,284507,16.318373052237373,3263.34824298643,105.98121937597146,199.98,low,global:all:all:simple_power_law,simple_power_law,[]
coway,Other,B075R7VL2Z,"CUCKOO Electric Pressure Cooker 5QT, Versatile Slow Cooker with 10 Menu Options, High Pressure Food Steamer for Cooking, Instant Multicooker with Stainless Steel Non-Stick Inner Pot (CMC-QSB501S)",2018-06,keepa_backcast_estimate,,,241.64000000000001,284507,16.87322894534341,4077.2470423527816,109.58478352670396,241.64000000000001,low,global:all:all:simple_power_law,simple_power_law,[]
coway,Other,B075R7VL2Z,"CUCKOO Electric Pressure Cooker 5QT, Versatile Slow Cooker with 10 Menu Options, High Pressure Food Steamer for Cooking, Instant Multicooker with Stainless Steel Non-Stick Inner Pot (CMC-QSB501S)",2018-07,keepa_backcast_estimate,,,256.74,284507,17.05479134275676,4378.6471293393715,110.76395771331524,256.74,low,global:all:all:simple_power_law,simple_power_law,[]
coway,Other,B075R7VL2Z,"CUCKOO Electric Pressure Cooker 5QT, Versatile Slow Cooker with 10 Menu Options, High Pressure Food Steamer for Cooking, Instant Multicooker with Stainless Steel Non-Stick Inner Pot (CMC-QSB501S)",2018-08,keepa_backcast_estimate,,,298.37,284507,17.51308109323455,5225.378005788393,113.74036390452476,298.37,low,global:all:all:simple_power_law,simple_power_law,[]
coway,Other,B075R7VL2Z,"CUCKOO Electric Pressure Cooker 5QT, Versatile Slow Cooker with 10 Menu Options, High Pressure Food Steamer for Cooking, Instant Multicooker with Stainless Steel Non-Stick Inner Pot (CMC-QSB501S)",2018-09,keepa_backcast_estimate,,,281.73,284507,17.336683403800674,4884.263815352764,112.59473240305941,281.73,low,global:all:all:simple_power_law,simple_power_law,[]
coway,Other,B075R7VL2Z,"CUCKOO Electric Pressure Cooker 5QT, Versatile Slow Cooker with 10 Menu Options, High Pressure Food Steamer for Cooking, Instant Multicooker with Stainless Steel Non-Stick Inner Pot (CMC-QSB501S)",2018-10,keepa_backcast_estimate,,,290.8233333333333,284507,17.434119203131534,5070.2486603853895,113.2275384304067,290.8233333333333,low,global:all:all:simple_power_law,simple_power_law,[]
coway,Other,B075R7VL2Z,"CUCKOO Electric Pressure Cooker 5QT, Versatile Slow Cooker with 10 Menu Options, High Pressure Food Steamer for Cooking, Instant Multicooker with Stainless Steel Non-Stick Inner Pot (CMC-QSB501S)",2018-11,keepa_backcast_estimate,,,177.02857142857144,284507,15.970343480307195,2827.2070915423824,103.7209083575884,177.02857142857144,low,global:all:all:simple_power_law,simple_power_law,[]
coway,Other,B075R7VL2Z,"CUCKOO Electric Pressure Cooker 5QT, Versatile Slow Cooker with 10 Menu Options, High Pressure Food Steamer for Cooking, Instant Multicooker with Stainless Steel Non-Stick Inner Pot (CMC-QSB501S)",2018-12,keepa_backcast_estimate,,,238.82875,284507,16.83839264237703,4021.4922667881033,109.35853585758221,238.82875,low,global:all:all:simple_power_law,simple_power_law,[]
coway,Other,B075R7VL2Z,"CUCKOO Electric Pressure Cooker 5QT, Versatile Slow Cooker with 10 Menu Options, High Pressure Food Steamer for Cooking, Instant Multicooker with Stainless Steel Non-Stick Inner Pot (CMC-QSB501S)",2019-01,keepa_backcast_estimate,,,190.11499999999998,284507,16.173063690476795,3074.7420035149958,105.03749396309898,190.11499999999998,low,global:all:all:simple_power_law,simple_power_law,[]
coway,Other,B075R7VL2Z,"CUCKOO Electric Pressure Cooker 5QT, Versatile Slow Cooker with 10 Menu Options, High Pressure Food Steamer for Cooking, Instant Multicooker with Stainless Steel Non-Stick Inner Pot (CMC-QSB501S)",2019-02,keepa_backcast_estimate,,,194.08749999999998,284507,16.232312202941966,3150.4888946884985,105.42228903900333,194.08749999999998,low,global:all:all:simple_power_law,simple_power_law,[]
coway,Other,B075R7VL2Z,"CUCKOO Electric Pressure Cooker 5QT, Versatile Slow Cooker with 10 Menu Options, High Pressure Food Steamer for Cooking, Instant Multicooker with Stainless Steel Non-Stick Inner Pot (CMC-QSB501S)",2019-03,keepa_backcast_estimate,,,225.13833333333332,284507,16.663720130986682,3751.6421774234564,108.22410868832013,225.13833333333332,low,global:all:all:simple_power_law,simple_power_law,[]
coway,Other,B075R7VL2Z,"CUCKOO Electric Pressure Cooker 5QT, Versatile Slow Cooker with 10 Menu Options, High Pressure Food Steamer for Cooking, Instant Multicooker with Stainless Steel Non-Stick Inner Pot (CMC-QSB501S)",2019-04,keepa_backcast_estimate,,,150.12,284507,15.511110045457405,2328.527840024066,100.73837331884422,150.12,low,global:all:all:simple_power_law,simple_power_law,[]
coway,Other,B075R7VL2Z,"CUCKOO Electric Pressure Cooker 5QT, Versatile Slow Cooker with 10 Menu Options, High Pressure Food Steamer for Cooking, Instant Multicooker with Stainless Steel Non-Stick Inner Pot (CMC-QSB501S)",2019-05,keepa_backcast_estimate,,,241.82800000000003,284507,16.875546584736217,4080.9796794935905,109.59983565525484,241.82800000000003,low,global:all:all:simple_power_law,simple_power_law,[]
coway,Other,B075R7VL2Z,"CUCKOO Electric Pressure Cooker 5QT, Versatile Slow Cooker with 10 Menu Options, High Pressure Food Steamer for Cooking, Instant Multicooker with Stainless Steel Non-Stick Inner Pot (CMC-QSB501S)",2019-07,keepa_backcast_estimate,,,214.51666666666665,284507,16.522028192092975,3544.2504143404776,107.30387697087929,214.51666666666665,low,global:all:all:simple_power_law,simple_power_law,[]
coway,Other,B075R7VL2Z,"CUCKOO Electric Pressure Cooker 5QT, Versatile Slow Cooker with 10 Menu Options, High Pressure Food Steamer for Cooking, Instant Multicooker with Stainless Steel Non-Stick Inner Pot (CMC-QSB501S)",2019-09,keepa_backcast_estimate,,,169.99,284507,15.856124755209533,2695.382647138069,102.9791040292605,169.99,low,global:all:all:simple_power_law,simple_power_law,[]
coway,Other,B075R7VL2Z,"CUCKOO Electric Pressure Cooker 5QT, Versatile Slow Cooker with 10 Menu Options, High Pressure Food Steamer for Cooking, Instant Multicooker with Stainless Steel Non-Stick Inner Pot (CMC-QSB501S)",2019-12,keepa_backcast_estimate,,,171.69,284507,15.884065183473764,2727.1351513506106,103.16056578698908,171.69,low,global:all:all:simple_power_law,simple_power_law,[]
coway,Other,B075R7VL2Z,"CUCKOO Electric Pressure Cooker 5QT, Versatile Slow Cooker with 10 Menu Options, High Pressure Food Steamer for Cooking, Instant Multicooker with Stainless Steel Non-Stick Inner Pot (CMC-QSB501S)",2020-01,keepa_backcast_estimate,,,173.29,284507,15.910153639346724,2757.0705241623937,103.32999973461376,173.29,low,global:all:all:simple_power_law,simple_power_law,[]
coway,Other,B075R7VL2Z,"CUCKOO Electric Pressure Cooker 5QT, Versatile Slow Cooker with 10 Menu Options, High Pressure Food Steamer for Cooking, Instant Multicooker with Stainless Steel Non-Stick Inner Pot (CMC-QSB501S)",2020-02,keepa_backcast_estimate,,,199.79,284507,16.315631059737324,3259.69992942492,105.96341124597318,199.79,low,global:all:all:simple_power_law,simple_power_law,[]
coway,Other,B075R7VL2Z,"CUCKOO Electric Pressure Cooker 5QT, Versatile Slow Cooker with 10 Menu Options, High Pressure Food Steamer for Cooking, Instant Multicooker with Stainless Steel Non-Stick Inner Pot (CMC-QSB501S)",2020-03,keepa_backcast_estimate,,,196.19,284507,16.263264828417093,3190.689926687149,105.62331379681716,196.19,low,global:all:all:simple_power_law,simple_power_law,[]
coway,Other,B075R7VL2Z,"CUCKOO Electric Pressure Cooker 5QT, Versatile Slow Cooker with 10 Menu Options, High Pressure Food Steamer for Cooking, Instant Multicooker with Stainless Steel Non-Stick Inner Pot (CMC-QSB501S)",2020-04,keepa_backcast_estimate,,,181.25666666666666,284507,16.03715938400708,2906.8420527471762,104.15485057260905,181.25666666666666,low,global:all:all:simple_power_law,simple_power_law,[]
coway,Other,B075R7VL2Z,"CUCKOO Electric Pressure Cooker 5QT, Versatile Slow Cooker with 10 Menu Options, High Pressure Food Steamer for Cooking, Instant Multicooker with Stainless Steel Non-Stick Inner Pot (CMC-QSB501S)",2021-01,keepa_backcast_estimate,,,156.67400000000004,284507,15.6288817088228,2448.639412848104,101.50325254126706,156.67400000000004,low,global:all:all:simple_power_law,simple_power_law,[]
coway,Other,B075R7VL2Z,"CUCKOO Electric Pressure Cooker 5QT, Versatile Slow Cooker with 10 Menu Options, High Pressure Food Steamer for Cooking, Instant Multicooker with Stainless Steel Non-Stick Inner Pot (CMC-QSB501S)",2021-02,keepa_backcast_estimate,,,152.4488888888889,284507,15.553437433680644,2371.1042551674655,101.0132725506818,152.4488888888889,low,global:all:all:simple_power_law,simple_power_law,[]
coway,Other,B075R7VL2Z,"CUCKOO Electric Pressure Cooker 5QT, Versatile Slow Cooker with 10 Menu Options, High Pressure Food Steamer for Cooking, Instant Multicooker with Stainless Steel Non-Stick Inner Pot (CMC-QSB501S)",2021-03,keepa_backcast_estimate,,,150.252,284507,15.513523603931516,2330.937948537918,100.75404840295359,150.252,low,global:all:all:simple_power_law,simple_power_law,[]
coway,Other,B075R7VL2Z,"CUCKOO Electric Pressure Cooker 5QT, Versatile Slow Cooker with 10 Menu Options, High Pressure Food Steamer for Cooking, Instant Multicooker with Stainless Steel Non-Stick Inner Pot (CMC-QSB501S)",2021-04,keepa_backcast_estimate,,,138.8,284507,15.297285063457624,2123.2631668079184,99.3496667208985,138.8,low,global:all:all:simple_power_law,simple_power_law,[]
coway,Other,B075R7VL2Z,"CUCKOO Electric Pressure Cooker 5QT, Versatile Slow Cooker with 10 Menu Options, High Pressure Food Steamer for Cooking, Instant Multicooker with Stainless Steel Non-Stick Inner Pot (CMC-QSB501S)",2021-05,keepa_backcast_estimate,,,140.33,284507,15.327009728513637,2150.8392752023187,99.54271637346461,140.33,low,global:all:all:simple_power_law,simple_power_law,[]
coway,Other,B075R7VL2Z,"CUCKOO Electric Pressure Cooker 5QT, Versatile Slow Cooker with 10 Menu Options, High Pressure Food Steamer for Cooking, Instant Multicooker with Stainless Steel Non-Stick Inner Pot (CMC-QSB501S)",2021-06,keepa_backcast_estimate,,,157.34,284507,15.640619929161934,2460.895139654339,101.57948752504045,157.34,low,global:all:all:simple_power_law,simple_power_law,[]
coway,Other,B075R7VL2Z,"CUCKOO Electric Pressure Cooker 5QT, Versatile Slow Cooker with 10 Menu Options, High Pressure Food Steamer for Cooking, Instant Multicooker with Stainless Steel Non-Stick Inner Pot (CMC-QSB501S)",2021-07,keepa_backcast_estimate,,,122.58000000000001,284507,14.9642613339151,1834.3191543113132,97.18681256717444,122.58000000000001,low,global:all:all:simple_power_law,simple_power_law,[]
coway,Other,B075R7VL2Z,"CUCKOO Electric Pressure Cooker 5QT, Versatile Slow Cooker with 10 Menu Options, High Pressure Food Steamer for Cooking, Instant Multicooker with Stainless Steel Non-Stick Inner Pot (CMC-QSB501S)",2021-08,keepa_backcast_estimate,,,137.952,284507,15.280693369633056,2108.0022117276194,99.24191039387917,137.952,low,global:all:all:simple_power_law,simple_power_law,[]
coway,Other,B075R7VL2Z,"CUCKOO Electric Pressure Cooker 5QT, Versatile Slow Cooker with 10 Menu Options, High Pressure Food Steamer for Cooking, Instant Multicooker with Stainless Steel Non-Stick Inner Pot (CMC-QSB501S)",2021-09,keepa_backcast_estimate,,,146.692,284507,15.447807427917352,2266.0697672160522,100.32724847354811,146.692,low,global:all:all:simple_power_law,simple_power_law,[]
coway,Other,B075R7VL2Z,"CUCKOO Electric Pressure Cooker 5QT, Versatile Slow Cooker with 10 Menu Options, High Pressure Food Steamer for Cooking, Instant Multicooker with Stainless Steel Non-Stick Inner Pot (CMC-QSB501S)",2021-10,keepa_backcast_estimate,,,115.83200000000002,284507,14.814892638804455,1716.038644137998,96.21672342938177,115.83200000000002,low,global:all:all:simple_power_law,simple_power_law,[]
coway,Other,B075R7VL2Z,"CUCKOO Electric Pressure Cooker 5QT, Versatile Slow Cooker with 10 Menu Options, High Pressure Food Steamer for Cooking, Instant Multicooker with Stainless Steel Non-Stick Inner Pot (CMC-QSB501S)",2021-11,keepa_backcast_estimate,,,133.24777777777777,284507,15.187090473031768,2023.646056441543,98.63399751634095,133.24777777777777,low,global:all:all:simple_power_law,simple_power_law,[]
coway,Other,B075R7VL2Z,"CUCKOO Electric Pressure Cooker 5QT, Versatile Slow Cooker with 10 Menu Options, High Pressure Food Steamer for Cooking, Instant Multicooker with Stainless Steel Non-Stick Inner Pot (CMC-QSB501S)",2021-12,keepa_backcast_estimate,,,124.96222222222224,284507,15.015372050349173,1876.354258905078,97.51875595598672,124.96222222222224,low,global:all:all:simple_power_law,simple_power_law,[]
coway,Other,B075R7VL2Z,"CUCKOO Electric Pressure Cooker 5QT, Versatile Slow Cooker with 10 Menu Options, High Pressure Food Steamer for Cooking, Instant Multicooker with Stainless Steel Non-Stick Inner Pot (CMC-QSB501S)",2022-01,keepa_backcast_estimate,,,135.6922222222222,284507,15.236063978874032,2067.41537921337,98.95206058853968,135.6922222222222,low,global:all:all:simple_power_law,simple_power_law,[]
coway,Other,B075R7VL2Z,"CUCKOO Electric Pressure Cooker 5QT, Versatile Slow Cooker with 10 Menu Options, High Pressure Food Steamer for Cooking, Instant Multicooker with Stainless Steel Non-Stick Inner Pot (CMC-QSB501S)",2022-02,keepa_backcast_estimate,,,164.62235294117647,284507,15.766359779380025,2595.4952441986675,102.39611689168176,164.62235294117647,low,global:all:all:simple_power_law,simple_power_law,[]
coway,Other,B075R7VL2Z,"CUCKOO Electric Pressure Cooker 5QT, Versatile Slow Cooker with 10 Menu Options, High Pressure Food Steamer for Cooking, Instant Multicooker with Stainless Steel Non-Stick Inner Pot (CMC-QSB501S)",2022-03,keepa_backcast_estimate,,,162.1038888888889,284507,15.723405229558354,2548.825134287302,102.1171444994418,162.1038888888889,low,global:all:all:simple_power_law,simple_power_law,[]
coway,Other,B075R7VL2Z,"CUCKOO Electric Pressure Cooker 5QT, Versatile Slow Cooker with 10 Menu Options, High Pressure Food Steamer for Cooking, Instant Multicooker with Stainless Steel Non-Stick Inner Pot (CMC-QSB501S)",2022-04,keepa_backcast_estimate,,,100.47000000000001,284507,14.44601920480921,1451.3915495071815,93.821039974599,100.47000000000001,low,global:all:all:simple_power_law,simple_power_law,[]
coway,Other,B075R7VL2Z,"CUCKOO Electric Pressure Cooker 5QT, Versatile Slow Cooker with 10 Menu Options, High Pressure Food Steamer for Cooking, Instant Multicooker with Stainless Steel Non-Stick Inner Pot (CMC-QSB501S)",2022-05,keepa_backcast_estimate,,,141.82500000000002,284507,15.355796738502349,2177.835872438096,99.7296763363865,141.82500000000002,low,global:all:all:simple_power_law,simple_power_law,[]
coway,Other,B075R7VL2Z,"CUCKOO Electric Pressure Cooker 5QT, Versatile Slow Cooker with 10 Menu Options, High Pressure Food Steamer for Cooking, Instant Multicooker with Stainless Steel Non-Stick Inner Pot (CMC-QSB501S)",2022-06,keepa_backcast_estimate,,,176.15,284507,15.956294026842873,2810.7011928283723,103.62966285137595,176.15,low,global:all:all:simple_power_law,simple_power_law,[]
coway,Other,B075R7VL2Z,"CUCKOO Electric Pressure Cooker 5QT, Versatile Slow Cooker with 10 Menu Options, High Pressure Food Steamer for Cooking, Instant Multicooker with Stainless Steel Non-Stick Inner Pot (CMC-QSB501S)",2022-07,keepa_backcast_estimate,,,118.16666666666667,284507,14.867365248014165,1756.8269934736738,96.55751175981656,118.16666666666667,low,global:all:all:simple_power_law,simple_power_law,[]
coway,Other,B075R7VL2Z,"CUCKOO Electric Pressure Cooker 5QT, Versatile Slow Cooker with 10 Menu Options, High Pressure Food Steamer for Cooking, Instant Multicooker with Stainless Steel Non-Stick Inner Pot (CMC-QSB501S)",2022-08,keepa_backcast_estimate,,,127.356,284507,15.06592636025856,1918.736117537089,97.84708570992458,127.356,low,global:all:all:simple_power_law,simple_power_law,[]
coway,Other,B075R7VL2Z,"CUCKOO Electric Pressure Cooker 5QT, Versatile Slow Cooker with 10 Menu Options, High Pressure Food Steamer for Cooking, Instant Multicooker with Stainless Steel Non-Stick Inner Pot (CMC-QSB501S)",2022-09,keepa_backcast_estimate,,,89.1,284507,14.141745416201273,1260.0295165835332,91.84490503531386,89.1,low,global:all:all:simple_power_law,simple_power_law,[]
coway,Other,B075R7VL2Z,"CUCKOO Electric Pressure Cooker 5QT, Versatile Slow Cooker with 10 Menu Options, High Pressure Food Steamer for Cooking, Instant Multicooker with Stainless Steel Non-Stick Inner Pot (CMC-QSB501S)",2022-10,keepa_backcast_estimate,,,96.03000000000002,284507,14.33075263525567,1376.1821755636022,93.07243032120624,96.03000000000002,low,global:all:all:simple_power_law,simple_power_law,[]
coway,Other,B075R7VL2Z,"CUCKOO Electric Pressure Cooker 5QT, Versatile Slow Cooker with 10 Menu Options, High Pressure Food Steamer for Cooking, Instant Multicooker with Stainless Steel Non-Stick Inner Pot (CMC-QSB501S)",2022-12,keepa_backcast_estimate,,,156.125,284507,15.619174527996769,2438.5436231834956,101.44020833598064,156.125,low,global:all:all:simple_power_law,simple_power_law,[]
coway,Other,B075R7VL2Z,"CUCKOO Electric Pressure Cooker 5QT, Versatile Slow Cooker with 10 Menu Options, High Pressure Food Steamer for Cooking, Instant Multicooker with Stainless Steel Non-Stick Inner Pot (CMC-QSB501S)",2023-01,keepa_backcast_estimate,,,120.00833333333333,284507,14.908156931492972,1789.1030664202522,96.82243721173775,120.00833333333333,low,global:all:all:simple_power_law,simple_power_law,[]
coway,Other,B075R7VL2Z,"CUCKOO Electric Pressure Cooker 5QT, Versatile Slow Cooker with 10 Menu Options, High Pressure Food Steamer for Cooking, Instant Multicooker with Stainless Steel Non-Stick Inner Pot (CMC-QSB501S)",2023-02,keepa_backcast_estimate,,,128.2214285714286,284507,15.08401027981656,1934.0933466641936,97.96453343830527,128.2214285714286,low,global:all:all:simple_power_law,simple_power_law,[]
coway,Other,B075R7VL2Z,"CUCKOO Electric Pressure Cooker 5QT, Versatile Slow Cooker with 10 Menu Options, High Pressure Food Steamer for Cooking, Instant Multicooker with Stainless Steel Non-Stick Inner Pot (CMC-QSB501S)",2023-03,keepa_backcast_estimate,,,160.11700000000002,284507,15.689125713804426,2512.0957419172237,101.8945129376072,160.11700000000002,low,global:all:all:simple_power_law,simple_power_law,[]
coway,Other,B075R7VL2Z,"CUCKOO Electric Pressure Cooker 5QT, Versatile Slow Cooker with 10 Menu Options, High Pressure Food Steamer for Cooking, Instant Multicooker with Stainless Steel Non-Stick Inner Pot (CMC-QSB501S)",2023-04,keepa_backcast_estimate,,,158.507,284507,15.661089493249298,2482.3923123064665,101.71242904777245,158.507,low,global:all:all:simple_power_law,simple_power_law,[]
coway,Other,B075R7VL2Z,"CUCKOO Electric Pressure Cooker 5QT, Versatile Slow Cooker with 10 Menu Options, High Pressure Food Steamer for Cooking, Instant Multicooker with Stainless Steel Non-Stick Inner Pot (CMC-QSB501S)",2023-05,keepa_backcast_estimate,,,129.0325,284507,15.100867052221028,1948.5026279157098,98.07401134326858,129.0325,low,global:all:all:simple_power_law,simple_power_law,[]
coway,Other,B075R7VL2Z,"CUCKOO Electric Pressure Cooker 5QT, Versatile Slow Cooker with 10 Menu Options, High Pressure Food Steamer for Cooking, Instant Multicooker with Stainless Steel Non-Stick Inner Pot (CMC-QSB501S)",2023-06,keepa_backcast_estimate,,,147.28666666666666,284507,15.458875839392817,2276.8862927980367,100.39913332021571,147.28666666666666,low,global:all:all:simple_power_law,simple_power_law,[]
coway,Other,B075R7VL2Z,"CUCKOO Electric Pressure Cooker 5QT, Versatile Slow Cooker with 10 Menu Options, High Pressure Food Steamer for Cooking, Instant Multicooker with Stainless Steel Non-Stick Inner Pot (CMC-QSB501S)",2023-07,keepa_backcast_estimate,,,125.82857142857142,284507,15.033760160084281,1891.6765641431764,97.63817927628386,125.82857142857142,low,global:all:all:simple_power_law,simple_power_law,[]
coway,Other,B075R7VL2Z,"CUCKOO Electric Pressure Cooker 5QT, Versatile Slow Cooker with 10 Menu Options, High Pressure Food Steamer for Cooking, Instant Multicooker with Stainless Steel Non-Stick Inner Pot (CMC-QSB501S)",2023-08,keepa_backcast_estimate,,,129.13375000000002,284507,15.102965214538932,1950.302534272967,98.08763805716882,129.13375000000002,low,global:all:all:simple_power_law,simple_power_law,[]
coway,Other,B075R7VL2Z,"CUCKOO Electric Pressure Cooker 5QT, Versatile Slow Cooker with 10 Menu Options, High Pressure Food Steamer for Cooking, Instant Multicooker with Stainless Steel Non-Stick Inner Pot (CMC-QSB501S)",2023-09,keepa_backcast_estimate,,,137.354,284507,15.26894233421555,2097.250305373843,99.16559218136553,137.354,low,global:all:all:simple_power_law,simple_power_law,[]
coway,Other,B075R7VL2Z,"CUCKOO Electric Pressure Cooker 5QT, Versatile Slow Cooker with 10 Menu Options, High Pressure Food Steamer for Cooking, Instant Multicooker with Stainless Steel Non-Stick Inner Pot (CMC-QSB501S)",2023-10,keepa_backcast_estimate,,,117.76499999999999,284507,14.858398943808716,1749.7993516176332,96.49927924791434,117.76499999999999,low,global:all:all:simple_power_law,simple_power_law,[]
coway,Other,B075R7VL2Z,"CUCKOO Electric Pressure Cooker 5QT, Versatile Slow Cooker with 10 Menu Options, High Pressure Food Steamer for Cooking, Instant Multicooker with Stainless Steel Non-Stick Inner Pot (CMC-QSB501S)",2023-11,keepa_backcast_estimate,,,123.93714285714283,284507,14.993478419741313,1858.2488768329672,97.37656569835744,123.93714285714283,low,global:all:all:simple_power_law,simple_power_law,[]
coway,Other,B075R7VL2Z,"CUCKOO Electric Pressure Cooker 5QT, Versatile Slow Cooker with 10 Menu Options, High Pressure Food Steamer for Cooking, Instant Multicooker with Stainless Steel Non-Stick Inner Pot (CMC-QSB501S)",2023-12,keepa_backcast_estimate,,,104.99142857142856,284507,14.559161989103618,1528.5872160388303,94.55585650347288,104.99142857142856,low,global:all:all:simple_power_law,simple_power_law,[]
coway,Other,B075R7VL2Z,"CUCKOO Electric Pressure Cooker 5QT, Versatile Slow Cooker with 10 Menu Options, High Pressure Food Steamer for Cooking, Instant Multicooker with Stainless Steel Non-Stick Inner Pot (CMC-QSB501S)",2024-01,keepa_backcast_estimate,,,98,284507,14.382426399514262,1409.4777871523977,93.4080304774437,98,low,global:all:all:simple_power_law,simple_power_law,[]
coway,Other,B075R7VL2Z,"CUCKOO Electric Pressure Cooker 5QT, Versatile Slow Cooker with 10 Menu Options, High Pressure Food Steamer for Cooking, Instant Multicooker with Stainless Steel Non-Stick Inner Pot (CMC-QSB501S)",2024-02,keepa_backcast_estimate,,,80.855,284507,13.90041158475763,1123.9177786855782,90.27753960916523,80.855,low,global:all:all:simple_power_law,simple_power_law,[]
coway,Other,B075R7VL2Z,"CUCKOO Electric Pressure Cooker 5QT, Versatile Slow Cooker with 10 Menu Options, High Pressure Food Steamer for Cooking, Instant Multicooker with Stainless Steel Non-Stick Inner Pot (CMC-QSB501S)",2024-03,keepa_backcast_estimate,,,82.92999999999999,284507,13.962989574935651,1157.9507254494135,90.68395829342583,82.92999999999999,low,global:all:all:simple_power_law,simple_power_law,[]
coway,Other,B075R7VL2Z,"CUCKOO Electric Pressure Cooker 5QT, Versatile Slow Cooker with 10 Menu Options, High Pressure Food Steamer for Cooking, Instant Multicooker with Stainless Steel Non-Stick Inner Pot (CMC-QSB501S)",2024-04,keepa_backcast_estimate,,,86.21,284507,14.059329360237125,1212.0547841460425,91.30964615385072,86.21,low,global:all:all:simple_power_law,simple_power_law,[]
coway,Other,B075R7VL2Z,"CUCKOO Electric Pressure Cooker 5QT, Versatile Slow Cooker with 10 Menu Options, High Pressure Food Steamer for Cooking, Instant Multicooker with Stainless Steel Non-Stick Inner Pot (CMC-QSB501S)",2024-05,keepa_backcast_estimate,,,93.885,284507,14.273485565849542,1340.0661923497844,92.70050391492043,93.885,low,global:all:all:simple_power_law,simple_power_law,[]
coway,Other,B075R7VL2Z,"CUCKOO Electric Pressure Cooker 5QT, Versatile Slow Cooker with 10 Menu Options, High Pressure Food Steamer for Cooking, Instant Multicooker with Stainless Steel Non-Stick Inner Pot (CMC-QSB501S)",2024-06,keepa_backcast_estimate,,,72.1925,284507,13.62398062924306,983.5492215766296,88.4822325865278,72.1925,low,global:all:all:simple_power_law,simple_power_law,[]
coway,Other,B075R7VL2Z,"CUCKOO Electric Pressure Cooker 5QT, Versatile Slow Cooker with 10 Menu Options, High Pressure Food Steamer for Cooking, Instant Multicooker with Stainless Steel Non-Stick Inner Pot (CMC-QSB501S)",2024-07,keepa_backcast_estimate,,,63.215,284507,13.30709776406545,841.2081851553975,86.42420680519722,63.215,low,global:all:all:simple_power_law,simple_power_law,[]
coway,Other,B075R7VL2Z,"CUCKOO Electric Pressure Cooker 5QT, Versatile Slow Cooker with 10 Menu Options, High Pressure Food Steamer for Cooking, Instant Multicooker with Stainless Steel Non-Stick Inner Pot (CMC-QSB501S)",2024-08,keepa_backcast_estimate,,,84.85,284507,14.019755997491973,1189.576296387194,91.05263320132701,84.85,low,global:all:all:simple_power_law,simple_power_law,[]
coway,Other,B075R7VL2Z,"CUCKOO Electric Pressure Cooker 5QT, Versatile Slow Cooker with 10 Menu Options, High Pressure Food Steamer for Cooking, Instant Multicooker with Stainless Steel Non-Stick Inner Pot (CMC-QSB501S)",2024-09,keepa_backcast_estimate,,,78.65,284507,13.832448517628567,1087.922075911487,89.83614703260064,78.65,low,global:all:all:simple_power_law,simple_power_law,[]
coway,Other,B075R7VL2Z,"CUCKOO Electric Pressure Cooker 5QT, Versatile Slow Cooker with 10 Menu Options, High Pressure Food Steamer for Cooking, Instant Multicooker with Stainless Steel Non-Stick Inner Pot (CMC-QSB501S)",2024-11,keepa_backcast_estimate,,,77.60000000000001,284507,13.799533059735147,1070.8437654354475,89.62237447373731,77.60000000000001,low,global:all:all:simple_power_law,simple_power_law,[]
coway,Other,B075R7VL2Z,"CUCKOO Electric Pressure Cooker 5QT, Versatile Slow Cooker with 10 Menu Options, High Pressure Food Steamer for Cooking, Instant Multicooker with Stainless Steel Non-Stick Inner Pot (CMC-QSB501S)",2024-12,keepa_backcast_estimate,,,76.60249999999999,284507,13.767922510193337,1054.657284087085,89.41707676575739,76.60249999999999,low,global:all:all:simple_power_law,simple_power_law,[]
coway,Other,B075R7VL2Z,"CUCKOO Electric Pressure Cooker 5QT, Versatile Slow Cooker with 10 Menu Options, High Pressure Food Steamer for Cooking, Instant Multicooker with Stainless Steel Non-Stick Inner Pot (CMC-QSB501S)",2025-01,keepa_backcast_estimate,,,153.166,284507,15.56636316156212,2384.2375800038235,101.09721991466323,153.166,low,global:all:all:simple_power_law,simple_power_law,[]
coway,Other,B075R7VL2Z,"CUCKOO Electric Pressure Cooker 5QT, Versatile Slow Cooker with 10 Menu Options, High Pressure Food Steamer for Cooking, Instant Multicooker with Stainless Steel Non-Stick Inner Pot (CMC-QSB501S)",2025-02,keepa_backcast_estimate,,,156.1175,284507,15.619041720839027,2438.405745853087,101.4393458073159,156.1175,low,global:all:all:simple_power_law,simple_power_law,[]
coway,Other,B075R7VL2Z,"CUCKOO Electric Pressure Cooker 5QT, Versatile Slow Cooker with 10 Menu Options, High Pressure Food Steamer for Cooking, Instant Multicooker with Stainless Steel Non-Stick Inner Pot (CMC-QSB501S)",2025-03,keepa_backcast_estimate,,,185.8075,284507,16.107648579030233,2992.92191334816,104.612649326043,185.8075,low,global:all:all:simple_power_law,simple_power_law,[]
coway,Other,B075R7VL2Z,"CUCKOO Electric Pressure Cooker 5QT, Versatile Slow Cooker with 10 Menu Options, High Pressure Food Steamer for Cooking, Instant Multicooker with Stainless Steel Non-Stick Inner Pot (CMC-QSB501S)",2025-04,keepa_backcast_estimate,,,196.9,284507,16.27365526515216,3204.2827217084605,105.69079547231914,196.9,low,global:all:all:simple_power_law,simple_power_law,[]
coway,Other,B075R7VL2Z,"CUCKOO Electric Pressure Cooker 5QT, Versatile Slow Cooker with 10 Menu Options, High Pressure Food Steamer for Cooking, Instant Multicooker with Stainless Steel Non-Stick Inner Pot (CMC-QSB501S)",2025-05,keepa_backcast_estimate,,,176.33454545454546,284507,15.95924994430489,2814.1670847244827,103.64886033730158,176.33454545454546,low,global:all:all:simple_power_law,simple_power_law,[]
coway,Other,B075R7VL2Z,"CUCKOO Electric Pressure Cooker 5QT, Versatile Slow Cooker with 10 Menu Options, High Pressure Food Steamer for Cooking, Instant Multicooker with Stainless Steel Non-Stick Inner Pot (CMC-QSB501S)",2025-06,keepa_backcast_estimate,,,137.0511111111111,284507,15.262974255773864,2091.8075806140923,99.12683193066181,137.0511111111111,low,global:all:all:simple_power_law,simple_power_law,[]
coway,Other,B075R7VL2Z,"CUCKOO Electric Pressure Cooker 5QT, Versatile Slow Cooker with 10 Menu Options, High Pressure Food Steamer for Cooking, Instant Multicooker with Stainless Steel Non-Stick Inner Pot (CMC-QSB501S)",2025-07,keepa_backcast_estimate,,,150.01125,284507,15.50912028330564,2326.542520099033,100.72545062009006,150.01125,low,global:all:all:simple_power_law,simple_power_law,[]
coway,Other,B075R7VL2Z,"CUCKOO Electric Pressure Cooker 5QT, Versatile Slow Cooker with 10 Menu Options, High Pressure Food Steamer for Cooking, Instant Multicooker with Stainless Steel Non-Stick Inner Pot (CMC-QSB501S)",2025-08,keepa_backcast_estimate,,,135.01214285714283,284507,15.222512543944786,2055.2240382277223,98.86404951087292,135.01214285714283,low,global:all:all:simple_power_law,simple_power_law,[]
coway,Other,B075R7VL2Z,"CUCKOO Electric Pressure Cooker 5QT, Versatile Slow Cooker with 10 Menu Options, High Pressure Food Steamer for Cooking, Instant Multicooker with Stainless Steel Non-Stick Inner Pot (CMC-QSB501S)",2025-09,keepa_backcast_estimate,,,165.52285714285713,284507,15.781586702553978,2612.213321254456,102.49500958644697,165.52285714285713,low,global:all:all:simple_power_law,simple_power_law,[]
coway,Other,B075R7VL2Z,"CUCKOO Electric Pressure Cooker 5QT, Versatile Slow Cooker with 10 Menu Options, High Pressure Food Steamer for Cooking, Instant Multicooker with Stainless Steel Non-Stick Inner Pot (CMC-QSB501S)",2025-10,keepa_backcast_estimate,,,138.19117647058823,284507,15.285381535788671,2112.3048572324433,99.27235813301459,138.19117647058823,low,global:all:all:simple_power_law,simple_power_law,[]
coway,Other,B075R7VL2Z,"CUCKOO Electric Pressure Cooker 5QT, Versatile Slow Cooker with 10 Menu Options, High Pressure Food Steamer for Cooking, Instant Multicooker with Stainless Steel Non-Stick Inner Pot (CMC-QSB501S)",2025-11,keepa_backcast_estimate,,,130.16615384615386,284507,15.124282073068201,1968.6696271356222,98.22608241390493,130.16615384615386,low,global:all:all:simple_power_law,simple_power_law,[]
coway,Other,B075R7VL2Z,"CUCKOO Electric Pressure Cooker 5QT, Versatile Slow Cooker with 10 Menu Options, High Pressure Food Steamer for Cooking, Instant Multicooker with Stainless Steel Non-Stick Inner Pot (CMC-QSB501S)",2025-12,keepa_backcast_estimate,,,94.564,284507,14.291729048447472,1351.4830657373866,92.81898794057689,94.564,low,global:all:all:simple_power_law,simple_power_law,[]
coway,Other,B075R7VL2Z,"CUCKOO Electric Pressure Cooker 5QT, Versatile Slow Cooker with 10 Menu Options, High Pressure Food Steamer for Cooking, Instant Multicooker with Stainless Steel Non-Stick Inner Pot (CMC-QSB501S)",2026-01,keepa_backcast_estimate,,,111.244,284507,14.709179246281312,1636.3079360733184,95.53015778903828,111.244,low,global:all:all:simple_power_law,simple_power_law,[]
coway,Other,B075R7VL2Z,"CUCKOO Electric Pressure Cooker 5QT, Versatile Slow Cooker with 10 Menu Options, High Pressure Food Steamer for Cooking, Instant Multicooker with Stainless Steel Non-Stick Inner Pot (CMC-QSB501S)",2026-02,keepa_backcast_estimate,,,114.30923076923078,284507,14.780195403947978,1689.5127672442136,95.99137895127159,114.30923076923078,low,global:all:all:simple_power_law,simple_power_law,[]
coway,Other,B075R7VL2Z,"CUCKOO Electric Pressure Cooker 5QT, Versatile Slow Cooker with 10 Menu Options, High Pressure Food Steamer for Cooking, Instant Multicooker with Stainless Steel Non-Stick Inner Pot (CMC-QSB501S)",2026-03,keepa_backcast_estimate,,,138.0809090909091,284507,15.283220987444276,2110.321047783567,99.25832624715643,138.0809090909091,low,global:all:all:simple_power_law,simple_power_law,[]
coway,Other,B075R7VL2Z,"CUCKOO Electric Pressure Cooker 5QT, Versatile Slow Cooker with 10 Menu Options, High Pressure Food Steamer for Cooking, Instant Multicooker with Stainless Steel Non-Stick Inner Pot (CMC-QSB501S)",2026-04,keepa_backcast_estimate,,,146.2225,284507,15.43904247607107,2257.535388457302,100.27032366361351,146.2225,low,global:all:all:simple_power_law,simple_power_law,[]
coway,Other,B075R7VL2Z,"CUCKOO Electric Pressure Cooker 5QT, Versatile Slow Cooker with 10 Menu Options, High Pressure Food Steamer for Cooking, Instant Multicooker with Stainless Steel Non-Stick Inner Pot (CMC-QSB501S)",2026-05,keepa_backcast_estimate,,,129.09555555555556,284507,15.102173886402113,1949.6235279616844,98.08249870163392,129.09555555555556,low,global:all:all:simple_power_law,simple_power_law,[]
